Network ../DATA/s13207.bench
latch latch max_delay min_delay
INPUT latch max_delay min_delay
latch OUTPUT max_delay min_delay
INPUT g979 3.258470 3.258470
INPUT g966 6.243090 6.243090
INPUT g963 5.009780 5.009780
INPUT g973 2.817440 2.817440
INPUT g976 2.817440 2.817440
INPUT g984 6.771140 2.838060
INPUT g985 1.197620 1.197620
INPUT g990 1.197620 1.197620
INPUT g995 1.197620 1.197620
INPUT g1004 2.186660 2.186660
INPUT g999 7.850810 6.495370
INPUT g1007 11.364940 3.774700
INPUT g1012 0.499980 0.499980
INPUT g1018 6.758220 2.311620
INPUT g1021 7.239620 2.793020
INPUT g1025 6.758220 2.311620
INPUT g1033 9.551660 4.337620
INPUT g1034 8.975280 6.698470
INPUT g1030 4.581140 4.581140
INPUT OUTPUT 8.520100 2.435950
INPUT OUTPUT 9.967430 6.020270
INPUT OUTPUT 0.989040 0.989040
INPUT OUTPUT 3.626130 3.626130
INPUT OUTPUT 2.732120 2.732120
INPUT OUTPUT 7.667800 3.683340
INPUT OUTPUT 7.475740 4.344200
INPUT OUTPUT 2.732120 2.732120
INPUT g48 9.995640 8.241260
INPUT g47 20.439730 14.860000
INPUT g741 20.531410 16.706060
INPUT OUTPUT 0.000000 0.000000
INPUT OUTPUT 7.869610 7.869610
INPUT OUTPUT 18.313700 14.488350
INPUT g7 11.625060 9.450310
INPUT g47 21.381850 16.632050
INPUT g689 3.151310 3.151310
INPUT g741 21.473530 18.478110
INPUT OUTPUT 9.647460 9.647460
INPUT OUTPUT 19.255820 16.260400
INPUT g6 10.592680 8.838300
INPUT g47 21.003670 15.981570
INPUT g689 3.011310 3.011310
INPUT g741 21.095350 17.827630
INPUT OUTPUT 8.466650 8.466650
INPUT OUTPUT 18.877640 15.609920
INPUT g5 10.865550 8.690800
INPUT g47 20.882080 15.557580
INPUT g689 3.696500 3.696500
INPUT g741 20.973760 17.403640
INPUT OUTPUT 8.887950 8.887950
INPUT OUTPUT 18.756050 15.185930
INPUT g4 10.865550 8.690800
INPUT g47 21.107700 16.211910
INPUT g689 3.277000 3.277000
INPUT g741 21.199380 18.057970
INPUT OUTPUT 8.887950 8.887950
INPUT OUTPUT 18.981670 15.840260
INPUT g3 9.674200 7.919820
INPUT g47 20.288290 15.010960
INPUT g689 6.280780 6.280780
INPUT g741 20.379970 16.857020
INPUT OUTPUT 7.548170 7.548170
INPUT OUTPUT 18.162260 14.639310
INPUT g48 9.575640 7.821260
INPUT g47 20.019730 14.440000
INPUT g689 3.337340 3.337340
INPUT g741 20.111410 16.286060
INPUT OUTPUT 7.449610 7.449610
INPUT OUTPUT 17.893700 14.068350
INPUT g8 10.358280 8.183530
INPUT g47 19.936510 15.568310
INPUT g689 4.025280 4.025280
INPUT g741 20.028190 17.414370
INPUT OUTPUT 8.380680 8.380680
INPUT OUTPUT 17.810480 15.196660
INPUT g48 9.604990 7.850610
INPUT g47 20.049080 14.469350
INPUT g689 6.051640 6.051640
INPUT g741 20.140760 16.315410
INPUT OUTPUT 7.478960 7.478960
INPUT OUTPUT 17.923050 14.097700
INPUT g3 9.703550 7.949170
INPUT g47 20.317640 15.040310
INPUT g689 5.760540 5.760540
INPUT g741 20.409320 16.886370
INPUT OUTPUT 7.577520 7.577520
INPUT OUTPUT 18.191610 14.668660
INPUT g2 9.656080 7.901700
INPUT g47 19.897250 14.701460
INPUT g689 5.733910 5.733910
INPUT g741 19.988930 16.547520
INPUT OUTPUT 7.530050 7.530050
INPUT OUTPUT 17.771220 14.329810
INPUT g4 9.965970 7.791220
INPUT g47 20.208120 15.312330
INPUT g689 2.547400 2.547400
INPUT g741 20.299800 17.158390
INPUT OUTPUT 7.988370 7.988370
INPUT OUTPUT 18.082090 14.940680
INPUT g5 9.965970 7.791220
INPUT g47 19.982500 14.658000
INPUT g689 5.963910 5.963910
INPUT g741 20.074180 16.504060
INPUT OUTPUT 7.988370 7.988370
INPUT OUTPUT 17.856470 14.286350
INPUT g8 10.074700 7.899950
INPUT g47 19.652930 15.284730
INPUT g741 19.744610 17.130790
INPUT OUTPUT 8.097100 8.097100
INPUT OUTPUT 17.526900 14.913080
INPUT g5 9.683090 7.508340
INPUT g47 19.699620 14.375120
INPUT g741 19.791300 16.221180
INPUT OUTPUT 7.705490 7.705490
INPUT OUTPUT 17.573590 14.003470
INPUT g4 9.683090 7.508340
INPUT g47 19.925240 15.029450
INPUT g741 20.016920 16.875510
INPUT OUTPUT 7.705490 7.705490
INPUT OUTPUT 17.799210 14.657800
INPUT g6 9.108300 7.353920
INPUT g47 19.519290 14.497190
INPUT g741 19.610970 16.343250
INPUT OUTPUT 6.982270 6.982270
INPUT OUTPUT 17.393260 14.125540
INPUT g7 10.140680 7.965930
INPUT g47 19.897470 15.147670
INPUT g741 19.989150 16.993730
INPUT OUTPUT 8.163080 8.163080
INPUT OUTPUT 17.771440 14.776020
INPUT g2 8.953180 7.198800
INPUT g47 19.194350 13.998560
INPUT g741 19.286030 15.844620
INPUT OUTPUT 6.827150 6.827150
INPUT OUTPUT 17.068320 13.626910
INPUT g3 10.094200 8.339820
INPUT g47 20.708290 15.430960
INPUT g741 20.799970 17.277020
INPUT OUTPUT 7.968170 7.968170
INPUT OUTPUT 18.582260 15.059310
INPUT g799 6.815600 6.245420
INPUT g803 6.844780 6.165420
INPUT g806 6.745400 6.745400
INPUT g809 6.745400 6.745400
INPUT g812 6.844780 6.165420
INPUT g775 6.844780 6.165420
INPUT g942 0.499980 0.499980
INPUT g966 10.776370 8.846190
INPUT g963 9.366360 7.882260
INPUT g973 7.350720 5.732220
INPUT g976 7.174020 5.908920
INPUT g984 11.304420 9.374240
INPUT g999 12.384090 6.137430
INPUT g1007 15.898220 7.120890
INPUT g1033 14.084940 8.829900
INPUT g1034 13.508560 11.578380
INPUT OUTPUT 13.053380 6.806720
INPUT OUTPUT 14.500710 5.723380
INPUT OUTPUT 5.034580 5.034580
INPUT OUTPUT 5.211280 5.211280
INPUT OUTPUT 12.201080 10.270900
INPUT OUTPUT 12.009020 10.078840
INPUT g999 3.355740 3.355740
INPUT g1033 8.719090 8.719090
INPUT g1034 8.142710 8.142710
INPUT OUTPUT 1.006910 1.006910
INPUT OUTPUT 0.000000 0.000000
INPUT OUTPUT 6.245460 6.245460
INPUT OUTPUT 6.669170 6.669170
INPUT g1033 6.077930 6.077930
INPUT g1034 5.501550 5.501550
INPUT OUTPUT 0.000000 0.000000
INPUT g1033 6.247930 6.247930
INPUT g1034 5.671550 5.671550
INPUT g1081 1.985560 1.985560
INPUT g1240 0.499980 0.499980
INPUT OUTPUT 0.000000 0.000000
g31 g31 0.499980 0.499980
g31 OUTPUT 2.314060 2.314060
g31 OUTPUT 2.314060 2.314060
g30 g30 0.499980 0.499980
g30 OUTPUT 1.919400 1.919400
g30 OUTPUT 1.919400 1.919400
g29 g29 0.499980 0.499980
g29 OUTPUT 1.359700 1.359700
g28 g28 0.499980 0.499980
g28 OUTPUT 1.359700 1.359700
g27 g27 0.499980 0.499980
g27 OUTPUT 1.359700 1.359700
g26 g26 0.499980 0.499980
g26 OUTPUT 1.359700 1.359700
g25 g25 0.499980 0.499980
g25 OUTPUT 0.000000 0.000000
g25 OUTPUT 0.000000 0.000000
g24 g24 0.499980 0.499980
g24 OUTPUT 0.000000 0.000000
g23 g23 0.499980 0.499980
g23 OUTPUT 0.000000 0.000000
g22 g22 0.499980 0.499980
g22 OUTPUT 0.000000 0.000000
g12 g890 2.067600 2.067600
g11 g11 0.499980 0.499980
g11 g890 2.207600 2.207600
g8 g8 12.174510 9.999760
g8 g47 21.752740 12.480140
g8 g52 0.499980 0.499980
g8 g55 13.673780 9.424420
g8 g146 2.703680 2.703680
g8 g706 2.703680 2.703680
g8 g948 2.703680 2.703680
g8 g741 21.844420 14.326200
g8 OUTPUT 1.053090 1.053090
g8 OUTPUT 10.196910 10.196910
g8 OUTPUT 19.626710 12.108490
g7 g7 11.939740 9.764990
g7 g47 21.696530 12.277040
g7 g86 0.499980 0.499980
g7 g55 13.495340 9.221320
g7 g173 2.703680 2.703680
g7 g661 2.703680 2.703680
g7 g949 2.703680 2.703680
g7 g741 21.788210 14.123100
g7 OUTPUT 1.053090 1.053090
g7 OUTPUT 9.962140 9.962140
g7 OUTPUT 19.570500 11.905390
g6 g6 10.906960 9.152580
g6 g47 21.317950 12.301700
g6 g83 0.499980 0.499980
g6 g55 13.876880 9.245980
g6 g150 2.703680 2.703680
g6 g665 2.703680 2.703680
g6 g950 2.703680 2.703680
g6 g741 21.409630 14.147760
g6 OUTPUT 1.053090 1.053090
g6 OUTPUT 8.780930 8.780930
g6 OUTPUT 19.191920 11.930050
g5 g5 11.809760 9.635010
g5 g47 21.826290 12.098660
g5 g80 0.499980 0.499980
g5 g55 13.698440 9.042940
g5 g174 2.905640 2.905640
g5 g669 2.905640 2.905640
g5 g730 2.905640 2.905640
g5 g951 2.905640 2.905640
g5 g741 21.917970 13.944720
g5 OUTPUT 1.053090 1.053090
g5 OUTPUT 9.832160 9.832160
g5 OUTPUT 19.700260 11.727010
g4 g4 11.607800 9.433050
g4 g47 21.849950 12.252560
g4 g77 0.499980 0.499980
g4 g55 13.470680 9.196840
g4 g154 2.330700 2.330700
g4 g673 2.703680 2.703680
g4 g734 2.703680 2.703680
g4 g952 2.703680 2.703680
g4 g741 21.941630 14.098620
g4 OUTPUT 1.053090 1.053090
g4 OUTPUT 1.053090 1.053090
g4 OUTPUT 1.053090 1.053090
g4 OUTPUT 9.630200 9.630200
g4 OUTPUT 19.723920 11.880910
g2 g2 13.297320 11.542940
g2 g47 23.538490 12.049460
g2 g74 0.499980 0.499980
g2 g55 13.292240 8.993740
g2 g158 3.101660 3.101660
g2 g677 3.101660 3.101660
g2 g718 3.101660 3.101660
g2 g953 3.101660 3.101660
g2 g863 3.101660 3.101660
g2 g741 23.630170 13.895520
g2 OUTPUT 1.053090 1.053090
g2 OUTPUT 1.053090 1.053090
g2 OUTPUT 11.171290 11.171290
g2 OUTPUT 21.412460 11.677810
g3 g3 13.617900 11.863520
g3 g47 24.231990 12.074060
g3 g71 0.499980 0.499980
g3 g55 13.673780 9.018340
g3 g162 3.293720 3.293720
g3 g681 3.293720 3.293720
g3 g714 3.293720 3.293720
g3 g954 3.293720 3.293720
g3 g859 3.293720 3.293720
g3 g741 24.323670 3.293720
g3 OUTPUT 1.053090 1.053090
g3 OUTPUT 1.053090 1.053090
g3 OUTPUT 11.491870 11.491870
g3 OUTPUT 22.105960 11.702410
g48 g48 13.178340 11.423960
g48 g47 23.622430 11.871020
g48 g68 0.499980 0.499980
g48 g55 13.495340 8.815300
g48 g168 3.281840 3.281840
g48 g685 3.281840 3.281840
g48 g710 3.281840 3.281840
g48 g943 3.281840 3.281840
g48 g855 3.281840 3.281840
g48 g741 23.714110 13.717080
g48 g746 3.253560 3.253560
g48 OUTPUT 1.053090 1.053090
g48 OUTPUT 1.053090 1.053090
g48 OUTPUT 11.052310 11.052310
g48 OUTPUT 21.496400 11.499370
g10 g7 10.469710 8.294960
g10 g10 0.499980 0.499980
g10 g47 20.226500 15.476700
g10 g1007 3.690580 3.690580
g10 g1033 7.190730 7.190730
g10 g1034 6.614350 6.614350
g10 g741 20.318180 17.322760
g10 OUTPUT 2.865170 2.865170
g10 OUTPUT 8.492110 8.492110
g10 OUTPUT 18.100470 15.105050
g1 g6 9.967470 8.213090
g1 g1 0.499980 0.499980
g1 g47 20.378460 15.356360
g1 g966 7.878070 7.114110
g1 g963 7.634280 4.983960
g1 g973 4.452420 4.000140
g1 g976 5.441940 3.010620
g1 g984 8.406120 7.642160
g1 g999 9.485790 3.609660
g1 g1007 12.999920 3.593220
g1 g1033 11.186640 5.931600
g1 g1034 10.610260 6.516990
g1 g741 20.470140 17.202420
g1 OUTPUT 10.155080 7.309560
g1 OUTPUT 11.602410 1.954590
g1 OUTPUT 3.302500 3.302500
g1 OUTPUT 2.312980 2.312980
g1 OUTPUT 9.302780 0.874100
g1 OUTPUT 9.110720 0.567860
g1 OUTPUT 7.841440 7.841440
g1 OUTPUT 18.252430 14.984710
g47 g47 9.491180 6.484580
g47 g55 4.681080 3.428860
g47 g741 9.582860 8.330640
g47 OUTPUT 7.365150 6.112930
g46 g58 2.763590 2.763590
g45 g8 44.926940 15.953950
g45 g7 45.477880 17.526930
g45 g6 44.651480 16.914920
g45 g5 44.359440 13.484120
g45 g4 44.330810 13.484120
g45 g2 44.974620 13.466220
g45 g3 45.076540 13.144780
g45 g48 44.974620 13.046220
g45 g47 55.690630 7.099420
g45 g46 3.871530 2.612600
g45 g45 0.499980 0.499980
g45 g55 5.295920 4.043700
g45 g62 16.587530 16.587530
g45 g58 3.967400 3.967400
g45 g255 29.821480 29.283370
g45 g258 29.821480 29.283370
g45 g261 29.821480 29.283370
g45 g264 29.821480 29.283370
g45 g267 29.821480 29.283370
g45 g270 29.821480 29.283370
g45 g281 29.821480 29.283370
g45 g284 29.821480 29.283370
g45 g336 30.051080 29.512970
g45 g339 30.051080 29.512970
g45 g342 30.051080 29.512970
g45 g345 30.051080 29.512970
g45 g348 30.051080 29.512970
g45 g351 30.051080 29.512970
g45 g362 30.051080 29.512970
g45 g365 30.051080 29.512970
g45 g417 35.725480 35.187370
g45 g420 35.725480 35.187370
g45 g423 35.725480 35.187370
g45 g426 35.725480 35.187370
g45 g429 35.725480 35.187370
g45 g432 35.725480 35.187370
g45 g443 35.725480 35.187370
g45 g446 35.725480 35.187370
g45 g498 29.226780 28.688670
g45 g501 29.226780 28.688670
g45 g504 29.226780 28.688670
g45 g507 29.226780 28.688670
g45 g510 29.226780 28.688670
g45 g513 29.226780 28.688670
g45 g524 29.226780 28.688670
g45 g527 29.226780 28.688670
g45 g547 35.725480 35.187370
g45 g550 35.725480 35.187370
g45 g553 35.725480 35.187370
g45 g563 35.725480 35.187370
g45 g570 35.725480 35.187370
g45 g588 35.725480 35.187370
g45 g591 35.725480 35.187370
g45 g573 35.725480 35.187370
g45 g741 55.782310 5.948110
g45 g746 4.769040 4.769040
g45 OUTPUT 1.924500 1.924500
g45 OUTPUT 42.848590 12.674570
g45 OUTPUT 42.950510 12.773130
g45 OUTPUT 42.848590 13.094570
g45 OUTPUT 42.353210 13.681270
g45 OUTPUT 42.381840 13.681270
g45 OUTPUT 42.525450 16.543270
g45 OUTPUT 43.500280 17.724080
g45 OUTPUT 42.949340 16.151100
g45 OUTPUT 53.564600 6.727770
g44 g8 46.502160 14.820710
g44 g7 47.053100 16.393690
g44 g6 46.226700 15.781680
g44 g5 45.934660 12.350880
g44 g4 45.906030 12.350880
g44 g2 46.549840 12.332980
g44 g3 46.651760 12.011540
g44 g48 46.549840 11.912980
g44 g47 57.265850 3.897520
g44 g44 0.499980 0.499980
g44 g55 6.528740 5.276520
g44 g62 18.162750 15.454290
g44 g58 3.778180 2.207900
g44 g255 31.396700 28.150130
g44 g258 31.396700 28.150130
g44 g261 31.396700 28.150130
g44 g264 31.396700 28.150130
g44 g267 31.396700 28.150130
g44 g270 31.396700 28.150130
g44 g281 31.396700 28.150130
g44 g284 31.396700 28.150130
g44 g336 31.626300 28.379730
g44 g339 31.626300 28.379730
g44 g342 31.626300 28.379730
g44 g345 31.626300 28.379730
g44 g348 31.626300 28.379730
g44 g351 31.626300 28.379730
g44 g362 31.626300 28.379730
g44 g365 31.626300 28.379730
g44 g417 37.300700 34.054130
g44 g420 37.300700 34.054130
g44 g423 37.300700 34.054130
g44 g426 37.300700 34.054130
g44 g429 37.300700 34.054130
g44 g432 37.300700 34.054130
g44 g443 37.300700 34.054130
g44 g446 37.300700 34.054130
g44 g498 30.802000 27.555430
g44 g501 30.802000 27.555430
g44 g504 30.802000 27.555430
g44 g507 30.802000 27.555430
g44 g510 30.802000 27.555430
g44 g513 30.802000 27.555430
g44 g524 30.802000 27.555430
g44 g527 30.802000 27.555430
g44 g547 37.300700 34.054130
g44 g550 37.300700 34.054130
g44 g553 37.300700 34.054130
g44 g563 37.300700 34.054130
g44 g570 37.300700 34.054130
g44 g588 37.300700 34.054130
g44 g591 37.300700 34.054130
g44 g573 37.300700 34.054130
g44 g741 57.357530 5.743580
g44 OUTPUT 44.423810 11.541330
g44 OUTPUT 44.525730 11.639890
g44 OUTPUT 44.423810 11.961330
g44 OUTPUT 43.928430 12.548030
g44 OUTPUT 43.957060 12.548030
g44 OUTPUT 44.100670 15.410030
g44 OUTPUT 45.075500 16.590840
g44 OUTPUT 44.524560 15.017860
g44 OUTPUT 55.139820 3.525870
g42 g8 45.708780 16.735790
g42 g7 46.259720 18.308770
g42 g6 45.433320 17.696760
g42 g5 45.141280 14.265960
g42 g4 45.112650 14.265960
g42 g2 45.756460 14.248060
g42 g3 45.858380 13.926620
g42 g48 45.756460 13.828060
g42 g47 56.472470 20.446800
g42 g42 0.499980 0.499980
g42 g62 17.369370 17.369370
g42 g58 4.197150 4.197150
g42 g255 30.603320 30.065210
g42 g258 30.603320 30.065210
g42 g261 30.603320 30.065210
g42 g264 30.603320 30.065210
g42 g267 30.603320 30.065210
g42 g270 30.603320 30.065210
g42 g281 30.603320 30.065210
g42 g284 30.603320 30.065210
g42 g336 30.832920 30.294810
g42 g339 30.832920 30.294810
g42 g342 30.832920 30.294810
g42 g345 30.832920 30.294810
g42 g348 30.832920 30.294810
g42 g351 30.832920 30.294810
g42 g362 30.832920 30.294810
g42 g365 30.832920 30.294810
g42 g417 36.507320 35.969210
g42 g420 36.507320 35.969210
g42 g423 36.507320 35.969210
g42 g426 36.507320 35.969210
g42 g429 36.507320 35.969210
g42 g432 36.507320 35.969210
g42 g443 36.507320 35.969210
g42 g446 36.507320 35.969210
g42 g498 30.008620 29.470510
g42 g501 30.008620 29.470510
g42 g504 30.008620 29.470510
g42 g507 30.008620 29.470510
g42 g510 30.008620 29.470510
g42 g513 30.008620 29.470510
g42 g524 30.008620 29.470510
g42 g527 30.008620 29.470510
g42 g547 36.507320 35.969210
g42 g550 36.507320 35.969210
g42 g553 36.507320 35.969210
g42 g563 36.507320 35.969210
g42 g570 36.507320 35.969210
g42 g588 36.507320 35.969210
g42 g591 36.507320 35.969210
g42 g573 36.507320 35.969210
g42 g741 56.564150 5.161510
g42 g746 4.509040 4.509040
g42 OUTPUT 43.630430 13.456410
g42 OUTPUT 43.732350 13.554970
g42 OUTPUT 43.630430 13.876410
g42 OUTPUT 43.135050 14.463110
g42 OUTPUT 43.163680 14.463110
g42 OUTPUT 43.307290 17.325110
g42 OUTPUT 44.282120 18.505920
g42 OUTPUT 43.731180 16.932940
g42 OUTPUT 54.346440 20.075150
g41 g8 45.867780 16.894790
g41 g7 46.418720 18.467770
g41 g6 45.592320 17.855760
g41 g5 45.300280 14.424960
g41 g4 45.271650 14.424960
g41 g2 45.915460 14.407060
g41 g3 46.017380 14.085620
g41 g48 45.915460 13.987060
g41 g47 56.631470 20.605800
g41 g41 0.499980 0.499980
g41 g62 17.528370 17.528370
g41 g58 3.984870 3.984870
g41 g255 30.762320 30.224210
g41 g258 30.762320 30.224210
g41 g261 30.762320 30.224210
g41 g264 30.762320 30.224210
g41 g267 30.762320 30.224210
g41 g270 30.762320 30.224210
g41 g281 30.762320 30.224210
g41 g284 30.762320 30.224210
g41 g336 30.991920 30.453810
g41 g339 30.991920 30.453810
g41 g342 30.991920 30.453810
g41 g345 30.991920 30.453810
g41 g348 30.991920 30.453810
g41 g351 30.991920 30.453810
g41 g362 30.991920 30.453810
g41 g365 30.991920 30.453810
g41 g417 36.666320 36.128210
g41 g420 36.666320 36.128210
g41 g423 36.666320 36.128210
g41 g426 36.666320 36.128210
g41 g429 36.666320 36.128210
g41 g432 36.666320 36.128210
g41 g443 36.666320 36.128210
g41 g446 36.666320 36.128210
g41 g498 30.167620 29.629510
g41 g501 30.167620 29.629510
g41 g504 30.167620 29.629510
g41 g507 30.167620 29.629510
g41 g510 30.167620 29.629510
g41 g513 30.167620 29.629510
g41 g524 30.167620 29.629510
g41 g527 30.167620 29.629510
g41 g547 36.666320 36.128210
g41 g550 36.666320 36.128210
g41 g553 36.666320 36.128210
g41 g563 36.666320 36.128210
g41 g570 36.666320 36.128210
g41 g588 36.666320 36.128210
g41 g591 36.666320 36.128210
g41 g573 36.666320 36.128210
g41 g741 56.723150 4.949230
g41 g746 4.830100 4.830100
g41 OUTPUT 43.789430 13.615410
g41 OUTPUT 43.891350 13.713970
g41 OUTPUT 43.789430 14.035410
g41 OUTPUT 43.294050 14.622110
g41 OUTPUT 43.322680 14.622110
g41 OUTPUT 43.466290 17.484110
g41 OUTPUT 44.441120 18.664920
g41 OUTPUT 43.890180 17.091940
g41 OUTPUT 54.505440 20.234150
g37 g37 0.499980 0.499980
g37 g1486 1.587920 1.587920
g37 OUTPUT 0.000000 0.000000
g32 g32 0.499980 0.499980
g32 OUTPUT 1.920120 1.855240
g32 OUTPUT 1.920120 1.855240
g1207 g1207 1.374080 1.374080
g1207 g1211 3.499190 1.847010
g1207 g1214 4.791700 3.920270
g1207 g1217 5.343180 3.747890
g1207 g1220 5.726180 4.130890
g1207 g1223 5.726180 4.130890
g1207 g1224 5.726180 4.130890
g1207 g1225 5.726180 4.130890
g1207 g1226 5.166680 3.571390
g1207 g1227 5.343180 3.747890
g1207 g1228 5.726180 4.130890
g1207 g1229 5.351200 4.479770
g1207 g1230 7.086000 4.600460
g1207 g1266 2.207900 2.207900
g1207 g1257 3.639070 3.639070
g1207 g1263 2.207900 2.207900
g1207 g1375 4.499300 2.751820
g1207 g1388 4.499300 2.751820
g1211 g1211 3.669190 2.501150
g1211 g1214 4.613200 3.741770
g1211 g1217 5.239680 3.644390
g1211 g1220 5.276180 3.680890
g1211 g1223 8.158960 6.563670
g1211 g1224 8.745180 7.149890
g1211 g1225 9.162400 7.567110
g1211 g1226 10.080930 8.485640
g1211 g1227 10.332430 8.737140
g1211 g1228 10.637430 9.042140
g1211 g1229 9.993950 9.122520
g1211 g1230 11.728750 9.243210
g1211 g1266 2.366890 2.366890
g1211 g1257 2.207900 2.207900
g1211 g1263 4.294450 4.294450
g1211 g1269 2.135600 2.135600
g1211 g1371 5.154680 3.407200
g1211 g1384 5.154680 3.407200
g1214 g1214 6.343260 5.176310
g1214 g1217 5.131680 3.536390
g1214 g1220 5.036180 3.440890
g1214 g1223 9.027900 7.432610
g1214 g1224 9.184120 7.588830
g1214 g1225 10.020360 8.425070
g1214 g1226 11.219870 9.624580
g1214 g1227 11.471370 9.876080
g1214 g1228 11.776370 10.181080
g1214 g1229 11.132890 10.261460
g1214 g1230 12.867690 10.382150
g1214 g1266 4.573390 4.573390
g1214 g1257 4.573390 4.573390
g1214 g1263 4.573390 4.573390
g1214 g1269 1.954590 1.954590
g1214 g1372 5.853620 4.106140
g1214 g1385 5.853620 4.106140
g1217 g1217 5.878430 2.041150
g1217 g1220 5.544680 3.949390
g1217 g1223 5.276180 3.680890
g1217 g1224 8.665580 7.070290
g1217 g1225 5.276180 3.680890
g1217 g1226 10.641400 9.046110
g1217 g1227 10.892900 9.297610
g1217 g1228 11.197900 9.602610
g1217 g1229 10.554420 9.682990
g1217 g1230 12.289220 9.803680
g1217 g1266 2.510900 2.510900
g1217 g1257 2.510900 2.510900
g1217 g1263 2.510900 2.510900
g1217 g1269 3.472580 3.472580
g1217 g1373 5.014100 3.266620
g1217 g1386 5.014100 3.266620
g1220 g1220 5.898230 2.041150
g1220 g1223 5.036180 3.440890
g1220 g1224 5.276180 3.680890
g1220 g1225 8.780640 7.185350
g1220 g1226 10.820150 9.224860
g1220 g1227 11.071650 9.476360
g1220 g1228 11.376650 9.781360
g1220 g1229 10.733170 9.861740
g1220 g1230 12.467970 9.982430
g1220 g1266 2.331790 2.331790
g1220 g1257 2.331790 2.331790
g1220 g1263 2.331790 2.331790
g1220 g1269 3.252380 3.252380
g1220 g1374 5.033900 3.286420
g1220 g1387 5.033900 3.286420
g1223 g1223 5.488370 2.041150
g1223 g1224 5.036180 3.440890
g1223 g1225 5.036180 3.440890
g1223 g1226 7.812820 6.217530
g1223 g1227 8.064320 6.469030
g1223 g1228 8.369320 6.774030
g1223 g1229 7.725840 6.854410
g1223 g1230 9.460640 6.975100
g1223 g1250 7.018570 7.018570
g1223 g1251 6.465460 6.465460
g1223 g1247 6.208420 6.208420
g1223 g1254 6.208420 6.208420
g1223 g1260 6.208420 6.208420
g1223 g1268 2.424050 2.424050
g1223 g1367 4.624040 2.876560
g1223 g1380 4.624040 2.876560
g1224 g1224 5.710130 2.041150
g1224 g1225 8.152540 6.557250
g1224 g1226 7.631810 6.036520
g1224 g1227 7.883310 6.288020
g1224 g1228 8.188310 6.593020
g1224 g1229 7.544830 6.673400
g1224 g1230 9.279630 6.794090
g1224 g1250 7.410330 7.410330
g1224 g1251 6.857220 6.857220
g1224 g1247 6.600180 6.600180
g1224 g1254 6.600180 6.600180
g1224 g1260 6.600180 6.600180
g1224 g1268 2.864050 2.864050
g1224 g1368 4.845800 3.098320
g1224 g1381 4.845800 3.098320
g1225 g1225 5.341850 2.041150
g1225 g1226 7.362820 5.767530
g1225 g1227 7.614320 6.019030
g1225 g1228 7.919320 6.324030
g1225 g1229 7.275840 6.404410
g1225 g1230 9.010640 6.525100
g1225 g1250 4.666920 4.666920
g1225 g1251 4.113810 4.113810
g1225 g1247 3.856770 3.856770
g1225 g1254 3.856770 3.856770
g1225 g1260 3.856770 3.856770
g1225 g1268 3.124830 3.124830
g1225 g1369 4.477520 2.730040
g1225 g1382 4.477520 2.730040
g1226 g1226 5.488370 2.041150
g1226 g1227 5.131680 3.536390
g1226 g1228 5.276180 3.680890
g1226 g1229 7.253340 6.381910
g1226 g1230 6.396000 3.910460
g1226 g1250 4.426920 4.426920
g1226 g1251 3.873810 3.873810
g1226 g1247 3.616770 3.616770
g1226 g1254 3.616770 3.616770
g1226 g1260 3.616770 3.616770
g1226 g1268 3.284050 3.284050
g1226 g1370 4.624040 2.876560
g1226 g1383 4.624040 2.876560
g1227 g1227 5.870510 2.041150
g1227 g1228 5.036180 3.440890
g1227 g1229 7.805480 6.934050
g1227 g1230 9.956250 7.470710
g1227 g1250 7.914710 7.914710
g1227 g1251 7.361600 7.361600
g1227 g1247 7.104560 7.104560
g1227 g1254 7.104560 7.104560
g1227 g1260 7.104560 7.104560
g1227 g1268 2.209600 2.209600
g1227 g1363 5.006180 3.258700
g1227 g1376 5.006180 3.258700
g1228 g1228 5.678450 2.041150
g1228 g1229 4.661200 3.789770
g1228 g1230 9.504190 7.018650
g1228 g1250 8.162650 8.162650
g1228 g1251 7.609540 7.609540
g1228 g1247 7.352500 7.352500
g1228 g1254 7.352500 7.352500
g1228 g1260 7.352500 7.352500
g1228 g1268 2.649600 2.649600
g1228 g1364 4.814120 3.066640
g1228 g1377 4.814120 3.066640
g1229 g1229 5.291880 4.124930
g1229 g1230 9.813290 7.327750
g1229 g1250 6.836680 6.836680
g1229 g1251 6.283570 6.283570
g1229 g1247 6.026530 6.026530
g1229 g1254 6.026530 6.026530
g1229 g1260 6.026530 6.026530
g1229 g1268 2.910320 2.910320
g1229 g1365 4.802240 3.054760
g1229 g1378 4.802240 3.054760
g1230 g1230 6.375360 3.273240
g1230 g1250 8.010430 8.010430
g1230 g1251 7.457320 7.457320
g1230 g1247 7.200280 7.200280
g1230 g1254 7.200280 7.200280
g1230 g1260 7.200280 7.200280
g1230 g1268 3.069600 3.069600
g1230 g1366 3.473980 1.947030
g1230 g1379 3.473980 1.947030
g1240 g1236 0.499980 0.499980
g1240 OUTPUT 0.000000 0.000000
g1236 g1231 0.499980 0.499980
g1236 g1308 2.007510 2.007510
g1236 OUTPUT 0.000000 0.000000
g1231 g1207 4.225110 4.225110
g1231 g1211 4.182300 4.182300
g1231 g1214 5.667640 5.667640
g1231 g1217 3.897150 3.897150
g1231 g1220 3.897150 3.897150
g1231 g1223 3.897150 3.897150
g1231 g1224 3.897150 3.897150
g1231 g1225 3.897150 3.897150
g1231 g1226 3.897150 3.897150
g1231 g1227 3.897150 3.897150
g1231 g1228 3.897150 3.897150
g1231 g1229 5.667640 5.667640
g1231 g1230 3.749070 3.749070
g1231 g1244 0.499980 0.499980
g1231 g1412 2.927120 2.927120
g1231 g1415 2.333800 2.333800
g1231 g1405 2.927120 2.927120
g1231 g1408 2.333800 2.333800
g1244 g1245 0.499980 0.499980
g1245 OUTPUT 0.000000 0.000000
g1272 g1272 3.125200 2.420700
g1272 g1276 4.793940 3.372060
g1272 g1280 6.494820 5.200000
g1272 g1284 6.671320 5.376500
g1272 g1288 8.186870 5.685280
g1272 g1292 8.800400 7.505580
g1272 g1300 9.155400 7.860580
g1272 g1296 8.848400 7.553580
g1272 g1253 3.015680 3.015680
g1272 g1189 6.149470 4.659550
g1276 g1276 4.963940 2.560700
g1276 g1280 6.316320 5.021500
g1276 g1284 6.567820 5.273000
g1276 g1288 7.981080 6.127980
g1276 g1292 8.619390 7.324570
g1276 g1300 8.974390 7.679570
g1276 g1296 8.667390 7.372570
g1276 g1253 5.311480 5.311480
g1276 g1189 6.619920 5.139960
g1280 g1280 5.874030 2.560700
g1280 g1284 6.459820 5.165000
g1280 g1288 7.800110 5.887980
g1280 g1292 8.350400 7.055580
g1280 g1300 8.705400 7.410580
g1280 g1296 8.398400 7.103580
g1280 g1253 5.130510 5.130510
g1280 g1189 5.983240 4.493320
g1284 g1284 5.874030 2.560700
g1284 g1288 8.005370 6.396480
g1284 g1292 8.110400 6.815580
g1284 g1300 8.465400 7.170580
g1284 g1296 8.158400 6.863580
g1284 g1253 4.861480 4.861480
g1284 g1189 6.453690 4.973750
g1288 g1288 7.006580 2.192540
g1288 g1292 6.494820 5.200000
g1288 g1300 6.567820 5.273000
g1288 g1296 7.054320 5.759500
g1288 g1253 2.565680 2.565680
g1288 g1189 5.722230 4.232310
g1292 g1288 4.995280 4.995280
g1292 g1292 5.874030 2.560700
g1292 g1300 6.459820 5.165000
g1292 g1296 6.872820 5.578000
g1292 g1253 2.325680 2.325680
g1292 g1189 6.192680 4.712740
g1300 g1288 6.790900 6.790900
g1300 g1300 6.020550 2.560700
g1300 g1296 6.604320 5.309500
g1300 g1253 4.121300 4.121300
g1300 g1189 5.289470 3.799550
g1296 g1288 7.291080 7.291080
g1296 g1296 5.874030 2.560700
g1296 g1253 4.621480 4.621480
g1296 g1189 5.759920 4.279960
g1253 g1250 1.374080 1.374080
g1308 g1309 0.499980 0.499980
g1309 g1310 0.499980 0.499980
g1310 g1311 0.499980 0.499980
g1311 g1312 0.499980 0.499980
g1312 g1304 0.499980 0.499980
g1304 g1272 1.197620 1.197620
g1304 g1276 1.197620 1.197620
g1304 g1280 1.197620 1.197620
g1304 g1284 1.197620 1.197620
g1304 g1288 2.850520 2.850520
g1304 g1292 1.197620 1.197620
g1304 g1300 1.197620 1.197620
g1304 g1296 1.197620 1.197620
g1307 g1272 4.236480 2.560700
g1307 g1276 4.529020 2.420700
g1307 g1280 4.529020 2.420700
g1307 g1284 4.529020 2.420700
g1307 g1288 4.117210 2.880520
g1307 g1292 4.529020 2.420700
g1307 g1300 4.529020 2.420700
g1307 g1296 4.529020 2.420700
g1330 g1330 1.197620 1.197620
g1330 g1333 4.519680 3.352730
g1330 g1336 4.791700 3.803310
g1330 g1339 4.864700 3.876310
g1330 g1342 5.716820 4.728430
g1330 g1345 7.834320 6.845930
g1330 g1348 8.189320 7.200930
g1330 g1351 8.122320 7.133930
g1330 g1354 8.247940 7.259550
g1330 g1357 9.963500 8.975110
g1330 g1360 10.318500 9.330110
g1330 g20 6.887810 5.609240
g1330 g1402 4.511200 4.511200
g1333 g1333 4.343100 3.471670
g1333 g1336 4.613200 3.624810
g1333 g1339 4.756700 3.768310
g1333 g1342 5.534310 4.545920
g1333 g1345 7.651810 6.663420
g1333 g1348 8.006810 7.018420
g1333 g1351 7.939810 6.951420
g1333 g1354 8.065430 7.077040
g1333 g1357 9.780990 8.792600
g1333 g1360 10.135990 9.147600
g1333 g20 6.417360 5.138740
g1333 g1402 4.273180 4.273180
g1336 g1336 4.517700 3.467710
g1336 g1339 4.968200 3.979810
g1336 g1342 5.266820 4.278430
g1336 g1345 7.384320 6.395930
g1336 g1348 7.739320 6.750930
g1336 g1351 7.672320 6.683930
g1336 g1354 7.797940 6.809550
g1336 g1357 9.513500 8.525110
g1336 g1360 9.868500 8.880110
g1336 g20 4.973920 3.314320
g1336 g1402 6.319150 5.040580
g1339 g1339 4.325640 3.275650
g1339 g1342 5.026820 4.038430
g1339 g1345 7.144320 6.155930
g1339 g1348 7.499320 6.510930
g1339 g1351 7.432320 6.443930
g1339 g1354 7.557940 6.569550
g1339 g1357 9.273500 8.285110
g1339 g1360 9.628500 8.640110
g1339 g20 5.345590 4.066970
g1339 g1402 5.769880 4.491260
g1342 g1342 4.325640 3.275650
g1342 g1345 4.791700 3.803310
g1342 g1348 4.864700 3.876310
g1342 g1351 5.351200 4.362810
g1342 g1354 5.266820 4.278430
g1342 g1357 6.982380 5.993990
g1342 g1360 7.337380 6.348990
g1342 g20 5.816040 4.537470
g1342 g1402 6.240330 4.961760
g1345 g1345 4.472160 3.422170
g1345 g1348 4.756700 3.768310
g1345 g1351 5.169700 4.181310
g1345 g1354 6.976430 5.988040
g1345 g1357 8.691990 7.703600
g1345 g1360 9.046990 8.058600
g1345 g20 5.598850 4.320230
g1345 g1402 5.517120 4.238500
g1348 g1348 4.517700 3.467710
g1348 g1351 4.661200 3.672810
g1348 g1354 7.191970 6.203580
g1348 g1357 8.907530 7.919140
g1348 g1360 9.262530 8.274140
g1348 g20 6.069300 4.790730
g1348 g1402 5.987570 4.709000
g1351 g1351 4.325640 3.275650
g1351 g1354 5.716820 4.728430
g1351 g1357 7.432380 6.443990
g1351 g1360 7.787380 6.798990
g1351 g20 5.675880 4.397260
g1351 g1402 5.395290 4.116670
g1354 g1354 4.325640 3.275650
g1354 g1357 4.791700 3.803310
g1354 g1360 4.864700 3.876310
g1354 g20 6.146330 4.867760
g1354 g1402 5.865740 4.587170
g1357 g1357 4.325640 3.275650
g1357 g1360 4.756700 3.768310
g1357 g20 5.929140 4.650520
g1357 g1402 6.119000 4.840430
g1360 g1360 4.325640 3.275650
g1360 g20 6.399590 5.121020
g1360 g1402 5.648550 4.369930
g1252 g1430 1.199940 1.199940
g1252 g1443 1.199940 1.199940
g1250 g1396 0.499980 0.499980
g1250 OUTPUT 0.000000 0.000000
g1250 OUTPUT 0.000000 0.000000
g1251 g1390 0.499980 0.499980
g1251 g1486 10.761020 9.506800
g1251 g1481 7.043110 2.330700
g1251 g1489 7.043110 2.459060
g1251 g1494 7.043110 2.330700
g1251 g1499 7.043110 2.330700
g1251 g1504 7.043110 2.330700
g1251 g1509 7.043110 2.459060
g1251 g1514 7.043110 2.623240
g1251 g1519 7.043110 2.623240
g1251 g1462 7.043110 2.623240
g1251 g1467 7.043110 2.623240
g1251 g1472 7.043110 2.623240
g1251 g1477 7.043110 2.459060
g1251 g1092 19.293400 18.547720
g1251 g1130 19.373400 18.547720
g1251 g1134 19.373400 18.547720
g1251 g1138 19.373400 18.547720
g1251 g1149 19.373400 18.547720
g1251 g1037 19.373400 18.547720
g1251 g1041 19.373400 18.547720
g1251 g1045 19.373400 18.547720
g1251 g1049 19.373400 18.547720
g1251 g1053 19.373400 18.547720
g1251 g1057 19.373400 18.547720
g1251 g1061 19.373400 18.547720
g1251 g1065 19.373400 18.547720
g1251 g1069 19.373400 18.547720
g1251 g1073 19.373400 18.547720
g1251 OUTPUT 0.000000 0.000000
g1251 OUTPUT 0.000000 0.000000
g1247 g1330 4.057480 4.057480
g1247 g1333 4.137480 4.137480
g1247 g1336 4.137480 4.137480
g1247 g1339 4.137480 4.137480
g1247 g1342 4.137480 4.137480
g1247 g1345 4.137480 4.137480
g1247 g1348 4.137480 4.137480
g1247 g1351 4.137480 4.137480
g1247 g1354 4.137480 4.137480
g1247 g1357 4.137480 4.137480
g1247 g1360 4.137480 4.137480
g1247 g1250 2.290020 2.290020
g1247 g1251 1.736910 1.736910
g1254 g1214 2.817820 2.817820
g1254 g1229 2.817820 2.817820
g1254 g1230 2.260950 2.260950
g1254 OUTPUT 0.000000 0.000000
g1266 g1260 1.374080 1.374080
g1260 g1307 1.399920 1.399920
g1260 g1252 0.499980 0.499980
g1260 g1424 1.399920 1.399920
g1260 g1459 1.399920 1.399920
g1257 g1250 3.649610 3.649610
g1257 g1251 3.096500 3.096500
g1257 g1254 1.374080 1.374080
g1263 g1250 3.819610 3.819610
g1263 g1251 3.266500 3.266500
g1263 g1247 1.374080 1.374080
g1267 g1329 0.499980 0.499980
g1268 g1267 1.197620 1.197620
g1269 g1267 1.367620 1.367620
g1271 g1270 0.499980 0.499980
g1270 g172 0.499980 0.499980
g172 g154 1.197620 1.197620
g1313 g1313 1.559640 1.559640
g1313 g1317 4.198770 3.254100
g1313 g1318 6.437250 3.951470
g1313 g1319 6.601500 4.115720
g1313 g1320 6.985000 4.499220
g1313 g1321 7.250430 4.765370
g1313 g1322 7.250430 4.765370
g1313 g1323 7.250430 4.765370
g1313 g1324 6.702680 4.217620
g1313 g1325 6.866930 4.381870
g1313 g1326 7.250430 4.765370
g1313 g1327 7.250430 4.765370
g1313 g1328 7.250430 4.765370
g1313 g13 2.798830 2.798830
g1317 g1317 4.459240 3.172240
g1317 g1318 6.259000 3.773220
g1317 g1319 6.510750 4.024970
g1317 g1320 6.535000 4.049220
g1317 g1321 8.853340 6.368280
g1317 g1322 9.439560 6.954500
g1317 g1323 9.856780 7.371720
g1317 g1324 10.997440 8.512380
g1317 g1325 11.249190 8.764130
g1317 g1326 11.541690 9.056630
g1317 g1327 11.273440 8.788380
g1317 g1328 11.273440 8.788380
g1317 g13 7.372810 7.372810
g1318 g1318 6.418900 3.172240
g1318 g1319 6.409750 3.923970
g1318 g1320 6.295000 3.809220
g1318 g1321 9.084720 6.599660
g1318 g1322 9.240940 6.755880
g1318 g1323 10.077180 7.592120
g1318 g1324 11.498820 9.013760
g1318 g1325 11.750570 9.265510
g1318 g1326 12.043070 9.558010
g1318 g1327 11.774820 9.289760
g1318 g1328 11.774820 9.289760
g1318 g13 7.874190 7.874190
g1319 g1319 6.056560 3.172240
g1319 g1320 6.803250 4.317470
g1319 g1321 6.800430 4.315370
g1319 g1322 9.199580 6.714520
g1319 g1323 6.800430 4.315370
g1319 g1324 11.397530 8.912470
g1319 g1325 11.649280 9.164220
g1319 g1326 11.941780 9.456720
g1319 g1327 11.673530 9.188470
g1319 g1328 11.673530 9.188470
g1319 g13 7.772900 7.772900
g1320 g1320 6.062500 3.172240
g1320 g1321 6.560430 4.075370
g1320 g1322 6.800430 4.315370
g1320 g1323 9.300780 6.815720
g1320 g1324 11.562420 9.077360
g1320 g1325 11.814170 9.329110
g1320 g1326 12.106670 9.621610
g1320 g1327 11.838420 9.353360
g1320 g1328 11.838420 9.353360
g1320 g13 7.937790 7.937790
g1321 g1321 5.979450 3.437670
g1321 g1322 6.560430 4.075370
g1321 g1323 6.560430 4.075370
g1321 g1324 9.558950 7.073890
g1321 g1325 9.810700 7.325640
g1321 g1326 10.103200 7.618140
g1321 g1327 9.834950 7.349890
g1321 g1328 9.834950 7.349890
g1321 g13 5.934320 5.934320
g1322 g1322 6.155670 3.437670
g1322 g1323 8.688520 6.203460
g1322 g1324 9.377940 6.892880
g1322 g1325 9.629690 7.144630
g1322 g1326 9.922190 7.437130
g1322 g1327 9.653940 7.168880
g1322 g1328 9.653940 7.168880
g1322 g13 5.753310 5.753310
g1323 g1323 5.979450 3.437670
g1323 g1324 9.108950 6.623890
g1323 g1325 9.360700 6.875640
g1323 g1326 9.653200 7.168140
g1323 g1327 9.384950 6.899890
g1323 g1328 9.384950 6.899890
g1323 g13 5.484320 5.484320
g1324 g1324 6.286350 3.437670
g1324 g1325 6.675180 4.190120
g1324 g1326 6.800430 4.315370
g1324 g1327 8.516740 6.031680
g1324 g1328 6.560430 4.075370
g1324 g13 4.718870 4.718870
g1325 g1325 6.496230 3.437670
g1325 g1326 6.560430 4.075370
g1325 g1327 8.896620 6.411560
g1325 g1328 9.312840 6.827780
g1325 g13 4.668750 4.668750
g1326 g1326 6.143790 3.437670
g1326 g1327 6.560430 4.075370
g1326 g1328 8.700400 6.215340
g1326 g13 5.218140 5.218140
g1327 g1327 6.149730 3.437670
g1327 g1328 9.027320 6.542260
g1327 g13 5.082000 5.082000
g1328 g1328 5.979450 3.437670
g1328 g13 4.956080 4.956080
g13 g13 2.651440 2.651440
g13 OUTPUT 0.000000 0.000000
g13 OUTPUT 0.000000 0.000000
g1329 g1313 3.219740 1.479640
g1329 g1317 3.219740 1.559640
g1329 g1318 3.219740 1.559640
g1329 g1319 3.219740 1.559640
g1329 g1320 3.219740 1.559640
g1329 g1321 2.126030 1.587920
g1329 g1322 2.126030 1.587920
g1329 g1323 2.126030 1.587920
g1329 g1324 2.126030 1.587920
g1329 g1325 2.126030 1.587920
g1329 g1326 2.126030 1.587920
g1329 g1327 2.126030 1.587920
g1329 g1328 2.126030 1.587920
g1329 g13 1.197620 1.197620
g20 OUTPUT 0.000000 0.000000
g20 OUTPUT 0.000000 0.000000
g1366 OUTPUT 3.177200 3.177200
g1364 OUTPUT 2.476150 2.476150
g1370 OUTPUT 3.375760 3.375760
g1368 OUTPUT 2.674780 2.674780
g1374 OUTPUT 3.644750 3.644750
g1372 OUTPUT 2.943770 2.943770
g1375 OUTPUT 2.639540 2.639540
g1365 OUTPUT 3.336150 3.336150
g1363 OUTPUT 2.916150 2.916150
g1369 OUTPUT 3.534780 3.534780
g1367 OUTPUT 3.114780 3.114780
g1373 OUTPUT 3.803770 3.803770
g1371 OUTPUT 3.383770 3.383770
g1389 OUTPUT 0.000000 0.000000
g1389 OUTPUT 0.000000 0.000000
g1379 g1389 4.197860 4.197860
g1377 g1389 3.497140 3.497140
g1383 g1389 4.412520 4.412520
g1381 g1389 3.711740 3.711740
g1387 g1389 3.700270 3.700270
g1385 g1389 2.999260 2.999260
g1388 g1389 1.788010 1.788010
g1378 g1389 4.357140 4.357140
g1376 g1389 3.937140 3.937140
g1382 g1389 4.571740 4.571740
g1380 g1389 4.151740 4.151740
g1386 g1389 3.859260 3.859260
g1384 g1389 3.439260 3.439260
g1390 g1391 0.499980 0.499980
g1391 OUTPUT 0.697640 0.697640
g1393 g1395 0.499980 0.499980
g1395 OUTPUT 0.697640 0.697640
g1396 g1398 0.499980 0.499980
g1398 OUTPUT 0.697640 0.697640
g1399 g1401 0.499980 0.499980
g1401 OUTPUT 0.697640 0.697640
g1402 g1403 0.499980 0.499980
g1403 g1404 0.499980 0.499980
g1404 g16 0.499980 0.499980
g16 g1393 0.499980 0.499980
g16 g1399 2.097560 2.097560
g16 OUTPUT 0.000000 0.000000
g16 OUTPUT 1.597580 1.597580
g16 OUTPUT 0.000000 0.000000
g16 OUTPUT 1.597580 1.597580
g1189 g1399 2.267560 2.267560
g1189 OUTPUT 1.767580 1.767580
g1189 OUTPUT 1.767580 1.767580
g1412 g1412 1.605500 1.605500
g1412 g1415 2.007510 2.007510
g1412 g1409 4.045970 4.045970
g1412 OUTPUT 1.838370 1.838370
g1412 OUTPUT 1.838370 1.838370
g1415 g1412 1.537620 1.537620
g1409 g1409 2.067600 2.067600
g1409 OUTPUT 0.000000 0.000000
g1416 g1409 2.935720 1.977600
g1416 g1416 1.587920 1.587920
g1416 g1421 2.194310 2.194310
g1421 g1416 1.766910 1.766910
g1421 g1421 1.788010 1.788010
g1405 g1409 3.868900 3.868900
g1405 g1405 1.605500 1.605500
g1405 g1408 2.007510 2.007510
g1405 OUTPUT 1.661300 1.661300
g1405 OUTPUT 1.661300 1.661300
g1408 g1405 1.537620 1.537620
g1428 g1405 3.097120 3.097120
g1428 g1408 2.503800 2.503800
g1430 g1412 3.097120 3.097120
g1430 g1415 2.503800 2.503800
g1424 g1416 1.575030 1.575030
g1424 g1421 1.849020 1.849020
g1424 g1428 0.499980 0.499980
g1486 g1486 5.094030 3.636710
g1486 OUTPUT 0.699960 0.699960
g1486 OUTPUT 0.699960 0.699960
g1481 g1486 12.976790 10.181810
g1481 g1481 9.258880 2.420700
g1481 g1489 9.258880 4.323720
g1481 g1494 9.258880 5.930340
g1481 g1499 9.258880 7.718120
g1481 g1504 11.122510 7.718120
g1481 g1509 13.380530 7.718120
g1481 g1514 14.600170 7.718120
g1481 g1519 16.599650 7.718120
g1481 g1462 18.599130 7.718120
g1481 g1467 20.598610 7.718120
g1481 g1472 22.598090 7.718120
g1481 g1477 24.837150 7.718120
g1489 g1486 13.012150 10.000640
g1489 g1481 9.294240 7.536950
g1489 g1489 9.294240 2.390700
g1489 g1494 9.294240 5.752320
g1489 g1499 9.294240 7.536950
g1489 g1504 10.944490 7.536950
g1489 g1509 13.202510 7.536950
g1489 g1514 14.422150 7.536950
g1489 g1519 16.421630 7.536950
g1489 g1462 18.421110 7.536950
g1489 g1467 20.420590 7.536950
g1489 g1472 22.420070 7.536950
g1489 g1477 24.659130 7.536950
g1494 g1486 11.844450 9.731810
g1494 g1481 8.126540 7.268120
g1494 g1489 8.126540 7.268120
g1494 g1494 8.126540 2.420700
g1494 g1499 8.126540 5.930340
g1494 g1504 9.123030 7.268120
g1494 g1509 11.381050 7.268120
g1494 g1514 12.600690 7.268120
g1494 g1519 14.600170 7.268120
g1494 g1462 16.599650 7.268120
g1494 g1467 18.599130 7.268120
g1494 g1472 20.598610 7.268120
g1494 g1477 22.837670 7.268120
g1499 g1486 11.394450 9.491810
g1499 g1481 7.676540 7.028120
g1499 g1489 7.676540 7.028120
g1499 g1494 7.676540 7.028120
g1499 g1499 7.676540 2.420700
g1499 g1504 7.676540 5.930340
g1499 g1509 9.381570 7.028120
g1499 g1514 10.601210 7.028120
g1499 g1519 12.600690 7.028120
g1499 g1462 14.600170 7.028120
g1499 g1467 16.599650 7.028120
g1499 g1472 18.599130 7.028120
g1499 g1477 20.838190 7.028120
g1504 g1486 11.154450 9.900230
g1504 g1481 7.436540 7.436540
g1504 g1489 7.436540 7.436540
g1504 g1494 7.436540 7.436540
g1504 g1499 7.436540 7.436540
g1504 g1504 7.436540 2.420700
g1504 g1509 7.436540 6.104490
g1504 g1514 8.602700 7.424610
g1504 g1519 10.602180 7.436540
g1504 g1462 12.601660 7.436540
g1504 g1467 14.601140 7.436540
g1504 g1472 16.600620 7.436540
g1504 g1477 18.839680 7.436540
g1509 g1509 5.780730 2.390700
g1509 g1514 6.999950 5.821860
g1509 g1519 8.999430 7.821340
g1509 g1462 10.998910 9.820820
g1509 g1467 12.998390 11.820300
g1509 g1472 14.997870 13.819780
g1509 g1477 17.236930 15.958360
g1514 g1486 11.055310 9.801090
g1514 g1481 7.337400 7.337400
g1514 g1489 7.337400 7.337400
g1514 g1494 7.337400 7.337400
g1514 g1499 7.337400 7.337400
g1514 g1504 7.337400 7.337400
g1514 g1509 7.337400 7.337400
g1514 g1514 7.337400 2.560700
g1514 g1519 7.337400 5.821860
g1514 g1462 8.999430 7.337400
g1514 g1467 10.998910 7.337400
g1514 g1472 12.998390 7.337400
g1514 g1477 15.237450 7.337400
g1519 g1486 13.400780 10.041090
g1519 g1481 9.682870 7.577400
g1519 g1489 9.682870 7.577400
g1519 g1494 9.682870 7.577400
g1519 g1499 9.682870 7.577400
g1519 g1504 9.682870 7.577400
g1519 g1509 9.682870 7.577400
g1519 g1514 9.682870 7.577400
g1519 g1519 9.682870 2.560700
g1519 g1462 9.682870 5.821860
g1519 g1467 9.682870 7.577400
g1519 g1472 10.998910 7.577400
g1519 g1477 13.237970 7.577400
g1462 g1486 13.616320 10.309980
g1462 g1481 9.898410 7.846290
g1462 g1489 9.898410 7.846290
g1462 g1494 9.898410 7.846290
g1462 g1499 9.898410 7.846290
g1462 g1504 9.898410 7.846290
g1462 g1509 9.898410 7.846290
g1462 g1514 9.898410 7.846290
g1462 g1519 9.898410 7.846290
g1462 g1462 9.898410 2.560700
g1462 g1467 9.898410 5.821860
g1462 g1472 9.898410 7.821340
g1462 g1477 11.238490 7.846290
g1467 g1486 13.237310 10.853850
g1467 g1481 9.519400 8.390160
g1467 g1489 9.519400 8.390160
g1467 g1494 9.519400 8.390160
g1467 g1499 9.519400 8.390160
g1467 g1504 9.519400 8.390160
g1467 g1509 9.519400 8.390160
g1467 g1514 9.519400 8.390160
g1467 g1519 9.519400 8.390160
g1467 g1462 9.519400 8.390160
g1467 g1467 9.519400 2.560700
g1467 g1472 9.519400 5.821860
g1467 g1477 9.519400 7.960440
g1472 g1486 13.452850 10.403850
g1472 g1481 9.734940 7.940160
g1472 g1489 9.734940 7.940160
g1472 g1494 9.734940 7.940160
g1472 g1499 9.734940 7.940160
g1472 g1504 9.734940 7.940160
g1472 g1509 9.734940 7.940160
g1472 g1514 9.734940 7.940160
g1472 g1519 9.734940 7.940160
g1472 g1462 9.734940 7.940160
g1472 g1467 9.734940 7.940160
g1472 g1472 9.734940 2.560700
g1472 g1477 9.734940 5.961930
g1477 g1486 11.418070 10.163850
g1477 g1481 7.700160 7.700160
g1477 g1489 7.700160 7.700160
g1477 g1494 7.700160 7.700160
g1477 g1499 7.700160 7.700160
g1477 g1504 7.700160 7.700160
g1477 g1509 7.700160 7.700160
g1477 g1514 7.700160 7.700160
g1477 g1519 7.700160 7.700160
g1477 g1462 7.700160 7.700160
g1477 g1467 7.700160 7.700160
g1477 g1472 7.700160 7.700160
g1477 g1477 7.700160 2.390700
g1435 g1435 1.553070 1.553070
g1435 g1439 4.325640 3.275650
g1435 g1432 4.791700 3.803310
g1439 g1435 5.073640 5.073640
g1439 g1439 4.704620 3.146810
g1439 g1432 4.704620 3.624810
g1439 g33 5.489170 4.233330
g1439 g38 7.565960 6.108750
g1432 g1435 5.251170 5.251170
g1432 g1439 4.882150 4.882150
g1432 g1432 4.882150 3.675610
g1432 g33 5.666700 4.410860
g1432 g38 7.743490 6.286280
g1432 OUTPUT 1.008840 1.008840
g1432 OUTPUT 1.008840 1.008840
g1443 g1435 4.638050 4.638050
g1443 g1439 4.269030 4.269030
g1443 g1432 4.269030 4.269030
g1443 g33 2.085450 2.085450
g1443 g38 2.613920 2.613920
g33 g33 3.800870 3.090380
g33 g38 6.402930 4.945720
g33 OUTPUT 0.000000 0.000000
g33 OUTPUT 0.000000 0.000000
g38 g38 3.704160 2.283170
g38 OUTPUT 0.000000 0.000000
g38 OUTPUT 0.000000 0.000000
g1461 OUTPUT 0.000000 0.000000
g1461 OUTPUT 0.000000 0.000000
g1461 OUTPUT 0.000000 0.000000
g1444 g1461 2.301230 2.301230
g1444 g1444 1.553070 1.553070
g1444 g1450 4.489980 3.439990
g1444 g1454 4.791700 3.803310
g1444 g1460 1.788010 1.788010
g1450 g1461 1.788010 1.788010
g1450 g1444 2.673800 2.673800
g1450 g1450 4.299540 3.311150
g1450 g1454 4.613200 3.486900
g1450 g1460 2.289350 2.289350
g1454 g1461 2.628180 2.628180
g1454 g1444 2.733040 2.733040
g1454 g1450 3.546140 3.546140
g1454 g1454 4.495920 3.445930
g1454 g1460 1.849020 1.849020
g1459 g1444 2.583800 2.583800
g1459 g1450 3.396900 3.396900
g1459 g1454 3.396900 3.396900
g1460 OUTPUT 0.000000 0.000000
g1460 OUTPUT 0.000000 0.000000
g1460 OUTPUT 0.000000 0.000000
g1460 OUTPUT 0.000000 0.000000
g1460 OUTPUT 0.000000 0.000000
g1460 OUTPUT 0.000000 0.000000
g979 g979 3.812670 3.812670
g979 g972 0.499980 0.499980
g979 g984 1.788010 1.788010
g979 g999 7.049570 3.675830
g979 g1007 7.971980 6.501150
g979 OUTPUT 7.718860 4.345120
g979 OUTPUT 6.574470 5.103640
g979 OUTPUT 4.180330 4.180330
g979 OUTPUT 4.237540 4.237540
g979 OUTPUT 4.898400 4.898400
g966 g966 11.573770 9.643590
g966 g969 0.499980 0.499980
g966 g963 10.163760 8.679660
g966 g973 8.148120 6.529620
g966 g976 7.971420 6.706320
g966 g984 12.101820 10.171640
g966 g999 13.181490 6.934830
g966 g1007 16.695620 7.918290
g966 g1033 14.882340 9.627300
g966 g1034 14.305960 12.375780
g966 OUTPUT 13.850780 7.604120
g966 OUTPUT 15.298110 6.520780
g966 OUTPUT 0.000000 0.000000
g966 OUTPUT 5.831980 5.831980
g966 OUTPUT 6.008680 6.008680
g966 OUTPUT 12.998480 11.068300
g966 OUTPUT 12.806420 10.876240
g969 g966 10.872990 8.942810
g969 g963 9.462980 7.978880
g969 g973 7.447340 5.828840
g969 g976 7.270640 6.005540
g969 g984 11.401040 9.470860
g969 g999 12.480710 6.234050
g969 g1007 15.994840 7.217510
g969 g1033 14.181560 8.926520
g969 g1034 13.605180 11.675000
g969 OUTPUT 13.150000 6.903340
g969 OUTPUT 14.597330 5.820000
g969 OUTPUT 5.131200 5.131200
g969 OUTPUT 5.307900 5.307900
g969 OUTPUT 12.297700 10.367520
g969 OUTPUT 12.105640 10.175460
g963 g966 11.732990 9.802810
g963 g963 10.322980 8.838880
g963 g970 0.499980 0.499980
g963 g973 8.307340 6.688840
g963 g976 8.130640 6.865540
g963 g984 12.261040 10.330860
g963 g999 13.340710 7.094050
g963 g1007 16.854840 8.077510
g963 g1033 15.041560 9.786520
g963 g1034 14.465180 12.535000
g963 OUTPUT 14.010000 7.763340
g963 OUTPUT 15.457330 6.680000
g963 OUTPUT 0.000000 0.000000
g963 OUTPUT 5.991200 5.991200
g963 OUTPUT 6.167900 6.167900
g963 OUTPUT 13.157700 11.227520
g963 OUTPUT 12.965640 11.035460
g970 g966 11.312990 9.382810
g970 g963 9.902980 8.418880
g970 g973 7.887340 6.268840
g970 g976 7.710640 6.445540
g970 g984 11.841040 9.910860
g970 g999 12.920710 6.674050
g970 g1007 16.434840 7.657510
g970 g1033 14.621560 9.366520
g970 g1034 14.045180 12.115000
g970 OUTPUT 13.590000 7.343340
g970 OUTPUT 15.037330 6.260000
g970 OUTPUT 5.571200 5.571200
g970 OUTPUT 5.747900 5.747900
g970 OUTPUT 12.737700 10.807520
g970 OUTPUT 12.545640 10.615460
g971 g966 10.946370 9.016190
g971 g963 9.536360 8.052260
g971 g973 7.520720 5.902220
g971 g976 7.344020 6.078920
g971 g984 11.474420 9.544240
g971 g999 12.554090 6.307430
g971 g1007 16.068220 7.290890
g971 g1033 14.254940 8.999900
g971 g1034 13.678560 11.748380
g971 OUTPUT 13.223380 6.976720
g971 OUTPUT 14.670710 5.893380
g971 OUTPUT 5.204580 5.204580
g971 OUTPUT 5.381280 5.381280
g971 OUTPUT 12.371080 10.440900
g971 OUTPUT 12.179020 10.248840
g972 g966 10.527870 8.597690
g972 g963 9.117860 7.633760
g972 g973 7.102220 5.483720
g972 g976 6.925520 5.660420
g972 g984 11.055920 9.125740
g972 g999 12.135590 5.888930
g972 g1007 15.649720 6.872390
g972 g1033 13.836440 8.581400
g972 g1034 13.260060 11.329880
g972 OUTPUT 12.804880 6.558220
g972 OUTPUT 14.252210 5.474880
g972 OUTPUT 4.786080 4.786080
g972 OUTPUT 4.962780 4.962780
g972 OUTPUT 11.952580 10.022400
g972 OUTPUT 11.760520 9.830340
g973 g966 4.168760 4.168760
g973 g984 4.696810 4.696810
g973 g999 5.776480 5.776480
g973 g1007 9.290610 9.290610
g973 g1033 7.477330 7.477330
g973 g1034 6.900950 6.900950
g973 OUTPUT 6.445770 6.445770
g973 OUTPUT 7.893100 7.893100
g973 OUTPUT 5.593470 5.593470
g973 OUTPUT 5.401410 5.401410
g976 g963 3.196940 3.196940
g976 g999 4.853250 4.853250
g976 g1007 8.279870 8.279870
g976 g1033 4.144580 4.144580
g976 OUTPUT 5.522540 5.522540
g976 OUTPUT 6.882360 6.882360
g984 g979 3.336980 3.336980
g984 g999 6.573880 6.573880
g984 g1007 7.496290 7.496290
g984 OUTPUT 7.243170 7.243170
g984 OUTPUT 6.098780 6.098780
g984 OUTPUT 3.704640 3.704640
g984 OUTPUT 3.761850 3.761850
g984 OUTPUT 4.422710 4.422710
g985 g985 6.523300 2.623240
g985 g990 6.523300 3.473040
g985 g995 6.596610 5.296150
g985 g1034 5.160220 5.160220
g990 g985 6.283080 5.156020
g990 g990 6.283080 2.623240
g990 g995 6.418110 5.066020
g990 g1034 4.920000 4.920000
g995 g985 5.848960 4.721900
g995 g990 5.848960 4.631900
g995 g995 5.975820 2.623240
g995 g1034 4.485880 4.485880
g1004 g1005 0.499980 0.499980
g1005 g998 0.499980 0.499980
g998 g999 2.970420 2.970420
g998 g1033 8.333770 8.333770
g998 g1034 7.757390 7.757390
g998 OUTPUT 5.860140 5.860140
g998 OUTPUT 6.283850 6.283850
g999 g1033 6.099580 6.099580
g999 g1034 5.523200 5.523200
g999 OUTPUT 3.625950 3.625950
g999 OUTPUT 4.049660 4.049660
g1007 g1033 5.115550 5.115550
g1007 g1034 4.539170 4.539170
g1012 g1014 0.499980 0.499980
g1014 g1013 0.499980 0.499980
g1013 g1007 5.612670 5.612670
g1013 OUTPUT 4.215160 4.215160
g1029 g1018 7.600380 2.388060
g1029 g1021 8.081780 1.788010
g1029 g1025 7.600380 2.388060
g1029 g1033 5.179780 5.179780
g1029 g1030 5.423300 5.423300
g1029 OUTPUT 0.000000 0.000000
g1029 OUTPUT 0.000000 0.000000
g1029 OUTPUT 3.574280 3.574280
g1029 OUTPUT 7.306440 7.306440
g1029 OUTPUT 3.574280 3.574280
g1018 g1018 5.827900 3.796760
g1018 g1021 6.093310 4.460150
g1018 g1025 8.100920 5.727160
g1018 g1033 3.046160 3.046160
g1021 g1018 5.351770 5.351770
g1021 g1021 5.220070 3.720630
g1021 g1025 7.478900 5.251030
g1021 g1033 3.760050 3.760050
g1025 g1018 5.276750 5.276750
g1025 g1021 5.145050 5.145050
g1025 g1025 6.576230 3.746820
g1025 g1033 3.624120 3.624120
g1033 g1018 6.687300 6.687300
g1033 g1021 7.168700 7.168700
g1033 g1025 6.687300 6.687300
g1033 g1033 4.266700 4.266700
g1033 g1030 4.510220 4.510220
g1033 OUTPUT 2.661200 2.661200
g1033 OUTPUT 6.393360 6.393360
g1033 OUTPUT 2.661200 2.661200
g1034 g1308 4.245290 4.245290
g1034 g1271 3.871170 3.871170
g1034 g1486 11.464780 4.969410
g1034 g1481 7.746870 7.746870
g1034 g1489 7.746870 7.746870
g1034 g1494 7.746870 7.746870
g1034 g1499 7.746870 7.746870
g1034 g1504 7.746870 7.746870
g1034 g1509 7.746870 7.746870
g1034 g1514 7.746870 7.746870
g1034 g1519 7.746870 7.746870
g1034 g1462 7.746870 7.746870
g1034 g1467 7.746870 7.746870
g1034 g1472 7.746870 7.746870
g1034 g1477 7.746870 7.746870
g1034 g971 2.023620 2.023620
g1034 g999 4.581320 4.581320
g1034 g1007 1.506890 1.506890
g1034 g1018 3.160820 3.160820
g1034 g1021 3.642220 3.642220
g1034 g1025 3.160820 3.160820
g1034 g1034 2.050700 2.050700
g1034 g1030 3.311650 3.311650
g1034 g185 0.499980 0.499980
g1034 OUTPUT 5.250610 5.250610
g1034 OUTPUT 3.659240 3.659240
g1034 OUTPUT 0.000000 0.000000
g1034 OUTPUT 2.221280 2.221280
g1034 OUTPUT 0.000000 0.000000
g1030 OUTPUT 3.263830 3.263830
g1030 OUTPUT 3.069900 3.069900
g1081 g1081 2.403980 1.559640
g1081 g1156 0.499980 0.499980
g1081 OUTPUT 0.000000 0.000000
g1156 g1157 0.499980 0.499980
g1157 g1159 0.499980 0.499980
g1159 g1158 0.499980 0.499980
g1158 g1084 5.960780 4.316020
g1158 g1153 2.970360 2.970360
g1158 g1092 16.768340 4.748510
g1158 g1130 16.848340 4.748510
g1158 g1134 16.848340 4.748510
g1158 g1138 16.848340 4.748510
g1158 g1149 16.848340 4.748510
g1158 g1037 16.848340 4.748510
g1158 g1041 16.848340 4.748510
g1158 g1045 16.848340 4.748510
g1158 g1049 16.848340 4.748510
g1158 g1053 16.848340 4.748510
g1158 g1057 16.848340 4.748510
g1158 g1061 16.848340 4.748510
g1158 g1065 16.848340 4.748510
g1158 g1069 16.848340 4.748510
g1158 g1073 16.848340 4.748510
g1158 g646 0.999960 0.999960
g1084 g1084 5.740420 2.010040
g1084 g1146 0.499980 0.499980
g1084 g1153 2.710000 2.710000
g1084 OUTPUT 0.000000 0.000000
g1146 g1147 0.499980 0.499980
g1147 g1148 0.499980 0.499980
g1148 g1087 4.626540 2.560700
g1148 g1098 4.626540 2.560700
g1148 g1102 4.919080 2.420700
g1148 g1106 5.321830 2.823630
g1148 g1110 5.321830 2.823630
g1148 g1114 5.321830 2.823630
g1148 g1118 5.321830 2.823630
g1148 g1122 5.321830 2.823630
g1148 g1126 5.321830 2.823630
g1148 g1142 4.919080 2.420700
g1087 g1087 3.125200 2.420700
g1087 g1098 5.917480 4.460220
g1087 g1102 6.903800 5.720040
g1087 g1106 9.306210 8.122450
g1087 g1110 11.305690 10.121930
g1087 g1114 13.305170 12.121410
g1087 g1118 15.304650 14.120890
g1087 g1122 17.304130 16.120370
g1087 g1126 19.303610 18.119850
g1087 g1142 20.900160 19.716400
g1087 g1173 18.367720 18.367720
g1087 g1077 18.871130 18.871130
g1098 g1098 5.739040 2.420700
g1098 g1102 6.725780 5.542020
g1098 g1106 9.128190 7.944430
g1098 g1110 11.127670 9.943910
g1098 g1114 13.127150 11.943390
g1098 g1118 15.126630 13.942870
g1098 g1122 17.126110 15.942350
g1098 g1126 19.125590 17.941830
g1098 g1142 20.722140 19.538380
g1098 g1173 18.189700 18.189700
g1098 g1077 18.693110 18.693110
g1102 g1102 4.905520 2.560700
g1102 g1106 7.306730 6.122970
g1102 g1110 9.306210 8.122450
g1102 g1114 11.305690 10.121930
g1102 g1118 13.305170 12.121410
g1102 g1122 15.304650 14.120890
g1102 g1126 17.304130 16.120370
g1102 g1142 18.900680 17.716920
g1102 g1173 16.368240 16.368240
g1102 g1077 16.871650 16.871650
g1106 g1106 5.308450 2.963630
g1106 g1110 7.306730 6.122970
g1106 g1114 9.306210 8.122450
g1106 g1118 11.305690 10.121930
g1106 g1122 13.305170 12.121410
g1106 g1126 15.304650 14.120890
g1106 g1142 16.901200 15.717440
g1106 g1173 14.368760 14.368760
g1106 g1077 14.872170 14.872170
g1110 g1110 5.308450 2.963630
g1110 g1114 7.306730 6.122970
g1110 g1118 9.306210 8.122450
g1110 g1122 11.305690 10.121930
g1110 g1126 13.305170 12.121410
g1110 g1142 14.901720 13.717960
g1110 g1173 12.369280 12.369280
g1110 g1077 12.872690 12.872690
g1114 g1114 5.308450 2.963630
g1114 g1118 7.306730 6.122970
g1114 g1122 9.306210 8.122450
g1114 g1126 11.305690 10.121930
g1114 g1142 12.902240 11.718480
g1114 g1173 10.369800 10.369800
g1114 g1077 10.873210 10.873210
g1118 g1118 5.308450 2.963630
g1118 g1122 7.306730 6.122970
g1118 g1126 9.306210 8.122450
g1118 g1142 10.902760 9.719000
g1118 g1173 8.370320 8.370320
g1118 g1077 8.873730 8.873730
g1122 g1122 5.308450 2.963630
g1122 g1126 7.306730 6.122970
g1122 g1142 8.903280 7.719520
g1122 g1173 6.370840 6.370840
g1122 g1077 6.874250 6.874250
g1126 g1126 5.308450 2.963630
g1126 g1142 6.903800 5.720040
g1126 g1173 4.371360 4.371360
g1126 g1077 4.874770 4.874770
g1142 g1142 4.905520 2.560700
g1142 g1173 2.372070 2.372070
g1142 g1077 2.875480 2.875480
g1173 g1170 0.499980 0.499980
g1173 g1077 2.089430 2.089430
g1173 OUTPUT 0.000000 0.000000
g1170 g1167 0.499980 0.499980
g1170 g1077 3.097580 3.097580
g1170 OUTPUT 0.000000 0.000000
g1167 g1166 0.499980 0.499980
g1167 g1077 3.036580 3.036580
g1167 OUTPUT 0.000000 0.000000
g1166 g1077 2.776580 2.776580
g1077 g1084 5.638340 3.993580
g1077 g1153 2.607920 2.607920
g1153 g1154 0.499980 0.499980
g1154 g1155 0.499980 0.499980
g1155 g1185 0.499980 0.499980
g1185 g1097 0.499980 0.499980
g1097 g1087 1.197620 1.197620
g1097 g1098 1.197620 1.197620
g1097 g1102 1.197620 1.197620
g1097 g1106 2.565030 1.587920
g1097 g1110 2.565030 1.587920
g1097 g1114 2.565030 1.587920
g1097 g1118 2.565030 1.587920
g1097 g1122 2.565030 1.587920
g1097 g1126 2.565030 1.587920
g1097 g1142 1.197620 1.197620
g1092 g1092 3.034740 2.390700
g1092 g1130 5.780730 4.323720
g1092 g1134 7.585260 6.128250
g1092 g1138 9.389790 7.932780
g1092 g1149 11.194320 9.737310
g1092 g1037 12.796650 11.518080
g1092 g1041 14.398430 13.119860
g1092 g1045 16.000210 14.721640
g1092 g1049 17.601990 16.323420
g1092 g1053 19.203770 17.925200
g1092 g1057 20.805550 19.526980
g1092 g1061 22.407330 21.128760
g1092 g1065 24.009110 22.730540
g1092 g1069 25.610890 24.332320
g1092 g1073 27.070110 25.791540
g1130 g1130 5.602290 2.390700
g1130 g1134 7.406270 5.949260
g1130 g1138 9.210800 7.753790
g1130 g1149 11.015330 9.558320
g1130 g1037 12.617660 11.339090
g1130 g1041 14.219440 12.940870
g1130 g1045 15.821220 14.542650
g1130 g1049 17.423000 16.144430
g1130 g1053 19.024780 17.746210
g1130 g1057 20.626560 19.347990
g1130 g1061 22.228340 20.949770
g1130 g1065 23.830120 22.551550
g1130 g1069 25.431900 24.153330
g1130 g1073 26.891120 25.612550
g1134 g1134 5.602290 2.390700
g1134 g1138 7.406270 5.949260
g1134 g1149 9.210800 7.753790
g1134 g1037 10.813130 9.534560
g1134 g1041 12.414910 11.136340
g1134 g1045 14.016690 12.738120
g1134 g1049 15.618470 14.339900
g1134 g1053 17.220250 15.941680
g1134 g1057 18.822030 17.543460
g1134 g1061 20.423810 19.145240
g1134 g1065 22.025590 20.747020
g1134 g1069 23.627370 22.348800
g1134 g1073 25.086590 23.808020
g1138 g1138 5.602290 2.390700
g1138 g1149 7.406270 5.949260
g1138 g1037 9.008600 7.730030
g1138 g1041 10.610380 9.331810
g1138 g1045 12.212160 10.933590
g1138 g1049 13.813940 12.535370
g1138 g1053 15.415720 14.137150
g1138 g1057 17.017500 15.738930
g1138 g1061 18.619280 17.340710
g1138 g1065 20.221060 18.942490
g1138 g1069 21.822840 20.544270
g1138 g1073 23.282060 22.003490
g1149 g1149 5.602290 2.390700
g1149 g1037 7.204070 5.925500
g1149 g1041 8.805850 7.527280
g1149 g1045 10.407630 9.129060
g1149 g1049 12.009410 10.730840
g1149 g1053 13.611190 12.332620
g1149 g1057 15.212970 13.934400
g1149 g1061 16.814750 15.536180
g1149 g1065 18.416530 17.137960
g1149 g1069 20.018310 18.739740
g1149 g1073 21.477530 20.198960
g1037 g1037 5.780730 2.390700
g1037 g1041 7.383060 6.104490
g1037 g1045 8.984840 7.706270
g1037 g1049 10.586620 9.308050
g1037 g1053 12.188400 10.909830
g1037 g1057 13.790180 12.511610
g1037 g1061 15.391960 14.113390
g1037 g1065 16.993740 15.715170
g1037 g1069 18.595520 17.316950
g1037 g1073 20.054740 18.776170
g1041 g1041 5.780730 2.390700
g1041 g1045 7.383060 6.104490
g1041 g1049 8.984840 7.706270
g1041 g1053 10.586620 9.308050
g1041 g1057 12.188400 10.909830
g1041 g1061 13.790180 12.511610
g1041 g1065 15.391960 14.113390
g1041 g1069 16.993740 15.715170
g1041 g1073 18.452960 17.174390
g1045 g1045 5.780730 2.390700
g1045 g1049 7.383060 6.104490
g1045 g1053 8.984840 7.706270
g1045 g1057 10.586620 9.308050
g1045 g1061 12.188400 10.909830
g1045 g1065 13.790180 12.511610
g1045 g1069 15.391960 14.113390
g1045 g1073 16.851180 15.572610
g1049 g1049 5.780730 2.390700
g1049 g1053 7.383060 6.104490
g1049 g1057 8.984840 7.706270
g1049 g1061 10.586620 9.308050
g1049 g1065 12.188400 10.909830
g1049 g1069 13.790180 12.511610
g1049 g1073 15.249400 13.970830
g1053 g1053 5.780730 2.390700
g1053 g1057 7.383060 6.104490
g1053 g1061 8.984840 7.706270
g1053 g1065 10.586620 9.308050
g1053 g1069 12.188400 10.909830
g1053 g1073 13.647620 12.369050
g1057 g1057 5.780730 2.390700
g1057 g1061 7.383060 6.104490
g1057 g1065 8.984840 7.706270
g1057 g1069 10.586620 9.308050
g1057 g1073 12.045840 10.767270
g1061 g1061 5.780730 2.390700
g1061 g1065 7.383060 6.104490
g1061 g1069 8.984840 7.706270
g1061 g1073 10.444060 9.165490
g1065 g1065 5.780730 2.390700
g1065 g1069 7.383060 6.104490
g1065 g1073 8.842280 7.563710
g1069 g1069 5.780730 2.390700
g1069 g1073 7.240500 5.961930
g1073 g1092 4.569520 4.569520
g1073 g1130 4.569520 4.569520
g1073 g1134 4.569520 4.569520
g1073 g1138 4.569520 4.569520
g1073 g1149 4.569520 4.569520
g1073 g1037 4.569520 4.569520
g1073 g1041 4.569520 4.569520
g1073 g1045 4.569520 4.569520
g1073 g1049 4.569520 4.569520
g1073 g1053 4.569520 4.569520
g1073 g1057 4.569520 4.569520
g1073 g1061 4.569520 4.569520
g1073 g1065 4.569520 4.569520
g1073 g1069 4.569520 4.569520
g1073 g1073 5.780730 2.390700
g1073 g1163 0.499980 0.499980
g1073 g1176 3.455580 3.455580
g1073 OUTPUT 0.000000 0.000000
g1163 g1160 0.499980 0.499980
g1163 g1176 3.614580 3.614580
g1163 OUTPUT 0.000000 0.000000
g1160 g1182 0.499980 0.499980
g1160 g1176 3.194580 3.194580
g1160 OUTPUT 0.000000 0.000000
g1182 g1186 0.499980 0.499980
g1182 g1176 2.089430 2.089430
g1182 OUTPUT 0.000000 0.000000
g1186 g1179 0.499980 0.499980
g1186 g1176 1.957810 1.957810
g1186 OUTPUT 0.000000 0.000000
g1179 g1084 5.040140 3.395380
g1179 g1176 2.754580 2.754580
g1176 g1081 2.010040 2.010040
g1176 g1153 2.049720 2.049720
g68 g8 35.759360 9.861490
g68 g7 35.524710 10.459190
g68 g6 34.491930 10.465970
g68 g5 35.192650 12.893620
g68 g4 35.192650 12.893620
g68 g2 35.538060 12.715930
g68 g3 35.636620 12.791010
g68 g48 35.200390 6.346960
g68 g47 46.250710 12.965700
g68 g20 7.066250 4.666520
g68 g1370 9.200100 8.043020
g68 g1375 9.200100 8.043020
g68 g1383 9.200100 8.043020
g68 g1388 9.200100 8.043020
g68 g1402 6.497590 4.158630
g68 g1189 6.327910 4.870850
g68 g146 11.351440 10.992320
g68 g173 11.351440 10.992320
g68 g150 11.351440 10.992320
g68 g174 11.351440 10.992320
g68 g154 12.142130 11.848650
g68 g158 11.172440 10.992320
g68 g162 11.351440 10.992320
g68 g168 11.351440 10.992320
g68 g145 0.499980 0.499980
g68 g255 16.481300 15.943190
g68 g258 16.481300 15.943190
g68 g261 16.481300 15.943190
g68 g264 16.481300 15.943190
g68 g267 16.481300 15.943190
g68 g270 16.481300 15.943190
g68 g281 16.481300 15.943190
g68 g284 16.481300 15.943190
g68 g336 22.278920 21.740810
g68 g339 22.278920 21.740810
g68 g342 22.278920 21.740810
g68 g345 22.278920 21.740810
g68 g348 22.278920 21.740810
g68 g351 22.278920 21.740810
g68 g362 22.278920 21.740810
g68 g365 22.278920 21.740810
g68 g417 22.743940 22.205830
g68 g420 22.743940 22.205830
g68 g423 22.743940 22.205830
g68 g426 22.743940 22.205830
g68 g429 22.743940 22.205830
g68 g432 22.743940 22.205830
g68 g443 22.743940 22.205830
g68 g446 22.743940 22.205830
g68 g498 15.901690 15.363580
g68 g501 15.901690 15.363580
g68 g504 15.901690 15.363580
g68 g507 15.901690 15.363580
g68 g510 15.901690 15.363580
g68 g513 15.901690 15.363580
g68 g524 15.901690 15.363580
g68 g527 15.901690 15.363580
g68 g547 22.743940 22.205830
g68 g550 22.743940 22.205830
g68 g553 22.743940 22.205830
g68 g563 22.743940 22.205830
g68 g570 22.743940 22.205830
g68 g588 22.743940 22.205830
g68 g591 22.743940 22.205830
g68 g573 22.743940 22.205830
g68 g661 18.044400 17.685280
g68 g665 18.044400 17.685280
g68 g669 18.044400 17.685280
g68 g673 18.044400 17.685280
g68 g677 18.044400 17.685280
g68 g681 18.044400 17.685280
g68 g685 18.044400 17.685280
g68 g706 18.044400 17.685280
g68 g710 9.616580 9.257460
g68 g714 9.616580 9.257460
g68 g718 9.616580 9.257460
g68 g734 9.616580 9.257460
g68 g730 9.616580 9.257460
g68 g855 7.092390 6.733270
g68 g859 7.092390 6.733270
g68 g863 6.733270 6.618390
g68 g741 46.342390 13.774630
g68 g746 14.632620 13.602240
g68 OUTPUT 13.202000 13.202000
g68 OUTPUT 13.202000 13.202000
g68 OUTPUT 13.202000 13.202000
g68 OUTPUT 13.202000 13.202000
g68 OUTPUT 13.202000 13.202000
g68 OUTPUT 13.202000 13.202000
g68 OUTPUT 13.202000 13.202000
g68 OUTPUT 13.202000 13.202000
g68 OUTPUT 6.191340 6.191340
g68 OUTPUT 6.191340 6.191340
g68 OUTPUT 6.191340 6.191340
g68 OUTPUT 6.191340 6.191340
g68 OUTPUT 6.191340 6.191340
g68 OUTPUT 33.074360 5.975310
g68 OUTPUT 33.510590 12.419360
g68 OUTPUT 33.412030 12.344280
g68 OUTPUT 33.215050 13.090770
g68 OUTPUT 33.215050 13.090770
g68 OUTPUT 32.365900 10.094320
g68 OUTPUT 33.547110 10.656340
g68 OUTPUT 33.781760 10.058640
g68 OUTPUT 44.124680 12.594050
g71 g8 32.115400 8.467950
g71 g7 32.666340 8.006250
g71 g6 31.839940 8.013030
g71 g5 31.547900 10.440680
g71 g4 31.519270 10.440680
g71 g2 32.163080 10.262990
g71 g3 32.265000 6.448880
g71 g48 32.163080 10.262990
g71 g47 42.879090 13.540020
g71 g20 6.595800 4.439220
g71 g1363 7.214160 6.057080
g71 g1371 7.214160 6.057080
g71 g1376 7.214160 6.057080
g71 g1384 7.214160 6.057080
g71 g1402 5.948320 4.279960
g71 g1189 6.798360 5.341350
g71 g146 11.791440 11.432320
g71 g173 11.791440 11.432320
g71 g150 11.791440 11.432320
g71 g174 11.791440 11.432320
g71 g154 12.582130 12.288650
g71 g158 11.612440 11.432320
g71 g162 11.791440 11.432320
g71 g168 11.791440 11.432320
g71 g141 0.499980 0.499980
g71 g255 16.921300 16.383190
g71 g258 16.921300 16.383190
g71 g261 16.921300 16.383190
g71 g264 16.921300 16.383190
g71 g267 16.921300 16.383190
g71 g270 16.921300 16.383190
g71 g281 16.921300 16.383190
g71 g284 16.921300 16.383190
g71 g336 15.895940 15.357830
g71 g339 15.895940 15.357830
g71 g342 15.895940 15.357830
g71 g345 15.895940 15.357830
g71 g348 15.895940 15.357830
g71 g351 15.895940 15.357830
g71 g362 15.895940 15.357830
g71 g365 15.895940 15.357830
g71 g417 22.913940 22.375830
g71 g420 22.913940 22.375830
g71 g423 22.913940 22.375830
g71 g426 22.913940 22.375830
g71 g429 22.913940 22.375830
g71 g432 22.913940 22.375830
g71 g443 22.913940 22.375830
g71 g446 22.913940 22.375830
g71 g498 16.341690 15.803580
g71 g501 16.341690 15.803580
g71 g504 16.341690 15.803580
g71 g507 16.341690 15.803580
g71 g510 16.341690 15.803580
g71 g513 16.341690 15.803580
g71 g524 16.341690 15.803580
g71 g527 16.341690 15.803580
g71 g547 22.913940 22.375830
g71 g550 22.913940 22.375830
g71 g553 22.913940 22.375830
g71 g563 22.913940 22.375830
g71 g570 22.913940 22.375830
g71 g588 22.913940 22.375830
g71 g591 22.913940 22.375830
g71 g573 22.913940 22.375830
g71 g661 16.498460 16.139340
g71 g665 16.498460 16.139340
g71 g669 16.498460 16.139340
g71 g673 16.498460 16.139340
g71 g677 16.498460 16.139340
g71 g681 16.498460 16.139340
g71 g685 16.498460 16.139340
g71 g706 16.498460 16.139340
g71 g710 14.213620 13.854500
g71 g714 14.213620 13.854500
g71 g718 14.213620 13.854500
g71 g734 14.213620 13.854500
g71 g730 14.213620 13.854500
g71 g855 6.852390 6.493270
g71 g859 6.852390 6.493270
g71 g863 6.493270 6.378390
g71 g741 42.970770 7.191650
g71 g746 8.049640 7.019260
g71 OUTPUT 6.619020 6.619020
g71 OUTPUT 6.619020 6.619020
g71 OUTPUT 6.619020 6.619020
g71 OUTPUT 6.619020 6.619020
g71 OUTPUT 6.619020 6.619020
g71 OUTPUT 6.619020 6.619020
g71 OUTPUT 6.619020 6.619020
g71 OUTPUT 6.619020 6.619020
g71 OUTPUT 6.631340 6.631340
g71 OUTPUT 6.631340 6.631340
g71 OUTPUT 6.631340 6.631340
g71 OUTPUT 6.631340 6.631340
g71 OUTPUT 6.631340 6.631340
g71 OUTPUT 30.037050 9.891340
g71 OUTPUT 30.138970 6.077230
g71 OUTPUT 30.037050 9.891340
g71 OUTPUT 29.541670 10.637830
g71 OUTPUT 29.570300 10.637830
g71 OUTPUT 29.713910 7.641380
g71 OUTPUT 30.688740 8.203400
g71 OUTPUT 30.137800 8.665100
g71 OUTPUT 40.753060 13.168370
g74 g8 37.349520 9.662680
g74 g7 37.900460 9.200980
g74 g6 37.074060 9.207760
g74 g5 36.782020 11.635410
g74 g4 36.753390 11.635410
g74 g2 37.397200 6.346960
g74 g3 37.499120 11.559640
g74 g48 37.397200 11.457720
g74 g47 48.113210 13.146720
g74 g20 10.361780 4.209680
g74 g1364 9.415920 8.258840
g74 g1372 9.415920 8.258840
g74 g1377 9.415920 8.258840
g74 g1385 9.415920 8.258840
g74 g1402 6.418770 4.760450
g74 g1189 6.161680 4.704620
g74 g146 12.052160 11.693040
g74 g173 12.052160 11.693040
g74 g150 12.052160 11.693040
g74 g174 12.052160 11.693040
g74 g154 12.842850 12.549370
g74 g158 11.873160 11.693040
g74 g162 12.052160 11.693040
g74 g168 12.052160 11.693040
g74 g100 0.499980 0.499980
g74 g255 23.700100 23.161990
g74 g258 23.700100 23.161990
g74 g261 23.700100 23.161990
g74 g264 23.700100 23.161990
g74 g267 23.700100 23.161990
g74 g270 23.700100 23.161990
g74 g281 23.700100 23.161990
g74 g284 23.700100 23.161990
g74 g336 23.619400 23.081290
g74 g339 23.619400 23.081290
g74 g342 23.619400 23.081290
g74 g345 23.619400 23.081290
g74 g348 23.619400 23.081290
g74 g351 23.619400 23.081290
g74 g362 23.619400 23.081290
g74 g365 23.619400 23.081290
g74 g417 28.148060 27.609950
g74 g420 28.148060 27.609950
g74 g423 28.148060 27.609950
g74 g426 28.148060 27.609950
g74 g429 28.148060 27.609950
g74 g432 28.148060 27.609950
g74 g443 28.148060 27.609950
g74 g446 28.148060 27.609950
g74 g498 22.961270 22.423160
g74 g501 22.961270 22.423160
g74 g504 22.961270 22.423160
g74 g507 22.961270 22.423160
g74 g510 22.961270 22.423160
g74 g513 22.961270 22.423160
g74 g524 22.961270 22.423160
g74 g527 22.961270 22.423160
g74 g547 28.148060 27.609950
g74 g550 28.148060 27.609950
g74 g553 28.148060 27.609950
g74 g563 28.148060 27.609950
g74 g570 28.148060 27.609950
g74 g588 28.148060 27.609950
g74 g591 28.148060 27.609950
g74 g573 28.148060 27.609950
g74 g661 12.602450 12.243330
g74 g665 12.602450 12.243330
g74 g669 12.602450 12.243330
g74 g673 12.602450 12.243330
g74 g677 12.602450 12.243330
g74 g681 12.602450 12.243330
g74 g685 12.602450 12.243330
g74 g706 12.602450 12.243330
g74 g710 10.317610 9.958490
g74 g714 10.317610 9.958490
g74 g718 10.317610 9.958490
g74 g734 10.317610 9.958490
g74 g730 10.317610 9.958490
g74 g855 14.576120 14.217000
g74 g859 14.576120 14.217000
g74 g863 14.217000 14.102120
g74 g741 48.204890 7.892680
g74 g746 8.750670 7.720290
g74 OUTPUT 7.320050 7.320050
g74 OUTPUT 7.320050 7.320050
g74 OUTPUT 7.320050 7.320050
g74 OUTPUT 7.320050 7.320050
g74 OUTPUT 7.320050 7.320050
g74 OUTPUT 7.320050 7.320050
g74 OUTPUT 7.320050 7.320050
g74 OUTPUT 7.320050 7.320050
g74 OUTPUT 6.892370 6.892370
g74 OUTPUT 6.892370 6.892370
g74 OUTPUT 6.892370 6.892370
g74 OUTPUT 6.892370 6.892370
g74 OUTPUT 6.892370 6.892370
g74 OUTPUT 35.271170 11.086070
g74 OUTPUT 35.373090 11.187990
g74 OUTPUT 35.271170 5.975310
g74 OUTPUT 34.775790 11.832560
g74 OUTPUT 34.804420 11.832560
g74 OUTPUT 34.948030 8.836110
g74 OUTPUT 35.922860 9.398130
g74 OUTPUT 35.371920 9.859830
g74 OUTPUT 45.987180 12.775070
g77 g8 32.248730 9.832680
g77 g7 32.014080 9.370980
g77 g6 30.981300 9.377760
g77 g5 31.682020 11.805410
g77 g4 31.682020 11.805410
g77 g2 32.027430 11.627720
g77 g3 32.125990 11.729640
g77 g48 31.689760 11.627720
g77 g47 42.740080 16.521030
g77 g20 5.524030 3.855670
g77 g1365 7.398300 6.241220
g77 g1373 7.398300 6.241220
g77 g1378 7.398300 6.241220
g77 g1386 7.398300 6.241220
g77 g1402 5.695560 4.027200
g77 g1189 6.632130 5.175120
g77 g146 12.211440 11.852320
g77 g173 12.211440 11.852320
g77 g150 12.211440 11.852320
g77 g174 12.211440 11.852320
g77 g154 13.002130 12.708650
g77 g158 12.032440 11.852320
g77 g162 12.211440 11.852320
g77 g168 12.211440 11.852320
g77 g95 0.499980 0.499980
g77 g255 17.182020 16.643910
g77 g258 17.182020 16.643910
g77 g261 17.182020 16.643910
g77 g264 17.182020 16.643910
g77 g267 17.182020 16.643910
g77 g270 17.182020 16.643910
g77 g281 17.182020 16.643910
g77 g284 17.182020 16.643910
g77 g336 17.090600 16.552490
g77 g339 17.090600 16.552490
g77 g342 17.090600 16.552490
g77 g345 17.090600 16.552490
g77 g348 17.090600 16.552490
g77 g351 17.090600 16.552490
g77 g362 17.090600 16.552490
g77 g365 17.090600 16.552490
g77 g417 21.549260 21.011150
g77 g420 21.549260 21.011150
g77 g423 21.549260 21.011150
g77 g426 21.549260 21.011150
g77 g429 21.549260 21.011150
g77 g432 21.549260 21.011150
g77 g443 21.549260 21.011150
g77 g446 21.549260 21.011150
g77 g498 21.102870 20.564760
g77 g501 21.102870 20.564760
g77 g504 21.102870 20.564760
g77 g507 21.102870 20.564760
g77 g510 21.102870 20.564760
g77 g513 21.102870 20.564760
g77 g524 21.102870 20.564760
g77 g527 21.102870 20.564760
g77 g547 21.549260 21.011150
g77 g550 21.549260 21.011150
g77 g553 21.549260 21.011150
g77 g563 21.549260 21.011150
g77 g570 21.549260 21.011150
g77 g588 21.549260 21.011150
g77 g591 21.549260 21.011150
g77 g573 21.549260 21.011150
g77 g661 12.761420 12.402300
g77 g665 12.761420 12.402300
g77 g669 12.761420 12.402300
g77 g673 12.761420 12.402300
g77 g677 12.761420 12.402300
g77 g681 12.761420 12.402300
g77 g685 12.761420 12.402300
g77 g706 12.761420 12.402300
g77 g710 10.476580 10.117460
g77 g714 10.476580 10.117460
g77 g718 10.476580 10.117460
g77 g734 10.476580 10.117460
g77 g730 10.476580 10.117460
g77 g855 8.047320 7.688200
g77 g859 8.047320 7.688200
g77 g863 7.688200 7.573320
g77 g741 42.831760 12.392830
g77 g746 13.250820 12.220440
g77 OUTPUT 7.479020 7.479020
g77 OUTPUT 7.479020 7.479020
g77 OUTPUT 7.479020 7.479020
g77 OUTPUT 7.479020 7.479020
g77 OUTPUT 7.479020 7.479020
g77 OUTPUT 7.479020 7.479020
g77 OUTPUT 7.479020 7.479020
g77 OUTPUT 7.479020 7.479020
g77 OUTPUT 7.051340 7.051340
g77 OUTPUT 7.051340 7.051340
g77 OUTPUT 7.051340 7.051340
g77 OUTPUT 7.051340 7.051340
g77 OUTPUT 7.051340 7.051340
g77 OUTPUT 29.563730 11.256070
g77 OUTPUT 29.999960 11.357990
g77 OUTPUT 29.901400 11.256070
g77 OUTPUT 29.704420 12.002560
g77 OUTPUT 29.704420 12.002560
g77 OUTPUT 28.855270 9.006110
g77 OUTPUT 30.036480 9.568130
g77 OUTPUT 30.271130 10.029830
g77 OUTPUT 40.614050 16.149380
g80 g8 37.129460 9.281090
g80 g7 36.894810 8.819390
g80 g6 35.862030 8.826170
g80 g5 36.562750 11.253820
g80 g4 36.562750 11.253820
g80 g2 36.908160 11.076130
g80 g3 37.006720 11.178050
g80 g48 36.570490 11.076130
g80 g47 47.620810 15.969440
g80 g20 5.994480 4.336230
g80 g1366 9.018260 3.085050
g80 g1374 9.786180 8.629100
g80 g1379 9.018260 3.085050
g80 g1387 9.786180 8.629100
g80 g1402 6.166010 4.507670
g80 g1189 5.900670 4.443610
g80 g146 11.564860 11.205740
g80 g173 11.564860 11.205740
g80 g150 11.564860 11.205740
g80 g174 11.564860 11.205740
g80 g154 12.355550 12.062070
g80 g158 11.385860 11.205740
g80 g162 11.564860 11.205740
g80 g168 11.564860 11.205740
g80 g129 0.499980 0.499980
g80 g255 16.694700 16.156590
g80 g258 16.694700 16.156590
g80 g261 16.694700 16.156590
g80 g264 16.694700 16.156590
g80 g267 16.694700 16.156590
g80 g270 16.694700 16.156590
g80 g281 16.694700 16.156590
g80 g284 16.694700 16.156590
g80 g336 17.604670 17.066560
g80 g339 17.604670 17.066560
g80 g342 17.604670 17.066560
g80 g345 17.604670 17.066560
g80 g348 17.604670 17.066560
g80 g351 17.604670 17.066560
g80 g362 17.604670 17.066560
g80 g365 17.604670 17.066560
g80 g417 23.257990 22.719880
g80 g420 23.257990 22.719880
g80 g423 23.257990 22.719880
g80 g426 23.257990 22.719880
g80 g429 23.257990 22.719880
g80 g432 23.257990 22.719880
g80 g443 23.257990 22.719880
g80 g446 23.257990 22.719880
g80 g498 22.462940 21.924830
g80 g501 22.462940 21.924830
g80 g504 22.462940 21.924830
g80 g507 22.462940 21.924830
g80 g510 22.462940 21.924830
g80 g513 22.462940 21.924830
g80 g524 22.462940 21.924830
g80 g527 22.462940 21.924830
g80 g547 23.257990 22.719880
g80 g550 23.257990 22.719880
g80 g553 23.257990 22.719880
g80 g563 23.257990 22.719880
g80 g570 23.257990 22.719880
g80 g588 23.257990 22.719880
g80 g591 23.257990 22.719880
g80 g573 23.257990 22.719880
g80 g661 18.116720 17.757600
g80 g665 18.116720 17.757600
g80 g669 18.116720 17.757600
g80 g673 18.116720 17.757600
g80 g677 18.116720 17.757600
g80 g681 18.116720 17.757600
g80 g685 18.116720 17.757600
g80 g706 18.116720 17.757600
g80 g710 15.832620 15.473500
g80 g714 15.832620 15.473500
g80 g718 15.832620 15.473500
g80 g734 15.832620 15.473500
g80 g730 15.832620 15.473500
g80 g855 15.730180 15.371060
g80 g859 15.730180 15.371060
g80 g863 15.371060 15.256180
g80 g741 47.712490 13.407690
g80 g746 14.265680 13.235300
g80 OUTPUT 12.835060 12.835060
g80 OUTPUT 12.835060 12.835060
g80 OUTPUT 12.835060 12.835060
g80 OUTPUT 12.835060 12.835060
g80 OUTPUT 12.835060 12.835060
g80 OUTPUT 12.835060 12.835060
g80 OUTPUT 12.835060 12.835060
g80 OUTPUT 12.835060 12.835060
g80 OUTPUT 12.407380 12.407380
g80 OUTPUT 12.407380 12.407380
g80 OUTPUT 12.407380 12.407380
g80 OUTPUT 12.407380 12.407380
g80 OUTPUT 12.407380 12.407380
g80 OUTPUT 34.444460 10.704480
g80 OUTPUT 34.880690 10.806400
g80 OUTPUT 34.782130 10.704480
g80 OUTPUT 34.585150 11.450970
g80 OUTPUT 34.585150 11.450970
g80 OUTPUT 33.736000 8.454520
g80 OUTPUT 34.917210 9.016540
g80 OUTPUT 35.151860 9.478240
g80 OUTPUT 45.494780 15.597790
g83 g8 32.899450 9.721090
g83 g7 33.450390 9.259390
g83 g6 32.623990 9.266170
g83 g5 32.331950 11.693820
g83 g4 32.303320 11.693820
g83 g2 32.947130 11.516130
g83 g3 33.049050 11.618050
g83 g48 32.947130 11.516130
g83 g47 43.663140 16.409440
g83 g20 5.777290 4.108930
g83 g1367 6.523140 5.366060
g83 g1380 6.523140 5.366060
g83 g1402 5.573730 3.905370
g83 g1189 6.371120 4.914110
g83 g146 12.004860 11.645740
g83 g173 12.004860 11.645740
g83 g150 12.004860 11.645740
g83 g174 12.004860 11.645740
g83 g154 12.795550 12.502070
g83 g158 11.825860 11.645740
g83 g162 12.004860 11.645740
g83 g168 12.004860 11.645740
g83 g125 0.499980 0.499980
g83 g255 17.134700 16.596590
g83 g258 17.134700 16.596590
g83 g261 17.134700 16.596590
g83 g264 17.134700 16.596590
g83 g267 17.134700 16.596590
g83 g270 17.134700 16.596590
g83 g281 17.134700 16.596590
g83 g284 17.134700 16.596590
g83 g336 18.044670 17.506560
g83 g339 18.044670 17.506560
g83 g342 18.044670 17.506560
g83 g345 18.044670 17.506560
g83 g348 18.044670 17.506560
g83 g351 18.044670 17.506560
g83 g362 18.044670 17.506560
g83 g365 18.044670 17.506560
g83 g417 23.697990 23.159880
g83 g420 23.697990 23.159880
g83 g423 23.697990 23.159880
g83 g426 23.697990 23.159880
g83 g429 23.697990 23.159880
g83 g432 23.697990 23.159880
g83 g443 23.697990 23.159880
g83 g446 23.697990 23.159880
g83 g498 15.293880 14.755770
g83 g501 15.293880 14.755770
g83 g504 15.293880 14.755770
g83 g507 15.293880 14.755770
g83 g510 15.293880 14.755770
g83 g513 15.293880 14.755770
g83 g524 15.293880 14.755770
g83 g527 15.293880 14.755770
g83 g547 23.697990 23.159880
g83 g550 23.697990 23.159880
g83 g553 23.697990 23.159880
g83 g563 23.697990 23.159880
g83 g570 23.697990 23.159880
g83 g588 23.697990 23.159880
g83 g591 23.697990 23.159880
g83 g573 23.697990 23.159880
g83 g661 15.023680 14.664560
g83 g665 15.023680 14.664560
g83 g669 15.023680 14.664560
g83 g673 15.023680 14.664560
g83 g677 15.023680 14.664560
g83 g681 15.023680 14.664560
g83 g685 15.023680 14.664560
g83 g706 15.023680 14.664560
g83 g710 12.739580 12.380460
g83 g714 12.739580 12.380460
g83 g718 12.739580 12.380460
g83 g734 12.739580 12.380460
g83 g730 12.739580 12.380460
g83 g855 8.561120 8.202000
g83 g859 8.561120 8.202000
g83 g863 8.202000 8.087120
g83 g741 43.754820 10.314650
g83 g746 11.172640 10.142260
g83 OUTPUT 9.742020 9.742020
g83 OUTPUT 9.742020 9.742020
g83 OUTPUT 9.742020 9.742020
g83 OUTPUT 9.742020 9.742020
g83 OUTPUT 9.742020 9.742020
g83 OUTPUT 9.742020 9.742020
g83 OUTPUT 9.742020 9.742020
g83 OUTPUT 9.742020 9.742020
g83 OUTPUT 9.314340 9.314340
g83 OUTPUT 9.314340 9.314340
g83 OUTPUT 9.314340 9.314340
g83 OUTPUT 9.314340 9.314340
g83 OUTPUT 9.314340 9.314340
g83 OUTPUT 30.821100 11.144480
g83 OUTPUT 30.923020 11.246400
g83 OUTPUT 30.821100 11.144480
g83 OUTPUT 30.325720 11.890970
g83 OUTPUT 30.354350 11.890970
g83 OUTPUT 30.497960 8.894520
g83 OUTPUT 31.472790 9.456540
g83 OUTPUT 30.921850 9.918240
g83 OUTPUT 41.537110 16.037790
g86 g8 33.160480 9.981870
g86 g7 33.711420 8.868610
g86 g6 32.885020 9.526950
g86 g5 32.592980 11.954600
g86 g4 32.564350 11.954600
g86 g2 33.208160 11.776910
g86 g3 33.310080 11.878830
g86 g48 33.208160 11.776910
g86 g47 43.924170 16.050350
g86 g20 6.247740 4.589260
g86 g1368 5.592540 4.435460
g86 g1381 5.592540 4.435460
g86 g1402 6.044180 4.385930
g86 g1189 5.467910 4.010850
g86 g146 12.265640 11.906520
g86 g173 12.265640 11.906520
g86 g150 12.265640 11.906520
g86 g174 12.265640 11.906520
g86 g154 13.056330 12.762850
g86 g158 12.086640 11.906520
g86 g162 12.265640 11.906520
g86 g168 12.265640 11.906520
g86 g121 0.499980 0.499980
g86 g255 17.395480 16.857370
g86 g258 17.395480 16.857370
g86 g261 17.395480 16.857370
g86 g264 17.395480 16.857370
g86 g267 17.395480 16.857370
g86 g270 17.395480 16.857370
g86 g281 17.395480 16.857370
g86 g284 17.395480 16.857370
g86 g336 18.305700 17.767590
g86 g339 18.305700 17.767590
g86 g342 18.305700 17.767590
g86 g345 18.305700 17.767590
g86 g348 18.305700 17.767590
g86 g351 18.305700 17.767590
g86 g362 18.305700 17.767590
g86 g365 18.305700 17.767590
g86 g417 23.959020 23.420910
g86 g420 23.959020 23.420910
g86 g423 23.959020 23.420910
g86 g426 23.959020 23.420910
g86 g429 23.959020 23.420910
g86 g432 23.959020 23.420910
g86 g443 23.959020 23.420910
g86 g446 23.959020 23.420910
g86 g498 15.994710 15.456600
g86 g501 15.994710 15.456600
g86 g504 15.994710 15.456600
g86 g507 15.994710 15.456600
g86 g510 15.994710 15.456600
g86 g513 15.994710 15.456600
g86 g524 15.994710 15.456600
g86 g527 15.994710 15.456600
g86 g547 23.959020 23.420910
g86 g550 23.959020 23.420910
g86 g553 23.959020 23.420910
g86 g563 23.959020 23.420910
g86 g570 23.959020 23.420910
g86 g588 23.959020 23.420910
g86 g591 23.959020 23.420910
g86 g573 23.959020 23.420910
g86 g661 10.432690 10.073570
g86 g665 10.432690 10.073570
g86 g669 10.432690 10.073570
g86 g673 10.432690 10.073570
g86 g677 10.432690 10.073570
g86 g681 10.432690 10.073570
g86 g685 10.432690 10.073570
g86 g706 10.432690 10.073570
g86 g710 8.147850 7.788730
g86 g714 8.147850 7.788730
g86 g718 8.147850 7.788730
g86 g734 8.147850 7.788730
g86 g730 8.147850 7.788730
g86 g855 9.262150 8.903030
g86 g859 9.262150 8.903030
g86 g863 8.903030 8.788150
g86 g741 44.015850 5.722920
g86 g746 6.580910 5.550530
g86 OUTPUT 5.150290 5.150290
g86 OUTPUT 5.150290 5.150290
g86 OUTPUT 5.150290 5.150290
g86 OUTPUT 5.150290 5.150290
g86 OUTPUT 5.150290 5.150290
g86 OUTPUT 5.150290 5.150290
g86 OUTPUT 5.150290 5.150290
g86 OUTPUT 5.150290 5.150290
g86 OUTPUT 4.722610 4.722610
g86 OUTPUT 4.722610 4.722610
g86 OUTPUT 4.722610 4.722610
g86 OUTPUT 4.722610 4.722610
g86 OUTPUT 4.722610 4.722610
g86 OUTPUT 31.082130 11.405260
g86 OUTPUT 31.184050 11.507180
g86 OUTPUT 31.082130 11.405260
g86 OUTPUT 30.586750 12.151750
g86 OUTPUT 30.615380 12.151750
g86 OUTPUT 30.758990 9.155300
g86 OUTPUT 31.733820 9.065760
g86 OUTPUT 31.182880 10.179020
g86 OUTPUT 41.798140 15.678700
g52 g8 33.319450 8.057210
g52 g7 33.870390 9.679390
g52 g6 33.043990 9.686170
g52 g5 32.751950 12.113820
g52 g4 32.723320 12.113820
g52 g2 33.367130 11.936130
g52 g3 33.469050 11.845320
g52 g48 33.367130 11.746760
g52 g47 44.083140 15.441990
g52 g20 5.854320 4.185960
g52 g1369 5.592540 4.435460
g52 g1382 5.592540 4.435460
g52 g1402 6.297440 4.638960
g52 g1189 5.938360 4.481350
g52 g146 12.424860 12.065740
g52 g173 12.424860 12.065740
g52 g150 12.424860 12.065740
g52 g174 12.424860 12.065740
g52 g154 13.215550 12.922070
g52 g158 12.245860 12.065740
g52 g162 12.424860 12.065740
g52 g168 12.424860 12.065740
g52 g117 0.499980 0.499980
g52 g255 17.554700 17.016590
g52 g258 17.554700 17.016590
g52 g261 17.554700 17.016590
g52 g264 17.554700 17.016590
g52 g267 17.554700 17.016590
g52 g270 17.554700 17.016590
g52 g281 17.554700 17.016590
g52 g284 17.554700 17.016590
g52 g336 18.464670 17.926560
g52 g339 18.464670 17.926560
g52 g342 18.464670 17.926560
g52 g345 18.464670 17.926560
g52 g348 18.464670 17.926560
g52 g351 18.464670 17.926560
g52 g362 18.464670 17.926560
g52 g365 18.464670 17.926560
g52 g417 24.117990 23.579880
g52 g420 24.117990 23.579880
g52 g423 24.117990 23.579880
g52 g426 24.117990 23.579880
g52 g429 24.117990 23.579880
g52 g432 24.117990 23.579880
g52 g443 24.117990 23.579880
g52 g446 24.117990 23.579880
g52 g498 16.153880 15.615770
g52 g501 16.153880 15.615770
g52 g504 16.153880 15.615770
g52 g507 16.153880 15.615770
g52 g510 16.153880 15.615770
g52 g513 16.153880 15.615770
g52 g524 16.153880 15.615770
g52 g527 16.153880 15.615770
g52 g547 24.117990 23.579880
g52 g550 24.117990 23.579880
g52 g553 24.117990 23.579880
g52 g563 24.117990 23.579880
g52 g570 24.117990 23.579880
g52 g588 24.117990 23.579880
g52 g591 24.117990 23.579880
g52 g573 24.117990 23.579880
g52 g661 10.192690 9.833570
g52 g665 10.192690 9.833570
g52 g669 10.192690 9.833570
g52 g673 10.192690 9.833570
g52 g677 10.192690 9.833570
g52 g681 10.192690 9.833570
g52 g685 10.192690 9.833570
g52 g706 10.192690 9.833570
g52 g710 7.907850 7.548730
g52 g714 7.907850 7.548730
g52 g718 7.907850 7.548730
g52 g734 7.907850 7.548730
g52 g730 7.907850 7.548730
g52 g855 9.421120 9.062000
g52 g859 9.421120 9.062000
g52 g863 9.062000 8.947120
g52 g741 44.174820 5.482920
g52 g746 6.340910 5.310530
g52 OUTPUT 4.910290 4.910290
g52 OUTPUT 4.910290 4.910290
g52 OUTPUT 4.910290 4.910290
g52 OUTPUT 4.910290 4.910290
g52 OUTPUT 4.910290 4.910290
g52 OUTPUT 4.910290 4.910290
g52 OUTPUT 4.910290 4.910290
g52 OUTPUT 4.910290 4.910290
g52 OUTPUT 4.482610 4.482610
g52 OUTPUT 4.482610 4.482610
g52 OUTPUT 4.482610 4.482610
g52 OUTPUT 4.482610 4.482610
g52 OUTPUT 4.482610 4.482610
g52 OUTPUT 31.241100 11.375110
g52 OUTPUT 31.343020 11.473670
g52 OUTPUT 31.241100 11.564480
g52 OUTPUT 30.745720 12.310970
g52 OUTPUT 30.774350 12.310970
g52 OUTPUT 30.917960 9.314520
g52 OUTPUT 31.892790 9.876540
g52 OUTPUT 31.341850 8.254360
g52 OUTPUT 41.957110 15.070340
g55 g8 45.007780 16.034790
g55 g7 45.558720 17.607770
g55 g6 44.732320 16.995760
g55 g5 44.440280 13.564960
g55 g4 44.411650 13.564960
g55 g2 45.055460 13.547060
g55 g3 45.157380 13.225620
g55 g48 45.055460 13.127060
g55 g47 55.771470 19.745800
g55 g62 16.668370 16.668370
g55 g58 4.463010 4.463010
g55 g255 29.902320 29.364210
g55 g258 29.902320 29.364210
g55 g261 29.902320 29.364210
g55 g264 29.902320 29.364210
g55 g267 29.902320 29.364210
g55 g270 29.902320 29.364210
g55 g281 29.902320 29.364210
g55 g284 29.902320 29.364210
g55 g336 30.131920 29.593810
g55 g339 30.131920 29.593810
g55 g342 30.131920 29.593810
g55 g345 30.131920 29.593810
g55 g348 30.131920 29.593810
g55 g351 30.131920 29.593810
g55 g362 30.131920 29.593810
g55 g365 30.131920 29.593810
g55 g417 35.806320 35.268210
g55 g420 35.806320 35.268210
g55 g423 35.806320 35.268210
g55 g426 35.806320 35.268210
g55 g429 35.806320 35.268210
g55 g432 35.806320 35.268210
g55 g443 35.806320 35.268210
g55 g446 35.806320 35.268210
g55 g498 29.307620 28.769510
g55 g501 29.307620 28.769510
g55 g504 29.307620 28.769510
g55 g507 29.307620 28.769510
g55 g510 29.307620 28.769510
g55 g513 29.307620 28.769510
g55 g524 29.307620 28.769510
g55 g527 29.307620 28.769510
g55 g547 35.806320 35.268210
g55 g550 35.806320 35.268210
g55 g553 35.806320 35.268210
g55 g563 35.806320 35.268210
g55 g570 35.806320 35.268210
g55 g588 35.806320 35.268210
g55 g591 35.806320 35.268210
g55 g573 35.806320 35.268210
g55 g741 55.863150 21.591860
g55 g746 3.354830 3.354830
g55 OUTPUT 42.929430 12.755410
g55 OUTPUT 43.031350 12.853970
g55 OUTPUT 42.929430 13.175410
g55 OUTPUT 42.434050 13.762110
g55 OUTPUT 42.462680 13.762110
g55 OUTPUT 42.606290 16.624110
g55 OUTPUT 43.581120 17.804920
g55 OUTPUT 43.030180 16.231940
g55 OUTPUT 53.645440 19.374150
g62 g8 4.501900 2.067600
g62 g7 4.501900 2.067600
g62 g6 5.931980 1.587920
g62 g5 4.501900 2.067600
g62 g4 4.501900 2.067600
g62 g2 5.931980 1.587920
g62 g3 5.931980 1.587920
g62 g48 5.931980 1.587920
g62 g47 5.931980 1.587920
g62 g46 8.281170 5.997270
g62 OUTPUT 6.334140 5.577930
g62 OUTPUT 3.805950 0.736950
g62 OUTPUT 3.805950 0.736950
g62 OUTPUT 3.805950 0.736950
g62 OUTPUT 2.225530 1.267700
g62 OUTPUT 2.225530 1.267700
g62 OUTPUT 3.805950 0.736950
g62 OUTPUT 2.225530 1.267700
g62 OUTPUT 2.225530 1.267700
g62 OUTPUT 3.805950 0.736950
g58 g58 1.506890 1.506890
g58 g65 2.007510 2.007510
g58 g146 8.444930 8.085810
g58 g173 8.444930 8.085810
g58 g150 8.444930 8.085810
g58 g174 8.444930 8.085810
g58 g154 9.235620 8.942140
g58 g158 8.265930 8.085810
g58 g162 8.444930 8.085810
g58 g168 8.444930 8.085810
g58 g661 8.358830 7.999710
g58 g665 8.358830 7.999710
g58 g669 8.358830 7.999710
g58 g673 8.358830 7.999710
g58 g677 8.358830 7.999710
g58 g681 8.358830 7.999710
g58 g685 8.358830 7.999710
g58 g706 8.358830 7.999710
g58 g710 6.194030 5.834910
g58 g714 6.194030 5.834910
g58 g718 6.194030 5.834910
g58 g734 6.194030 5.834910
g58 g730 6.194030 5.834910
g58 g855 4.841030 4.481910
g58 g859 4.841030 4.481910
g58 g863 4.481910 4.367030
g58 g741 3.879210 3.764330
g58 g746 4.622320 3.591940
g58 OUTPUT 3.188680 3.188680
g58 OUTPUT 3.188680 3.188680
g58 OUTPUT 3.188680 3.188680
g58 OUTPUT 3.188680 3.188680
g58 OUTPUT 3.188680 3.188680
g58 OUTPUT 3.188680 3.188680
g58 OUTPUT 3.188680 3.188680
g58 OUTPUT 3.188680 3.188680
g58 OUTPUT 2.761000 2.761000
g58 OUTPUT 2.761000 2.761000
g58 OUTPUT 2.761000 2.761000
g58 OUTPUT 2.761000 2.761000
g58 OUTPUT 2.761000 2.761000
g65 g46 6.457130 4.173230
g65 g65 1.959200 1.959200
g65 OUTPUT 4.510100 3.753890
g199 g200 0.499980 0.499980
g200 g201 0.499980 0.499980
g201 g190 0.499980 0.499980
g190 g196 2.083700 2.083700
g190 g187 2.083700 2.083700
g190 g202 2.083700 2.083700
g190 g207 2.083700 2.083700
g196 g196 1.859680 1.859680
g196 g179 0.499980 0.499980
g179 g5 11.387470 9.212720
g179 g47 21.404000 16.079500
g179 g741 21.495680 17.925560
g179 OUTPUT 9.409870 9.409870
g179 OUTPUT 19.277970 15.707850
g187 g187 1.859680 1.859680
g187 g180 0.499980 0.499980
g180 g4 11.387470 9.212720
g180 g47 21.629620 16.733830
g180 g741 21.721300 18.579890
g180 OUTPUT 9.409870 9.409870
g180 OUTPUT 19.503590 16.362180
g202 g202 1.859680 1.859680
g202 g181 0.499980 0.499980
g181 g2 9.839210 8.084830
g181 g47 20.080380 14.884590
g181 g741 20.172060 16.730650
g181 OUTPUT 7.713180 7.713180
g181 OUTPUT 17.954350 14.512940
g207 g207 1.859680 1.859680
g207 g182 0.499980 0.499980
g182 g3 9.941130 8.186750
g182 g47 20.555220 15.277890
g182 g741 20.646900 17.123950
g182 OUTPUT 7.815100 7.815100
g182 OUTPUT 18.429190 14.906240
g146 g8 9.825490 7.650740
g146 g47 19.403720 15.035520
g146 g1030 1.528010 1.528010
g146 g146 1.947030 1.947030
g146 g741 19.495400 16.881580
g146 OUTPUT 7.847890 7.847890
g146 OUTPUT 17.277690 14.663870
g173 g7 10.037830 7.863080
g173 g47 19.794620 15.044820
g173 g173 1.947030 1.947030
g173 g741 19.886300 16.890880
g173 OUTPUT 0.000000 0.000000
g173 OUTPUT 0.000000 0.000000
g173 OUTPUT 8.060230 8.060230
g173 OUTPUT 17.668590 14.673170
g150 g6 9.226710 7.472330
g150 g47 19.637700 14.615600
g150 g1486 9.763680 3.268310
g150 g1481 6.045770 6.045770
g150 g1489 6.045770 6.045770
g150 g1494 6.045770 6.045770
g150 g1499 6.045770 6.045770
g150 g1504 6.045770 6.045770
g150 g1509 6.045770 6.045770
g150 g1514 6.045770 6.045770
g150 g1519 6.045770 6.045770
g150 g1462 6.045770 6.045770
g150 g1467 6.045770 6.045770
g150 g1472 6.045770 6.045770
g150 g1477 6.045770 6.045770
g150 g150 1.947030 1.947030
g150 g741 19.729380 16.461660
g150 OUTPUT 7.100680 7.100680
g150 OUTPUT 17.511670 14.243950
g174 g5 12.031950 9.857200
g174 g47 22.048480 16.723980
g174 g1486 11.258090 7.688270
g174 g1481 7.540180 5.224580
g174 g1489 7.540180 5.224580
g174 g1494 7.540180 5.224580
g174 g1499 7.540180 5.224580
g174 g1504 7.540180 5.224580
g174 g1509 7.540180 5.224580
g174 g1514 7.540180 5.224580
g174 g1519 7.540180 5.224580
g174 g1462 7.540180 5.224580
g174 g1467 7.540180 5.224580
g174 g1472 7.540180 5.224580
g174 g1477 7.540180 5.224580
g174 g174 1.947030 1.947030
g174 g741 22.140160 18.570040
g174 OUTPUT 10.054350 10.054350
g174 OUTPUT 19.922450 16.352330
g154 g4 11.800290 9.625540
g154 g47 22.042440 17.146650
g154 g1308 2.543380 2.543380
g154 g1271 2.169260 2.169260
g154 g154 2.560700 2.560700
g154 g741 22.134120 18.992710
g154 OUTPUT 9.822690 9.822690
g154 OUTPUT 19.916410 16.775000
g158 g2 10.558050 8.803670
g158 g47 20.799220 15.603430
g158 g199 1.199940 1.199940
g158 g158 2.126030 2.126030
g158 g741 20.890900 17.449490
g158 OUTPUT 8.432020 8.432020
g158 OUTPUT 18.673190 15.231780
g162 g3 10.526210 8.771830
g162 g47 21.140300 15.862970
g162 g1004 1.367620 1.367620
g162 g1007 1.946890 1.946890
g162 g162 1.947030 1.947030
g162 g741 21.231980 17.709030
g162 OUTPUT 2.384120 2.384120
g162 OUTPUT 1.685600 1.685600
g162 OUTPUT 8.400180 8.400180
g162 OUTPUT 19.014270 15.491320
g168 g48 9.839210 8.084830
g168 g47 20.283300 14.703570
g168 g1029 0.499980 0.499980
g168 g168 1.947030 1.947030
g168 g741 20.374980 16.549630
g168 OUTPUT 7.713180 7.713180
g168 OUTPUT 18.157270 14.331920
g185 g48 10.252030 8.497650
g185 g47 20.696120 15.116390
g185 g741 20.787800 16.962450
g185 OUTPUT 8.126000 8.126000
g185 OUTPUT 18.570090 14.744740
g93 g1328 1.947030 1.947030
g95 g4 11.568390 9.393640
g95 g47 21.810540 16.914750
g95 g1319 2.713960 2.713960
g95 g98 0.499980 0.499980
g95 g741 21.902220 18.760810
g95 OUTPUT 9.590790 9.590790
g95 OUTPUT 19.684510 16.543100
g98 g1327 1.947030 1.947030
g100 g2 10.020130 8.265750
g100 g47 20.261300 15.065510
g100 g1318 2.713960 2.713960
g100 g103 0.499980 0.499980
g100 g741 20.352980 16.911570
g100 OUTPUT 7.894100 7.894100
g100 OUTPUT 18.135270 14.693860
g103 g1326 1.947030 1.947030
g108 g1325 1.947030 1.947030
g113 g1324 1.947030 1.947030
g117 g1323 1.947030 1.947030
g121 g1322 1.947030 1.947030
g125 g1321 1.947030 1.947030
g129 g5 11.568390 9.393640
g129 g47 21.584920 16.260420
g129 g1320 2.713960 2.713960
g129 g93 0.499980 0.499980
g129 g741 21.676600 18.106480
g129 OUTPUT 9.590790 9.590790
g129 OUTPUT 19.458890 15.888770
g141 g3 9.708430 7.954050
g141 g47 20.322520 15.045190
g141 g1317 2.715940 2.715940
g141 g108 0.499980 0.499980
g141 g741 20.414200 16.891250
g141 OUTPUT 7.582400 7.582400
g141 OUTPUT 18.196490 14.673540
g145 g48 9.606510 7.852130
g145 g47 20.050600 14.470870
g145 g1313 2.715940 2.715940
g145 g113 0.499980 0.499980
g145 g741 20.142280 16.316930
g145 OUTPUT 7.480480 7.480480
g145 OUTPUT 17.924570 14.099220
g255 g8 10.257370 8.082620
g255 g47 19.835600 15.467400
g255 g255 1.947030 1.947030
g255 g741 19.927280 17.313460
g255 OUTPUT 8.279770 8.279770
g255 OUTPUT 17.709570 15.095750
g258 g7 10.056890 7.882140
g258 g47 19.813680 15.063880
g258 g258 1.947030 1.947030
g258 g741 19.905360 16.909940
g258 OUTPUT 8.079290 8.079290
g258 OUTPUT 17.687650 14.692230
g261 g6 9.245770 7.491390
g261 g47 19.656760 14.634660
g261 g261 1.947030 1.947030
g261 g741 19.748440 16.480720
g261 OUTPUT 7.119740 7.119740
g261 OUTPUT 17.530730 14.263010
g264 g5 11.648250 9.473500
g264 g47 21.664780 16.340280
g264 g264 1.947030 1.947030
g264 g741 21.756460 18.186340
g264 OUTPUT 9.670650 9.670650
g264 OUTPUT 19.538750 15.968630
g267 g4 12.061070 9.886320
g267 g47 22.303220 17.407430
g267 g267 1.947030 1.947030
g267 g741 22.394900 19.253490
g267 OUTPUT 10.083470 10.083470
g267 OUTPUT 20.177190 17.035780
g270 g2 10.513080 8.758700
g270 g47 20.754250 15.558460
g270 g270 1.947030 1.947030
g270 g741 20.845930 17.404520
g270 OUTPUT 8.387050 8.387050
g270 OUTPUT 18.628220 15.186810
g281 g3 10.202180 8.447800
g281 g47 20.816270 15.538940
g281 g281 1.947030 1.947030
g281 g741 20.907950 17.385000
g281 OUTPUT 8.076150 8.076150
g281 OUTPUT 18.690240 15.167290
g284 g48 10.100260 8.345880
g284 g47 20.544350 14.964620
g284 g284 1.947030 1.947030
g284 g741 20.636030 16.810680
g284 OUTPUT 7.974230 7.974230
g284 OUTPUT 18.418320 14.592970
g216 g5 12.061070 9.886320
g216 g47 22.077600 16.753100
g216 g216 0.499980 0.499980
g216 g741 22.169280 18.599160
g216 OUTPUT 10.083470 10.083470
g216 OUTPUT 19.951570 16.381450
g219 g4 11.648250 9.473500
g219 g47 21.890400 16.994610
g219 g219 0.499980 0.499980
g219 g741 21.982080 18.840670
g219 OUTPUT 9.670650 9.670650
g219 OUTPUT 19.764370 16.622960
g222 g2 10.100260 8.345880
g222 g47 20.341430 15.145640
g222 g222 0.499980 0.499980
g222 g741 20.433110 16.991700
g222 OUTPUT 7.974230 7.974230
g222 OUTPUT 18.215400 14.773990
g225 g3 10.615000 8.860620
g225 g47 21.229090 15.951760
g225 g225 0.499980 0.499980
g225 g741 21.320770 17.797820
g225 OUTPUT 8.488970 8.488970
g225 OUTPUT 19.103060 15.580110
g228 g48 10.513080 8.758700
g228 g47 20.957170 15.377440
g228 g228 0.499980 0.499980
g228 g741 21.048850 17.223500
g228 OUTPUT 8.387050 8.387050
g228 OUTPUT 18.831140 15.005790
g237 g255 2.260950 2.260950
g237 g237 0.499980 0.499980
g240 g258 2.260950 2.260950
g240 g240 0.499980 0.499980
g243 g261 2.260950 2.260950
g243 g243 0.499980 0.499980
g246 g264 2.260950 2.260950
g246 g246 0.499980 0.499980
g249 g267 2.260950 2.260950
g249 g249 0.499980 0.499980
g252 g270 2.260950 2.260950
g252 g252 0.499980 0.499980
g275 g281 2.260950 2.260950
g275 g275 0.499980 0.499980
g278 g284 2.260950 2.260950
g278 g278 0.499980 0.499980
g336 g8 9.844550 7.669800
g336 g47 19.422780 15.054580
g336 g336 1.947030 1.947030
g336 g741 19.514460 16.900640
g336 OUTPUT 7.866950 7.866950
g336 OUTPUT 17.296750 14.682930
g339 g7 10.730720 8.555970
g339 g47 20.487510 15.737710
g339 g339 1.947030 1.947030
g339 g741 20.579190 17.583770
g339 OUTPUT 8.753120 8.753120
g339 OUTPUT 18.361480 15.366060
g342 g6 9.919310 8.164930
g342 g47 20.330300 15.308200
g342 g342 1.947030 1.947030
g342 g741 20.421980 17.154260
g342 OUTPUT 7.793280 7.793280
g342 OUTPUT 18.204270 14.936550
g345 g5 11.814790 9.640040
g345 g47 21.831320 16.506820
g345 g345 1.947030 1.947030
g345 g741 21.923000 18.352880
g345 OUTPUT 9.837190 9.837190
g345 OUTPUT 19.705290 16.135170
g348 g4 12.228410 10.053660
g348 g47 22.470560 17.574770
g348 g348 1.947030 1.947030
g348 g741 22.562240 19.420830
g348 OUTPUT 10.250810 10.250810
g348 OUTPUT 20.344530 17.203120
g351 g2 10.680150 8.925770
g351 g47 20.921320 15.725530
g351 g351 1.947030 1.947030
g351 g741 21.013000 17.571590
g351 OUTPUT 8.554120 8.554120
g351 OUTPUT 18.795290 15.353880
g362 g3 10.368450 8.614070
g362 g47 20.982540 15.705210
g362 g362 1.947030 1.947030
g362 g741 21.074220 17.551270
g362 OUTPUT 8.242420 8.242420
g362 OUTPUT 18.856510 15.333560
g365 g48 10.266530 8.512150
g365 g47 20.710620 15.130890
g365 g365 1.947030 1.947030
g365 g741 20.802300 16.976950
g365 OUTPUT 8.140500 8.140500
g365 OUTPUT 18.584590 14.759240
g297 g5 12.228410 10.053660
g297 g47 22.244940 16.920440
g297 g297 0.499980 0.499980
g297 g741 22.336620 18.766500
g297 OUTPUT 10.250810 10.250810
g297 OUTPUT 20.118910 16.548790
g300 g4 11.814790 9.640040
g300 g47 22.056940 17.161150
g300 g300 0.499980 0.499980
g300 g741 22.148620 19.007210
g300 OUTPUT 9.837190 9.837190
g300 OUTPUT 19.930910 16.789500
g303 g2 10.266530 8.512150
g303 g47 20.507700 15.311910
g303 g303 0.499980 0.499980
g303 g741 20.599380 17.157970
g303 OUTPUT 8.140500 8.140500
g303 OUTPUT 18.381670 14.940260
g306 g3 10.782070 9.027690
g306 g47 21.396160 16.118830
g306 g306 0.499980 0.499980
g306 g741 21.487840 17.964890
g306 OUTPUT 8.656040 8.656040
g306 OUTPUT 19.270130 15.747180
g309 g48 10.680150 8.925770
g309 g47 21.124240 15.544510
g309 g309 0.499980 0.499980
g309 g741 21.215920 17.390570
g309 OUTPUT 8.554120 8.554120
g309 OUTPUT 18.998210 15.172860
g318 g336 2.260950 2.260950
g318 g318 0.499980 0.499980
g321 g339 2.260950 2.260950
g321 g321 0.499980 0.499980
g324 g342 2.260950 2.260950
g324 g324 0.499980 0.499980
g327 g345 2.260950 2.260950
g327 g327 0.499980 0.499980
g330 g348 2.260950 2.260950
g330 g330 0.499980 0.499980
g333 g351 2.260950 2.260950
g333 g333 0.499980 0.499980
g356 g362 2.260950 2.260950
g356 g356 0.499980 0.499980
g359 g365 2.260950 2.260950
g359 g359 0.499980 0.499980
g417 g8 10.518420 8.343670
g417 g47 20.096650 15.728450
g417 g417 1.947030 1.947030
g417 g741 20.188330 17.574510
g417 OUTPUT 8.540820 8.540820
g417 OUTPUT 17.970620 15.356800
g420 g7 10.317900 8.143150
g420 g47 20.074690 15.324890
g420 g420 1.947030 1.947030
g420 g741 20.166370 17.170950
g420 OUTPUT 8.340300 8.340300
g420 OUTPUT 17.948660 14.953240
g423 g6 9.506490 7.752110
g423 g47 19.917480 14.895380
g423 g423 1.947030 1.947030
g423 g741 20.009160 16.741440
g423 OUTPUT 7.380460 7.380460
g423 OUTPUT 17.791450 14.523730
g426 g5 10.740310 8.565560
g426 g47 20.756840 15.432340
g426 g426 1.947030 1.947030
g426 g741 20.848520 17.278400
g426 OUTPUT 8.762710 8.762710
g426 OUTPUT 18.630810 15.060690
g429 g4 11.153930 8.979180
g429 g47 21.396080 16.500290
g429 g429 1.947030 1.947030
g429 g741 21.487760 18.346350
g429 OUTPUT 9.176330 9.176330
g429 OUTPUT 19.270050 16.128640
g432 g2 9.927170 8.172790
g432 g47 20.168340 14.972550
g432 g432 1.947030 1.947030
g432 g741 20.260020 16.818610
g432 OUTPUT 7.801140 7.801140
g432 OUTPUT 18.042310 14.600900
g443 g3 9.615470 7.861090
g443 g47 20.229560 14.952230
g443 g443 1.947030 1.947030
g443 g741 20.321240 16.798290
g443 OUTPUT 7.489440 7.489440
g443 OUTPUT 18.103530 14.580580
g446 g48 9.513550 7.759170
g446 g47 19.957640 14.377910
g446 g446 1.947030 1.947030
g446 g741 20.049320 16.223970
g446 OUTPUT 7.387520 7.387520
g446 OUTPUT 17.831610 14.006260
g378 g5 11.153930 8.979180
g378 g47 21.170460 15.845960
g378 g378 0.499980 0.499980
g378 g741 21.262140 17.692020
g378 OUTPUT 9.176330 9.176330
g378 OUTPUT 19.044430 15.474310
g381 g4 10.740310 8.565560
g381 g47 20.982460 16.086670
g381 g381 0.499980 0.499980
g381 g741 21.074140 17.932730
g381 OUTPUT 8.762710 8.762710
g381 OUTPUT 18.856430 15.715020
g384 g2 9.513550 7.759170
g384 g47 19.754720 14.558930
g384 g384 0.499980 0.499980
g384 g741 19.846400 16.404990
g384 OUTPUT 7.387520 7.387520
g384 OUTPUT 17.628690 14.187280
g387 g3 10.029090 8.274710
g387 g47 20.643180 15.365850
g387 g387 0.499980 0.499980
g387 g741 20.734860 17.211910
g387 OUTPUT 7.903060 7.903060
g387 OUTPUT 18.517150 14.994200
g390 g48 9.927170 8.172790
g390 g47 20.371260 14.791530
g390 g390 0.499980 0.499980
g390 g741 20.462940 16.637590
g390 OUTPUT 7.801140 7.801140
g390 OUTPUT 18.245230 14.419880
g399 g417 2.260950 2.260950
g399 g399 0.499980 0.499980
g402 g420 2.260950 2.260950
g402 g402 0.499980 0.499980
g405 g423 2.260950 2.260950
g405 g405 0.499980 0.499980
g408 g426 2.260950 2.260950
g408 g408 0.499980 0.499980
g411 g429 2.260950 2.260950
g411 g411 0.499980 0.499980
g414 g432 2.260950 2.260950
g414 g414 0.499980 0.499980
g437 g443 2.260950 2.260950
g437 g437 0.499980 0.499980
g440 g446 2.260950 2.260950
g440 g440 0.499980 0.499980
g498 g8 10.527360 8.352610
g498 g47 20.105590 15.737390
g498 g498 1.947030 1.947030
g498 g741 20.197270 17.583450
g498 OUTPUT 8.549760 8.549760
g498 OUTPUT 17.979560 15.365740
g501 g7 12.164960 9.990210
g501 g47 21.921750 17.171950
g501 g501 1.947030 1.947030
g501 g741 22.013430 19.018010
g501 OUTPUT 10.187360 10.187360
g501 OUTPUT 19.795720 16.800300
g504 g6 11.132580 9.378200
g504 g47 21.543570 16.521470
g504 g504 1.947030 1.947030
g504 g741 21.635250 18.367530
g504 OUTPUT 9.006550 9.006550
g504 OUTPUT 19.417540 16.149820
g507 g5 11.068180 8.893430
g507 g47 21.084710 15.760210
g507 g507 1.947030 1.947030
g507 g741 21.176390 17.606270
g507 OUTPUT 9.090580 9.090580
g507 OUTPUT 18.958680 15.388560
g510 g4 10.334900 8.160150
g510 g47 20.577050 15.681260
g510 g510 1.947030 1.947030
g510 g741 20.668730 17.527320
g510 OUTPUT 8.357300 8.357300
g510 OUTPUT 18.451020 15.309610
g513 g2 9.604990 7.850610
g513 g47 19.846160 14.650370
g513 g513 1.947030 1.947030
g513 g741 19.937840 16.496430
g513 OUTPUT 7.478960 7.478960
g513 OUTPUT 17.720130 14.278720
g524 g3 10.016830 8.262450
g524 g47 20.630920 15.353590
g524 g524 1.947030 1.947030
g524 g741 20.722600 17.199650
g524 OUTPUT 7.890800 7.890800
g524 OUTPUT 18.504890 14.981940
g527 g48 9.918270 8.163890
g527 g47 20.362360 14.782630
g527 g527 1.947030 1.947030
g527 g741 20.454040 16.628690
g527 OUTPUT 7.792240 7.792240
g527 OUTPUT 18.236330 14.410980
g459 g5 10.334900 8.160150
g459 g47 20.351430 15.026930
g459 g459 0.499980 0.499980
g459 g741 20.443110 16.872990
g459 OUTPUT 8.357300 8.357300
g459 OUTPUT 18.225400 14.655280
g462 g4 11.068180 8.893430
g462 g47 21.310330 16.414540
g462 g462 0.499980 0.499980
g462 g741 21.402010 18.260600
g462 OUTPUT 9.090580 9.090580
g462 OUTPUT 19.184300 16.042890
g465 g2 10.338270 8.583890
g465 g47 20.579440 15.383650
g465 g465 0.499980 0.499980
g465 g741 20.671120 17.229710
g465 OUTPUT 8.212240 8.212240
g465 OUTPUT 18.453410 15.012000
g468 g3 9.283550 7.529170
g468 g47 19.897640 14.620310
g468 g468 0.499980 0.499980
g468 g741 19.989320 16.466370
g468 OUTPUT 7.157520 7.157520
g468 OUTPUT 17.771610 14.248660
g471 g48 9.184990 7.430610
g471 g47 19.629080 14.049350
g471 g471 0.499980 0.499980
g471 g741 19.720760 15.895410
g471 OUTPUT 7.058960 7.058960
g471 OUTPUT 17.503050 13.677700
g480 g498 2.260950 2.260950
g480 g480 0.499980 0.499980
g483 g501 2.260950 2.260950
g483 g483 0.499980 0.499980
g486 g504 2.260950 2.260950
g486 g486 0.499980 0.499980
g489 g507 2.260950 2.260950
g489 g489 0.499980 0.499980
g492 g510 2.260950 2.260950
g492 g492 0.499980 0.499980
g495 g513 2.260950 2.260950
g495 g495 0.499980 0.499980
g518 g524 2.260950 2.260950
g518 g518 0.499980 0.499980
g521 g527 2.260950 2.260950
g521 g521 0.499980 0.499980
g536 g536 0.499980 0.499980
g536 g547 2.260950 2.260950
g540 g540 0.499980 0.499980
g540 g550 2.260950 2.260950
g544 g544 0.499980 0.499980
g544 g553 2.260950 2.260950
g547 g2 10.359050 8.604670
g547 g47 20.600220 15.404430
g547 g547 1.947030 1.947030
g547 g741 20.691900 17.250490
g547 OUTPUT 8.233020 8.233020
g547 OUTPUT 18.474190 15.032780
g550 g3 10.460970 8.706590
g550 g47 21.075060 15.797730
g550 g550 1.947030 1.947030
g550 g741 21.166740 17.643790
g550 OUTPUT 8.334940 8.334940
g550 OUTPUT 18.949030 15.426080
g553 g48 10.359050 8.604670
g553 g47 20.803140 15.223410
g553 g553 1.947030 1.947030
g553 g741 20.894820 17.069470
g553 OUTPUT 8.233020 8.233020
g553 OUTPUT 18.677110 14.851760
g557 g557 0.499980 0.499980
g557 g563 2.260950 2.260950
g567 g567 0.499980 0.499980
g567 g570 2.260950 2.260950
g580 g580 0.499980 0.499980
g580 g588 2.260950 2.260950
g584 g584 0.499980 0.499980
g584 g591 2.260950 2.260950
g560 g560 0.499980 0.499980
g560 g573 2.260950 2.260950
g563 g8 10.105600 7.930850
g563 g47 19.683830 15.315630
g563 g563 1.947030 1.947030
g563 g741 19.775510 17.161690
g563 OUTPUT 8.128000 8.128000
g563 OUTPUT 17.557800 14.943980
g570 g7 10.897830 8.723080
g570 g47 20.654620 15.904820
g570 g570 1.947030 1.947030
g570 g741 20.746300 17.750880
g570 OUTPUT 8.920230 8.920230
g570 OUTPUT 18.528590 15.533170
g588 g6 10.086710 8.332330
g588 g47 20.497700 15.475600
g588 g588 1.947030 1.947030
g588 g741 20.589380 17.321660
g588 OUTPUT 7.960680 7.960680
g588 OUTPUT 18.371670 15.103950
g591 g5 11.585810 9.411060
g591 g47 21.602340 16.277840
g591 g591 1.947030 1.947030
g591 g741 21.694020 18.123900
g591 OUTPUT 9.608210 9.608210
g591 OUTPUT 19.476310 15.906190
g573 g4 11.585810 9.411060
g573 g47 21.827960 16.932170
g573 g573 1.947030 1.947030
g573 g741 21.919640 18.778230
g573 OUTPUT 9.608210 9.608210
g573 OUTPUT 19.701930 16.560520
g646 g652 0.499980 0.499980
g652 g2 9.995640 8.241260
g652 g47 20.236810 15.041020
g652 g1084 5.782860 4.138100
g652 g1153 2.792440 2.792440
g652 g689 2.684950 2.684950
g652 g741 20.328490 16.887080
g652 OUTPUT 7.869610 7.869610
g652 OUTPUT 18.110780 14.669370
g661 g7 12.437480 10.262730
g661 g47 22.194270 17.444470
g661 g661 1.947030 1.947030
g661 g689 3.213670 3.213670
g661 g741 22.285950 19.290530
g661 OUTPUT 10.459880 10.459880
g661 OUTPUT 20.068240 17.072820
g665 g6 11.405100 9.650720
g665 g47 21.816090 16.793990
g665 g665 1.947030 1.947030
g665 g689 2.921310 2.921310
g665 g741 21.907770 18.640050
g665 OUTPUT 9.279070 9.279070
g665 OUTPUT 19.690060 16.422340
g669 g5 10.725550 8.550800
g669 g47 20.742080 15.417580
g669 g669 1.947030 1.947030
g669 g689 3.668050 3.668050
g669 g741 20.833760 17.263640
g669 OUTPUT 8.747950 8.747950
g669 OUTPUT 18.616050 15.045930
g673 g4 10.725550 8.550800
g673 g47 20.967700 16.071910
g673 g673 1.947030 1.947030
g673 g689 3.438050 3.438050
g673 g741 21.059380 17.917970
g673 OUTPUT 8.747950 8.747950
g673 OUTPUT 18.841670 15.700260
g677 g2 10.135640 8.381260
g677 g47 20.376810 15.181020
g677 g677 1.947030 1.947030
g677 g689 2.855950 2.855950
g677 g741 20.468490 17.027080
g677 OUTPUT 8.009610 8.009610
g677 OUTPUT 18.250780 14.809370
g681 g3 9.814200 8.059820
g681 g47 20.428290 15.150960
g681 g681 1.947030 1.947030
g681 g689 6.090010 6.090010
g681 g741 20.519970 16.997020
g681 OUTPUT 7.688170 7.688170
g681 OUTPUT 18.302260 14.779310
g685 g48 9.715640 7.961260
g685 g47 20.159730 14.580000
g685 g685 1.947030 1.947030
g685 g689 3.356010 3.356010
g685 g741 20.251410 16.426060
g685 OUTPUT 7.589610 7.589610
g685 OUTPUT 18.033700 14.208350
g706 g8 11.174400 8.999650
g706 g47 20.752630 16.384430
g706 g706 1.947030 1.947030
g706 g689 4.071890 4.071890
g706 g741 20.844310 18.230490
g706 OUTPUT 9.196800 9.196800
g706 OUTPUT 18.626600 16.012780
g710 g48 10.338270 8.583890
g710 g47 20.782360 15.202630
g710 g710 1.947030 1.947030
g710 g689 5.990540 5.990540
g710 g741 20.874040 17.048690
g710 OUTPUT 8.212240 8.212240
g710 OUTPUT 18.656330 14.830980
g714 g3 10.436830 8.682450
g714 g47 21.050920 15.773590
g714 g714 1.947030 1.947030
g714 g689 5.850540 5.850540
g714 g741 21.142600 17.619650
g714 OUTPUT 8.310800 8.310800
g714 OUTPUT 18.924890 15.401940
g718 g2 9.236060 7.481680
g718 g47 19.477230 14.281440
g718 g718 1.947030 1.947030
g718 g689 5.823910 5.823910
g718 g741 19.568910 16.127500
g718 OUTPUT 7.110030 7.110030
g718 OUTPUT 17.351200 13.909790
g734 g4 10.385990 8.211240
g734 g47 20.628140 15.732350
g734 g734 1.947030 1.947030
g734 g689 2.726420 2.726420
g734 g741 20.719820 17.578410
g734 OUTPUT 8.408390 8.408390
g734 OUTPUT 18.502110 15.360700
g730 g5 10.385990 8.211240
g730 g47 20.402520 15.078020
g730 g730 1.947030 1.947030
g730 g689 6.025010 6.025010
g730 g741 20.494200 16.924080
g730 OUTPUT 8.408390 8.408390
g730 OUTPUT 18.276490 14.706370
g689 OUTPUT 0.499980 0.499980
g799 g799 14.748630 1.605500
g799 g803 14.777810 3.090400
g799 g806 14.678430 4.768550
g799 g809 14.678430 6.370330
g799 g812 14.777810 8.074730
g799 g775 14.777810 10.074210
g799 g778 10.078500 10.078500
g803 g799 14.569640 13.999460
g803 g803 14.598820 3.758050
g803 g806 14.499440 4.589560
g803 g809 14.499440 6.191340
g803 g812 14.598820 7.895740
g803 g775 14.598820 9.895220
g803 g778 9.899510 9.899510
g806 g799 13.146850 12.576670
g806 g803 13.176030 12.496670
g806 g806 13.076650 3.658670
g806 g809 13.076650 4.768550
g806 g812 13.176030 6.472950
g806 g775 13.176030 8.472430
g806 g778 8.476720 8.476720
g809 g799 11.545070 10.974890
g809 g803 11.574250 10.894890
g809 g806 11.474870 11.474870
g809 g809 11.474870 3.658670
g809 g812 11.574250 4.871170
g809 g775 11.574250 6.870650
g809 g778 6.874940 6.874940
g812 g799 9.942320 9.372140
g812 g803 9.971500 9.292140
g812 g806 9.872120 9.872120
g812 g809 9.872120 9.872120
g812 g812 9.971500 3.758050
g812 g775 9.971500 5.267900
g812 g778 5.272190 5.272190
g775 g799 7.944040 7.373860
g775 g803 7.973220 7.293860
g775 g806 7.873840 7.873840
g775 g809 7.873840 7.873840
g775 g812 7.973220 7.293860
g775 g775 7.973220 3.904570
g775 g778 4.407770 4.407770
g778 g778 2.909630 2.909630
g778 OUTPUT 1.288030 1.288030
g955 g955 1.146480 1.146480
g955 g959 3.681240 1.605500
g955 g945 5.019690 4.067250
g955 g940 3.910190 3.910190
g959 g959 3.204740 2.181660
g959 g945 4.842640 3.890200
g959 g940 3.733140 3.733140
g945 g945 3.003140 1.796980
g945 g940 1.477620 1.477620
g948 g949 1.947030 1.947030
g949 g950 1.947030 1.947030
g950 g951 1.947030 1.947030
g951 g952 1.947030 1.947030
g952 g953 1.947030 1.947030
g953 g954 1.947030 1.947030
g954 g943 1.947030 1.947030
g943 g944 1.587920 1.587920
g936 g948 8.922210 8.730330
g936 g949 9.281330 8.922210
g936 g950 9.281330 8.922210
g936 g951 9.281330 8.922210
g936 g952 9.281330 8.922210
g936 g953 9.281330 8.922210
g936 g954 9.281330 8.922210
g936 g943 9.281330 8.922210
g936 g936 1.796980 1.796980
g936 g940 8.924740 3.174250
g936 g944 8.232330 4.181070
g936 OUTPUT 2.893600 1.920120
g940 g948 9.732380 9.540500
g940 g949 10.091500 9.732380
g940 g950 10.091500 9.732380
g940 g951 10.091500 9.732380
g940 g952 10.091500 9.732380
g940 g953 10.091500 9.732380
g940 g954 10.091500 9.732380
g940 g943 10.091500 9.732380
g940 g936 2.613480 2.613480
g940 g940 9.734910 2.540720
g940 g944 9.042500 3.690270
g940 OUTPUT 3.063600 1.429320
g942 g936 1.859680 1.859680
g944 g12 1.788180 1.788180
g944 OUTPUT 1.288200 1.288200
g855 g12 2.620580 2.620580
g855 g48 12.218880 10.464500
g855 g47 22.662970 17.083240
g855 g855 1.947030 1.947030
g855 g741 22.754650 18.929300
g855 OUTPUT 2.120600 2.120600
g855 OUTPUT 10.092850 10.092850
g855 OUTPUT 20.536940 16.711590
g859 g3 12.588040 10.833660
g859 g47 23.202130 17.924800
g859 g859 1.947030 1.947030
g859 g890 2.975320 1.977600
g859 g741 23.293810 19.770860
g859 OUTPUT 10.462010 10.462010
g859 OUTPUT 21.076100 17.553150
g863 g2 12.307580 10.553200
g863 g47 22.548750 17.352960
g863 g863 2.161030 2.161030
g863 g741 22.640430 19.199020
g863 OUTPUT 10.181550 10.181550
g863 OUTPUT 20.422720 16.981310
g831 g8 12.301910 10.127160
g831 g47 21.880140 17.511940
g831 g834 0.499980 0.499980
g831 g887 7.634460 7.634460
g831 g889 8.149640 6.857550
g831 g741 21.971820 19.358000
g831 OUTPUT 0.000000 0.000000
g831 OUTPUT 6.631550 4.741780
g831 OUTPUT 10.324310 10.324310
g831 OUTPUT 19.754110 17.140290
g834 g7 12.067140 9.892390
g834 g47 21.823930 17.074130
g834 g837 0.499980 0.499980
g834 g887 8.335240 8.335240
g834 g889 8.850420 7.558330
g834 g741 21.915610 18.920190
g834 OUTPUT 0.000000 0.000000
g834 OUTPUT 6.453110 4.753600
g834 OUTPUT 10.089540 10.089540
g834 OUTPUT 19.697900 16.702480
g837 g6 11.034360 9.279980
g837 g47 21.445350 16.423250
g837 g840 0.499980 0.499980
g837 g887 8.494460 8.494460
g837 g889 9.009640 7.717550
g837 g741 21.537030 18.269310
g837 OUTPUT 0.000000 0.000000
g837 OUTPUT 6.588340 4.919980
g837 OUTPUT 8.908330 8.908330
g837 OUTPUT 19.319320 16.051600
g840 g5 11.735200 9.560450
g840 g47 21.751730 16.427230
g840 g843 0.499980 0.499980
g840 g887 7.420870 7.420870
g840 g889 7.936050 6.643960
g840 g741 21.843410 18.273290
g840 OUTPUT 0.000000 0.000000
g840 OUTPUT 6.409900 4.059980
g840 OUTPUT 9.757600 9.757600
g840 OUTPUT 19.625700 16.055580
g843 g4 11.735200 9.560450
g843 g47 21.977350 17.081560
g843 g846 0.499980 0.499980
g843 g887 7.860870 7.860870
g843 g889 8.376050 7.083960
g843 g741 22.069030 18.927620
g843 OUTPUT 0.000000 0.000000
g843 OUTPUT 6.161100 4.271280
g843 OUTPUT 9.757600 9.757600
g843 OUTPUT 19.851320 16.709910
g846 g2 11.868700 10.114320
g846 g47 22.109870 16.914080
g846 g849 0.499980 0.499980
g846 g887 8.121590 8.121590
g846 g889 8.636770 7.344680
g846 g741 22.201550 18.760140
g846 OUTPUT 0.000000 0.000000
g846 OUTPUT 6.892410 4.704040
g846 OUTPUT 9.742670 9.742670
g846 OUTPUT 19.983840 16.542430
g849 g3 11.967260 10.212880
g849 g47 22.581350 17.304020
g849 g852 0.499980 0.499980
g849 g887 8.280870 8.280870
g849 g889 8.796050 7.503960
g849 g741 22.673030 19.150080
g849 OUTPUT 7.058790 5.400390
g849 OUTPUT 9.841230 9.841230
g849 OUTPUT 20.455320 16.932370
g852 g48 11.539580 9.785200
g852 g47 21.983670 16.403940
g852 g741 22.075350 18.250000
g852 OUTPUT 6.880350 5.601780
g852 OUTPUT 9.413550 9.413550
g852 OUTPUT 19.857640 16.032290
g890 g878 0.499980 0.499980
g878 g926 0.499980 0.499980
g878 g875 1.983110 1.983110
g878 g866 1.197620 1.197620
g878 g888 3.253320 3.253320
g878 OUTPUT 0.000000 0.000000
g926 g891 0.499980 0.499980
g926 g887 3.726560 2.707450
g926 g889 5.693290 2.041150
g875 g888 2.041150 2.041150
g875 g889 3.859170 3.859170
g866 g863 2.340030 2.340030
g866 g887 5.180660 5.180660
g866 g888 2.344710 2.344710
g866 g889 5.695840 4.120180
g929 g929 1.146480 1.146480
g929 g933 3.681240 1.605500
g929 g871 5.019690 4.067250
g929 g874 5.758070 5.758070
g929 g887 7.747770 6.740200
g929 g888 8.036750 8.036750
g929 g889 9.606110 8.036750
g933 g933 3.204740 2.181660
g933 g871 4.842640 3.890200
g933 g874 5.581020 5.581020
g933 g887 7.570720 6.563150
g933 g888 7.859700 7.859700
g933 g889 9.429060 7.859700
g871 g871 3.003140 1.796980
g871 g874 3.644060 3.644060
g871 g887 5.633760 4.626190
g871 g888 5.922740 5.922740
g871 g889 7.492100 5.922740
g874 g866 1.859680 1.859680
g874 g889 2.850160 2.850160
g891 g831 0.499980 0.499980
g891 g887 8.074460 8.074460
g891 g889 8.589640 7.297550
g891 OUTPUT 0.000000 0.000000
g891 OUTPUT 6.020350 4.540390
g887 g875 3.248770 3.248770
g887 g887 5.726640 1.800410
g887 g888 6.113340 2.828640
g887 g889 7.545900 2.828640
g887 OUTPUT 2.589910 2.589910
g887 OUTPUT 4.240030 4.240030
g888 g875 3.524230 3.524230
g888 g887 5.513860 3.987000
g888 g888 5.910360 2.588640
g888 g889 7.333120 2.588640
g888 OUTPUT 0.000000 0.000000
g888 OUTPUT 2.185370 2.185370
g888 OUTPUT 4.027250 4.027250
g889 g875 2.207900 2.207900
g889 g887 5.708220 3.822040
g889 g888 5.089720 3.096540
g889 g889 7.527480 3.096540
g889 OUTPUT 2.601420 2.601420
g889 OUTPUT 4.221610 4.221610
g741 g3 10.234200 8.479820
g741 g47 20.848290 15.570960
g741 g741 20.939970 2.161030
g741 OUTPUT 8.108170 8.108170
g741 OUTPUT 18.722260 15.199310
g746 g48 10.135640 8.381260
g746 g47 20.579730 15.000000
g746 g741 20.671410 16.846060
g746 g746 3.726140 3.208220
g746 OUTPUT 8.009610 8.009610
g746 OUTPUT 18.453700 14.628350
