Network ../DATA/s15850.bench
latch latch max_delay min_delay
INPUT latch max_delay min_delay
latch OUTPUT max_delay min_delay
INPUT g253 10.366440 2.643400
INPUT g256 10.366440 2.643400
INPUT g257 10.366440 2.643400
INPUT g258 10.366440 2.643400
INPUT g259 10.366440 2.643400
INPUT g260 10.366440 2.643400
INPUT g261 10.366440 2.643400
INPUT g262 10.366440 2.643400
INPUT g254 10.366440 2.643400
INPUT g255 10.366440 2.643400
INPUT g139 13.669770 4.810190
INPUT g135 13.669770 4.810190
INPUT g131 13.669770 4.810190
INPUT g127 13.669770 4.810190
INPUT g170 13.669770 4.810190
INPUT g174 13.669770 4.810190
INPUT g162 13.669770 4.810190
INPUT g158 13.669770 4.810190
INPUT g153 13.669770 4.810190
INPUT g148 13.669770 4.810190
INPUT g263 14.456570 14.097450
INPUT g266 14.456570 14.097450
INPUT g269 14.456570 14.097450
INPUT g272 14.456570 14.097450
INPUT g275 14.456570 14.097450
INPUT g278 14.456570 14.097450
INPUT g281 14.456570 14.097450
INPUT g284 14.456570 14.097450
INPUT g287 14.456570 14.097450
INPUT g290 14.456570 14.097450
INPUT g293 14.456570 14.097450
INPUT g296 14.456570 14.097450
INPUT g299 14.456570 14.097450
INPUT g302 14.456570 14.097450
INPUT g123 4.861810 4.861810
INPUT g119 3.314640 3.314640
INPUT g611 9.683460 9.683460
INPUT g617 9.683460 9.683460
INPUT g591 9.683460 9.683460
INPUT g599 9.683460 9.683460
INPUT g605 15.463560 9.603460
INPUT g1834 9.683460 9.683460
INPUT g1840 9.683460 9.683460
INPUT g1814 9.683460 9.683460
INPUT g1822 9.683460 9.683460
INPUT g1828 13.809670 9.683460
INPUT g1618 18.141990 8.995130
INPUT g1615 11.825760 4.100720
INPUT g1621 11.825760 4.100720
INPUT g1624 11.825760 4.100720
INPUT g1627 11.825760 4.100720
INPUT g1630 11.825760 4.100720
INPUT g1633 11.825760 4.100720
INPUT g1636 11.825760 4.100720
INPUT g1448 13.511800 5.421530
INPUT g1444 13.651470 4.789890
INPUT g1440 13.651470 4.789890
INPUT g1436 13.651470 4.789890
INPUT g1432 13.651470 4.789890
INPUT g1403 13.651470 4.789890
INPUT g1428 13.651470 4.789890
INPUT g1407 13.651470 4.789890
INPUT g1462 13.585590 4.716810
INPUT g1466 13.677090 4.818310
INPUT g1470 13.669770 4.810190
INPUT g1474 13.669770 4.810190
INPUT g1478 13.585590 4.716810
INPUT g1482 13.677090 4.818310
INPUT g1486 13.585590 4.716810
INPUT g1490 13.585590 4.716810
INPUT g1494 13.677090 4.818310
INPUT g1499 13.585590 4.716810
INPUT g4 5.678580 5.678580
INPUT g12 3.981310 3.981310
INPUT g1 5.678580 5.678580
INPUT g9 3.981310 3.981310
INPUT g1524 14.127410 10.631850
INPUT g1528 14.127410 10.631850
INPUT g1531 14.127410 10.631850
INPUT g1534 14.127410 10.631850
INPUT g1537 14.127410 10.631850
INPUT g1540 14.127410 10.631850
INPUT g1543 14.127410 10.631850
INPUT g1546 14.127410 10.631850
INPUT g1549 14.127410 10.631850
INPUT g1552 14.127410 10.631850
INPUT g1555 14.127410 10.631850
INPUT g1558 14.127410 10.631850
INPUT g1561 14.127410 10.631850
INPUT g1564 14.127410 10.631850
INPUT g1567 14.127410 10.631850
INPUT g1571 14.127410 10.631850
INPUT g1574 14.127410 10.631850
INPUT g1577 14.127410 10.631850
INPUT g1580 14.127410 10.631850
INPUT g1583 14.127410 10.631850
INPUT g1586 14.127410 10.631850
INPUT g1589 14.127410 10.631850
INPUT g1592 14.127410 10.631850
INPUT g1595 14.127410 10.631850
INPUT g1598 14.127410 10.631850
INPUT g1601 14.127410 10.631850
INPUT g1604 14.127410 10.631850
INPUT g1607 14.127410 10.631850
INPUT g1654 13.924480 6.201440
INPUT g1657 14.356140 6.633100
INPUT g1660 12.908660 5.186420
INPUT g1663 13.695010 5.962770
INPUT g1672 13.570540 5.838300
INPUT g1675 12.859260 5.137020
INPUT g1678 13.570540 5.838300
INPUT g1681 13.570540 5.838300
INPUT g1684 12.859260 5.137020
INPUT g1687 13.570540 5.838300
INPUT g546 13.570540 5.838300
INPUT g554 12.859260 5.137020
INPUT g557 13.570540 5.838300
INPUT g560 13.570540 5.838300
INPUT g563 12.859260 5.137020
INPUT g566 13.570540 5.838300
INPUT g569 13.812200 6.089160
INPUT g572 14.243860 6.520820
INPUT g575 12.880380 5.158140
INPUT g549 13.582730 5.850490
INPUT OUTPUT 0.000000 0.000000
INPUT OUTPUT 0.000000 0.000000
INPUT g971 45.134450 2.533020
INPUT g976 45.214450 2.533020
INPUT g981 45.214450 2.533020
INPUT g986 45.214450 2.533020
INPUT g944 49.992750 8.549660
INPUT g947 49.992750 8.549660
INPUT g950 49.992750 8.549660
INPUT g953 49.992750 8.549660
INPUT g956 49.992750 8.549660
INPUT g959 49.992750 8.549660
INPUT g962 49.992750 8.549660
INPUT g965 49.992750 8.549660
INPUT g968 49.992750 8.549660
INPUT g928 6.410470 2.533020
INPUT g932 6.410470 2.533020
INPUT g936 6.410470 2.533020
INPUT g940 6.410470 2.533020
INPUT g757 43.183390 38.100510
INPUT g758 5.866120 5.866120
INPUT g762 5.946120 5.946120
INPUT g766 5.946120 5.946120
INPUT g770 5.946120 5.946120
INPUT g774 5.946120 5.946120
INPUT g778 5.946120 5.946120
INPUT g782 5.946120 5.946120
INPUT g786 5.946120 5.946120
INPUT g790 5.946120 5.946120
INPUT g794 6.636430 6.630310
INPUT g798 6.636430 6.630310
INPUT g802 6.311020 6.311020
INPUT g806 6.311020 6.311020
INPUT g810 6.311020 6.311020
INPUT g814 6.311020 6.311020
INPUT g818 6.311020 6.311020
INPUT g822 6.311020 6.311020
INPUT g826 6.311020 6.311020
INPUT g143 29.186460 29.186460
INPUT g166 28.936460 28.936460
INPUT g139 29.186460 29.186460
INPUT g135 29.186460 29.186460
INPUT g131 29.186460 29.186460
INPUT g127 29.186460 29.186460
INPUT g170 29.186460 29.186460
INPUT g174 29.186460 29.186460
INPUT g162 29.186460 29.186460
INPUT g158 29.186460 29.186460
INPUT g153 29.186460 29.186460
INPUT g148 29.186460 29.186460
INPUT g178 28.936460 28.936460
INPUT g182 28.936460 28.936460
INPUT g263 7.547230 7.188110
INPUT g266 7.547230 7.188110
INPUT g269 7.547230 7.188110
INPUT g272 7.547230 7.188110
INPUT g275 7.547230 7.188110
INPUT g278 7.547230 7.188110
INPUT g281 7.547230 7.188110
INPUT g284 7.547230 7.188110
INPUT g287 7.547230 7.188110
INPUT g290 7.547230 7.188110
INPUT g293 7.547230 7.188110
INPUT g296 7.547230 7.188110
INPUT g299 7.547230 7.188110
INPUT g302 7.547230 7.188110
INPUT g123 29.106460 29.106460
INPUT g119 29.186460 29.186460
INPUT g481 39.535520 29.824530
INPUT g486 39.535520 29.824530
INPUT g491 39.535520 29.824530
INPUT g496 39.535520 29.824530
INPUT g501 39.535520 29.824530
INPUT g506 39.535520 29.824530
INPUT g511 39.535520 29.824530
INPUT g516 39.535520 29.824530
INPUT g476 39.535520 29.824530
INPUT g542 39.535520 29.824530
INPUT g538 39.535520 29.824530
INPUT g534 39.535520 29.824530
INPUT g530 39.535520 29.824530
INPUT g525 39.535520 29.824530
INPUT g521 39.535520 29.824530
INPUT g456 42.336950 3.418420
INPUT g461 42.416950 3.418420
INPUT g466 42.416950 3.418420
INPUT g471 42.416950 3.418420
INPUT g426 39.535520 29.824530
INPUT g386 39.535520 29.824530
INPUT g391 39.535520 29.824530
INPUT g396 39.535520 29.824530
INPUT g401 39.535520 29.824530
INPUT g406 39.535520 29.824530
INPUT g411 39.535520 29.824530
INPUT g416 39.535520 29.824530
INPUT g421 39.535520 29.824530
INPUT g452 39.535520 29.824530
INPUT g448 39.535520 29.824530
INPUT g444 39.535520 29.824530
INPUT g440 39.535520 29.824530
INPUT g435 39.535520 29.824530
INPUT g431 39.535520 29.824530
INPUT g369 44.153050 3.418420
INPUT g374 44.233050 3.418420
INPUT g378 44.233050 3.418420
INPUT g382 44.233050 3.418420
INPUT g336 55.105530 6.619350
INPUT g348 41.203030 35.867430
INPUT g351 41.190730 35.843790
INPUT g354 41.203030 35.867430
INPUT g357 41.190730 35.843790
INPUT g360 41.203030 35.867430
INPUT g363 41.190730 35.843790
INPUT g366 41.203030 35.867430
INPUT g342 41.190730 35.843790
INPUT g339 41.203030 35.867430
INPUT g345 58.103260 37.962240
INPUT g113 3.647970 3.624670
INPUT g1854 9.669230 8.619490
INPUT g1736 29.311380 29.311380
INPUT g1648 4.911140 4.911140
INPUT g1651 4.800440 4.800440
INPUT g1642 4.775840 4.775840
INPUT g1645 4.812740 4.812740
INPUT g1811 5.341580 4.488980
INPUT g1721 3.294320 3.294320
INPUT g1724 3.183620 3.183620
INPUT g1727 3.159020 3.159020
INPUT g1730 3.195920 3.195920
INPUT g1733 3.603580 3.603580
INPUT g108 15.175380 12.853180
INPUT g1336 17.456420 2.533020
INPUT g1341 17.456420 2.533020
INPUT g1346 17.456420 2.533020
INPUT g1351 17.456420 2.533020
INPUT g1275 29.939280 7.988860
INPUT g1235 29.939280 29.939280
INPUT g1240 29.939280 29.939280
INPUT g1245 29.939280 29.939280
INPUT g1250 29.939280 29.939280
INPUT g1255 29.939280 29.939280
INPUT g1260 29.939280 29.939280
INPUT g1265 29.939280 29.939280
INPUT g1270 29.939280 29.939280
INPUT g1304 29.939280 29.939280
INPUT g1300 29.939280 29.939280
INPUT g1296 29.939280 29.939280
INPUT g1292 29.939280 29.939280
INPUT g1284 29.939280 29.939280
INPUT g1280 29.939280 29.939280
INPUT g1218 3.418420 3.418420
INPUT g1223 3.418420 3.418420
INPUT g1227 3.418420 3.418420
INPUT g1231 3.418420 3.418420
INPUT g1356 4.017070 3.647970
INPUT g1314 20.621790 17.940470
INPUT g1318 20.621790 17.940470
INPUT g1321 20.621790 17.940470
INPUT g1324 20.621790 17.940470
INPUT g1327 20.621790 17.940470
INPUT g1330 20.621790 17.940470
INPUT g1333 20.621790 17.940470
INPUT g1308 20.621790 17.940470
INPUT g1311 20.621790 17.940470
INPUT g105 6.677760 6.677760
INPUT g1117 28.936460 28.936460
INPUT g1121 28.936460 28.936460
INPUT g1125 28.936460 28.936460
INPUT g1129 28.936460 28.936460
INPUT g1133 28.936460 28.936460
INPUT g1137 28.936460 28.936460
INPUT g1141 28.936460 28.936460
INPUT g1145 28.936460 28.936460
INPUT g1113 28.936460 28.936460
INPUT g1166 28.936460 28.936460
INPUT g1163 28.936460 28.936460
INPUT g1160 28.936460 28.936460
INPUT g1157 28.936460 28.936460
INPUT g1153 28.936460 28.936460
INPUT g1149 28.936460 28.936460
INPUT g1101 3.135520 3.135520
INPUT g1104 2.965520 2.965520
INPUT g1107 2.965520 2.965520
INPUT g1110 2.965520 2.965520
INPUT g1618 14.757850 12.132410
INPUT g1448 29.186460 8.558810
INPUT g1444 29.186460 29.186460
INPUT g1440 29.186460 29.186460
INPUT g1436 29.186460 29.186460
INPUT g1432 29.186460 29.186460
INPUT g1403 29.186460 29.186460
INPUT g1428 29.186460 29.186460
INPUT g1407 29.186460 29.186460
INPUT g1424 28.936460 28.936460
INPUT g1411 28.936460 28.936460
INPUT g1419 28.936460 28.936460
INPUT g1515 28.936460 28.936460
INPUT g1520 28.936460 28.936460
INPUT g1415 28.936460 28.936460
INPUT g1453 29.186460 29.186460
INPUT g1458 28.936460 28.936460
INPUT g1462 29.186460 29.186460
INPUT g1466 29.186460 29.186460
INPUT g1470 29.186460 29.186460
INPUT g1474 29.186460 29.186460
INPUT g1478 29.186460 29.186460
INPUT g1482 29.186460 29.186460
INPUT g1486 29.186460 29.186460
INPUT g1490 29.186460 29.186460
INPUT g1494 29.186460 29.186460
INPUT g1499 29.186460 29.186460
INPUT g1504 28.936460 28.936460
INPUT g1508 28.936460 28.936460
INPUT g1393 28.936460 28.936460
INPUT g1394 1.936470 1.936470
INPUT g115 29.587860 29.587860
INPUT g201 29.186460 29.186460
INPUT g1374 28.936460 28.936460
INPUT g197 28.936460 28.936460
INPUT g1389 28.936460 28.936460
INPUT g192 28.936460 28.936460
INPUT g1397 28.936460 28.936460
INPUT g248 28.936460 28.936460
INPUT g1400 28.936460 28.936460
INPUT g243 28.936460 28.936460
INPUT g1362 28.936460 28.936460
INPUT g237 28.936460 28.936460
INPUT g1365 28.936460 28.936460
INPUT g231 28.936460 28.936460
INPUT g1368 28.936460 28.936460
INPUT g225 28.936460 28.936460
INPUT g1371 28.936460 28.936460
INPUT g219 28.936460 28.936460
INPUT g1377 28.936460 28.936460
INPUT g213 28.936460 28.936460
INPUT g1380 28.936460 28.936460
INPUT g207 28.936460 28.936460
INPUT g1383 28.936460 28.936460
INPUT g186 28.936460 28.936460
INPUT g1386 28.936460 28.936460
INPUT g4 29.106460 29.106460
INPUT g12 29.186460 29.186460
INPUT g1 29.106460 29.106460
INPUT g9 29.186460 29.186460
INPUT g1524 38.553840 35.058280
INPUT g1528 38.553840 35.058280
INPUT g1531 38.553840 35.058280
INPUT g1534 38.553840 35.058280
INPUT g1537 38.553840 35.058280
INPUT g1540 38.553840 35.058280
INPUT g1543 38.553840 35.058280
INPUT g1546 38.553840 35.058280
INPUT g1549 38.553840 35.058280
INPUT g1552 38.553840 35.058280
INPUT g1555 38.553840 35.058280
INPUT g1558 38.553840 35.058280
INPUT g1561 38.553840 35.058280
INPUT g1564 38.553840 35.058280
INPUT g1567 38.553840 35.058280
INPUT g1571 38.553840 35.058280
INPUT g1574 38.553840 35.058280
INPUT g1577 38.553840 35.058280
INPUT g1580 38.553840 35.058280
INPUT g1583 38.553840 35.058280
INPUT g1586 38.553840 35.058280
INPUT g1589 38.553840 35.058280
INPUT g1592 38.553840 35.058280
INPUT g1595 38.553840 35.058280
INPUT g1598 38.553840 35.058280
INPUT g1601 38.553840 35.058280
INPUT g1604 38.553840 35.058280
INPUT g1607 38.553840 35.058280
INPUT g1654 32.318570 32.318570
INPUT g1657 4.980660 4.980660
INPUT g1660 32.929150 32.929150
INPUT g1663 5.270210 5.270210
INPUT g1666 3.405150 3.405150
INPUT g1669 30.862900 30.862900
INPUT g1672 4.638820 4.638820
INPUT g1675 32.879030 32.879030
INPUT g1678 4.638820 4.638820
INPUT g1681 4.638820 4.638820
INPUT g1684 4.662430 4.662430
INPUT g1687 32.367520 32.367520
INPUT g546 4.638820 4.638820
INPUT g554 32.879030 32.879030
INPUT g557 4.638820 4.638820
INPUT g560 4.638820 4.638820
INPUT g563 4.662430 4.662430
INPUT g566 32.367520 32.367520
INPUT g569 32.206290 32.206290
INPUT g572 4.868380 4.868380
INPUT g575 32.900870 32.900870
INPUT g549 5.157930 5.157930
INPUT OUTPUT 1.753580 1.753580
INPUT OUTPUT 1.753580 1.753580
INPUT OUTPUT 31.864950 2.899530
INPUT OUTPUT 36.260190 4.670550
INPUT OUTPUT 33.431000 3.097190
INPUT OUTPUT 1.625090 1.625090
INPUT OUTPUT 1.503370 1.503370
INPUT OUTPUT 1.625090 1.625090
INPUT OUTPUT 1.503370 1.503370
INPUT OUTPUT 0.000000 0.000000
INPUT OUTPUT 0.000000 0.000000
INPUT OUTPUT 0.000000 0.000000
INPUT OUTPUT 0.000000 0.000000
INPUT OUTPUT 2.390580 2.390580
INPUT OUTPUT 2.588240 2.588240
INPUT g928 6.232260 6.232260
INPUT g932 6.232260 6.232260
INPUT g936 6.232260 6.232260
INPUT g940 6.232260 6.232260
INPUT g113 3.469760 3.469760
INPUT OUTPUT 3.543630 3.543630
INPUT OUTPUT 3.741290 3.741290
INPUT OUTPUT 0.000000 0.000000
INPUT OUTPUT 0.000000 0.000000
g30 g30 0.499980 0.499980
g30 g32 50.448170 7.901200
g30 g33 34.789940 7.901200
g30 g34 34.098520 7.901200
g30 g35 34.109380 7.901200
g30 g36 34.304860 7.901200
g30 g37 32.824280 7.901200
g30 g38 34.096910 7.901200
g30 g39 37.596580 7.901200
g30 g40 33.425630 7.901200
g30 g971 77.197220 57.291670
g30 g976 77.277220 57.291670
g30 g981 77.277220 57.291670
g30 g986 77.277220 57.291670
g30 g944 82.055520 61.270010
g30 g947 82.055520 61.270010
g30 g950 82.055520 61.270010
g30 g953 82.055520 61.270010
g30 g956 82.055520 61.270010
g30 g959 82.055520 61.270010
g30 g962 82.055520 61.270010
g30 g965 82.055520 61.270010
g30 g968 82.055520 61.270010
g30 g757 75.246160 56.083530
g30 g874 9.198110 9.198110
g30 g875 9.198110 9.198110
g30 g481 71.598290 52.152410
g30 g486 71.598290 52.331350
g30 g491 71.598290 52.331350
g30 g496 71.598290 52.331350
g30 g501 71.598290 52.331350
g30 g506 71.598290 52.331350
g30 g511 71.598290 52.331350
g30 g516 71.598290 52.331350
g30 g476 71.598290 52.331350
g30 g542 71.598290 52.331350
g30 g538 71.598290 52.331350
g30 g534 71.598290 52.331350
g30 g530 71.598290 52.331350
g30 g525 71.598290 52.331350
g30 g521 71.598290 52.331350
g30 g456 74.399720 54.494170
g30 g461 74.479720 54.494170
g30 g466 74.479720 54.494170
g30 g471 74.479720 54.494170
g30 g426 71.598290 52.152410
g30 g386 71.598290 52.331350
g30 g391 71.598290 52.331350
g30 g396 71.598290 52.331350
g30 g401 71.598290 52.331350
g30 g406 71.598290 52.331350
g30 g411 71.598290 52.331350
g30 g416 71.598290 52.331350
g30 g421 71.598290 52.331350
g30 g452 71.598290 52.331350
g30 g448 71.598290 52.331350
g30 g444 71.598290 52.331350
g30 g440 71.598290 52.331350
g30 g435 71.598290 52.331350
g30 g431 71.598290 52.331350
g30 g369 76.215820 56.310270
g30 g374 76.295820 56.310270
g30 g378 76.295820 56.310270
g30 g382 76.295820 56.310270
g30 g336 87.168300 15.192940
g30 g348 73.265800 53.850450
g30 g351 73.253500 53.826810
g30 g354 73.265800 53.850450
g30 g357 73.253500 53.826810
g30 g360 73.265800 53.850450
g30 g363 73.253500 53.826810
g30 g366 73.265800 53.850450
g30 g342 73.253500 53.826810
g30 g339 73.265800 53.850450
g30 g345 90.166030 55.945260
g30 g1854 39.891430 22.290770
g30 g1857 38.798370 21.125660
g30 g1648 35.495690 23.459540
g30 g1651 34.693840 22.705460
g30 g1642 34.680160 22.691780
g30 g1645 34.912450 22.924070
g30 g1811 35.926130 14.462410
g30 g1721 33.878870 21.842720
g30 g1724 33.077020 21.088640
g30 g1727 33.063340 21.074960
g30 g1730 33.295630 21.307250
g30 g1733 33.825780 21.837400
g30 g108 48.606450 21.426770
g30 g1336 50.887490 23.063770
g30 g1341 50.887490 23.063770
g30 g1346 50.887490 23.063770
g30 g1351 50.887490 23.063770
g30 g1360 9.198110 9.198110
g30 g1217 9.198110 9.198110
g30 g1275 41.786050 16.562450
g30 g1314 54.052860 26.514060
g30 g1318 54.052860 26.514060
g30 g1321 54.052860 26.514060
g30 g1324 54.052860 26.514060
g30 g1327 54.052860 26.514060
g30 g1330 54.052860 26.514060
g30 g1333 54.052860 26.514060
g30 g1308 54.052860 26.514060
g30 g1311 54.052860 26.514060
g30 g105 40.108830 15.251350
g30 g1618 44.913610 20.785520
g30 g1448 40.283420 17.211920
g30 g1654 37.614960 19.942250
g30 g1657 33.922900 22.256910
g30 g1660 35.418810 23.382660
g30 g1663 34.885400 22.897020
g30 g1666 33.031090 21.042710
g30 g1669 32.867660 20.879280
g30 g1672 35.225320 23.189170
g30 g1675 34.677270 22.688890
g30 g1678 34.544760 22.556380
g30 g1681 34.740240 22.751860
g30 g1684 34.537200 22.548820
g30 g1687 34.173240 22.933240
g30 g546 35.225320 23.189170
g30 g554 34.677270 22.688890
g30 g557 34.544760 22.556380
g30 g560 34.740240 22.751860
g30 g563 34.537200 22.548820
g30 g566 34.173240 22.933240
g30 g569 37.502680 19.829970
g30 g572 33.810620 22.144630
g30 g575 35.390530 23.354380
g30 g549 34.773120 22.784740
g30 OUTPUT 6.769980 3.763270
g30 OUTPUT 7.536930 3.494980
g30 OUTPUT 35.618980 11.442620
g30 OUTPUT 31.448030 11.442620
g30 OUTPUT 32.812340 11.442620
g30 OUTPUT 32.120920 11.442620
g30 OUTPUT 32.131780 11.442620
g30 OUTPUT 32.327260 11.442620
g30 OUTPUT 30.846680 11.442620
g30 OUTPUT 32.119310 11.442620
g30 OUTPUT 34.718290 20.584030
g30 OUTPUT 48.470570 7.275990
g30 OUTPUT 51.510540 21.630480
g30 OUTPUT 37.956410 20.283700
g31 g31 0.499980 0.499980
g31 g32 58.667130 5.896540
g31 g33 43.008900 15.626860
g31 g34 42.317480 15.408360
g31 g35 42.328340 15.419220
g31 g36 42.523820 15.614700
g31 g37 41.043240 14.134120
g31 g38 42.315870 15.406060
g31 g39 45.815540 14.544010
g31 g40 41.644590 14.667250
g31 g971 85.416180 53.379820
g31 g976 85.496180 53.379820
g31 g981 85.496180 53.379820
g31 g986 85.496180 53.379820
g31 g944 90.274480 57.358160
g31 g947 90.274480 57.358160
g31 g950 90.274480 57.358160
g31 g953 90.274480 57.358160
g31 g956 90.274480 57.358160
g31 g959 90.274480 57.358160
g31 g962 90.274480 57.358160
g31 g965 90.274480 57.358160
g31 g968 90.274480 57.358160
g31 g757 83.465120 52.171680
g31 g874 17.417070 17.417070
g31 g875 17.417070 17.417070
g31 g481 79.817250 48.240560
g31 g486 79.817250 48.419500
g31 g491 79.817250 48.419500
g31 g496 79.817250 48.419500
g31 g501 79.817250 48.419500
g31 g506 79.817250 48.419500
g31 g511 79.817250 48.419500
g31 g516 79.817250 48.419500
g31 g476 79.817250 48.419500
g31 g542 79.817250 48.419500
g31 g538 79.817250 48.419500
g31 g534 79.817250 48.419500
g31 g530 79.817250 48.419500
g31 g525 79.817250 48.419500
g31 g521 79.817250 48.419500
g31 g456 82.618680 50.582320
g31 g461 82.698680 50.582320
g31 g466 82.698680 50.582320
g31 g471 82.698680 50.582320
g31 g426 79.817250 48.240560
g31 g386 79.817250 48.419500
g31 g391 79.817250 48.419500
g31 g396 79.817250 48.419500
g31 g401 79.817250 48.419500
g31 g406 79.817250 48.419500
g31 g411 79.817250 48.419500
g31 g416 79.817250 48.419500
g31 g421 79.817250 48.419500
g31 g452 79.817250 48.419500
g31 g448 79.817250 48.419500
g31 g444 79.817250 48.419500
g31 g440 79.817250 48.419500
g31 g435 79.817250 48.419500
g31 g431 79.817250 48.419500
g31 g369 84.434780 52.398420
g31 g374 84.514780 52.398420
g31 g378 84.514780 52.398420
g31 g382 84.514780 52.398420
g31 g336 95.387260 19.134980
g31 g348 81.484760 49.938600
g31 g351 81.472460 49.914960
g31 g354 81.484760 49.938600
g31 g357 81.472460 49.914960
g31 g360 81.484760 49.938600
g31 g363 81.472460 49.914960
g31 g366 81.484760 49.938600
g31 g342 81.472460 49.914960
g31 g339 81.484760 49.938600
g31 g345 98.384990 52.033410
g31 g1854 48.110390 17.811510
g31 g1857 47.017330 17.920550
g31 g1648 43.714650 18.980280
g31 g1651 42.912800 18.178430
g31 g1642 42.899120 18.164750
g31 g1645 43.131410 18.397040
g31 g1811 44.145090 17.949980
g31 g1721 42.097830 17.363460
g31 g1724 41.295980 16.561610
g31 g1727 41.282300 16.547930
g31 g1730 41.514590 16.780220
g31 g1733 42.044740 17.310370
g31 g108 56.825410 25.368810
g31 g1336 59.106450 27.005810
g31 g1341 59.106450 27.005810
g31 g1346 59.106450 27.005810
g31 g1351 59.106450 27.005810
g31 g1360 17.417070 17.417070
g31 g1217 17.417070 17.417070
g31 g1275 50.005010 20.504490
g31 g1314 62.271820 30.456100
g31 g1318 62.271820 30.456100
g31 g1321 62.271820 30.456100
g31 g1324 62.271820 30.456100
g31 g1327 62.271820 30.456100
g31 g1330 62.271820 30.456100
g31 g1333 62.271820 30.456100
g31 g1308 62.271820 30.456100
g31 g1311 62.271820 30.456100
g31 g105 48.327790 19.193390
g31 g1618 53.132570 25.510090
g31 g1448 48.502380 21.936490
g31 g1654 45.833920 16.737140
g31 g1657 42.141860 17.339270
g31 g1660 43.637770 18.903400
g31 g1663 43.104360 18.369990
g31 g1666 41.250050 16.515680
g31 g1669 41.086620 16.352250
g31 g1672 43.444280 18.709910
g31 g1675 42.896230 18.161860
g31 g1678 42.763720 18.029350
g31 g1681 42.959200 18.224830
g31 g1684 42.756160 18.021790
g31 g1687 42.392200 17.657140
g31 g546 43.444280 18.709910
g31 g554 42.896230 18.161860
g31 g557 42.763720 18.029350
g31 g560 42.959200 18.224830
g31 g563 42.756160 18.021790
g31 g566 42.392200 17.657140
g31 g569 45.721640 16.624860
g31 g572 42.029580 17.226990
g31 g575 43.609490 18.875120
g31 g549 42.992080 18.257710
g31 OUTPUT 14.988940 3.805130
g31 OUTPUT 15.755890 3.536840
g31 OUTPUT 43.837940 14.741160
g31 OUTPUT 39.666990 14.864400
g31 OUTPUT 41.031300 16.296930
g31 OUTPUT 40.339880 15.605510
g31 OUTPUT 40.350740 15.616370
g31 OUTPUT 40.546220 15.811850
g31 OUTPUT 39.065640 14.331270
g31 OUTPUT 40.338270 15.603210
g31 OUTPUT 42.937250 16.057000
g31 OUTPUT 56.689530 6.057040
g31 OUTPUT 59.729500 7.639750
g31 OUTPUT 46.175370 15.964470
g32 g32 8.967540 5.779700
g32 OUTPUT 6.989940 5.940200
g32 OUTPUT 10.029910 7.522910
g33 g32 23.712100 16.741980
g33 g33 10.657410 8.482660
g33 g971 51.118050 45.762700
g33 g976 51.198050 45.762700
g33 g981 51.198050 45.762700
g33 g986 51.198050 45.762700
g33 g944 55.976350 49.741040
g33 g947 55.976350 49.741040
g33 g950 55.976350 49.741040
g33 g953 55.976350 49.741040
g33 g956 55.976350 49.741040
g33 g959 55.976350 49.741040
g33 g962 55.976350 49.741040
g33 g965 55.976350 49.741040
g33 g968 55.976350 49.741040
g33 g757 49.166990 44.554560
g33 g481 45.519120 40.623440
g33 g486 45.519120 40.802380
g33 g491 45.519120 40.802380
g33 g496 45.519120 40.802380
g33 g501 45.519120 40.802380
g33 g506 45.519120 40.802380
g33 g511 45.519120 40.802380
g33 g516 45.519120 40.802380
g33 g476 45.519120 40.802380
g33 g542 45.519120 40.802380
g33 g538 45.519120 40.802380
g33 g534 45.519120 40.802380
g33 g530 45.519120 40.802380
g33 g525 45.519120 40.802380
g33 g521 45.519120 40.802380
g33 g456 48.320550 42.965200
g33 g461 48.400550 42.965200
g33 g466 48.400550 42.965200
g33 g471 48.400550 42.965200
g33 g426 45.519120 40.623440
g33 g386 45.519120 40.802380
g33 g391 45.519120 40.802380
g33 g396 45.519120 40.802380
g33 g401 45.519120 40.802380
g33 g406 45.519120 40.802380
g33 g411 45.519120 40.802380
g33 g416 45.519120 40.802380
g33 g421 45.519120 40.802380
g33 g452 45.519120 40.802380
g33 g448 45.519120 40.802380
g33 g444 45.519120 40.802380
g33 g440 45.519120 40.802380
g33 g435 45.519120 40.802380
g33 g431 45.519120 40.802380
g33 g369 50.136650 44.781300
g33 g374 50.216650 44.781300
g33 g378 50.216650 44.781300
g33 g382 50.216650 44.781300
g33 g336 61.089130 44.128350
g33 g348 47.186630 42.321480
g33 g351 47.174330 42.297840
g33 g354 47.186630 42.321480
g33 g357 47.174330 42.297840
g33 g360 47.186630 42.321480
g33 g363 47.174330 42.297840
g33 g366 47.186630 42.321480
g33 g342 47.174330 42.297840
g33 g339 47.186630 42.321480
g33 g345 64.086860 44.416290
g33 g1854 10.194390 10.194390
g33 g1857 11.279200 11.279200
g33 g1648 11.363160 11.363160
g33 g1811 11.793600 11.793600
g33 g1721 9.746340 9.746340
g33 g1660 11.286280 11.286280
g33 g1672 11.092790 11.092790
g33 g546 11.092790 11.092790
g33 g575 11.258000 11.258000
g33 OUTPUT 8.679810 8.679810
g33 OUTPUT 9.355640 9.355640
g33 OUTPUT 21.734500 16.902480
g33 OUTPUT 24.774470 18.485190
g33 OUTPUT 9.553300 9.553300
g34 g32 22.842120 16.253540
g34 g34 9.965990 7.791240
g34 g971 50.897080 48.674200
g34 g976 50.977080 48.674200
g34 g981 50.977080 48.674200
g34 g986 50.977080 48.674200
g34 g944 55.755380 52.652540
g34 g947 55.755380 52.652540
g34 g950 55.755380 52.652540
g34 g953 55.755380 52.652540
g34 g956 55.755380 52.652540
g34 g959 55.755380 52.652540
g34 g962 55.755380 52.652540
g34 g965 55.755380 52.652540
g34 g968 55.755380 52.652540
g34 g757 48.946020 47.466060
g34 g481 45.298150 43.534940
g34 g486 45.298150 43.713880
g34 g491 45.298150 43.713880
g34 g496 45.298150 43.713880
g34 g501 45.298150 43.713880
g34 g506 45.298150 43.713880
g34 g511 45.298150 43.713880
g34 g516 45.298150 43.713880
g34 g476 45.298150 43.713880
g34 g542 45.298150 43.713880
g34 g538 45.298150 43.713880
g34 g534 45.298150 43.713880
g34 g530 45.298150 43.713880
g34 g525 45.298150 43.713880
g34 g521 45.298150 43.713880
g34 g456 48.099580 45.876700
g34 g461 48.179580 45.876700
g34 g466 48.179580 45.876700
g34 g471 48.179580 45.876700
g34 g426 45.298150 43.534940
g34 g386 45.298150 43.713880
g34 g391 45.298150 43.713880
g34 g396 45.298150 43.713880
g34 g401 45.298150 43.713880
g34 g406 45.298150 43.713880
g34 g411 45.298150 43.713880
g34 g416 45.298150 43.713880
g34 g421 45.298150 43.713880
g34 g452 45.298150 43.713880
g34 g448 45.298150 43.713880
g34 g444 45.298150 43.713880
g34 g440 45.298150 43.713880
g34 g435 45.298150 43.713880
g34 g431 45.298150 43.713880
g34 g369 49.915680 47.692800
g34 g374 49.995680 47.692800
g34 g378 49.995680 47.692800
g34 g382 49.995680 47.692800
g34 g336 60.868160 47.039850
g34 g348 46.965660 45.232980
g34 g351 46.953360 45.209340
g34 g354 46.965660 45.232980
g34 g357 46.953360 45.209340
g34 g360 46.965660 45.232980
g34 g363 46.953360 45.209340
g34 g366 46.965660 45.232980
g34 g342 46.953360 45.209340
g34 g339 46.965660 45.232980
g34 g345 63.865890 47.327790
g34 g1857 10.536900 10.536900
g34 g1651 10.561310 10.561310
g34 g1811 10.957020 10.957020
g34 g1724 8.944490 8.944490
g34 g1663 10.752870 10.752870
g34 g1675 10.544740 10.544740
g34 g554 10.544740 10.544740
g34 g549 10.640590 10.640590
g34 OUTPUT 7.988390 7.988390
g34 OUTPUT 9.213790 9.213790
g34 OUTPUT 20.864520 16.414040
g34 OUTPUT 23.904490 17.996750
g34 OUTPUT 9.411450 9.411450
g35 g32 22.649880 16.239800
g35 g35 9.976850 7.802100
g35 g971 50.271250 48.038410
g35 g976 50.351250 48.038410
g35 g981 50.351250 48.038410
g35 g986 50.351250 48.038410
g35 g944 55.129550 52.016750
g35 g947 55.129550 52.016750
g35 g950 55.129550 52.016750
g35 g953 55.129550 52.016750
g35 g956 55.129550 52.016750
g35 g959 55.129550 52.016750
g35 g962 55.129550 52.016750
g35 g965 55.129550 52.016750
g35 g968 55.129550 52.016750
g35 g757 48.320190 46.830270
g35 g481 44.672320 42.899150
g35 g486 44.672320 43.078090
g35 g491 44.672320 43.078090
g35 g496 44.672320 43.078090
g35 g501 44.672320 43.078090
g35 g506 44.672320 43.078090
g35 g511 44.672320 43.078090
g35 g516 44.672320 43.078090
g35 g476 44.672320 43.078090
g35 g542 44.672320 43.078090
g35 g538 44.672320 43.078090
g35 g534 44.672320 43.078090
g35 g530 44.672320 43.078090
g35 g525 44.672320 43.078090
g35 g521 44.672320 43.078090
g35 g456 47.473750 45.240910
g35 g461 47.553750 45.240910
g35 g466 47.553750 45.240910
g35 g471 47.553750 45.240910
g35 g426 44.672320 42.899150
g35 g386 44.672320 43.078090
g35 g391 44.672320 43.078090
g35 g396 44.672320 43.078090
g35 g401 44.672320 43.078090
g35 g406 44.672320 43.078090
g35 g411 44.672320 43.078090
g35 g416 44.672320 43.078090
g35 g421 44.672320 43.078090
g35 g452 44.672320 43.078090
g35 g448 44.672320 43.078090
g35 g444 44.672320 43.078090
g35 g440 44.672320 43.078090
g35 g435 44.672320 43.078090
g35 g431 44.672320 43.078090
g35 g369 49.289850 47.057010
g35 g374 49.369850 47.057010
g35 g378 49.369850 47.057010
g35 g382 49.369850 47.057010
g35 g336 60.242330 46.404060
g35 g348 46.339830 44.597190
g35 g351 46.327530 44.573550
g35 g354 46.339830 44.597190
g35 g357 46.327530 44.573550
g35 g360 46.339830 44.597190
g35 g363 46.327530 44.573550
g35 g366 46.339830 44.597190
g35 g342 46.327530 44.573550
g35 g339 46.339830 44.597190
g35 g345 63.240060 46.692000
g35 g1857 11.063240 11.063240
g35 g1642 10.547630 10.547630
g35 g1811 10.764170 10.764170
g35 g1727 8.930810 8.930810
g35 g1666 8.898560 8.898560
g35 g1678 10.412230 10.412230
g35 g557 10.412230 10.412230
g35 OUTPUT 7.999250 7.999250
g35 OUTPUT 8.439880 8.439880
g35 OUTPUT 20.672280 16.400300
g35 OUTPUT 23.712250 17.983010
g35 OUTPUT 8.637540 8.637540
g36 g32 23.023920 16.638320
g36 g36 10.172330 7.997580
g36 g971 50.937180 48.714320
g36 g976 51.017180 48.714320
g36 g981 51.017180 48.714320
g36 g986 51.017180 48.714320
g36 g944 55.795480 52.692660
g36 g947 55.795480 52.692660
g36 g950 55.795480 52.692660
g36 g953 55.795480 52.692660
g36 g956 55.795480 52.692660
g36 g959 55.795480 52.692660
g36 g962 55.795480 52.692660
g36 g965 55.795480 52.692660
g36 g968 55.795480 52.692660
g36 g757 48.986120 47.506180
g36 g481 45.338250 43.575060
g36 g486 45.338250 43.754000
g36 g491 45.338250 43.754000
g36 g496 45.338250 43.754000
g36 g501 45.338250 43.754000
g36 g506 45.338250 43.754000
g36 g511 45.338250 43.754000
g36 g516 45.338250 43.754000
g36 g476 45.338250 43.754000
g36 g542 45.338250 43.754000
g36 g538 45.338250 43.754000
g36 g534 45.338250 43.754000
g36 g530 45.338250 43.754000
g36 g525 45.338250 43.754000
g36 g521 45.338250 43.754000
g36 g456 48.139680 45.916820
g36 g461 48.219680 45.916820
g36 g466 48.219680 45.916820
g36 g471 48.219680 45.916820
g36 g426 45.338250 43.575060
g36 g386 45.338250 43.754000
g36 g391 45.338250 43.754000
g36 g396 45.338250 43.754000
g36 g401 45.338250 43.754000
g36 g406 45.338250 43.754000
g36 g411 45.338250 43.754000
g36 g416 45.338250 43.754000
g36 g421 45.338250 43.754000
g36 g452 45.338250 43.754000
g36 g448 45.338250 43.754000
g36 g444 45.338250 43.754000
g36 g440 45.338250 43.754000
g36 g435 45.338250 43.754000
g36 g431 45.338250 43.754000
g36 g369 49.955780 47.732920
g36 g374 50.035780 47.732920
g36 g378 50.035780 47.732920
g36 g382 50.035780 47.732920
g36 g336 60.908260 47.079970
g36 g348 47.005760 45.273100
g36 g351 46.993460 45.249460
g36 g354 47.005760 45.273100
g36 g357 46.993460 45.249460
g36 g360 47.005760 45.273100
g36 g363 46.993460 45.249460
g36 g366 47.005760 45.273100
g36 g342 46.993460 45.249460
g36 g339 47.005760 45.273100
g36 g345 63.905990 47.367910
g36 g1857 11.156000 11.156000
g36 g1645 10.779920 10.779920
g36 g1811 10.456160 10.456160
g36 g1730 9.163100 9.163100
g36 g1669 8.735130 8.735130
g36 g1681 10.607710 10.607710
g36 g560 10.607710 10.607710
g36 OUTPUT 8.194730 8.194730
g36 OUTPUT 10.585760 10.585760
g36 OUTPUT 21.046320 16.798820
g36 OUTPUT 24.086290 11.230250
g36 OUTPUT 10.783420 9.883470
g37 g32 21.340240 14.930160
g37 g37 8.691750 6.517000
g37 g971 48.725150 46.492310
g37 g976 48.805150 46.492310
g37 g981 48.805150 46.492310
g37 g986 48.805150 46.492310
g37 g944 53.583450 50.470650
g37 g947 53.583450 50.470650
g37 g950 53.583450 50.470650
g37 g953 53.583450 50.470650
g37 g956 53.583450 50.470650
g37 g959 53.583450 50.470650
g37 g962 53.583450 50.470650
g37 g965 53.583450 50.470650
g37 g968 53.583450 50.470650
g37 g757 46.774090 45.284170
g37 g481 43.126220 41.353050
g37 g486 43.126220 41.531990
g37 g491 43.126220 41.531990
g37 g496 43.126220 41.531990
g37 g501 43.126220 41.531990
g37 g506 43.126220 41.531990
g37 g511 43.126220 41.531990
g37 g516 43.126220 41.531990
g37 g476 43.126220 41.531990
g37 g542 43.126220 41.531990
g37 g538 43.126220 41.531990
g37 g534 43.126220 41.531990
g37 g530 43.126220 41.531990
g37 g525 43.126220 41.531990
g37 g521 43.126220 41.531990
g37 g456 45.927650 43.694810
g37 g461 46.007650 43.694810
g37 g466 46.007650 43.694810
g37 g471 46.007650 43.694810
g37 g426 43.126220 41.353050
g37 g386 43.126220 41.531990
g37 g391 43.126220 41.531990
g37 g396 43.126220 41.531990
g37 g401 43.126220 41.531990
g37 g406 43.126220 41.531990
g37 g411 43.126220 41.531990
g37 g416 43.126220 41.531990
g37 g421 43.126220 41.531990
g37 g452 43.126220 41.531990
g37 g448 43.126220 41.531990
g37 g444 43.126220 41.531990
g37 g440 43.126220 41.531990
g37 g435 43.126220 41.531990
g37 g431 43.126220 41.531990
g37 g369 47.743750 45.510910
g37 g374 47.823750 45.510910
g37 g378 47.823750 45.510910
g37 g382 47.823750 45.510910
g37 g336 58.696230 44.857960
g37 g348 44.793730 43.051090
g37 g351 44.781430 43.027450
g37 g354 44.793730 43.051090
g37 g357 44.781430 43.027450
g37 g360 44.793730 43.051090
g37 g363 44.781430 43.027450
g37 g366 44.793730 43.051090
g37 g342 44.781430 43.027450
g37 g339 44.793730 43.051090
g37 g345 61.693960 45.145900
g37 g1854 15.758900 14.709160
g37 g1857 11.731020 11.731020
g37 g1811 11.198810 10.332860
g37 g1733 9.693250 9.693250
g37 g1684 10.404670 10.404670
g37 g563 10.404670 10.404670
g37 OUTPUT 6.714150 6.714150
g37 OUTPUT 10.298350 10.298350
g37 OUTPUT 19.362640 15.090660
g37 OUTPUT 22.402610 11.152010
g37 OUTPUT 10.496010 9.805230
g38 g32 22.656080 16.627600
g38 g38 10.186150 8.011400
g38 g971 50.690000 48.467140
g38 g976 50.770000 48.467140
g38 g981 50.770000 48.467140
g38 g986 50.770000 48.467140
g38 g944 55.548300 52.445480
g38 g947 55.548300 52.445480
g38 g950 55.548300 52.445480
g38 g953 55.548300 52.445480
g38 g956 55.548300 52.445480
g38 g959 55.548300 52.445480
g38 g962 55.548300 52.445480
g38 g965 55.548300 52.445480
g38 g968 55.548300 52.445480
g38 g757 48.738940 47.259000
g38 g481 45.091070 43.327880
g38 g486 45.091070 43.506820
g38 g491 45.091070 43.506820
g38 g496 45.091070 43.506820
g38 g501 45.091070 43.506820
g38 g506 45.091070 43.506820
g38 g511 45.091070 43.506820
g38 g516 45.091070 43.506820
g38 g476 45.091070 43.506820
g38 g542 45.091070 43.506820
g38 g538 45.091070 43.506820
g38 g534 45.091070 43.506820
g38 g530 45.091070 43.506820
g38 g525 45.091070 43.506820
g38 g521 45.091070 43.506820
g38 g456 47.892500 45.669640
g38 g461 47.972500 45.669640
g38 g466 47.972500 45.669640
g38 g471 47.972500 45.669640
g38 g426 45.091070 43.327880
g38 g386 45.091070 43.506820
g38 g391 45.091070 43.506820
g38 g396 45.091070 43.506820
g38 g401 45.091070 43.506820
g38 g406 45.091070 43.506820
g38 g411 45.091070 43.506820
g38 g416 45.091070 43.506820
g38 g421 45.091070 43.506820
g38 g452 45.091070 43.506820
g38 g448 45.091070 43.506820
g38 g444 45.091070 43.506820
g38 g440 45.091070 43.506820
g38 g435 45.091070 43.506820
g38 g431 45.091070 43.506820
g38 g369 49.708600 47.485740
g38 g374 49.788600 47.485740
g38 g378 49.788600 47.485740
g38 g382 49.788600 47.485740
g38 g336 60.661080 46.832790
g38 g348 46.758580 45.025920
g38 g351 46.746280 45.002280
g38 g354 46.758580 45.025920
g38 g357 46.746280 45.002280
g38 g360 46.758580 45.025920
g38 g363 46.746280 45.002280
g38 g366 46.758580 45.025920
g38 g342 46.746280 45.002280
g38 g339 46.758580 45.025920
g38 g345 63.658810 47.120730
g38 g1857 10.867660 10.867660
g38 g1618 21.002850 18.115430
g38 g1448 16.372660 14.541830
g38 g1687 10.262480 10.262480
g38 g566 10.262480 10.262480
g38 OUTPUT 8.208550 8.208550
g38 OUTPUT 20.678480 16.788100
g38 OUTPUT 23.718450 11.480180
g38 OUTPUT 10.133400 10.133400
g39 g32 21.835740 15.450200
g39 g39 8.984150 6.809400
g39 g971 48.584790 46.351950
g39 g976 48.664790 46.351950
g39 g981 48.664790 46.351950
g39 g986 48.664790 46.351950
g39 g944 53.443090 50.330290
g39 g947 53.443090 50.330290
g39 g950 53.443090 50.330290
g39 g953 53.443090 50.330290
g39 g956 53.443090 50.330290
g39 g959 53.443090 50.330290
g39 g962 53.443090 50.330290
g39 g965 53.443090 50.330290
g39 g968 53.443090 50.330290
g39 g757 46.633730 45.143810
g39 g481 42.985860 41.212690
g39 g486 42.985860 41.391630
g39 g491 42.985860 41.391630
g39 g496 42.985860 41.391630
g39 g501 42.985860 41.391630
g39 g506 42.985860 41.391630
g39 g511 42.985860 41.391630
g39 g516 42.985860 41.391630
g39 g476 42.985860 41.391630
g39 g542 42.985860 41.391630
g39 g538 42.985860 41.391630
g39 g534 42.985860 41.391630
g39 g530 42.985860 41.391630
g39 g525 42.985860 41.391630
g39 g521 42.985860 41.391630
g39 g456 45.787290 43.554450
g39 g461 45.867290 43.554450
g39 g466 45.867290 43.554450
g39 g471 45.867290 43.554450
g39 g426 42.985860 41.212690
g39 g386 42.985860 41.391630
g39 g391 42.985860 41.391630
g39 g396 42.985860 41.391630
g39 g401 42.985860 41.391630
g39 g406 42.985860 41.391630
g39 g411 42.985860 41.391630
g39 g416 42.985860 41.391630
g39 g421 42.985860 41.391630
g39 g452 42.985860 41.391630
g39 g448 42.985860 41.391630
g39 g444 42.985860 41.391630
g39 g440 42.985860 41.391630
g39 g435 42.985860 41.391630
g39 g431 42.985860 41.391630
g39 g369 47.603390 45.370550
g39 g374 47.683390 45.370550
g39 g378 47.683390 45.370550
g39 g382 47.683390 45.370550
g39 g336 58.555870 11.400370
g39 g348 44.653370 42.910730
g39 g351 44.641070 42.887090
g39 g354 44.653370 42.910730
g39 g357 44.641070 42.887090
g39 g360 44.653370 42.910730
g39 g363 44.641070 42.887090
g39 g366 44.653370 42.910730
g39 g342 44.641070 42.887090
g39 g339 44.653370 42.910730
g39 g345 61.553600 45.005540
g39 g1857 10.185940 10.185940
g39 g108 19.994020 17.634200
g39 g1336 22.275060 19.271200
g39 g1341 22.275060 19.271200
g39 g1346 22.275060 19.271200
g39 g1351 22.275060 19.271200
g39 g1275 13.173620 12.769880
g39 g1314 25.440430 22.721490
g39 g1318 25.440430 22.721490
g39 g1321 25.440430 22.721490
g39 g1324 25.440430 22.721490
g39 g1327 25.440430 22.721490
g39 g1330 25.440430 22.721490
g39 g1333 25.440430 22.721490
g39 g1308 25.440430 22.721490
g39 g1311 25.440430 22.721490
g39 g105 11.496400 11.458780
g39 g1654 9.002530 9.002530
g39 g569 8.890250 8.890250
g39 OUTPUT 7.006550 7.006550
g39 OUTPUT 19.858140 15.610700
g39 OUTPUT 22.898110 10.690760
g39 OUTPUT 9.343980 9.343980
g40 g32 21.807810 15.803810
g40 g40 9.134780 6.960030
g40 g971 49.205870 46.982990
g40 g976 49.285870 46.982990
g40 g981 49.285870 46.982990
g40 g986 49.285870 46.982990
g40 g944 54.064170 50.961330
g40 g947 54.064170 50.961330
g40 g950 54.064170 50.961330
g40 g953 54.064170 50.961330
g40 g956 54.064170 50.961330
g40 g959 54.064170 50.961330
g40 g962 54.064170 50.961330
g40 g965 54.064170 50.961330
g40 g968 54.064170 50.961330
g40 g757 47.254810 45.774850
g40 g481 43.606940 41.843730
g40 g486 43.606940 42.022670
g40 g491 43.606940 42.022670
g40 g496 43.606940 42.022670
g40 g501 43.606940 42.022670
g40 g506 43.606940 42.022670
g40 g511 43.606940 42.022670
g40 g516 43.606940 42.022670
g40 g476 43.606940 42.022670
g40 g542 43.606940 42.022670
g40 g538 43.606940 42.022670
g40 g534 43.606940 42.022670
g40 g530 43.606940 42.022670
g40 g525 43.606940 42.022670
g40 g521 43.606940 42.022670
g40 g456 46.408370 44.185490
g40 g461 46.488370 44.185490
g40 g466 46.488370 44.185490
g40 g471 46.488370 44.185490
g40 g426 43.606940 41.843730
g40 g386 43.606940 42.022670
g40 g391 43.606940 42.022670
g40 g396 43.606940 42.022670
g40 g401 43.606940 42.022670
g40 g406 43.606940 42.022670
g40 g411 43.606940 42.022670
g40 g416 43.606940 42.022670
g40 g421 43.606940 42.022670
g40 g452 43.606940 42.022670
g40 g448 43.606940 42.022670
g40 g444 43.606940 42.022670
g40 g440 43.606940 42.022670
g40 g435 43.606940 42.022670
g40 g431 43.606940 42.022670
g40 g369 48.224470 46.001590
g40 g374 48.304470 46.001590
g40 g378 48.304470 46.001590
g40 g382 48.304470 46.001590
g40 g336 59.176950 45.348640
g40 g348 45.274450 43.541770
g40 g351 45.262150 43.518130
g40 g354 45.274450 43.541770
g40 g357 45.262150 43.518130
g40 g360 45.274450 43.541770
g40 g363 45.262150 43.518130
g40 g366 45.274450 43.541770
g40 g342 45.262150 43.518130
g40 g339 45.274450 43.541770
g40 g345 62.174680 45.636580
g40 g1857 10.233850 10.233850
g40 g1657 9.632050 9.632050
g40 g572 9.519770 9.519770
g40 OUTPUT 7.157180 7.157180
g40 OUTPUT 19.830210 15.964310
g40 OUTPUT 22.870180 9.604030
g40 OUTPUT 8.257250 8.257250
g41 g32 51.096610 11.503630
g41 g33 35.438380 11.503630
g41 g34 34.746960 11.503630
g41 g35 34.757820 11.503630
g41 g36 34.953300 11.503630
g41 g37 33.472720 11.503630
g41 g38 34.745350 11.503630
g41 g39 38.245020 11.503630
g41 g40 34.074070 11.503630
g41 g41 0.499980 0.499980
g41 g971 77.845660 51.094890
g41 g976 77.925660 51.094890
g41 g981 77.925660 51.094890
g41 g986 77.925660 51.094890
g41 g944 82.703960 55.073230
g41 g947 82.703960 55.073230
g41 g950 82.703960 55.073230
g41 g953 82.703960 55.073230
g41 g956 82.703960 55.073230
g41 g959 82.703960 55.073230
g41 g962 82.703960 55.073230
g41 g965 82.703960 55.073230
g41 g968 82.703960 55.073230
g41 g757 75.894600 49.886750
g41 g874 9.846550 2.707880
g41 g875 9.846550 2.707880
g41 g481 72.246730 45.955630
g41 g486 72.246730 46.134570
g41 g491 72.246730 46.134570
g41 g496 72.246730 46.134570
g41 g501 72.246730 46.134570
g41 g506 72.246730 46.134570
g41 g511 72.246730 46.134570
g41 g516 72.246730 46.134570
g41 g476 72.246730 46.134570
g41 g542 72.246730 46.134570
g41 g538 72.246730 46.134570
g41 g534 72.246730 46.134570
g41 g530 72.246730 46.134570
g41 g525 72.246730 46.134570
g41 g521 72.246730 46.134570
g41 g456 75.048160 48.297390
g41 g461 75.128160 48.297390
g41 g466 75.128160 48.297390
g41 g471 75.128160 48.297390
g41 g426 72.246730 45.955630
g41 g386 72.246730 46.134570
g41 g391 72.246730 46.134570
g41 g396 72.246730 46.134570
g41 g401 72.246730 46.134570
g41 g406 72.246730 46.134570
g41 g411 72.246730 46.134570
g41 g416 72.246730 46.134570
g41 g421 72.246730 46.134570
g41 g452 72.246730 46.134570
g41 g448 72.246730 46.134570
g41 g444 72.246730 46.134570
g41 g440 72.246730 46.134570
g41 g435 72.246730 46.134570
g41 g431 72.246730 46.134570
g41 g369 76.864260 50.113490
g41 g374 76.944260 50.113490
g41 g378 76.944260 50.113490
g41 g382 76.944260 50.113490
g41 g336 87.816740 9.271240
g41 g348 73.914240 47.653670
g41 g351 73.901940 47.630030
g41 g354 73.914240 47.653670
g41 g357 73.901940 47.630030
g41 g360 73.914240 47.653670
g41 g363 73.901940 47.630030
g41 g366 73.914240 47.653670
g41 g342 73.901940 47.630030
g41 g339 73.914240 47.653670
g41 g345 90.814470 49.748480
g41 g1854 40.539870 15.526580
g41 g1857 39.446810 15.869090
g41 g1648 36.144130 16.695350
g41 g1651 35.342280 15.893500
g41 g1642 35.328600 15.879820
g41 g1645 35.560890 16.112110
g41 g1811 36.574570 8.540710
g41 g1721 34.527310 15.078530
g41 g1724 33.725460 14.276680
g41 g1727 33.711780 14.263000
g41 g1730 33.944070 14.495290
g41 g1733 34.474220 15.025440
g41 g108 49.254890 15.505070
g41 g1336 51.535930 17.142070
g41 g1341 51.535930 17.142070
g41 g1346 51.535930 17.142070
g41 g1351 51.535930 17.142070
g41 g1360 9.846550 2.707880
g41 g1217 9.846550 2.707880
g41 g1275 42.434490 10.640750
g41 g1314 54.701300 20.592360
g41 g1318 54.701300 20.592360
g41 g1321 54.701300 20.592360
g41 g1324 54.701300 20.592360
g41 g1327 54.701300 20.592360
g41 g1330 54.701300 20.592360
g41 g1333 54.701300 20.592360
g41 g1308 54.701300 20.592360
g41 g1311 54.701300 20.592360
g41 g105 40.757270 9.329650
g41 g1618 45.562050 14.863820
g41 g1448 40.931860 11.290220
g41 g1654 38.263400 15.304690
g41 g1657 34.571340 15.444950
g41 g1660 36.067250 16.618470
g41 g1663 35.533840 16.085060
g41 g1666 33.679530 14.230750
g41 g1669 33.516100 14.067320
g41 g1672 35.873760 16.424980
g41 g1675 35.325710 15.876930
g41 g1678 35.193200 15.744420
g41 g1681 35.388680 15.939900
g41 g1684 35.185640 15.736860
g41 g1687 34.821680 16.121280
g41 g546 35.873760 16.424980
g41 g554 35.325710 15.876930
g41 g557 35.193200 15.744420
g41 g560 35.388680 15.939900
g41 g563 35.185640 15.736860
g41 g566 34.821680 16.121280
g41 g569 38.151120 15.192410
g41 g572 34.459060 15.332670
g41 g575 36.038970 16.590190
g41 g549 35.421560 15.972780
g41 OUTPUT 7.418420 1.804340
g41 OUTPUT 8.185370 1.087940
g41 OUTPUT 36.267420 13.308710
g41 OUTPUT 32.096470 12.970080
g41 OUTPUT 33.460780 14.012000
g41 OUTPUT 32.769360 13.320580
g41 OUTPUT 32.780220 13.331440
g41 OUTPUT 32.975700 13.526920
g41 OUTPUT 31.495120 12.046340
g41 OUTPUT 32.767750 14.067350
g41 OUTPUT 35.366730 13.772070
g41 OUTPUT 49.119010 10.878420
g41 OUTPUT 52.158980 15.416930
g41 OUTPUT 38.604850 13.969730
g42 g32 45.932110 22.200730
g42 g33 30.681570 15.747800
g42 g34 29.990150 15.058290
g42 g35 30.001010 15.069120
g42 g36 30.196490 15.264060
g42 g37 28.715910 13.787570
g42 g38 30.088810 14.892910
g42 g39 33.080520 14.527380
g42 g40 29.884050 13.935340
g42 g42 0.499980 0.499980
g42 g971 72.681160 53.027840
g42 g976 72.761160 53.027840
g42 g981 72.761160 53.027840
g42 g986 72.761160 53.027840
g42 g944 77.539460 57.006180
g42 g947 77.539460 57.006180
g42 g950 77.539460 57.006180
g42 g953 77.539460 57.006180
g42 g956 77.539460 57.006180
g42 g959 77.539460 57.006180
g42 g962 77.539460 57.006180
g42 g965 77.539460 57.006180
g42 g968 77.539460 57.006180
g42 g757 70.730100 51.819700
g42 g874 6.245470 6.245470
g42 g875 4.949620 4.949620
g42 g481 67.082230 47.888580
g42 g486 67.082230 48.067520
g42 g491 67.082230 48.067520
g42 g496 67.082230 48.067520
g42 g501 67.082230 48.067520
g42 g506 67.082230 48.067520
g42 g511 67.082230 48.067520
g42 g516 67.082230 48.067520
g42 g476 67.082230 48.067520
g42 g542 67.082230 48.067520
g42 g538 67.082230 48.067520
g42 g534 67.082230 48.067520
g42 g530 67.082230 48.067520
g42 g525 67.082230 48.067520
g42 g521 67.082230 48.067520
g42 g456 69.883660 50.230340
g42 g461 69.963660 50.230340
g42 g466 69.963660 50.230340
g42 g471 69.963660 50.230340
g42 g426 67.082230 47.888580
g42 g386 67.082230 48.067520
g42 g391 67.082230 48.067520
g42 g396 67.082230 48.067520
g42 g401 67.082230 48.067520
g42 g406 67.082230 48.067520
g42 g411 67.082230 48.067520
g42 g416 67.082230 48.067520
g42 g421 67.082230 48.067520
g42 g452 67.082230 48.067520
g42 g448 67.082230 48.067520
g42 g444 67.082230 48.067520
g42 g440 67.082230 48.067520
g42 g435 67.082230 48.067520
g42 g431 67.082230 48.067520
g42 g369 71.699760 52.046440
g42 g374 71.779760 52.046440
g42 g378 71.779760 52.046440
g42 g382 71.779760 52.046440
g42 g336 82.652240 11.523990
g42 g348 68.749740 49.586620
g42 g351 68.737440 49.562980
g42 g354 68.749740 49.586620
g42 g357 68.737440 49.562980
g42 g360 68.749740 49.586620
g42 g363 68.737440 49.562980
g42 g366 68.749740 49.586620
g42 g342 68.737440 49.562980
g42 g339 68.749740 49.586620
g42 g345 85.649970 51.681430
g42 g1854 35.783060 17.459530
g42 g1857 34.282310 17.209160
g42 g1648 31.387320 18.628300
g42 g1651 30.585470 17.828360
g42 g1642 30.571790 17.814650
g42 g1645 30.804080 18.046400
g42 g1811 31.817760 10.793460
g42 g1721 29.770500 17.011480
g42 g1724 28.968650 16.211540
g42 g1727 28.954970 16.197830
g42 g1730 29.187260 16.429580
g42 g1733 29.717410 16.963820
g42 g108 44.090390 17.757820
g42 g1336 46.371430 19.394820
g42 g1341 46.371430 19.394820
g42 g1346 46.371430 19.394820
g42 g1351 46.371430 19.394820
g42 g1360 6.245470 6.245470
g42 g1217 4.949620 4.949620
g42 g1275 37.269990 12.893500
g42 g1314 49.536800 22.845110
g42 g1318 49.536800 22.845110
g42 g1321 49.536800 22.845110
g42 g1324 49.536800 22.845110
g42 g1327 49.536800 22.845110
g42 g1330 49.536800 22.845110
g42 g1333 49.536800 22.845110
g42 g1308 49.536800 22.845110
g42 g1311 49.536800 22.845110
g42 g105 35.592770 11.582400
g42 g1618 40.905510 17.116570
g42 g1448 36.275320 13.542970
g42 g1654 33.098900 16.720510
g42 g1657 30.381320 16.607360
g42 g1660 31.310440 18.551420
g42 g1663 30.777030 18.019920
g42 g1666 28.922720 16.165580
g42 g1669 28.759290 16.001610
g42 g1672 31.116950 18.357930
g42 g1675 30.568900 17.811790
g42 g1678 30.436390 17.679250
g42 g1681 30.631870 17.874190
g42 g1684 30.428830 17.675240
g42 g1687 30.165140 17.143990
g42 g546 31.116950 18.357930
g42 g554 30.568900 17.811790
g42 g557 30.436390 17.679250
g42 g560 30.631870 17.874190
g42 g563 30.428830 17.675240
g42 g566 30.165140 17.143990
g42 g569 32.986620 16.608230
g42 g572 30.269040 16.495080
g42 g575 31.282160 18.523140
g42 g549 30.664750 17.907640
g42 OUTPUT 31.102920 14.724530
g42 OUTPUT 27.906450 14.132490
g42 OUTPUT 28.703970 15.944950
g42 OUTPUT 28.012550 15.255440
g42 OUTPUT 28.023410 15.266270
g42 OUTPUT 28.218890 15.461210
g42 OUTPUT 26.738310 13.984720
g42 OUTPUT 28.111210 15.090060
g42 OUTPUT 30.609920 15.706900
g42 OUTPUT 43.954510 22.361230
g42 OUTPUT 46.994480 16.579340
g42 OUTPUT 33.440350 15.232560
g43 g32 46.964480 21.391980
g43 g33 31.306250 14.944480
g43 g34 30.614830 14.253060
g43 g35 30.625690 14.263920
g43 g36 30.821170 14.459400
g43 g37 29.340590 12.978820
g43 g38 30.613220 14.999830
g43 g39 34.112890 14.967380
g43 g40 29.941940 13.902560
g43 g43 0.499980 0.499980
g43 g971 73.713530 52.224520
g43 g976 73.793530 52.224520
g43 g981 73.793530 52.224520
g43 g986 73.793530 52.224520
g43 g944 78.571830 56.202860
g43 g947 78.571830 56.202860
g43 g950 78.571830 56.202860
g43 g953 78.571830 56.202860
g43 g956 78.571830 56.202860
g43 g959 78.571830 56.202860
g43 g962 78.571830 56.202860
g43 g965 78.571830 56.202860
g43 g968 78.571830 56.202860
g43 g757 71.762470 51.016380
g43 g874 6.243870 6.243870
g43 g875 6.776790 6.776790
g43 g481 68.114600 47.085260
g43 g486 68.114600 47.264200
g43 g491 68.114600 47.264200
g43 g496 68.114600 47.264200
g43 g501 68.114600 47.264200
g43 g506 68.114600 47.264200
g43 g511 68.114600 47.264200
g43 g516 68.114600 47.264200
g43 g476 68.114600 47.264200
g43 g542 68.114600 47.264200
g43 g538 68.114600 47.264200
g43 g534 68.114600 47.264200
g43 g530 68.114600 47.264200
g43 g525 68.114600 47.264200
g43 g521 68.114600 47.264200
g43 g456 70.916030 49.427020
g43 g461 70.996030 49.427020
g43 g466 70.996030 49.427020
g43 g471 70.996030 49.427020
g43 g426 68.114600 47.085260
g43 g386 68.114600 47.264200
g43 g391 68.114600 47.264200
g43 g396 68.114600 47.264200
g43 g401 68.114600 47.264200
g43 g406 68.114600 47.264200
g43 g411 68.114600 47.264200
g43 g416 68.114600 47.264200
g43 g421 68.114600 47.264200
g43 g452 68.114600 47.264200
g43 g448 68.114600 47.264200
g43 g444 68.114600 47.264200
g43 g440 68.114600 47.264200
g43 g435 68.114600 47.264200
g43 g431 68.114600 47.264200
g43 g369 72.732130 51.243120
g43 g374 72.812130 51.243120
g43 g378 72.812130 51.243120
g43 g382 72.812130 51.243120
g43 g336 83.684610 13.351160
g43 g348 69.782110 48.783300
g43 g351 69.769810 48.759660
g43 g354 69.782110 48.783300
g43 g357 69.769810 48.759660
g43 g360 69.782110 48.783300
g43 g363 69.769810 48.759660
g43 g366 69.782110 48.783300
g43 g342 69.769810 48.759660
g43 g339 69.782110 48.783300
g43 g345 86.682340 50.878110
g43 g1854 36.407740 16.656210
g43 g1857 35.314680 16.998720
g43 g1648 32.012000 17.824980
g43 g1651 31.210150 17.023130
g43 g1642 31.196470 17.009450
g43 g1645 31.428760 17.241740
g43 g1811 32.442440 12.620630
g43 g1721 30.395180 16.208160
g43 g1724 29.593330 15.406310
g43 g1727 29.579650 15.392630
g43 g1730 29.811940 15.624920
g43 g1733 30.342090 16.155070
g43 g108 45.122760 19.584990
g43 g1336 47.403800 21.221990
g43 g1341 47.403800 21.221990
g43 g1346 47.403800 21.221990
g43 g1351 47.403800 21.221990
g43 g1360 6.243870 6.243870
g43 g1217 6.776790 6.776790
g43 g1275 38.302360 14.720670
g43 g1314 50.569170 24.672280
g43 g1318 50.569170 24.672280
g43 g1321 50.569170 24.672280
g43 g1324 50.569170 24.672280
g43 g1327 50.569170 24.672280
g43 g1330 50.569170 24.672280
g43 g1333 50.569170 24.672280
g43 g1308 50.569170 24.672280
g43 g1311 50.569170 24.672280
g43 g105 36.625140 13.409570
g43 g1618 41.429920 18.943740
g43 g1448 36.799730 15.370140
g43 g1654 34.131270 17.160510
g43 g1657 30.439210 16.574580
g43 g1660 31.935120 17.748100
g43 g1663 31.401710 17.214690
g43 g1666 29.547400 15.360380
g43 g1669 29.383970 15.196950
g43 g1672 31.741630 17.554610
g43 g1675 31.193580 17.006560
g43 g1678 31.061070 16.874050
g43 g1681 31.256550 17.069530
g43 g1684 31.053510 16.866490
g43 g1687 30.689550 17.250910
g43 g546 31.741630 17.554610
g43 g554 31.193580 17.006560
g43 g557 31.061070 16.874050
g43 g560 31.256550 17.069530
g43 g563 31.053510 16.866490
g43 g566 30.689550 17.250910
g43 g569 34.018990 17.048230
g43 g572 30.326930 16.462300
g43 g575 31.906840 17.719820
g43 g549 31.289430 17.102410
g43 OUTPUT 32.135290 15.164530
g43 OUTPUT 27.964340 14.099710
g43 OUTPUT 29.328650 15.141630
g43 OUTPUT 28.637230 14.450210
g43 OUTPUT 28.648090 14.461070
g43 OUTPUT 28.843570 14.656550
g43 OUTPUT 27.362990 13.175970
g43 OUTPUT 28.635620 15.196980
g43 OUTPUT 31.234600 14.901700
g43 OUTPUT 44.986880 21.552480
g43 OUTPUT 48.026850 16.546560
g43 OUTPUT 34.472720 15.099360
g44 g32 46.492700 21.122810
g44 g33 30.834470 14.675310
g44 g34 30.143050 13.983890
g44 g35 30.153910 13.994750
g44 g36 30.349390 14.190230
g44 g37 28.868810 12.709650
g44 g38 30.141440 14.730660
g44 g39 33.641110 14.684080
g44 g40 29.592450 13.633390
g44 g44 0.499980 0.499980
g44 g971 73.241750 51.955350
g44 g976 73.321750 51.955350
g44 g981 73.321750 51.955350
g44 g986 73.321750 51.955350
g44 g944 78.100050 55.933690
g44 g947 78.100050 55.933690
g44 g950 78.100050 55.933690
g44 g953 78.100050 55.933690
g44 g956 78.100050 55.933690
g44 g959 78.100050 55.933690
g44 g962 78.100050 55.933690
g44 g965 78.100050 55.933690
g44 g968 78.100050 55.933690
g44 g757 71.290690 50.747210
g44 g874 5.953870 5.953870
g44 g875 6.305010 6.305010
g44 g481 67.642820 46.816090
g44 g486 67.642820 46.995030
g44 g491 67.642820 46.995030
g44 g496 67.642820 46.995030
g44 g501 67.642820 46.995030
g44 g506 67.642820 46.995030
g44 g511 67.642820 46.995030
g44 g516 67.642820 46.995030
g44 g476 67.642820 46.995030
g44 g542 67.642820 46.995030
g44 g538 67.642820 46.995030
g44 g534 67.642820 46.995030
g44 g530 67.642820 46.995030
g44 g525 67.642820 46.995030
g44 g521 67.642820 46.995030
g44 g456 70.444250 49.157850
g44 g461 70.524250 49.157850
g44 g466 70.524250 49.157850
g44 g471 70.524250 49.157850
g44 g426 67.642820 46.816090
g44 g386 67.642820 46.995030
g44 g391 67.642820 46.995030
g44 g396 67.642820 46.995030
g44 g401 67.642820 46.995030
g44 g406 67.642820 46.995030
g44 g411 67.642820 46.995030
g44 g416 67.642820 46.995030
g44 g421 67.642820 46.995030
g44 g452 67.642820 46.995030
g44 g448 67.642820 46.995030
g44 g444 67.642820 46.995030
g44 g440 67.642820 46.995030
g44 g435 67.642820 46.995030
g44 g431 67.642820 46.995030
g44 g369 72.260350 50.973950
g44 g374 72.340350 50.973950
g44 g378 72.340350 50.973950
g44 g382 72.340350 50.973950
g44 g336 83.212830 12.879380
g44 g348 69.310330 48.514130
g44 g351 69.298030 48.490490
g44 g354 69.310330 48.514130
g44 g357 69.298030 48.490490
g44 g360 69.310330 48.514130
g44 g363 69.298030 48.490490
g44 g366 69.310330 48.514130
g44 g342 69.298030 48.490490
g44 g339 69.310330 48.514130
g44 g345 86.210560 50.608940
g44 g1854 35.935960 16.387040
g44 g1857 34.842900 16.729550
g44 g1648 31.540220 17.555810
g44 g1651 30.738370 16.753960
g44 g1642 30.724690 16.740280
g44 g1645 30.956980 16.972570
g44 g1811 31.970660 12.148850
g44 g1721 29.923400 15.938990
g44 g1724 29.121550 15.137140
g44 g1727 29.107870 15.123460
g44 g1730 29.340160 15.355750
g44 g1733 29.870310 15.885900
g44 g108 44.650980 19.113210
g44 g1336 46.932020 20.750210
g44 g1341 46.932020 20.750210
g44 g1346 46.932020 20.750210
g44 g1351 46.932020 20.750210
g44 g1360 5.953870 5.953870
g44 g1217 6.305010 6.305010
g44 g1275 37.830580 14.248890
g44 g1314 50.097390 24.200500
g44 g1318 50.097390 24.200500
g44 g1321 50.097390 24.200500
g44 g1324 50.097390 24.200500
g44 g1327 50.097390 24.200500
g44 g1330 50.097390 24.200500
g44 g1333 50.097390 24.200500
g44 g1308 50.097390 24.200500
g44 g1311 50.097390 24.200500
g44 g105 36.153360 12.937790
g44 g1618 40.958140 18.471960
g44 g1448 36.327950 14.898360
g44 g1654 33.659490 16.877210
g44 g1657 30.089720 16.305410
g44 g1660 31.463340 17.478930
g44 g1663 30.929930 16.945520
g44 g1666 29.075620 15.091210
g44 g1669 28.912190 14.927780
g44 g1672 31.269850 17.285440
g44 g1675 30.721800 16.737390
g44 g1678 30.589290 16.604880
g44 g1681 30.784770 16.800360
g44 g1684 30.581730 16.597320
g44 g1687 30.217770 16.981740
g44 g546 31.269850 17.285440
g44 g554 30.721800 16.737390
g44 g557 30.589290 16.604880
g44 g560 30.784770 16.800360
g44 g563 30.581730 16.597320
g44 g566 30.217770 16.981740
g44 g569 33.547210 16.764930
g44 g572 29.977440 16.193130
g44 g575 31.435060 17.450650
g44 g549 30.817650 16.833240
g44 OUTPUT 31.663510 14.881230
g44 OUTPUT 27.614850 13.830540
g44 OUTPUT 28.856870 14.872460
g44 OUTPUT 28.165450 14.181040
g44 OUTPUT 28.176310 14.191900
g44 OUTPUT 28.371790 14.387380
g44 OUTPUT 26.891210 12.906800
g44 OUTPUT 28.163840 14.927810
g44 OUTPUT 30.762820 14.632530
g44 OUTPUT 44.515100 21.283310
g44 OUTPUT 47.555070 16.277390
g44 OUTPUT 34.000940 14.830190
g45 g32 46.252150 20.882810
g45 g33 30.593920 14.435310
g45 g34 29.902500 13.743890
g45 g35 29.913360 13.754750
g45 g36 30.108840 13.950230
g45 g37 28.628260 12.469650
g45 g38 29.900890 14.490660
g45 g39 33.400560 15.228430
g45 g40 29.229610 13.393390
g45 g45 0.499980 0.499980
g45 g971 73.001200 51.715350
g45 g976 73.081200 51.715350
g45 g981 73.081200 51.715350
g45 g986 73.081200 51.715350
g45 g944 77.859500 55.693690
g45 g947 77.859500 55.693690
g45 g950 77.859500 55.693690
g45 g953 77.859500 55.693690
g45 g956 77.859500 55.693690
g45 g959 77.859500 55.693690
g45 g962 77.859500 55.693690
g45 g965 77.859500 55.693690
g45 g968 77.859500 55.693690
g45 g757 71.050140 50.507210
g45 g874 5.195110 5.195110
g45 g875 5.546250 5.546250
g45 g481 67.402270 46.576090
g45 g486 67.402270 46.755030
g45 g491 67.402270 46.755030
g45 g496 67.402270 46.755030
g45 g501 67.402270 46.755030
g45 g506 67.402270 46.755030
g45 g511 67.402270 46.755030
g45 g516 67.402270 46.755030
g45 g476 67.402270 46.755030
g45 g542 67.402270 46.755030
g45 g538 67.402270 46.755030
g45 g534 67.402270 46.755030
g45 g530 67.402270 46.755030
g45 g525 67.402270 46.755030
g45 g521 67.402270 46.755030
g45 g456 70.203700 48.917850
g45 g461 70.283700 48.917850
g45 g466 70.283700 48.917850
g45 g471 70.283700 48.917850
g45 g426 67.402270 46.576090
g45 g386 67.402270 46.755030
g45 g391 67.402270 46.755030
g45 g396 67.402270 46.755030
g45 g401 67.402270 46.755030
g45 g406 67.402270 46.755030
g45 g411 67.402270 46.755030
g45 g416 67.402270 46.755030
g45 g421 67.402270 46.755030
g45 g452 67.402270 46.755030
g45 g448 67.402270 46.755030
g45 g444 67.402270 46.755030
g45 g440 67.402270 46.755030
g45 g435 67.402270 46.755030
g45 g431 67.402270 46.755030
g45 g369 72.019800 50.733950
g45 g374 72.099800 50.733950
g45 g378 72.099800 50.733950
g45 g382 72.099800 50.733950
g45 g336 82.972280 12.120620
g45 g348 69.069780 48.274130
g45 g351 69.057480 48.250490
g45 g354 69.069780 48.274130
g45 g357 69.057480 48.250490
g45 g360 69.069780 48.274130
g45 g363 69.057480 48.250490
g45 g366 69.069780 48.274130
g45 g342 69.057480 48.250490
g45 g339 69.069780 48.274130
g45 g345 85.970010 50.368940
g45 g1854 35.695410 16.147040
g45 g1857 34.602350 16.489550
g45 g1648 31.299670 17.315810
g45 g1651 30.497820 16.513960
g45 g1642 30.484140 16.500280
g45 g1645 30.716430 16.732570
g45 g1811 31.730110 11.390090
g45 g1721 29.682850 15.698990
g45 g1724 28.881000 14.897140
g45 g1727 28.867320 14.883460
g45 g1730 29.099610 15.115750
g45 g1733 29.629760 15.645900
g45 g108 44.410430 18.354450
g45 g1336 46.691470 19.991450
g45 g1341 46.691470 19.991450
g45 g1346 46.691470 19.991450
g45 g1351 46.691470 19.991450
g45 g1360 5.195110 5.195110
g45 g1217 5.546250 5.546250
g45 g1275 37.590030 13.490130
g45 g1314 49.856840 23.441740
g45 g1318 49.856840 23.441740
g45 g1321 49.856840 23.441740
g45 g1324 49.856840 23.441740
g45 g1327 49.856840 23.441740
g45 g1330 49.856840 23.441740
g45 g1333 49.856840 23.441740
g45 g1308 49.856840 23.441740
g45 g1311 49.856840 23.441740
g45 g105 35.912810 12.179030
g45 g1618 40.717590 17.713200
g45 g1448 36.087400 14.139600
g45 g1654 33.418940 17.421560
g45 g1657 29.726880 16.065410
g45 g1660 31.222790 17.238930
g45 g1663 30.689380 16.705520
g45 g1666 28.835070 14.851210
g45 g1669 28.671640 14.687780
g45 g1672 31.029300 17.045440
g45 g1675 30.481250 16.497390
g45 g1678 30.348740 16.364880
g45 g1681 30.544220 16.560360
g45 g1684 30.341180 16.357320
g45 g1687 29.977220 16.741740
g45 g546 31.029300 17.045440
g45 g554 30.481250 16.497390
g45 g557 30.348740 16.364880
g45 g560 30.544220 16.560360
g45 g563 30.341180 16.357320
g45 g566 29.977220 16.741740
g45 g569 33.306660 17.309280
g45 g572 29.614600 15.953130
g45 g575 31.194510 17.210650
g45 g549 30.577100 16.593240
g45 OUTPUT 31.422960 15.425580
g45 OUTPUT 27.252010 13.590540
g45 OUTPUT 28.616320 14.632460
g45 OUTPUT 27.924900 13.941040
g45 OUTPUT 27.935760 13.951900
g45 OUTPUT 28.131240 14.147380
g45 OUTPUT 26.650660 12.666800
g45 OUTPUT 27.923290 14.687810
g45 OUTPUT 30.522270 14.392530
g45 OUTPUT 44.274550 21.043310
g45 OUTPUT 47.314520 16.037390
g45 OUTPUT 33.760390 14.590190
g46 g32 47.286030 22.876540
g46 g33 31.627800 17.065660
g46 g34 30.936380 17.210760
g46 g35 30.947240 17.221620
g46 g36 31.142720 17.417100
g46 g37 29.662140 15.936520
g46 g38 30.934770 17.850300
g46 g39 34.434440 14.235740
g46 g40 30.263490 17.008230
g46 g46 0.499980 0.499980
g46 g971 74.035080 53.778290
g46 g976 74.115080 53.778290
g46 g981 74.115080 53.778290
g46 g986 74.115080 53.778290
g46 g944 78.893380 57.756630
g46 g947 78.893380 57.756630
g46 g950 78.893380 57.756630
g46 g953 78.893380 57.756630
g46 g956 78.893380 57.756630
g46 g959 78.893380 57.756630
g46 g962 78.893380 57.756630
g46 g965 78.893380 57.756630
g46 g968 78.893380 57.756630
g46 g757 72.084020 52.570150
g46 g874 6.035970 6.035970
g46 g875 6.035970 6.035970
g46 g481 68.436150 48.639030
g46 g486 68.436150 48.817970
g46 g491 68.436150 48.817970
g46 g496 68.436150 48.817970
g46 g501 68.436150 48.817970
g46 g506 68.436150 48.817970
g46 g511 68.436150 48.817970
g46 g516 68.436150 48.817970
g46 g476 68.436150 48.817970
g46 g542 68.436150 48.817970
g46 g538 68.436150 48.817970
g46 g534 68.436150 48.817970
g46 g530 68.436150 48.817970
g46 g525 68.436150 48.817970
g46 g521 68.436150 48.817970
g46 g456 71.237580 50.980790
g46 g461 71.317580 50.980790
g46 g466 71.317580 50.980790
g46 g471 71.317580 50.980790
g46 g426 68.436150 48.639030
g46 g386 68.436150 48.817970
g46 g391 68.436150 48.817970
g46 g396 68.436150 48.817970
g46 g401 68.436150 48.817970
g46 g406 68.436150 48.817970
g46 g411 68.436150 48.817970
g46 g416 68.436150 48.817970
g46 g421 68.436150 48.817970
g46 g452 68.436150 48.817970
g46 g448 68.436150 48.817970
g46 g444 68.436150 48.817970
g46 g440 68.436150 48.817970
g46 g435 68.436150 48.817970
g46 g431 68.436150 48.817970
g46 g369 73.053680 52.796890
g46 g374 73.133680 52.796890
g46 g378 73.133680 52.796890
g46 g382 73.133680 52.796890
g46 g336 84.006160 12.315890
g46 g348 70.103660 50.337070
g46 g351 70.091360 50.313430
g46 g354 70.103660 50.337070
g46 g357 70.091360 50.313430
g46 g360 70.103660 50.337070
g46 g363 70.091360 50.313430
g46 g366 70.103660 50.337070
g46 g342 70.091360 50.313430
g46 g339 70.103660 50.337070
g46 g345 87.003890 52.431880
g46 g1854 36.729290 18.777390
g46 g1857 35.636230 17.612280
g46 g1648 32.333550 19.946160
g46 g1651 31.531700 19.980830
g46 g1642 31.518020 19.967150
g46 g1645 31.750310 20.199440
g46 g1811 32.763990 11.585360
g46 g1721 30.716730 18.329340
g46 g1724 29.914880 18.364010
g46 g1727 29.901200 18.350330
g46 g1730 30.133490 18.582620
g46 g1733 30.663640 19.112770
g46 g108 45.444310 18.549720
g46 g1336 47.725350 20.186720
g46 g1341 47.725350 20.186720
g46 g1346 47.725350 20.186720
g46 g1351 47.725350 20.186720
g46 g1360 6.621450 6.621450
g46 g1217 6.621450 6.621450
g46 g1275 38.623910 13.685400
g46 g1314 50.890720 23.637010
g46 g1318 50.890720 23.637010
g46 g1321 50.890720 23.637010
g46 g1324 50.890720 23.637010
g46 g1327 50.890720 23.637010
g46 g1330 50.890720 23.637010
g46 g1333 50.890720 23.637010
g46 g1308 50.890720 23.637010
g46 g1311 50.890720 23.637010
g46 g105 36.946690 12.374300
g46 g1618 41.751470 17.908470
g46 g1448 37.121280 14.334870
g46 g1654 34.452820 16.428870
g46 g1657 30.760760 19.680250
g46 g1660 32.256670 19.869280
g46 g1663 31.723260 20.172390
g46 g1666 29.868950 18.318080
g46 g1669 29.705520 18.154650
g46 g1672 32.063180 19.675790
g46 g1675 31.515130 19.964260
g46 g1678 31.382620 19.831750
g46 g1681 31.578100 20.027230
g46 g1684 31.375060 19.824190
g46 g1687 31.011100 20.101380
g46 g546 32.063180 19.675790
g46 g554 31.515130 19.964260
g46 g557 31.382620 19.831750
g46 g560 31.578100 20.027230
g46 g563 31.375060 19.824190
g46 g566 31.011100 20.101380
g46 g569 34.340540 16.316590
g46 g572 30.648480 19.567970
g46 g575 32.228390 19.841000
g46 g549 31.610980 20.060110
g46 OUTPUT 32.456840 14.432890
g46 OUTPUT 28.285890 17.205380
g46 OUTPUT 29.650200 17.262810
g46 OUTPUT 28.958780 17.407910
g46 OUTPUT 28.969640 17.418770
g46 OUTPUT 29.165120 17.614250
g46 OUTPUT 27.684540 16.133670
g46 OUTPUT 28.957170 18.047450
g46 OUTPUT 31.556150 17.859400
g46 OUTPUT 45.308430 23.037040
g46 OUTPUT 48.348400 18.117100
g46 OUTPUT 34.794270 16.770320
g47 g32 47.861610 22.750620
g47 g33 32.203380 16.939740
g47 g34 31.511960 16.773250
g47 g35 31.522820 16.784110
g47 g36 31.718300 16.979590
g47 g37 30.237720 15.499010
g47 g38 31.510350 17.520020
g47 g39 35.010020 14.109820
g47 g40 30.839070 16.422750
g47 g47 0.499980 0.499980
g47 g971 74.610660 53.652370
g47 g976 74.690660 53.652370
g47 g981 74.690660 53.652370
g47 g986 74.690660 53.652370
g47 g944 79.468960 57.630710
g47 g947 79.468960 57.630710
g47 g950 79.468960 57.630710
g47 g953 79.468960 57.630710
g47 g956 79.468960 57.630710
g47 g959 79.468960 57.630710
g47 g962 79.468960 57.630710
g47 g965 79.468960 57.630710
g47 g968 79.468960 57.630710
g47 g757 72.659600 52.444230
g47 g874 6.611550 6.611550
g47 g875 6.611550 6.611550
g47 g481 69.011730 48.513110
g47 g486 69.011730 48.692050
g47 g491 69.011730 48.692050
g47 g496 69.011730 48.692050
g47 g501 69.011730 48.692050
g47 g506 69.011730 48.692050
g47 g511 69.011730 48.692050
g47 g516 69.011730 48.692050
g47 g476 69.011730 48.692050
g47 g542 69.011730 48.692050
g47 g538 69.011730 48.692050
g47 g534 69.011730 48.692050
g47 g530 69.011730 48.692050
g47 g525 69.011730 48.692050
g47 g521 69.011730 48.692050
g47 g456 71.813160 50.854870
g47 g461 71.893160 50.854870
g47 g466 71.893160 50.854870
g47 g471 71.893160 50.854870
g47 g426 69.011730 48.513110
g47 g386 69.011730 48.692050
g47 g391 69.011730 48.692050
g47 g396 69.011730 48.692050
g47 g401 69.011730 48.692050
g47 g406 69.011730 48.692050
g47 g411 69.011730 48.692050
g47 g416 69.011730 48.692050
g47 g421 69.011730 48.692050
g47 g452 69.011730 48.692050
g47 g448 69.011730 48.692050
g47 g444 69.011730 48.692050
g47 g440 69.011730 48.692050
g47 g435 69.011730 48.692050
g47 g431 69.011730 48.692050
g47 g369 73.629260 52.670970
g47 g374 73.709260 52.670970
g47 g378 73.709260 52.670970
g47 g382 73.709260 52.670970
g47 g336 84.581740 12.184270
g47 g348 70.679240 50.211150
g47 g351 70.666940 50.187510
g47 g354 70.679240 50.211150
g47 g357 70.666940 50.187510
g47 g360 70.679240 50.211150
g47 g363 70.666940 50.187510
g47 g366 70.679240 50.211150
g47 g342 70.666940 50.187510
g47 g339 70.679240 50.211150
g47 g345 87.579470 52.305960
g47 g1854 37.304870 18.651470
g47 g1857 36.211810 17.486360
g47 g1648 32.909130 19.820240
g47 g1651 32.107280 19.543320
g47 g1642 32.093600 19.529640
g47 g1645 32.325890 19.761930
g47 g1811 33.339570 11.453740
g47 g1721 31.292310 18.203420
g47 g1724 30.490460 17.926500
g47 g1727 30.476780 17.912820
g47 g1730 30.709070 18.145110
g47 g1733 31.239220 18.675260
g47 g108 46.019890 18.418100
g47 g1336 48.300930 20.055100
g47 g1341 48.300930 20.055100
g47 g1346 48.300930 20.055100
g47 g1351 48.300930 20.055100
g47 g1360 6.035970 6.035970
g47 g1217 6.035970 6.035970
g47 g1275 39.199490 13.553780
g47 g1314 51.466300 23.505390
g47 g1318 51.466300 23.505390
g47 g1321 51.466300 23.505390
g47 g1324 51.466300 23.505390
g47 g1327 51.466300 23.505390
g47 g1330 51.466300 23.505390
g47 g1333 51.466300 23.505390
g47 g1308 51.466300 23.505390
g47 g1311 51.466300 23.505390
g47 g105 37.522270 12.242680
g47 g1618 42.327050 17.776850
g47 g1448 37.696860 14.203250
g47 g1654 35.028400 16.302950
g47 g1657 31.336340 19.094770
g47 g1660 32.832250 19.743360
g47 g1663 32.298840 19.734880
g47 g1666 30.444530 17.880570
g47 g1669 30.281100 17.717140
g47 g1672 32.638760 19.549870
g47 g1675 32.090710 19.526750
g47 g1678 31.958200 19.394240
g47 g1681 32.153680 19.589720
g47 g1684 31.950640 19.386680
g47 g1687 31.586680 19.771100
g47 g546 32.638760 19.549870
g47 g554 32.090710 19.526750
g47 g557 31.958200 19.394240
g47 g560 32.153680 19.589720
g47 g563 31.950640 19.386680
g47 g566 31.586680 19.771100
g47 g569 34.916120 16.190670
g47 g572 31.224060 18.982490
g47 g575 32.803970 19.715080
g47 g549 32.186560 19.622600
g47 OUTPUT 33.032420 14.306970
g47 OUTPUT 28.861470 16.619900
g47 OUTPUT 30.225780 17.136890
g47 OUTPUT 29.534360 16.970400
g47 OUTPUT 29.545220 16.981260
g47 OUTPUT 29.740700 17.176740
g47 OUTPUT 28.260120 15.696160
g47 OUTPUT 29.532750 17.717170
g47 OUTPUT 32.131730 17.421890
g47 OUTPUT 45.884010 22.911120
g47 OUTPUT 48.923980 17.991180
g47 OUTPUT 35.369850 16.644400
g48 g32 57.893670 7.174900
g48 g33 42.235440 11.533630
g48 g34 41.544020 11.533630
g48 g35 41.554880 11.533630
g48 g36 41.750360 11.533630
g48 g37 40.269780 10.878280
g48 g38 41.542410 11.533630
g48 g39 45.042080 11.533630
g48 g40 40.871130 11.533630
g48 g48 0.499980 0.499980
g48 g971 84.642720 50.123980
g48 g976 84.722720 50.123980
g48 g981 84.722720 50.123980
g48 g986 84.722720 50.123980
g48 g944 89.501020 54.102320
g48 g947 89.501020 54.102320
g48 g950 89.501020 54.102320
g48 g953 89.501020 54.102320
g48 g956 89.501020 54.102320
g48 g959 89.501020 54.102320
g48 g962 89.501020 54.102320
g48 g965 89.501020 54.102320
g48 g968 89.501020 54.102320
g48 g757 82.691660 48.915840
g48 g874 16.643610 2.006870
g48 g875 16.643610 2.006870
g48 g481 79.043790 44.984720
g48 g486 79.043790 45.163660
g48 g491 79.043790 45.163660
g48 g496 79.043790 45.163660
g48 g501 79.043790 45.163660
g48 g506 79.043790 45.163660
g48 g511 79.043790 45.163660
g48 g516 79.043790 45.163660
g48 g476 79.043790 45.163660
g48 g542 79.043790 45.163660
g48 g538 79.043790 45.163660
g48 g534 79.043790 45.163660
g48 g530 79.043790 45.163660
g48 g525 79.043790 45.163660
g48 g521 79.043790 45.163660
g48 g456 81.845220 47.326480
g48 g461 81.925220 47.326480
g48 g466 81.925220 47.326480
g48 g471 81.925220 47.326480
g48 g426 79.043790 44.984720
g48 g386 79.043790 45.163660
g48 g391 79.043790 45.163660
g48 g396 79.043790 45.163660
g48 g401 79.043790 45.163660
g48 g406 79.043790 45.163660
g48 g411 79.043790 45.163660
g48 g416 79.043790 45.163660
g48 g421 79.043790 45.163660
g48 g452 79.043790 45.163660
g48 g448 79.043790 45.163660
g48 g444 79.043790 45.163660
g48 g440 79.043790 45.163660
g48 g435 79.043790 45.163660
g48 g431 79.043790 45.163660
g48 g369 83.661320 49.142580
g48 g374 83.741320 49.142580
g48 g378 83.741320 49.142580
g48 g382 83.741320 49.142580
g48 g336 94.613800 9.683550
g48 g348 80.711300 46.682760
g48 g351 80.699000 46.659120
g48 g354 80.711300 46.682760
g48 g357 80.699000 46.659120
g48 g360 80.711300 46.682760
g48 g363 80.699000 46.659120
g48 g366 80.711300 46.682760
g48 g342 80.699000 46.659120
g48 g339 80.711300 46.682760
g48 g345 97.611530 48.777570
g48 g1854 47.336930 14.555670
g48 g1857 46.243870 14.898180
g48 g1648 42.941190 15.724440
g48 g1651 42.139340 14.922590
g48 g1642 42.125660 14.908910
g48 g1645 42.357950 15.141200
g48 g1811 43.371630 8.953020
g48 g1721 41.324370 14.107620
g48 g1724 40.522520 13.305770
g48 g1727 40.508840 13.292090
g48 g1730 40.741130 13.524380
g48 g1733 41.271280 14.054530
g48 g108 56.051950 15.917380
g48 g1336 58.332990 17.554380
g48 g1341 58.332990 17.554380
g48 g1346 58.332990 17.554380
g48 g1351 58.332990 17.554380
g48 g1360 16.643610 2.006870
g48 g1217 16.643610 2.006870
g48 g1275 49.231550 11.053060
g48 g1314 61.498360 21.004670
g48 g1318 61.498360 21.004670
g48 g1321 61.498360 21.004670
g48 g1324 61.498360 21.004670
g48 g1327 61.498360 21.004670
g48 g1330 61.498360 21.004670
g48 g1333 61.498360 21.004670
g48 g1308 61.498360 21.004670
g48 g1311 61.498360 21.004670
g48 g105 47.554330 9.741960
g48 g1618 52.359110 15.276130
g48 g1448 47.728920 11.702530
g48 g1654 45.060460 14.329480
g48 g1657 41.368400 14.472100
g48 g1660 42.864310 15.647560
g48 g1663 42.330900 15.114150
g48 g1666 40.476590 13.259840
g48 g1669 40.313160 13.096410
g48 g1672 42.670820 15.454070
g48 g1675 42.122770 14.906020
g48 g1678 41.990260 14.773510
g48 g1681 42.185740 14.968990
g48 g1684 41.982700 14.765950
g48 g1687 41.618740 15.150370
g48 g546 42.670820 15.454070
g48 g554 42.122770 14.906020
g48 g557 41.990260 14.773510
g48 g560 42.185740 14.968990
g48 g563 41.982700 14.765950
g48 g566 41.618740 15.150370
g48 g569 44.948180 14.217200
g48 g572 41.256120 14.359820
g48 g575 42.836030 15.619280
g48 g549 42.218620 15.001870
g48 OUTPUT 14.215480 7.448420
g48 OUTPUT 14.982430 7.180130
g48 OUTPUT 43.064480 12.333500
g48 OUTPUT 38.893530 11.997230
g48 OUTPUT 40.257840 13.041090
g48 OUTPUT 39.566420 12.349670
g48 OUTPUT 39.577280 12.360530
g48 OUTPUT 39.772760 12.556010
g48 OUTPUT 38.292180 11.075430
g48 OUTPUT 39.564810 13.096440
g48 OUTPUT 42.163790 12.801160
g48 OUTPUT 55.916070 7.335400
g48 OUTPUT 58.956040 4.210810
g48 OUTPUT 45.401910 12.998820
g82 g82 0.499980 0.499980
g82 OUTPUT 5.348880 1.478000
g82 OUTPUT 5.348880 1.478000
g82 OUTPUT 5.348880 1.478000
g82 OUTPUT 5.348880 1.478000
g82 OUTPUT 5.348880 1.478000
g82 OUTPUT 5.348880 1.478000
g82 OUTPUT 5.348880 1.478000
g82 OUTPUT 5.348880 1.478000
g82 OUTPUT 5.348880 1.478000
g82 OUTPUT 5.348880 1.478000
g82 OUTPUT 5.348880 1.478000
g82 OUTPUT 6.916500 1.769440
g82 OUTPUT 6.916500 1.769440
g82 OUTPUT 6.916500 1.769440
g82 OUTPUT 6.916500 1.769440
g82 OUTPUT 6.916500 1.769440
g82 OUTPUT 6.916500 1.769440
g82 OUTPUT 6.916500 1.769440
g82 OUTPUT 6.916500 1.769440
g82 OUTPUT 6.916500 1.769440
g82 OUTPUT 6.916500 1.769440
g82 OUTPUT 6.916500 1.769440
g83 g83 0.499980 0.499980
g83 g750 2.566540 2.566540
g83 g754 3.226730 3.226730
g83 g794 6.805690 6.799570
g83 g798 6.805690 6.799570
g83 g802 6.480280 6.480280
g83 g806 6.480280 6.480280
g83 g810 6.480280 6.480280
g83 g814 6.480280 6.480280
g83 g818 6.480280 6.480280
g83 g822 6.480280 6.480280
g83 g826 6.480280 6.480280
g83 g1696 3.271430 3.271430
g83 g1703 3.351430 3.351430
g83 g1710 2.403790 2.403790
g83 g1959 1.698900 1.698900
g83 g1707 2.396540 2.396540
g83 g1690 2.396540 2.396540
g85 g85 0.499980 0.499980
g85 g1035 3.950520 2.010040
g85 g1047 3.950520 2.010040
g85 g1050 3.950520 2.010040
g85 g1053 3.950520 2.010040
g85 g1056 3.950520 2.010040
g85 g1059 3.950520 2.010040
g85 g1062 3.950520 2.010040
g85 g1065 3.950520 2.010040
g85 g1038 3.950520 2.010040
g85 g1041 3.950520 2.010040
g85 g1044 3.950520 2.010040
g86 g86 0.499980 0.499980
g86 g1035 2.403980 2.403980
g87 g87 0.499980 0.499980
g87 g1047 2.403980 2.403980
g88 g88 0.499980 0.499980
g88 g1050 2.403980 2.403980
g89 g89 0.499980 0.499980
g89 g1053 2.403980 2.403980
g90 g90 0.499980 0.499980
g90 g1056 2.403980 2.403980
g91 g91 0.499980 0.499980
g91 g1059 2.403980 2.403980
g92 g92 0.499980 0.499980
g92 g1062 2.403980 2.403980
g93 g93 0.499980 0.499980
g93 g1065 2.403980 2.403980
g94 g94 0.499980 0.499980
g94 g1038 2.403980 2.403980
g95 g95 0.499980 0.499980
g95 g1041 2.403980 2.403980
g96 g96 0.499980 0.499980
g96 g1044 2.403980 2.403980
g101 g101 0.499980 0.499980
g101 OUTPUT 0.000000 0.000000
g101 OUTPUT 0.000000 0.000000
g102 g102 0.499980 0.499980
g102 OUTPUT 0.000000 0.000000
g102 OUTPUT 0.000000 0.000000
g103 g103 0.499980 0.499980
g103 OUTPUT 0.000000 0.000000
g103 OUTPUT 0.000000 0.000000
g104 g104 0.499980 0.499980
g104 OUTPUT 0.000000 0.000000
g104 OUTPUT 0.000000 0.000000
g28 g28 0.499980 0.499980
g28 OUTPUT 0.000000 0.000000
g28 OUTPUT 0.000000 0.000000
g29 g29 0.499980 0.499980
g29 OUTPUT 0.000000 0.000000
g29 OUTPUT 0.000000 0.000000
g898 g32 28.279030 21.308910
g898 g33 15.224340 13.049590
g898 g898 0.499980 0.499980
g898 g971 55.684980 50.329630
g898 g976 55.764980 50.329630
g898 g981 55.764980 50.329630
g898 g986 55.764980 50.329630
g898 g944 60.543280 54.307970
g898 g947 60.543280 54.307970
g898 g950 60.543280 54.307970
g898 g953 60.543280 54.307970
g898 g956 60.543280 54.307970
g898 g959 60.543280 54.307970
g898 g962 60.543280 54.307970
g898 g965 60.543280 54.307970
g898 g968 60.543280 54.307970
g898 g757 53.733920 49.121490
g898 g481 50.086050 45.190370
g898 g486 50.086050 45.369310
g898 g491 50.086050 45.369310
g898 g496 50.086050 45.369310
g898 g501 50.086050 45.369310
g898 g506 50.086050 45.369310
g898 g511 50.086050 45.369310
g898 g516 50.086050 45.369310
g898 g476 50.086050 45.369310
g898 g542 50.086050 45.369310
g898 g538 50.086050 45.369310
g898 g534 50.086050 45.369310
g898 g530 50.086050 45.369310
g898 g525 50.086050 45.369310
g898 g521 50.086050 45.369310
g898 g456 52.887480 47.532130
g898 g461 52.967480 47.532130
g898 g466 52.967480 47.532130
g898 g471 52.967480 47.532130
g898 g426 50.086050 45.190370
g898 g386 50.086050 45.369310
g898 g391 50.086050 45.369310
g898 g396 50.086050 45.369310
g898 g401 50.086050 45.369310
g898 g406 50.086050 45.369310
g898 g411 50.086050 45.369310
g898 g416 50.086050 45.369310
g898 g421 50.086050 45.369310
g898 g452 50.086050 45.369310
g898 g448 50.086050 45.369310
g898 g444 50.086050 45.369310
g898 g440 50.086050 45.369310
g898 g435 50.086050 45.369310
g898 g431 50.086050 45.369310
g898 g369 54.703580 49.348230
g898 g374 54.783580 49.348230
g898 g378 54.783580 49.348230
g898 g382 54.783580 49.348230
g898 g336 65.656060 48.695280
g898 g348 51.753560 46.888410
g898 g351 51.741260 46.864770
g898 g354 51.753560 46.888410
g898 g357 51.741260 46.864770
g898 g360 51.753560 46.888410
g898 g363 51.741260 46.864770
g898 g366 51.753560 46.888410
g898 g342 51.741260 46.864770
g898 g339 51.753560 46.888410
g898 g345 68.653790 48.983220
g898 g1854 14.761320 14.761320
g898 g1857 15.846130 15.846130
g898 g1648 15.930090 15.930090
g898 g1811 16.360530 16.360530
g898 g1721 14.313270 14.313270
g898 g1660 15.853210 15.853210
g898 g1672 15.659720 15.659720
g898 g546 15.659720 15.659720
g898 g575 15.824930 15.824930
g898 OUTPUT 13.246740 13.246740
g898 OUTPUT 13.922570 13.922570
g898 OUTPUT 26.301430 21.469410
g898 OUTPUT 29.341400 23.052120
g898 OUTPUT 14.120230 14.120230
g901 g32 27.323520 20.734940
g901 g34 14.447390 12.272640
g901 g901 0.499980 0.499980
g901 g971 55.378480 53.155600
g901 g976 55.458480 53.155600
g901 g981 55.458480 53.155600
g901 g986 55.458480 53.155600
g901 g944 60.236780 57.133940
g901 g947 60.236780 57.133940
g901 g950 60.236780 57.133940
g901 g953 60.236780 57.133940
g901 g956 60.236780 57.133940
g901 g959 60.236780 57.133940
g901 g962 60.236780 57.133940
g901 g965 60.236780 57.133940
g901 g968 60.236780 57.133940
g901 g757 53.427420 51.947460
g901 g481 49.779550 48.016340
g901 g486 49.779550 48.195280
g901 g491 49.779550 48.195280
g901 g496 49.779550 48.195280
g901 g501 49.779550 48.195280
g901 g506 49.779550 48.195280
g901 g511 49.779550 48.195280
g901 g516 49.779550 48.195280
g901 g476 49.779550 48.195280
g901 g542 49.779550 48.195280
g901 g538 49.779550 48.195280
g901 g534 49.779550 48.195280
g901 g530 49.779550 48.195280
g901 g525 49.779550 48.195280
g901 g521 49.779550 48.195280
g901 g456 52.580980 50.358100
g901 g461 52.660980 50.358100
g901 g466 52.660980 50.358100
g901 g471 52.660980 50.358100
g901 g426 49.779550 48.016340
g901 g386 49.779550 48.195280
g901 g391 49.779550 48.195280
g901 g396 49.779550 48.195280
g901 g401 49.779550 48.195280
g901 g406 49.779550 48.195280
g901 g411 49.779550 48.195280
g901 g416 49.779550 48.195280
g901 g421 49.779550 48.195280
g901 g452 49.779550 48.195280
g901 g448 49.779550 48.195280
g901 g444 49.779550 48.195280
g901 g440 49.779550 48.195280
g901 g435 49.779550 48.195280
g901 g431 49.779550 48.195280
g901 g369 54.397080 52.174200
g901 g374 54.477080 52.174200
g901 g378 54.477080 52.174200
g901 g382 54.477080 52.174200
g901 g336 65.349560 51.521250
g901 g348 51.447060 49.714380
g901 g351 51.434760 49.690740
g901 g354 51.447060 49.714380
g901 g357 51.434760 49.690740
g901 g360 51.447060 49.714380
g901 g363 51.434760 49.690740
g901 g366 51.447060 49.714380
g901 g342 51.434760 49.690740
g901 g339 51.447060 49.714380
g901 g345 68.347290 51.809190
g901 g1857 15.018300 15.018300
g901 g1651 15.042710 15.042710
g901 g1811 15.438420 15.438420
g901 g1724 13.425890 13.425890
g901 g1663 15.234270 15.234270
g901 g1675 15.026140 15.026140
g901 g554 15.026140 15.026140
g901 g549 15.121990 15.121990
g901 OUTPUT 12.469790 12.469790
g901 OUTPUT 13.695190 13.695190
g901 OUTPUT 25.345920 20.895440
g901 OUTPUT 28.385890 22.478150
g901 OUTPUT 13.892850 13.892850
g904 g32 26.431250 20.021170
g904 g35 13.758220 11.583470
g904 g904 0.499980 0.499980
g904 g971 54.052620 51.819780
g904 g976 54.132620 51.819780
g904 g981 54.132620 51.819780
g904 g986 54.132620 51.819780
g904 g944 58.910920 55.798120
g904 g947 58.910920 55.798120
g904 g950 58.910920 55.798120
g904 g953 58.910920 55.798120
g904 g956 58.910920 55.798120
g904 g959 58.910920 55.798120
g904 g962 58.910920 55.798120
g904 g965 58.910920 55.798120
g904 g968 58.910920 55.798120
g904 g757 52.101560 50.611640
g904 g481 48.453690 46.680520
g904 g486 48.453690 46.859460
g904 g491 48.453690 46.859460
g904 g496 48.453690 46.859460
g904 g501 48.453690 46.859460
g904 g506 48.453690 46.859460
g904 g511 48.453690 46.859460
g904 g516 48.453690 46.859460
g904 g476 48.453690 46.859460
g904 g542 48.453690 46.859460
g904 g538 48.453690 46.859460
g904 g534 48.453690 46.859460
g904 g530 48.453690 46.859460
g904 g525 48.453690 46.859460
g904 g521 48.453690 46.859460
g904 g456 51.255120 49.022280
g904 g461 51.335120 49.022280
g904 g466 51.335120 49.022280
g904 g471 51.335120 49.022280
g904 g426 48.453690 46.680520
g904 g386 48.453690 46.859460
g904 g391 48.453690 46.859460
g904 g396 48.453690 46.859460
g904 g401 48.453690 46.859460
g904 g406 48.453690 46.859460
g904 g411 48.453690 46.859460
g904 g416 48.453690 46.859460
g904 g421 48.453690 46.859460
g904 g452 48.453690 46.859460
g904 g448 48.453690 46.859460
g904 g444 48.453690 46.859460
g904 g440 48.453690 46.859460
g904 g435 48.453690 46.859460
g904 g431 48.453690 46.859460
g904 g369 53.071220 50.838380
g904 g374 53.151220 50.838380
g904 g378 53.151220 50.838380
g904 g382 53.151220 50.838380
g904 g336 64.023700 50.185430
g904 g348 50.121200 48.378560
g904 g351 50.108900 48.354920
g904 g354 50.121200 48.378560
g904 g357 50.108900 48.354920
g904 g360 50.121200 48.378560
g904 g363 50.108900 48.354920
g904 g366 50.121200 48.378560
g904 g342 50.108900 48.354920
g904 g339 50.121200 48.378560
g904 g345 67.021430 50.473370
g904 g1857 14.844610 14.844610
g904 g1642 14.329000 14.329000
g904 g1811 14.545540 14.545540
g904 g1727 12.712180 12.712180
g904 g1666 12.679930 12.679930
g904 g1678 14.193600 14.193600
g904 g557 14.193600 14.193600
g904 OUTPUT 11.780620 11.780620
g904 OUTPUT 12.221250 12.221250
g904 OUTPUT 24.453650 20.181670
g904 OUTPUT 27.493620 21.764380
g904 OUTPUT 12.418910 12.418910
g907 g32 26.804750 20.419150
g907 g36 13.953160 11.778410
g907 g907 0.499980 0.499980
g907 g971 54.718010 52.495150
g907 g976 54.798010 52.495150
g907 g981 54.798010 52.495150
g907 g986 54.798010 52.495150
g907 g944 59.576310 56.473490
g907 g947 59.576310 56.473490
g907 g950 59.576310 56.473490
g907 g953 59.576310 56.473490
g907 g956 59.576310 56.473490
g907 g959 59.576310 56.473490
g907 g962 59.576310 56.473490
g907 g965 59.576310 56.473490
g907 g968 59.576310 56.473490
g907 g757 52.766950 51.287010
g907 g481 49.119080 47.355890
g907 g486 49.119080 47.534830
g907 g491 49.119080 47.534830
g907 g496 49.119080 47.534830
g907 g501 49.119080 47.534830
g907 g506 49.119080 47.534830
g907 g511 49.119080 47.534830
g907 g516 49.119080 47.534830
g907 g476 49.119080 47.534830
g907 g542 49.119080 47.534830
g907 g538 49.119080 47.534830
g907 g534 49.119080 47.534830
g907 g530 49.119080 47.534830
g907 g525 49.119080 47.534830
g907 g521 49.119080 47.534830
g907 g456 51.920510 49.697650
g907 g461 52.000510 49.697650
g907 g466 52.000510 49.697650
g907 g471 52.000510 49.697650
g907 g426 49.119080 47.355890
g907 g386 49.119080 47.534830
g907 g391 49.119080 47.534830
g907 g396 49.119080 47.534830
g907 g401 49.119080 47.534830
g907 g406 49.119080 47.534830
g907 g411 49.119080 47.534830
g907 g416 49.119080 47.534830
g907 g421 49.119080 47.534830
g907 g452 49.119080 47.534830
g907 g448 49.119080 47.534830
g907 g444 49.119080 47.534830
g907 g440 49.119080 47.534830
g907 g435 49.119080 47.534830
g907 g431 49.119080 47.534830
g907 g369 53.736610 51.513750
g907 g374 53.816610 51.513750
g907 g378 53.816610 51.513750
g907 g382 53.816610 51.513750
g907 g336 64.689090 50.860800
g907 g348 50.786590 49.053930
g907 g351 50.774290 49.030290
g907 g354 50.786590 49.053930
g907 g357 50.774290 49.030290
g907 g360 50.786590 49.053930
g907 g363 50.774290 49.030290
g907 g366 50.786590 49.053930
g907 g342 50.774290 49.030290
g907 g339 50.786590 49.053930
g907 g345 67.686820 51.148740
g907 g1857 14.936830 14.936830
g907 g1645 14.560750 14.560750
g907 g1811 14.236990 14.236990
g907 g1730 12.943930 12.943930
g907 g1669 12.515960 12.515960
g907 g1681 14.388540 14.388540
g907 g560 14.388540 14.388540
g907 OUTPUT 11.975560 11.975560
g907 OUTPUT 14.366590 14.366590
g907 OUTPUT 24.827150 20.579650
g907 OUTPUT 27.867120 15.011080
g907 OUTPUT 14.564250 13.664300
g910 g32 22.808500 16.398420
g910 g37 10.160010 7.985260
g910 g910 0.499980 0.499980
g910 g971 50.193410 47.960570
g910 g976 50.273410 47.960570
g910 g981 50.273410 47.960570
g910 g986 50.273410 47.960570
g910 g944 55.051710 51.938910
g910 g947 55.051710 51.938910
g910 g950 55.051710 51.938910
g910 g953 55.051710 51.938910
g910 g956 55.051710 51.938910
g910 g959 55.051710 51.938910
g910 g962 55.051710 51.938910
g910 g965 55.051710 51.938910
g910 g968 55.051710 51.938910
g910 g757 48.242350 46.752430
g910 g481 44.594480 42.821310
g910 g486 44.594480 43.000250
g910 g491 44.594480 43.000250
g910 g496 44.594480 43.000250
g910 g501 44.594480 43.000250
g910 g506 44.594480 43.000250
g910 g511 44.594480 43.000250
g910 g516 44.594480 43.000250
g910 g476 44.594480 43.000250
g910 g542 44.594480 43.000250
g910 g538 44.594480 43.000250
g910 g534 44.594480 43.000250
g910 g530 44.594480 43.000250
g910 g525 44.594480 43.000250
g910 g521 44.594480 43.000250
g910 g456 47.395910 45.163070
g910 g461 47.475910 45.163070
g910 g466 47.475910 45.163070
g910 g471 47.475910 45.163070
g910 g426 44.594480 42.821310
g910 g386 44.594480 43.000250
g910 g391 44.594480 43.000250
g910 g396 44.594480 43.000250
g910 g401 44.594480 43.000250
g910 g406 44.594480 43.000250
g910 g411 44.594480 43.000250
g910 g416 44.594480 43.000250
g910 g421 44.594480 43.000250
g910 g452 44.594480 43.000250
g910 g448 44.594480 43.000250
g910 g444 44.594480 43.000250
g910 g440 44.594480 43.000250
g910 g435 44.594480 43.000250
g910 g431 44.594480 43.000250
g910 g369 49.212010 46.979170
g910 g374 49.292010 46.979170
g910 g378 49.292010 46.979170
g910 g382 49.292010 46.979170
g910 g336 60.164490 46.326220
g910 g348 46.261990 44.519350
g910 g351 46.249690 44.495710
g910 g354 46.261990 44.519350
g910 g357 46.249690 44.495710
g910 g360 46.261990 44.519350
g910 g363 46.249690 44.495710
g910 g366 46.261990 44.519350
g910 g342 46.249690 44.495710
g910 g339 46.261990 44.519350
g910 g345 63.162220 46.614160
g910 g1854 17.227160 16.177420
g910 g1857 13.199280 13.199280
g910 g1811 12.667070 11.801120
g910 g1733 11.161510 11.161510
g910 g1684 11.872930 11.872930
g910 g563 11.872930 11.872930
g910 OUTPUT 8.182410 8.182410
g910 OUTPUT 11.766610 11.766610
g910 OUTPUT 20.830900 16.558920
g910 OUTPUT 23.870870 12.620270
g910 OUTPUT 11.964270 11.273490
g913 g32 24.575480 18.547000
g913 g38 12.105550 9.930800
g913 g913 0.499980 0.499980
g913 g971 52.609400 50.386540
g913 g976 52.689400 50.386540
g913 g981 52.689400 50.386540
g913 g986 52.689400 50.386540
g913 g944 57.467700 54.364880
g913 g947 57.467700 54.364880
g913 g950 57.467700 54.364880
g913 g953 57.467700 54.364880
g913 g956 57.467700 54.364880
g913 g959 57.467700 54.364880
g913 g962 57.467700 54.364880
g913 g965 57.467700 54.364880
g913 g968 57.467700 54.364880
g913 g757 50.658340 49.178400
g913 g481 47.010470 45.247280
g913 g486 47.010470 45.426220
g913 g491 47.010470 45.426220
g913 g496 47.010470 45.426220
g913 g501 47.010470 45.426220
g913 g506 47.010470 45.426220
g913 g511 47.010470 45.426220
g913 g516 47.010470 45.426220
g913 g476 47.010470 45.426220
g913 g542 47.010470 45.426220
g913 g538 47.010470 45.426220
g913 g534 47.010470 45.426220
g913 g530 47.010470 45.426220
g913 g525 47.010470 45.426220
g913 g521 47.010470 45.426220
g913 g456 49.811900 47.589040
g913 g461 49.891900 47.589040
g913 g466 49.891900 47.589040
g913 g471 49.891900 47.589040
g913 g426 47.010470 45.247280
g913 g386 47.010470 45.426220
g913 g391 47.010470 45.426220
g913 g396 47.010470 45.426220
g913 g401 47.010470 45.426220
g913 g406 47.010470 45.426220
g913 g411 47.010470 45.426220
g913 g416 47.010470 45.426220
g913 g421 47.010470 45.426220
g913 g452 47.010470 45.426220
g913 g448 47.010470 45.426220
g913 g444 47.010470 45.426220
g913 g440 47.010470 45.426220
g913 g435 47.010470 45.426220
g913 g431 47.010470 45.426220
g913 g369 51.628000 49.405140
g913 g374 51.708000 49.405140
g913 g378 51.708000 49.405140
g913 g382 51.708000 49.405140
g913 g336 62.580480 48.752190
g913 g348 48.677980 46.945320
g913 g351 48.665680 46.921680
g913 g354 48.677980 46.945320
g913 g357 48.665680 46.921680
g913 g360 48.677980 46.945320
g913 g363 48.665680 46.921680
g913 g366 48.677980 46.945320
g913 g342 48.665680 46.921680
g913 g339 48.677980 46.945320
g913 g345 65.578210 49.040130
g913 g1857 12.787060 12.787060
g913 g1618 22.922250 20.034830
g913 g1448 18.292060 16.461230
g913 g1687 12.181880 12.181880
g913 g566 12.181880 12.181880
g913 OUTPUT 10.127950 10.127950
g913 OUTPUT 22.597880 18.707500
g913 OUTPUT 25.637850 13.399580
g913 OUTPUT 12.052800 12.052800
g916 g32 24.271440 17.885900
g916 g39 11.419850 9.245100
g916 g916 0.499980 0.499980
g916 g971 51.020490 48.787650
g916 g976 51.100490 48.787650
g916 g981 51.100490 48.787650
g916 g986 51.100490 48.787650
g916 g944 55.878790 52.765990
g916 g947 55.878790 52.765990
g916 g950 55.878790 52.765990
g916 g953 55.878790 52.765990
g916 g956 55.878790 52.765990
g916 g959 55.878790 52.765990
g916 g962 55.878790 52.765990
g916 g965 55.878790 52.765990
g916 g968 55.878790 52.765990
g916 g757 49.069430 47.579510
g916 g481 45.421560 43.648390
g916 g486 45.421560 43.827330
g916 g491 45.421560 43.827330
g916 g496 45.421560 43.827330
g916 g501 45.421560 43.827330
g916 g506 45.421560 43.827330
g916 g511 45.421560 43.827330
g916 g516 45.421560 43.827330
g916 g476 45.421560 43.827330
g916 g542 45.421560 43.827330
g916 g538 45.421560 43.827330
g916 g534 45.421560 43.827330
g916 g530 45.421560 43.827330
g916 g525 45.421560 43.827330
g916 g521 45.421560 43.827330
g916 g456 48.222990 45.990150
g916 g461 48.302990 45.990150
g916 g466 48.302990 45.990150
g916 g471 48.302990 45.990150
g916 g426 45.421560 43.648390
g916 g386 45.421560 43.827330
g916 g391 45.421560 43.827330
g916 g396 45.421560 43.827330
g916 g401 45.421560 43.827330
g916 g406 45.421560 43.827330
g916 g411 45.421560 43.827330
g916 g416 45.421560 43.827330
g916 g421 45.421560 43.827330
g916 g452 45.421560 43.827330
g916 g448 45.421560 43.827330
g916 g444 45.421560 43.827330
g916 g440 45.421560 43.827330
g916 g435 45.421560 43.827330
g916 g431 45.421560 43.827330
g916 g369 50.039090 47.806250
g916 g374 50.119090 47.806250
g916 g378 50.119090 47.806250
g916 g382 50.119090 47.806250
g916 g336 60.991570 13.836070
g916 g348 47.089070 45.346430
g916 g351 47.076770 45.322790
g916 g354 47.089070 45.346430
g916 g357 47.076770 45.322790
g916 g360 47.089070 45.346430
g916 g363 47.076770 45.322790
g916 g366 47.089070 45.346430
g916 g342 47.076770 45.322790
g916 g339 47.089070 45.346430
g916 g345 63.989300 47.441240
g916 g1857 12.621640 12.621640
g916 g108 22.429720 20.069900
g916 g1336 24.710760 21.706900
g916 g1341 24.710760 21.706900
g916 g1346 24.710760 21.706900
g916 g1351 24.710760 21.706900
g916 g1275 15.609320 15.205580
g916 g1314 27.876130 25.157190
g916 g1318 27.876130 25.157190
g916 g1321 27.876130 25.157190
g916 g1324 27.876130 25.157190
g916 g1327 27.876130 25.157190
g916 g1330 27.876130 25.157190
g916 g1333 27.876130 25.157190
g916 g1308 27.876130 25.157190
g916 g1311 27.876130 25.157190
g916 g105 13.932100 13.894480
g916 g1654 11.438230 11.438230
g916 g569 11.325950 11.325950
g916 OUTPUT 9.442250 9.442250
g916 OUTPUT 22.293840 18.046400
g916 OUTPUT 25.333810 13.126460
g916 OUTPUT 11.779680 11.779680
g919 g32 23.888680 17.884680
g919 g40 11.215650 9.040900
g919 g919 0.499980 0.499980
g919 g971 51.286740 49.063860
g919 g976 51.366740 49.063860
g919 g981 51.366740 49.063860
g919 g986 51.366740 49.063860
g919 g944 56.145040 53.042200
g919 g947 56.145040 53.042200
g919 g950 56.145040 53.042200
g919 g953 56.145040 53.042200
g919 g956 56.145040 53.042200
g919 g959 56.145040 53.042200
g919 g962 56.145040 53.042200
g919 g965 56.145040 53.042200
g919 g968 56.145040 53.042200
g919 g757 49.335680 47.855720
g919 g481 45.687810 43.924600
g919 g486 45.687810 44.103540
g919 g491 45.687810 44.103540
g919 g496 45.687810 44.103540
g919 g501 45.687810 44.103540
g919 g506 45.687810 44.103540
g919 g511 45.687810 44.103540
g919 g516 45.687810 44.103540
g919 g476 45.687810 44.103540
g919 g542 45.687810 44.103540
g919 g538 45.687810 44.103540
g919 g534 45.687810 44.103540
g919 g530 45.687810 44.103540
g919 g525 45.687810 44.103540
g919 g521 45.687810 44.103540
g919 g456 48.489240 46.266360
g919 g461 48.569240 46.266360
g919 g466 48.569240 46.266360
g919 g471 48.569240 46.266360
g919 g426 45.687810 43.924600
g919 g386 45.687810 44.103540
g919 g391 45.687810 44.103540
g919 g396 45.687810 44.103540
g919 g401 45.687810 44.103540
g919 g406 45.687810 44.103540
g919 g411 45.687810 44.103540
g919 g416 45.687810 44.103540
g919 g421 45.687810 44.103540
g919 g452 45.687810 44.103540
g919 g448 45.687810 44.103540
g919 g444 45.687810 44.103540
g919 g440 45.687810 44.103540
g919 g435 45.687810 44.103540
g919 g431 45.687810 44.103540
g919 g369 50.305340 48.082460
g919 g374 50.385340 48.082460
g919 g378 50.385340 48.082460
g919 g382 50.385340 48.082460
g919 g336 61.257820 47.429510
g919 g348 47.355320 45.622640
g919 g351 47.343020 45.599000
g919 g354 47.355320 45.622640
g919 g357 47.343020 45.599000
g919 g360 47.355320 45.622640
g919 g363 47.343020 45.599000
g919 g366 47.355320 45.622640
g919 g342 47.343020 45.599000
g919 g339 47.355320 45.622640
g919 g345 64.255550 47.717450
g919 g1857 12.314720 12.314720
g919 g1657 11.712920 11.712920
g919 g572 11.600640 11.600640
g919 OUTPUT 9.238050 9.238050
g919 OUTPUT 21.911080 18.045180
g919 OUTPUT 24.951050 11.684900
g919 OUTPUT 10.338120 10.338120
g922 g32 28.873450 21.903330
g922 g33 15.818760 13.644010
g922 g922 0.499980 0.499980
g922 g971 56.279400 50.924050
g922 g976 56.359400 50.924050
g922 g981 56.359400 50.924050
g922 g986 56.359400 50.924050
g922 g944 61.137700 54.902390
g922 g947 61.137700 54.902390
g922 g950 61.137700 54.902390
g922 g953 61.137700 54.902390
g922 g956 61.137700 54.902390
g922 g959 61.137700 54.902390
g922 g962 61.137700 54.902390
g922 g965 61.137700 54.902390
g922 g968 61.137700 54.902390
g922 g757 54.328340 49.715910
g922 g481 50.680470 45.784790
g922 g486 50.680470 45.963730
g922 g491 50.680470 45.963730
g922 g496 50.680470 45.963730
g922 g501 50.680470 45.963730
g922 g506 50.680470 45.963730
g922 g511 50.680470 45.963730
g922 g516 50.680470 45.963730
g922 g476 50.680470 45.963730
g922 g542 50.680470 45.963730
g922 g538 50.680470 45.963730
g922 g534 50.680470 45.963730
g922 g530 50.680470 45.963730
g922 g525 50.680470 45.963730
g922 g521 50.680470 45.963730
g922 g456 53.481900 48.126550
g922 g461 53.561900 48.126550
g922 g466 53.561900 48.126550
g922 g471 53.561900 48.126550
g922 g426 50.680470 45.784790
g922 g386 50.680470 45.963730
g922 g391 50.680470 45.963730
g922 g396 50.680470 45.963730
g922 g401 50.680470 45.963730
g922 g406 50.680470 45.963730
g922 g411 50.680470 45.963730
g922 g416 50.680470 45.963730
g922 g421 50.680470 45.963730
g922 g452 50.680470 45.963730
g922 g448 50.680470 45.963730
g922 g444 50.680470 45.963730
g922 g440 50.680470 45.963730
g922 g435 50.680470 45.963730
g922 g431 50.680470 45.963730
g922 g369 55.298000 49.942650
g922 g374 55.378000 49.942650
g922 g378 55.378000 49.942650
g922 g382 55.378000 49.942650
g922 g336 66.250480 49.289700
g922 g348 52.347980 47.482830
g922 g351 52.335680 47.459190
g922 g354 52.347980 47.482830
g922 g357 52.335680 47.459190
g922 g360 52.347980 47.482830
g922 g363 52.335680 47.459190
g922 g366 52.347980 47.482830
g922 g342 52.335680 47.459190
g922 g339 52.347980 47.482830
g922 g345 69.248210 49.577640
g922 g1854 15.355740 15.355740
g922 g1857 16.440550 16.440550
g922 g1648 16.524510 16.524510
g922 g1811 16.954950 16.954950
g922 g1721 14.907690 14.907690
g922 g1660 16.447630 16.447630
g922 g1672 16.254140 16.254140
g922 g546 16.254140 16.254140
g922 g575 16.419350 16.419350
g922 OUTPUT 13.841160 13.841160
g922 OUTPUT 14.516990 14.516990
g922 OUTPUT 26.895850 22.063830
g922 OUTPUT 29.935820 23.646540
g922 OUTPUT 14.714650 14.714650
g925 g32 27.917940 21.329360
g925 g34 15.041810 12.867060
g925 g925 0.499980 0.499980
g925 g971 55.972900 53.750020
g925 g976 56.052900 53.750020
g925 g981 56.052900 53.750020
g925 g986 56.052900 53.750020
g925 g944 60.831200 57.728360
g925 g947 60.831200 57.728360
g925 g950 60.831200 57.728360
g925 g953 60.831200 57.728360
g925 g956 60.831200 57.728360
g925 g959 60.831200 57.728360
g925 g962 60.831200 57.728360
g925 g965 60.831200 57.728360
g925 g968 60.831200 57.728360
g925 g757 54.021840 52.541880
g925 g481 50.373970 48.610760
g925 g486 50.373970 48.789700
g925 g491 50.373970 48.789700
g925 g496 50.373970 48.789700
g925 g501 50.373970 48.789700
g925 g506 50.373970 48.789700
g925 g511 50.373970 48.789700
g925 g516 50.373970 48.789700
g925 g476 50.373970 48.789700
g925 g542 50.373970 48.789700
g925 g538 50.373970 48.789700
g925 g534 50.373970 48.789700
g925 g530 50.373970 48.789700
g925 g525 50.373970 48.789700
g925 g521 50.373970 48.789700
g925 g456 53.175400 50.952520
g925 g461 53.255400 50.952520
g925 g466 53.255400 50.952520
g925 g471 53.255400 50.952520
g925 g426 50.373970 48.610760
g925 g386 50.373970 48.789700
g925 g391 50.373970 48.789700
g925 g396 50.373970 48.789700
g925 g401 50.373970 48.789700
g925 g406 50.373970 48.789700
g925 g411 50.373970 48.789700
g925 g416 50.373970 48.789700
g925 g421 50.373970 48.789700
g925 g452 50.373970 48.789700
g925 g448 50.373970 48.789700
g925 g444 50.373970 48.789700
g925 g440 50.373970 48.789700
g925 g435 50.373970 48.789700
g925 g431 50.373970 48.789700
g925 g369 54.991500 52.768620
g925 g374 55.071500 52.768620
g925 g378 55.071500 52.768620
g925 g382 55.071500 52.768620
g925 g336 65.943980 52.115670
g925 g348 52.041480 50.308800
g925 g351 52.029180 50.285160
g925 g354 52.041480 50.308800
g925 g357 52.029180 50.285160
g925 g360 52.041480 50.308800
g925 g363 52.029180 50.285160
g925 g366 52.041480 50.308800
g925 g342 52.029180 50.285160
g925 g339 52.041480 50.308800
g925 g345 68.941710 52.403610
g925 g1857 15.612720 15.612720
g925 g1651 15.637130 15.637130
g925 g1811 16.032840 16.032840
g925 g1724 14.020310 14.020310
g925 g1663 15.828690 15.828690
g925 g1675 15.620560 15.620560
g925 g554 15.620560 15.620560
g925 g549 15.716410 15.716410
g925 OUTPUT 13.064210 13.064210
g925 OUTPUT 14.289610 14.289610
g925 OUTPUT 25.940340 21.489860
g925 OUTPUT 28.980310 23.072570
g925 OUTPUT 14.487270 14.487270
g971 g32 25.246730 18.276610
g971 g33 12.192040 10.017290
g971 g971 52.652680 2.136980
g971 g976 52.732680 4.070000
g971 g981 52.732680 5.671780
g971 g986 52.732680 7.528700
g971 g944 57.510980 51.275670
g971 g947 57.510980 51.275670
g971 g950 57.510980 51.275670
g971 g953 57.510980 51.275670
g971 g956 57.510980 51.275670
g971 g959 57.510980 51.275670
g971 g962 57.510980 51.275670
g971 g965 57.510980 51.275670
g971 g968 57.510980 51.275670
g971 g878 4.241200 4.241200
g971 g757 50.701620 46.089190
g971 g481 47.053750 42.158070
g971 g486 47.053750 42.337010
g971 g491 47.053750 42.337010
g971 g496 47.053750 42.337010
g971 g501 47.053750 42.337010
g971 g506 47.053750 42.337010
g971 g511 47.053750 42.337010
g971 g516 47.053750 42.337010
g971 g476 47.053750 42.337010
g971 g542 47.053750 42.337010
g971 g538 47.053750 42.337010
g971 g534 47.053750 42.337010
g971 g530 47.053750 42.337010
g971 g525 47.053750 42.337010
g971 g521 47.053750 42.337010
g971 g456 49.855180 44.499830
g971 g461 49.935180 44.499830
g971 g466 49.935180 44.499830
g971 g471 49.935180 44.499830
g971 g426 47.053750 42.158070
g971 g386 47.053750 42.337010
g971 g391 47.053750 42.337010
g971 g396 47.053750 42.337010
g971 g401 47.053750 42.337010
g971 g406 47.053750 42.337010
g971 g411 47.053750 42.337010
g971 g416 47.053750 42.337010
g971 g421 47.053750 42.337010
g971 g452 47.053750 42.337010
g971 g448 47.053750 42.337010
g971 g444 47.053750 42.337010
g971 g440 47.053750 42.337010
g971 g435 47.053750 42.337010
g971 g431 47.053750 42.337010
g971 g369 51.671280 46.315930
g971 g374 51.751280 46.315930
g971 g378 51.751280 46.315930
g971 g382 51.751280 46.315930
g971 g336 62.623760 45.662980
g971 g348 48.721260 43.856110
g971 g351 48.708960 43.832470
g971 g354 48.721260 43.856110
g971 g357 48.708960 43.832470
g971 g360 48.721260 43.856110
g971 g363 48.708960 43.832470
g971 g366 48.721260 43.856110
g971 g342 48.708960 43.832470
g971 g339 48.721260 43.856110
g971 g345 65.621490 45.950920
g971 g1854 11.729020 11.729020
g971 g1857 12.813830 12.813830
g971 g1648 12.897790 12.897790
g971 g1811 13.328230 13.328230
g971 g1721 11.280970 11.280970
g971 g1660 12.820910 12.820910
g971 g1672 12.627420 12.627420
g971 g546 12.627420 12.627420
g971 g575 12.792630 12.792630
g971 OUTPUT 10.214440 10.214440
g971 OUTPUT 10.890270 10.890270
g971 OUTPUT 23.269130 18.437110
g971 OUTPUT 26.309100 20.019820
g971 OUTPUT 11.087930 11.087930
g976 g32 24.271970 17.683390
g976 g34 11.395840 9.221090
g976 g971 52.326930 50.104050
g976 g976 52.406930 2.136980
g976 g981 52.406930 5.850770
g976 g986 52.406930 7.707690
g976 g944 57.185230 54.082390
g976 g947 57.185230 54.082390
g976 g950 57.185230 54.082390
g976 g953 57.185230 54.082390
g976 g956 57.185230 54.082390
g976 g959 57.185230 54.082390
g976 g962 57.185230 54.082390
g976 g965 57.185230 54.082390
g976 g968 57.185230 54.082390
g976 g878 4.420190 4.420190
g976 g757 50.375870 48.895910
g976 g481 46.728000 44.964790
g976 g486 46.728000 45.143730
g976 g491 46.728000 45.143730
g976 g496 46.728000 45.143730
g976 g501 46.728000 45.143730
g976 g506 46.728000 45.143730
g976 g511 46.728000 45.143730
g976 g516 46.728000 45.143730
g976 g476 46.728000 45.143730
g976 g542 46.728000 45.143730
g976 g538 46.728000 45.143730
g976 g534 46.728000 45.143730
g976 g530 46.728000 45.143730
g976 g525 46.728000 45.143730
g976 g521 46.728000 45.143730
g976 g456 49.529430 47.306550
g976 g461 49.609430 47.306550
g976 g466 49.609430 47.306550
g976 g471 49.609430 47.306550
g976 g426 46.728000 44.964790
g976 g386 46.728000 45.143730
g976 g391 46.728000 45.143730
g976 g396 46.728000 45.143730
g976 g401 46.728000 45.143730
g976 g406 46.728000 45.143730
g976 g411 46.728000 45.143730
g976 g416 46.728000 45.143730
g976 g421 46.728000 45.143730
g976 g452 46.728000 45.143730
g976 g448 46.728000 45.143730
g976 g444 46.728000 45.143730
g976 g440 46.728000 45.143730
g976 g435 46.728000 45.143730
g976 g431 46.728000 45.143730
g976 g369 51.345530 49.122650
g976 g374 51.425530 49.122650
g976 g378 51.425530 49.122650
g976 g382 51.425530 49.122650
g976 g336 62.298010 48.469700
g976 g348 48.395510 46.662830
g976 g351 48.383210 46.639190
g976 g354 48.395510 46.662830
g976 g357 48.383210 46.639190
g976 g360 48.395510 46.662830
g976 g363 48.383210 46.639190
g976 g366 48.395510 46.662830
g976 g342 48.383210 46.639190
g976 g339 48.395510 46.662830
g976 g345 65.295740 48.757640
g976 g1857 11.966750 11.966750
g976 g1651 11.991160 11.991160
g976 g1811 12.386870 12.386870
g976 g1724 10.374340 10.374340
g976 g1663 12.182720 12.182720
g976 g1675 11.974590 11.974590
g976 g554 11.974590 11.974590
g976 g549 12.070440 12.070440
g976 OUTPUT 9.418240 9.418240
g976 OUTPUT 10.643640 10.643640
g976 OUTPUT 22.294370 17.843890
g976 OUTPUT 25.334340 19.426600
g976 OUTPUT 10.841300 10.841300
g981 g32 24.079700 17.669620
g981 g35 11.406670 9.231920
g981 g971 51.701070 49.468230
g981 g976 51.781070 49.468230
g981 g981 51.781070 2.136980
g981 g986 51.781070 6.104940
g981 g944 56.559370 53.446570
g981 g947 56.559370 53.446570
g981 g950 56.559370 53.446570
g981 g953 56.559370 53.446570
g981 g956 56.559370 53.446570
g981 g959 56.559370 53.446570
g981 g962 56.559370 53.446570
g981 g965 56.559370 53.446570
g981 g968 56.559370 53.446570
g981 g878 2.817440 2.817440
g981 g757 49.750010 48.260090
g981 g481 46.102140 44.328970
g981 g486 46.102140 44.507910
g981 g491 46.102140 44.507910
g981 g496 46.102140 44.507910
g981 g501 46.102140 44.507910
g981 g506 46.102140 44.507910
g981 g511 46.102140 44.507910
g981 g516 46.102140 44.507910
g981 g476 46.102140 44.507910
g981 g542 46.102140 44.507910
g981 g538 46.102140 44.507910
g981 g534 46.102140 44.507910
g981 g530 46.102140 44.507910
g981 g525 46.102140 44.507910
g981 g521 46.102140 44.507910
g981 g456 48.903570 46.670730
g981 g461 48.983570 46.670730
g981 g466 48.983570 46.670730
g981 g471 48.983570 46.670730
g981 g426 46.102140 44.328970
g981 g386 46.102140 44.507910
g981 g391 46.102140 44.507910
g981 g396 46.102140 44.507910
g981 g401 46.102140 44.507910
g981 g406 46.102140 44.507910
g981 g411 46.102140 44.507910
g981 g416 46.102140 44.507910
g981 g421 46.102140 44.507910
g981 g452 46.102140 44.507910
g981 g448 46.102140 44.507910
g981 g444 46.102140 44.507910
g981 g440 46.102140 44.507910
g981 g435 46.102140 44.507910
g981 g431 46.102140 44.507910
g981 g369 50.719670 48.486830
g981 g374 50.799670 48.486830
g981 g378 50.799670 48.486830
g981 g382 50.799670 48.486830
g981 g336 61.672150 47.833880
g981 g348 47.769650 46.027010
g981 g351 47.757350 46.003370
g981 g354 47.769650 46.027010
g981 g357 47.757350 46.003370
g981 g360 47.769650 46.027010
g981 g363 47.757350 46.003370
g981 g366 47.769650 46.027010
g981 g342 47.757350 46.003370
g981 g339 47.769650 46.027010
g981 g345 64.669880 48.121820
g981 g1857 12.493060 12.493060
g981 g1642 11.977450 11.977450
g981 g1811 12.193990 12.193990
g981 g1727 10.360630 10.360630
g981 g1666 10.328380 10.328380
g981 g1678 11.842050 11.842050
g981 g557 11.842050 11.842050
g981 OUTPUT 9.429070 9.429070
g981 OUTPUT 9.869700 9.869700
g981 OUTPUT 22.102100 17.830120
g981 OUTPUT 25.142070 19.412830
g981 OUTPUT 10.067360 10.067360
g986 g32 24.599720 18.214120
g986 g36 11.748130 9.573380
g986 g971 52.512980 50.290120
g986 g976 52.592980 50.290120
g986 g981 52.592980 50.290120
g986 g986 52.592980 2.136980
g986 g944 57.371280 54.268460
g986 g947 57.371280 54.268460
g986 g950 57.371280 54.268460
g986 g953 57.371280 54.268460
g986 g956 57.371280 54.268460
g986 g959 57.371280 54.268460
g986 g962 57.371280 54.268460
g986 g965 57.371280 54.268460
g986 g968 57.371280 54.268460
g986 g878 1.854020 1.854020
g986 g757 50.561920 49.081980
g986 g481 46.914050 45.150860
g986 g486 46.914050 45.329800
g986 g491 46.914050 45.329800
g986 g496 46.914050 45.329800
g986 g501 46.914050 45.329800
g986 g506 46.914050 45.329800
g986 g511 46.914050 45.329800
g986 g516 46.914050 45.329800
g986 g476 46.914050 45.329800
g986 g542 46.914050 45.329800
g986 g538 46.914050 45.329800
g986 g534 46.914050 45.329800
g986 g530 46.914050 45.329800
g986 g525 46.914050 45.329800
g986 g521 46.914050 45.329800
g986 g456 49.715480 47.492620
g986 g461 49.795480 47.492620
g986 g466 49.795480 47.492620
g986 g471 49.795480 47.492620
g986 g426 46.914050 45.150860
g986 g386 46.914050 45.329800
g986 g391 46.914050 45.329800
g986 g396 46.914050 45.329800
g986 g401 46.914050 45.329800
g986 g406 46.914050 45.329800
g986 g411 46.914050 45.329800
g986 g416 46.914050 45.329800
g986 g421 46.914050 45.329800
g986 g452 46.914050 45.329800
g986 g448 46.914050 45.329800
g986 g444 46.914050 45.329800
g986 g440 46.914050 45.329800
g986 g435 46.914050 45.329800
g986 g431 46.914050 45.329800
g986 g369 51.531580 49.308720
g986 g374 51.611580 49.308720
g986 g378 51.611580 49.308720
g986 g382 51.611580 49.308720
g986 g336 62.484060 48.655770
g986 g348 48.581560 46.848900
g986 g351 48.569260 46.825260
g986 g354 48.581560 46.848900
g986 g357 48.569260 46.825260
g986 g360 48.581560 46.848900
g986 g363 48.569260 46.825260
g986 g366 48.581560 46.848900
g986 g342 48.569260 46.825260
g986 g339 48.581560 46.848900
g986 g345 65.481790 48.943710
g986 g1857 12.731800 12.731800
g986 g1645 12.355720 12.355720
g986 g1811 12.031960 12.031960
g986 g1730 10.738900 10.738900
g986 g1669 10.310930 10.310930
g986 g1681 12.183510 12.183510
g986 g560 12.183510 12.183510
g986 OUTPUT 9.770530 9.770530
g986 OUTPUT 12.161560 12.161560
g986 OUTPUT 22.622120 18.374620
g986 OUTPUT 25.662090 12.806050
g986 OUTPUT 12.359220 11.459270
g944 g32 25.208100 18.822560
g944 g39 12.356510 10.181760
g944 g971 51.957150 49.724310
g944 g976 52.037150 49.724310
g944 g981 52.037150 49.724310
g944 g986 52.037150 49.724310
g944 g944 56.815450 2.611880
g944 g947 56.815450 53.702650
g944 g950 56.815450 53.702650
g944 g953 56.815450 53.702650
g944 g956 56.815450 53.702650
g944 g959 56.815450 53.702650
g944 g962 56.815450 53.702650
g944 g965 56.815450 53.702650
g944 g968 56.815450 53.702650
g944 g757 50.006090 48.516170
g944 g481 46.358220 44.585050
g944 g486 46.358220 44.763990
g944 g491 46.358220 44.763990
g944 g496 46.358220 44.763990
g944 g501 46.358220 44.763990
g944 g506 46.358220 44.763990
g944 g511 46.358220 44.763990
g944 g516 46.358220 44.763990
g944 g476 46.358220 44.763990
g944 g542 46.358220 44.763990
g944 g538 46.358220 44.763990
g944 g534 46.358220 44.763990
g944 g530 46.358220 44.763990
g944 g525 46.358220 44.763990
g944 g521 46.358220 44.763990
g944 g456 49.159650 46.926810
g944 g461 49.239650 46.926810
g944 g466 49.239650 46.926810
g944 g471 49.239650 46.926810
g944 g426 46.358220 44.585050
g944 g386 46.358220 44.763990
g944 g391 46.358220 44.763990
g944 g396 46.358220 44.763990
g944 g401 46.358220 44.763990
g944 g406 46.358220 44.763990
g944 g411 46.358220 44.763990
g944 g416 46.358220 44.763990
g944 g421 46.358220 44.763990
g944 g452 46.358220 44.763990
g944 g448 46.358220 44.763990
g944 g444 46.358220 44.763990
g944 g440 46.358220 44.763990
g944 g435 46.358220 44.763990
g944 g431 46.358220 44.763990
g944 g369 50.975750 48.742910
g944 g374 51.055750 48.742910
g944 g378 51.055750 48.742910
g944 g382 51.055750 48.742910
g944 g336 61.928230 14.772730
g944 g348 48.025730 46.283090
g944 g351 48.013430 46.259450
g944 g354 48.025730 46.283090
g944 g357 48.013430 46.259450
g944 g360 48.025730 46.283090
g944 g363 48.013430 46.259450
g944 g366 48.025730 46.283090
g944 g342 48.013430 46.259450
g944 g339 48.025730 46.283090
g944 g345 64.925960 48.377900
g944 g1857 13.558300 13.558300
g944 g108 23.366380 21.006560
g944 g1336 25.647420 22.643560
g944 g1341 25.647420 22.643560
g944 g1346 25.647420 22.643560
g944 g1351 25.647420 22.643560
g944 g1275 16.545980 16.142240
g944 g1314 28.812790 26.093850
g944 g1318 28.812790 26.093850
g944 g1321 28.812790 26.093850
g944 g1324 28.812790 26.093850
g944 g1327 28.812790 26.093850
g944 g1330 28.812790 26.093850
g944 g1333 28.812790 26.093850
g944 g1308 28.812790 26.093850
g944 g1311 28.812790 26.093850
g944 g105 14.868760 14.831140
g944 g1654 12.374890 12.374890
g944 g569 12.262610 12.262610
g944 OUTPUT 10.378910 10.378910
g944 OUTPUT 23.230500 18.983060
g944 OUTPUT 26.270470 14.063120
g944 OUTPUT 12.716340 12.716340
g947 g32 23.552720 17.548720
g947 g40 10.879690 8.704940
g947 g971 50.950780 48.727900
g947 g976 51.030780 48.727900
g947 g981 51.030780 48.727900
g947 g986 51.030780 48.727900
g947 g944 55.809080 52.706240
g947 g947 55.809080 2.629700
g947 g950 55.809080 52.706240
g947 g953 55.809080 52.706240
g947 g956 55.809080 52.706240
g947 g959 55.809080 52.706240
g947 g962 55.809080 52.706240
g947 g965 55.809080 52.706240
g947 g968 55.809080 52.706240
g947 g757 48.999720 47.519760
g947 g481 45.351850 43.588640
g947 g486 45.351850 43.767580
g947 g491 45.351850 43.767580
g947 g496 45.351850 43.767580
g947 g501 45.351850 43.767580
g947 g506 45.351850 43.767580
g947 g511 45.351850 43.767580
g947 g516 45.351850 43.767580
g947 g476 45.351850 43.767580
g947 g542 45.351850 43.767580
g947 g538 45.351850 43.767580
g947 g534 45.351850 43.767580
g947 g530 45.351850 43.767580
g947 g525 45.351850 43.767580
g947 g521 45.351850 43.767580
g947 g456 48.153280 45.930400
g947 g461 48.233280 45.930400
g947 g466 48.233280 45.930400
g947 g471 48.233280 45.930400
g947 g426 45.351850 43.588640
g947 g386 45.351850 43.767580
g947 g391 45.351850 43.767580
g947 g396 45.351850 43.767580
g947 g401 45.351850 43.767580
g947 g406 45.351850 43.767580
g947 g411 45.351850 43.767580
g947 g416 45.351850 43.767580
g947 g421 45.351850 43.767580
g947 g452 45.351850 43.767580
g947 g448 45.351850 43.767580
g947 g444 45.351850 43.767580
g947 g440 45.351850 43.767580
g947 g435 45.351850 43.767580
g947 g431 45.351850 43.767580
g947 g369 49.969380 47.746500
g947 g374 50.049380 47.746500
g947 g378 50.049380 47.746500
g947 g382 50.049380 47.746500
g947 g336 60.921860 47.093550
g947 g348 47.019360 45.286680
g947 g351 47.007060 45.263040
g947 g354 47.019360 45.286680
g947 g357 47.007060 45.263040
g947 g360 47.019360 45.286680
g947 g363 47.007060 45.263040
g947 g366 47.019360 45.286680
g947 g342 47.007060 45.263040
g947 g339 47.019360 45.286680
g947 g345 63.919590 47.381490
g947 g1857 11.978760 11.978760
g947 g1657 11.376960 11.376960
g947 g572 11.264680 11.264680
g947 OUTPUT 8.902090 8.902090
g947 OUTPUT 21.575120 17.709220
g947 OUTPUT 24.615090 11.348940
g947 OUTPUT 10.002160 10.002160
g950 g32 26.182970 19.212850
g950 g33 13.128280 10.953530
g950 g971 53.588920 48.233570
g950 g976 53.668920 48.233570
g950 g981 53.668920 48.233570
g950 g986 53.668920 48.233570
g950 g944 58.447220 52.211910
g950 g947 58.447220 52.211910
g950 g950 58.447220 2.611880
g950 g953 58.447220 52.211910
g950 g956 58.447220 52.211910
g950 g959 58.447220 52.211910
g950 g962 58.447220 52.211910
g950 g965 58.447220 52.211910
g950 g968 58.447220 52.211910
g950 g757 51.637860 47.025430
g950 g481 47.989990 43.094310
g950 g486 47.989990 43.273250
g950 g491 47.989990 43.273250
g950 g496 47.989990 43.273250
g950 g501 47.989990 43.273250
g950 g506 47.989990 43.273250
g950 g511 47.989990 43.273250
g950 g516 47.989990 43.273250
g950 g476 47.989990 43.273250
g950 g542 47.989990 43.273250
g950 g538 47.989990 43.273250
g950 g534 47.989990 43.273250
g950 g530 47.989990 43.273250
g950 g525 47.989990 43.273250
g950 g521 47.989990 43.273250
g950 g456 50.791420 45.436070
g950 g461 50.871420 45.436070
g950 g466 50.871420 45.436070
g950 g471 50.871420 45.436070
g950 g426 47.989990 43.094310
g950 g386 47.989990 43.273250
g950 g391 47.989990 43.273250
g950 g396 47.989990 43.273250
g950 g401 47.989990 43.273250
g950 g406 47.989990 43.273250
g950 g411 47.989990 43.273250
g950 g416 47.989990 43.273250
g950 g421 47.989990 43.273250
g950 g452 47.989990 43.273250
g950 g448 47.989990 43.273250
g950 g444 47.989990 43.273250
g950 g440 47.989990 43.273250
g950 g435 47.989990 43.273250
g950 g431 47.989990 43.273250
g950 g369 52.607520 47.252170
g950 g374 52.687520 47.252170
g950 g378 52.687520 47.252170
g950 g382 52.687520 47.252170
g950 g336 63.560000 46.599220
g950 g348 49.657500 44.792350
g950 g351 49.645200 44.768710
g950 g354 49.657500 44.792350
g950 g357 49.645200 44.768710
g950 g360 49.657500 44.792350
g950 g363 49.645200 44.768710
g950 g366 49.657500 44.792350
g950 g342 49.645200 44.768710
g950 g339 49.657500 44.792350
g950 g345 66.557730 46.887160
g950 g1854 12.665260 12.665260
g950 g1857 13.750070 13.750070
g950 g1648 13.834030 13.834030
g950 g1811 14.264470 14.264470
g950 g1721 12.217210 12.217210
g950 g1660 13.757150 13.757150
g950 g1672 13.563660 13.563660
g950 g546 13.563660 13.563660
g950 g575 13.728870 13.728870
g950 OUTPUT 11.150680 11.150680
g950 OUTPUT 11.826510 11.826510
g950 OUTPUT 24.205370 19.373350
g950 OUTPUT 27.245340 20.956060
g950 OUTPUT 12.024170 12.024170
g953 g32 25.206670 18.618090
g953 g34 12.330540 10.155790
g953 g971 53.261630 51.038750
g953 g976 53.341630 51.038750
g953 g981 53.341630 51.038750
g953 g986 53.341630 51.038750
g953 g944 58.119930 55.017090
g953 g947 58.119930 55.017090
g953 g950 58.119930 55.017090
g953 g953 58.119930 2.611880
g953 g956 58.119930 55.017090
g953 g959 58.119930 55.017090
g953 g962 58.119930 55.017090
g953 g965 58.119930 55.017090
g953 g968 58.119930 55.017090
g953 g757 51.310570 49.830610
g953 g481 47.662700 45.899490
g953 g486 47.662700 46.078430
g953 g491 47.662700 46.078430
g953 g496 47.662700 46.078430
g953 g501 47.662700 46.078430
g953 g506 47.662700 46.078430
g953 g511 47.662700 46.078430
g953 g516 47.662700 46.078430
g953 g476 47.662700 46.078430
g953 g542 47.662700 46.078430
g953 g538 47.662700 46.078430
g953 g534 47.662700 46.078430
g953 g530 47.662700 46.078430
g953 g525 47.662700 46.078430
g953 g521 47.662700 46.078430
g953 g456 50.464130 48.241250
g953 g461 50.544130 48.241250
g953 g466 50.544130 48.241250
g953 g471 50.544130 48.241250
g953 g426 47.662700 45.899490
g953 g386 47.662700 46.078430
g953 g391 47.662700 46.078430
g953 g396 47.662700 46.078430
g953 g401 47.662700 46.078430
g953 g406 47.662700 46.078430
g953 g411 47.662700 46.078430
g953 g416 47.662700 46.078430
g953 g421 47.662700 46.078430
g953 g452 47.662700 46.078430
g953 g448 47.662700 46.078430
g953 g444 47.662700 46.078430
g953 g440 47.662700 46.078430
g953 g435 47.662700 46.078430
g953 g431 47.662700 46.078430
g953 g369 52.280230 50.057350
g953 g374 52.360230 50.057350
g953 g378 52.360230 50.057350
g953 g382 52.360230 50.057350
g953 g336 63.232710 49.404400
g953 g348 49.330210 47.597530
g953 g351 49.317910 47.573890
g953 g354 49.330210 47.597530
g953 g357 49.317910 47.573890
g953 g360 49.330210 47.597530
g953 g363 49.317910 47.573890
g953 g366 49.330210 47.597530
g953 g342 49.317910 47.573890
g953 g339 49.330210 47.597530
g953 g345 66.230440 49.692340
g953 g1857 12.901450 12.901450
g953 g1651 12.925860 12.925860
g953 g1811 13.321570 13.321570
g953 g1724 11.309040 11.309040
g953 g1663 13.117420 13.117420
g953 g1675 12.909290 12.909290
g953 g554 12.909290 12.909290
g953 g549 13.005140 13.005140
g953 OUTPUT 10.352940 10.352940
g953 OUTPUT 11.578340 11.578340
g953 OUTPUT 23.229070 18.778590
g953 OUTPUT 26.269040 20.361300
g953 OUTPUT 11.776000 11.776000
g956 g32 25.014400 18.604320
g956 g35 12.341370 10.166620
g956 g971 52.635770 50.402930
g956 g976 52.715770 50.402930
g956 g981 52.715770 50.402930
g956 g986 52.715770 50.402930
g956 g944 57.494070 54.381270
g956 g947 57.494070 54.381270
g956 g950 57.494070 54.381270
g956 g953 57.494070 54.381270
g956 g956 57.494070 2.611880
g956 g959 57.494070 54.381270
g956 g962 57.494070 54.381270
g956 g965 57.494070 54.381270
g956 g968 57.494070 54.381270
g956 g757 50.684710 49.194790
g956 g481 47.036840 45.263670
g956 g486 47.036840 45.442610
g956 g491 47.036840 45.442610
g956 g496 47.036840 45.442610
g956 g501 47.036840 45.442610
g956 g506 47.036840 45.442610
g956 g511 47.036840 45.442610
g956 g516 47.036840 45.442610
g956 g476 47.036840 45.442610
g956 g542 47.036840 45.442610
g956 g538 47.036840 45.442610
g956 g534 47.036840 45.442610
g956 g530 47.036840 45.442610
g956 g525 47.036840 45.442610
g956 g521 47.036840 45.442610
g956 g456 49.838270 47.605430
g956 g461 49.918270 47.605430
g956 g466 49.918270 47.605430
g956 g471 49.918270 47.605430
g956 g426 47.036840 45.263670
g956 g386 47.036840 45.442610
g956 g391 47.036840 45.442610
g956 g396 47.036840 45.442610
g956 g401 47.036840 45.442610
g956 g406 47.036840 45.442610
g956 g411 47.036840 45.442610
g956 g416 47.036840 45.442610
g956 g421 47.036840 45.442610
g956 g452 47.036840 45.442610
g956 g448 47.036840 45.442610
g956 g444 47.036840 45.442610
g956 g440 47.036840 45.442610
g956 g435 47.036840 45.442610
g956 g431 47.036840 45.442610
g956 g369 51.654370 49.421530
g956 g374 51.734370 49.421530
g956 g378 51.734370 49.421530
g956 g382 51.734370 49.421530
g956 g336 62.606850 48.768580
g956 g348 48.704350 46.961710
g956 g351 48.692050 46.938070
g956 g354 48.704350 46.961710
g956 g357 48.692050 46.938070
g956 g360 48.704350 46.961710
g956 g363 48.692050 46.938070
g956 g366 48.704350 46.961710
g956 g342 48.692050 46.938070
g956 g339 48.704350 46.961710
g956 g345 65.604580 49.056520
g956 g1857 13.427760 13.427760
g956 g1642 12.912150 12.912150
g956 g1811 13.128690 13.128690
g956 g1727 11.295330 11.295330
g956 g1666 11.263080 11.263080
g956 g1678 12.776750 12.776750
g956 g557 12.776750 12.776750
g956 OUTPUT 10.363770 10.363770
g956 OUTPUT 10.804400 10.804400
g956 OUTPUT 23.036800 18.764820
g956 OUTPUT 26.076770 20.347530
g956 OUTPUT 11.002060 11.002060
g959 g32 25.387900 19.002300
g959 g36 12.536310 10.361560
g959 g971 53.301160 51.078300
g959 g976 53.381160 51.078300
g959 g981 53.381160 51.078300
g959 g986 53.381160 51.078300
g959 g944 58.159460 55.056640
g959 g947 58.159460 55.056640
g959 g950 58.159460 55.056640
g959 g953 58.159460 55.056640
g959 g956 58.159460 55.056640
g959 g959 58.159460 2.611880
g959 g962 58.159460 55.056640
g959 g965 58.159460 55.056640
g959 g968 58.159460 55.056640
g959 g757 51.350100 49.870160
g959 g481 47.702230 45.939040
g959 g486 47.702230 46.117980
g959 g491 47.702230 46.117980
g959 g496 47.702230 46.117980
g959 g501 47.702230 46.117980
g959 g506 47.702230 46.117980
g959 g511 47.702230 46.117980
g959 g516 47.702230 46.117980
g959 g476 47.702230 46.117980
g959 g542 47.702230 46.117980
g959 g538 47.702230 46.117980
g959 g534 47.702230 46.117980
g959 g530 47.702230 46.117980
g959 g525 47.702230 46.117980
g959 g521 47.702230 46.117980
g959 g456 50.503660 48.280800
g959 g461 50.583660 48.280800
g959 g466 50.583660 48.280800
g959 g471 50.583660 48.280800
g959 g426 47.702230 45.939040
g959 g386 47.702230 46.117980
g959 g391 47.702230 46.117980
g959 g396 47.702230 46.117980
g959 g401 47.702230 46.117980
g959 g406 47.702230 46.117980
g959 g411 47.702230 46.117980
g959 g416 47.702230 46.117980
g959 g421 47.702230 46.117980
g959 g452 47.702230 46.117980
g959 g448 47.702230 46.117980
g959 g444 47.702230 46.117980
g959 g440 47.702230 46.117980
g959 g435 47.702230 46.117980
g959 g431 47.702230 46.117980
g959 g369 52.319760 50.096900
g959 g374 52.399760 50.096900
g959 g378 52.399760 50.096900
g959 g382 52.399760 50.096900
g959 g336 63.272240 49.443950
g959 g348 49.369740 47.637080
g959 g351 49.357440 47.613440
g959 g354 49.369740 47.637080
g959 g357 49.357440 47.613440
g959 g360 49.369740 47.637080
g959 g363 49.357440 47.613440
g959 g366 49.369740 47.637080
g959 g342 49.357440 47.613440
g959 g339 49.369740 47.637080
g959 g345 66.269970 49.731890
g959 g1857 13.519980 13.519980
g959 g1645 13.143900 13.143900
g959 g1811 12.820140 12.820140
g959 g1730 11.527080 11.527080
g959 g1669 11.099110 11.099110
g959 g1681 12.971690 12.971690
g959 g560 12.971690 12.971690
g959 OUTPUT 10.558710 10.558710
g959 OUTPUT 12.949740 12.949740
g959 OUTPUT 23.410300 19.162800
g959 OUTPUT 26.450270 13.594230
g959 OUTPUT 13.147400 12.247450
g962 g32 23.552340 17.142260
g962 g37 10.903850 8.729100
g962 g971 50.937250 48.704410
g962 g976 51.017250 48.704410
g962 g981 51.017250 48.704410
g962 g986 51.017250 48.704410
g962 g944 55.795550 52.682750
g962 g947 55.795550 52.682750
g962 g950 55.795550 52.682750
g962 g953 55.795550 52.682750
g962 g956 55.795550 52.682750
g962 g959 55.795550 52.682750
g962 g962 55.795550 2.639600
g962 g965 55.795550 52.682750
g962 g968 55.795550 52.682750
g962 g757 48.986190 47.496270
g962 g481 45.338320 43.565150
g962 g486 45.338320 43.744090
g962 g491 45.338320 43.744090
g962 g496 45.338320 43.744090
g962 g501 45.338320 43.744090
g962 g506 45.338320 43.744090
g962 g511 45.338320 43.744090
g962 g516 45.338320 43.744090
g962 g476 45.338320 43.744090
g962 g542 45.338320 43.744090
g962 g538 45.338320 43.744090
g962 g534 45.338320 43.744090
g962 g530 45.338320 43.744090
g962 g525 45.338320 43.744090
g962 g521 45.338320 43.744090
g962 g456 48.139750 45.906910
g962 g461 48.219750 45.906910
g962 g466 48.219750 45.906910
g962 g471 48.219750 45.906910
g962 g426 45.338320 43.565150
g962 g386 45.338320 43.744090
g962 g391 45.338320 43.744090
g962 g396 45.338320 43.744090
g962 g401 45.338320 43.744090
g962 g406 45.338320 43.744090
g962 g411 45.338320 43.744090
g962 g416 45.338320 43.744090
g962 g421 45.338320 43.744090
g962 g452 45.338320 43.744090
g962 g448 45.338320 43.744090
g962 g444 45.338320 43.744090
g962 g440 45.338320 43.744090
g962 g435 45.338320 43.744090
g962 g431 45.338320 43.744090
g962 g369 49.955850 47.723010
g962 g374 50.035850 47.723010
g962 g378 50.035850 47.723010
g962 g382 50.035850 47.723010
g962 g336 60.908330 47.070060
g962 g348 47.005830 45.263190
g962 g351 46.993530 45.239550
g962 g354 47.005830 45.263190
g962 g357 46.993530 45.239550
g962 g360 47.005830 45.263190
g962 g363 46.993530 45.239550
g962 g366 47.005830 45.263190
g962 g342 46.993530 45.239550
g962 g339 47.005830 45.263190
g962 g345 63.906060 47.358000
g962 g1854 17.971000 16.921260
g962 g1857 13.943120 13.943120
g962 g1811 13.410910 12.544960
g962 g1733 11.905350 11.905350
g962 g1684 12.616770 12.616770
g962 g563 12.616770 12.616770
g962 OUTPUT 8.926250 8.926250
g962 OUTPUT 12.510450 12.510450
g962 OUTPUT 21.574740 17.302760
g962 OUTPUT 24.614710 13.364110
g962 OUTPUT 12.708110 12.017330
g965 g32 25.319320 19.290840
g965 g38 12.849390 10.674640
g965 g971 53.353240 51.130380
g965 g976 53.433240 51.130380
g965 g981 53.433240 51.130380
g965 g986 53.433240 51.130380
g965 g944 58.211540 55.108720
g965 g947 58.211540 55.108720
g965 g950 58.211540 55.108720
g965 g953 58.211540 55.108720
g965 g956 58.211540 55.108720
g965 g959 58.211540 55.108720
g965 g962 58.211540 55.108720
g965 g965 58.211540 2.639600
g965 g968 58.211540 55.108720
g965 g757 51.402180 49.922240
g965 g481 47.754310 45.991120
g965 g486 47.754310 46.170060
g965 g491 47.754310 46.170060
g965 g496 47.754310 46.170060
g965 g501 47.754310 46.170060
g965 g506 47.754310 46.170060
g965 g511 47.754310 46.170060
g965 g516 47.754310 46.170060
g965 g476 47.754310 46.170060
g965 g542 47.754310 46.170060
g965 g538 47.754310 46.170060
g965 g534 47.754310 46.170060
g965 g530 47.754310 46.170060
g965 g525 47.754310 46.170060
g965 g521 47.754310 46.170060
g965 g456 50.555740 48.332880
g965 g461 50.635740 48.332880
g965 g466 50.635740 48.332880
g965 g471 50.635740 48.332880
g965 g426 47.754310 45.991120
g965 g386 47.754310 46.170060
g965 g391 47.754310 46.170060
g965 g396 47.754310 46.170060
g965 g401 47.754310 46.170060
g965 g406 47.754310 46.170060
g965 g411 47.754310 46.170060
g965 g416 47.754310 46.170060
g965 g421 47.754310 46.170060
g965 g452 47.754310 46.170060
g965 g448 47.754310 46.170060
g965 g444 47.754310 46.170060
g965 g440 47.754310 46.170060
g965 g435 47.754310 46.170060
g965 g431 47.754310 46.170060
g965 g369 52.371840 50.148980
g965 g374 52.451840 50.148980
g965 g378 52.451840 50.148980
g965 g382 52.451840 50.148980
g965 g336 63.324320 49.496030
g965 g348 49.421820 47.689160
g965 g351 49.409520 47.665520
g965 g354 49.421820 47.689160
g965 g357 49.409520 47.665520
g965 g360 49.421820 47.689160
g965 g363 49.409520 47.665520
g965 g366 49.421820 47.689160
g965 g342 49.409520 47.665520
g965 g339 49.421820 47.689160
g965 g345 66.322050 49.783970
g965 g1857 13.530900 13.530900
g965 g1618 23.666090 20.778670
g965 g1448 19.035900 17.205070
g965 g1687 12.925720 12.925720
g965 g566 12.925720 12.925720
g965 OUTPUT 10.871790 10.871790
g965 OUTPUT 23.341720 19.451340
g965 OUTPUT 26.381690 14.143420
g965 OUTPUT 12.796640 12.796640
g968 g32 24.743990 18.358450
g968 g39 11.892400 9.717650
g968 g971 51.493040 49.260200
g968 g976 51.573040 49.260200
g968 g981 51.573040 49.260200
g968 g986 51.573040 49.260200
g968 g944 56.351340 53.238540
g968 g947 56.351340 53.238540
g968 g950 56.351340 53.238540
g968 g953 56.351340 53.238540
g968 g956 56.351340 53.238540
g968 g959 56.351340 53.238540
g968 g962 56.351340 53.238540
g968 g965 56.351340 53.238540
g968 g968 56.351340 2.403980
g968 g757 49.541980 48.052060
g968 g481 45.894110 44.120940
g968 g486 45.894110 44.299880
g968 g491 45.894110 44.299880
g968 g496 45.894110 44.299880
g968 g501 45.894110 44.299880
g968 g506 45.894110 44.299880
g968 g511 45.894110 44.299880
g968 g516 45.894110 44.299880
g968 g476 45.894110 44.299880
g968 g542 45.894110 44.299880
g968 g538 45.894110 44.299880
g968 g534 45.894110 44.299880
g968 g530 45.894110 44.299880
g968 g525 45.894110 44.299880
g968 g521 45.894110 44.299880
g968 g456 48.695540 46.462700
g968 g461 48.775540 46.462700
g968 g466 48.775540 46.462700
g968 g471 48.775540 46.462700
g968 g426 45.894110 44.120940
g968 g386 45.894110 44.299880
g968 g391 45.894110 44.299880
g968 g396 45.894110 44.299880
g968 g401 45.894110 44.299880
g968 g406 45.894110 44.299880
g968 g411 45.894110 44.299880
g968 g416 45.894110 44.299880
g968 g421 45.894110 44.299880
g968 g452 45.894110 44.299880
g968 g448 45.894110 44.299880
g968 g444 45.894110 44.299880
g968 g440 45.894110 44.299880
g968 g435 45.894110 44.299880
g968 g431 45.894110 44.299880
g968 g369 50.511640 48.278800
g968 g374 50.591640 48.278800
g968 g378 50.591640 48.278800
g968 g382 50.591640 48.278800
g968 g336 61.464120 14.308620
g968 g348 47.561620 45.818980
g968 g351 47.549320 45.795340
g968 g354 47.561620 45.818980
g968 g357 47.549320 45.795340
g968 g360 47.561620 45.818980
g968 g363 47.549320 45.795340
g968 g366 47.561620 45.818980
g968 g342 47.549320 45.795340
g968 g339 47.561620 45.818980
g968 g345 64.461850 47.913790
g968 g1857 13.094190 13.094190
g968 g108 22.902270 20.542450
g968 g1336 25.183310 22.179450
g968 g1341 25.183310 22.179450
g968 g1346 25.183310 22.179450
g968 g1351 25.183310 22.179450
g968 g1275 16.081870 15.678130
g968 g1314 28.348680 25.629740
g968 g1318 28.348680 25.629740
g968 g1321 28.348680 25.629740
g968 g1324 28.348680 25.629740
g968 g1327 28.348680 25.629740
g968 g1330 28.348680 25.629740
g968 g1333 28.348680 25.629740
g968 g1308 28.348680 25.629740
g968 g1311 28.348680 25.629740
g968 g105 14.404650 14.367030
g968 g1654 11.910780 11.910780
g968 g569 11.798500 11.798500
g968 OUTPUT 9.914800 9.914800
g968 OUTPUT 22.766390 18.518950
g968 OUTPUT 25.806360 13.599010
g968 OUTPUT 12.252230 12.252230
g886 g32 27.547290 20.577170
g886 g33 14.492600 12.317850
g886 g971 54.953240 49.597890
g886 g976 55.033240 49.597890
g886 g981 55.033240 49.597890
g886 g986 55.033240 49.597890
g886 g944 59.811540 53.576230
g886 g947 59.811540 53.576230
g886 g950 59.811540 53.576230
g886 g953 59.811540 53.576230
g886 g956 59.811540 53.576230
g886 g959 59.811540 53.576230
g886 g962 59.811540 53.576230
g886 g965 59.811540 53.576230
g886 g968 59.811540 53.576230
g886 g886 0.499980 0.499980
g886 g757 53.002180 48.389750
g886 g481 49.354310 44.458630
g886 g486 49.354310 44.637570
g886 g491 49.354310 44.637570
g886 g496 49.354310 44.637570
g886 g501 49.354310 44.637570
g886 g506 49.354310 44.637570
g886 g511 49.354310 44.637570
g886 g516 49.354310 44.637570
g886 g476 49.354310 44.637570
g886 g542 49.354310 44.637570
g886 g538 49.354310 44.637570
g886 g534 49.354310 44.637570
g886 g530 49.354310 44.637570
g886 g525 49.354310 44.637570
g886 g521 49.354310 44.637570
g886 g456 52.155740 46.800390
g886 g461 52.235740 46.800390
g886 g466 52.235740 46.800390
g886 g471 52.235740 46.800390
g886 g426 49.354310 44.458630
g886 g386 49.354310 44.637570
g886 g391 49.354310 44.637570
g886 g396 49.354310 44.637570
g886 g401 49.354310 44.637570
g886 g406 49.354310 44.637570
g886 g411 49.354310 44.637570
g886 g416 49.354310 44.637570
g886 g421 49.354310 44.637570
g886 g452 49.354310 44.637570
g886 g448 49.354310 44.637570
g886 g444 49.354310 44.637570
g886 g440 49.354310 44.637570
g886 g435 49.354310 44.637570
g886 g431 49.354310 44.637570
g886 g369 53.971840 48.616490
g886 g374 54.051840 48.616490
g886 g378 54.051840 48.616490
g886 g382 54.051840 48.616490
g886 g336 64.924320 47.963540
g886 g348 51.021820 46.156670
g886 g351 51.009520 46.133030
g886 g354 51.021820 46.156670
g886 g357 51.009520 46.133030
g886 g360 51.021820 46.156670
g886 g363 51.009520 46.133030
g886 g366 51.021820 46.156670
g886 g342 51.009520 46.133030
g886 g339 51.021820 46.156670
g886 g345 67.922050 48.251480
g886 g1854 14.029580 14.029580
g886 g1857 15.114390 15.114390
g886 g1648 15.198350 15.198350
g886 g1811 15.628790 15.628790
g886 g1721 13.581530 13.581530
g886 g1660 15.121470 15.121470
g886 g1672 14.927980 14.927980
g886 g546 14.927980 14.927980
g886 g575 15.093190 15.093190
g886 OUTPUT 12.515000 12.515000
g886 OUTPUT 13.190830 13.190830
g886 OUTPUT 25.569690 20.737670
g886 OUTPUT 28.609660 22.320380
g886 OUTPUT 13.388490 13.388490
g889 g32 26.591780 20.003200
g889 g34 13.715650 11.540900
g889 g971 54.646740 52.423860
g889 g976 54.726740 52.423860
g889 g981 54.726740 52.423860
g889 g986 54.726740 52.423860
g889 g944 59.505040 56.402200
g889 g947 59.505040 56.402200
g889 g950 59.505040 56.402200
g889 g953 59.505040 56.402200
g889 g956 59.505040 56.402200
g889 g959 59.505040 56.402200
g889 g962 59.505040 56.402200
g889 g965 59.505040 56.402200
g889 g968 59.505040 56.402200
g889 g889 0.499980 0.499980
g889 g757 52.695680 51.215720
g889 g481 49.047810 47.284600
g889 g486 49.047810 47.463540
g889 g491 49.047810 47.463540
g889 g496 49.047810 47.463540
g889 g501 49.047810 47.463540
g889 g506 49.047810 47.463540
g889 g511 49.047810 47.463540
g889 g516 49.047810 47.463540
g889 g476 49.047810 47.463540
g889 g542 49.047810 47.463540
g889 g538 49.047810 47.463540
g889 g534 49.047810 47.463540
g889 g530 49.047810 47.463540
g889 g525 49.047810 47.463540
g889 g521 49.047810 47.463540
g889 g456 51.849240 49.626360
g889 g461 51.929240 49.626360
g889 g466 51.929240 49.626360
g889 g471 51.929240 49.626360
g889 g426 49.047810 47.284600
g889 g386 49.047810 47.463540
g889 g391 49.047810 47.463540
g889 g396 49.047810 47.463540
g889 g401 49.047810 47.463540
g889 g406 49.047810 47.463540
g889 g411 49.047810 47.463540
g889 g416 49.047810 47.463540
g889 g421 49.047810 47.463540
g889 g452 49.047810 47.463540
g889 g448 49.047810 47.463540
g889 g444 49.047810 47.463540
g889 g440 49.047810 47.463540
g889 g435 49.047810 47.463540
g889 g431 49.047810 47.463540
g889 g369 53.665340 51.442460
g889 g374 53.745340 51.442460
g889 g378 53.745340 51.442460
g889 g382 53.745340 51.442460
g889 g336 64.617820 50.789510
g889 g348 50.715320 48.982640
g889 g351 50.703020 48.959000
g889 g354 50.715320 48.982640
g889 g357 50.703020 48.959000
g889 g360 50.715320 48.982640
g889 g363 50.703020 48.959000
g889 g366 50.715320 48.982640
g889 g342 50.703020 48.959000
g889 g339 50.715320 48.982640
g889 g345 67.615550 51.077450
g889 g1857 14.286560 14.286560
g889 g1651 14.310970 14.310970
g889 g1811 14.706680 14.706680
g889 g1724 12.694150 12.694150
g889 g1663 14.502530 14.502530
g889 g1675 14.294400 14.294400
g889 g554 14.294400 14.294400
g889 g549 14.390250 14.390250
g889 OUTPUT 11.738050 11.738050
g889 OUTPUT 12.963450 12.963450
g889 OUTPUT 24.614180 20.163700
g889 OUTPUT 27.654150 21.746410
g889 OUTPUT 13.161110 13.161110
g892 g32 26.971150 20.561070
g892 g35 14.298120 12.123370
g892 g971 54.592520 52.359680
g892 g976 54.672520 52.359680
g892 g981 54.672520 52.359680
g892 g986 54.672520 52.359680
g892 g944 59.450820 56.338020
g892 g947 59.450820 56.338020
g892 g950 59.450820 56.338020
g892 g953 59.450820 56.338020
g892 g956 59.450820 56.338020
g892 g959 59.450820 56.338020
g892 g962 59.450820 56.338020
g892 g965 59.450820 56.338020
g892 g968 59.450820 56.338020
g892 g892 0.499980 0.499980
g892 g757 52.641460 51.151540
g892 g481 48.993590 47.220420
g892 g486 48.993590 47.399360
g892 g491 48.993590 47.399360
g892 g496 48.993590 47.399360
g892 g501 48.993590 47.399360
g892 g506 48.993590 47.399360
g892 g511 48.993590 47.399360
g892 g516 48.993590 47.399360
g892 g476 48.993590 47.399360
g892 g542 48.993590 47.399360
g892 g538 48.993590 47.399360
g892 g534 48.993590 47.399360
g892 g530 48.993590 47.399360
g892 g525 48.993590 47.399360
g892 g521 48.993590 47.399360
g892 g456 51.795020 49.562180
g892 g461 51.875020 49.562180
g892 g466 51.875020 49.562180
g892 g471 51.875020 49.562180
g892 g426 48.993590 47.220420
g892 g386 48.993590 47.399360
g892 g391 48.993590 47.399360
g892 g396 48.993590 47.399360
g892 g401 48.993590 47.399360
g892 g406 48.993590 47.399360
g892 g411 48.993590 47.399360
g892 g416 48.993590 47.399360
g892 g421 48.993590 47.399360
g892 g452 48.993590 47.399360
g892 g448 48.993590 47.399360
g892 g444 48.993590 47.399360
g892 g440 48.993590 47.399360
g892 g435 48.993590 47.399360
g892 g431 48.993590 47.399360
g892 g369 53.611120 51.378280
g892 g374 53.691120 51.378280
g892 g378 53.691120 51.378280
g892 g382 53.691120 51.378280
g892 g336 64.563600 50.725330
g892 g348 50.661100 48.918460
g892 g351 50.648800 48.894820
g892 g354 50.661100 48.918460
g892 g357 50.648800 48.894820
g892 g360 50.661100 48.918460
g892 g363 50.648800 48.894820
g892 g366 50.661100 48.918460
g892 g342 50.648800 48.894820
g892 g339 50.661100 48.918460
g892 g345 67.561330 51.013270
g892 g1857 15.384510 15.384510
g892 g1642 14.868900 14.868900
g892 g1811 15.085440 15.085440
g892 g1727 13.252080 13.252080
g892 g1666 13.219830 13.219830
g892 g1678 14.733500 14.733500
g892 g557 14.733500 14.733500
g892 OUTPUT 12.320520 12.320520
g892 OUTPUT 12.761150 12.761150
g892 OUTPUT 24.993550 20.721570
g892 OUTPUT 28.033520 22.304280
g892 OUTPUT 12.958810 12.958810
g895 g32 27.344650 20.959050
g895 g36 14.493060 12.318310
g895 g971 55.257910 53.035050
g895 g976 55.337910 53.035050
g895 g981 55.337910 53.035050
g895 g986 55.337910 53.035050
g895 g944 60.116210 57.013390
g895 g947 60.116210 57.013390
g895 g950 60.116210 57.013390
g895 g953 60.116210 57.013390
g895 g956 60.116210 57.013390
g895 g959 60.116210 57.013390
g895 g962 60.116210 57.013390
g895 g965 60.116210 57.013390
g895 g968 60.116210 57.013390
g895 g895 0.499980 0.499980
g895 g757 53.306850 51.826910
g895 g481 49.658980 47.895790
g895 g486 49.658980 48.074730
g895 g491 49.658980 48.074730
g895 g496 49.658980 48.074730
g895 g501 49.658980 48.074730
g895 g506 49.658980 48.074730
g895 g511 49.658980 48.074730
g895 g516 49.658980 48.074730
g895 g476 49.658980 48.074730
g895 g542 49.658980 48.074730
g895 g538 49.658980 48.074730
g895 g534 49.658980 48.074730
g895 g530 49.658980 48.074730
g895 g525 49.658980 48.074730
g895 g521 49.658980 48.074730
g895 g456 52.460410 50.237550
g895 g461 52.540410 50.237550
g895 g466 52.540410 50.237550
g895 g471 52.540410 50.237550
g895 g426 49.658980 47.895790
g895 g386 49.658980 48.074730
g895 g391 49.658980 48.074730
g895 g396 49.658980 48.074730
g895 g401 49.658980 48.074730
g895 g406 49.658980 48.074730
g895 g411 49.658980 48.074730
g895 g416 49.658980 48.074730
g895 g421 49.658980 48.074730
g895 g452 49.658980 48.074730
g895 g448 49.658980 48.074730
g895 g444 49.658980 48.074730
g895 g440 49.658980 48.074730
g895 g435 49.658980 48.074730
g895 g431 49.658980 48.074730
g895 g369 54.276510 52.053650
g895 g374 54.356510 52.053650
g895 g378 54.356510 52.053650
g895 g382 54.356510 52.053650
g895 g336 65.228990 51.400700
g895 g348 51.326490 49.593830
g895 g351 51.314190 49.570190
g895 g354 51.326490 49.593830
g895 g357 51.314190 49.570190
g895 g360 51.326490 49.593830
g895 g363 51.314190 49.570190
g895 g366 51.326490 49.593830
g895 g342 51.314190 49.570190
g895 g339 51.326490 49.593830
g895 g345 68.226720 51.688640
g895 g1857 15.476730 15.476730
g895 g1645 15.100650 15.100650
g895 g1811 14.776890 14.776890
g895 g1730 13.483830 13.483830
g895 g1669 13.055860 13.055860
g895 g1681 14.928440 14.928440
g895 g560 14.928440 14.928440
g895 OUTPUT 12.515460 12.515460
g895 OUTPUT 14.906490 14.906490
g895 OUTPUT 25.367050 21.119550
g895 OUTPUT 28.407020 15.550980
g895 OUTPUT 15.104150 14.204200
g928 g32 29.438390 22.468270
g928 g33 16.383700 14.208950
g928 g971 56.844340 51.488990
g928 g976 56.924340 51.488990
g928 g981 56.924340 51.488990
g928 g986 56.924340 51.488990
g928 g944 61.702640 55.467330
g928 g947 61.702640 55.467330
g928 g950 61.702640 55.467330
g928 g953 61.702640 55.467330
g928 g956 61.702640 55.467330
g928 g959 61.702640 55.467330
g928 g962 61.702640 55.467330
g928 g965 61.702640 55.467330
g928 g968 61.702640 55.467330
g928 g928 1.848080 1.848080
g928 g883 2.353450 2.353450
g928 g757 54.893280 50.280850
g928 g481 51.245410 46.349730
g928 g486 51.245410 46.528670
g928 g491 51.245410 46.528670
g928 g496 51.245410 46.528670
g928 g501 51.245410 46.528670
g928 g506 51.245410 46.528670
g928 g511 51.245410 46.528670
g928 g516 51.245410 46.528670
g928 g476 51.245410 46.528670
g928 g542 51.245410 46.528670
g928 g538 51.245410 46.528670
g928 g534 51.245410 46.528670
g928 g530 51.245410 46.528670
g928 g525 51.245410 46.528670
g928 g521 51.245410 46.528670
g928 g456 54.046840 48.691490
g928 g461 54.126840 48.691490
g928 g466 54.126840 48.691490
g928 g471 54.126840 48.691490
g928 g426 51.245410 46.349730
g928 g386 51.245410 46.528670
g928 g391 51.245410 46.528670
g928 g396 51.245410 46.528670
g928 g401 51.245410 46.528670
g928 g406 51.245410 46.528670
g928 g411 51.245410 46.528670
g928 g416 51.245410 46.528670
g928 g421 51.245410 46.528670
g928 g452 51.245410 46.528670
g928 g448 51.245410 46.528670
g928 g444 51.245410 46.528670
g928 g440 51.245410 46.528670
g928 g435 51.245410 46.528670
g928 g431 51.245410 46.528670
g928 g369 55.862940 50.507590
g928 g374 55.942940 50.507590
g928 g378 55.942940 50.507590
g928 g382 55.942940 50.507590
g928 g336 66.815420 49.854640
g928 g348 52.912920 48.047770
g928 g351 52.900620 48.024130
g928 g354 52.912920 48.047770
g928 g357 52.900620 48.024130
g928 g360 52.912920 48.047770
g928 g363 52.900620 48.024130
g928 g366 52.912920 48.047770
g928 g342 52.900620 48.024130
g928 g339 52.912920 48.047770
g928 g345 69.813150 50.142580
g928 g1854 15.920680 15.920680
g928 g1857 17.005490 17.005490
g928 g1648 17.089450 17.089450
g928 g1811 17.519890 17.519890
g928 g1721 15.472630 15.472630
g928 g1660 17.012570 17.012570
g928 g1672 16.819080 16.819080
g928 g546 16.819080 16.819080
g928 g575 16.984290 16.984290
g928 OUTPUT 14.406100 14.406100
g928 OUTPUT 15.081930 15.081930
g928 OUTPUT 27.460790 22.628770
g928 OUTPUT 30.500760 24.211480
g928 OUTPUT 15.279590 15.279590
g932 g32 28.482880 21.894300
g932 g34 15.606750 13.432000
g932 g971 56.537840 54.314960
g932 g976 56.617840 54.314960
g932 g981 56.617840 54.314960
g932 g986 56.617840 54.314960
g932 g944 61.396140 58.293300
g932 g947 61.396140 58.293300
g932 g950 61.396140 58.293300
g932 g953 61.396140 58.293300
g932 g956 61.396140 58.293300
g932 g959 61.396140 58.293300
g932 g962 61.396140 58.293300
g932 g965 61.396140 58.293300
g932 g968 61.396140 58.293300
g932 g932 1.848080 1.848080
g932 g883 2.476290 2.476290
g932 g757 54.586780 53.106820
g932 g481 50.938910 49.175700
g932 g486 50.938910 49.354640
g932 g491 50.938910 49.354640
g932 g496 50.938910 49.354640
g932 g501 50.938910 49.354640
g932 g506 50.938910 49.354640
g932 g511 50.938910 49.354640
g932 g516 50.938910 49.354640
g932 g476 50.938910 49.354640
g932 g542 50.938910 49.354640
g932 g538 50.938910 49.354640
g932 g534 50.938910 49.354640
g932 g530 50.938910 49.354640
g932 g525 50.938910 49.354640
g932 g521 50.938910 49.354640
g932 g456 53.740340 51.517460
g932 g461 53.820340 51.517460
g932 g466 53.820340 51.517460
g932 g471 53.820340 51.517460
g932 g426 50.938910 49.175700
g932 g386 50.938910 49.354640
g932 g391 50.938910 49.354640
g932 g396 50.938910 49.354640
g932 g401 50.938910 49.354640
g932 g406 50.938910 49.354640
g932 g411 50.938910 49.354640
g932 g416 50.938910 49.354640
g932 g421 50.938910 49.354640
g932 g452 50.938910 49.354640
g932 g448 50.938910 49.354640
g932 g444 50.938910 49.354640
g932 g440 50.938910 49.354640
g932 g435 50.938910 49.354640
g932 g431 50.938910 49.354640
g932 g369 55.556440 53.333560
g932 g374 55.636440 53.333560
g932 g378 55.636440 53.333560
g932 g382 55.636440 53.333560
g932 g336 66.508920 52.680610
g932 g348 52.606420 50.873740
g932 g351 52.594120 50.850100
g932 g354 52.606420 50.873740
g932 g357 52.594120 50.850100
g932 g360 52.606420 50.873740
g932 g363 52.594120 50.850100
g932 g366 52.606420 50.873740
g932 g342 52.594120 50.850100
g932 g339 52.606420 50.873740
g932 g345 69.506650 52.968550
g932 g1857 16.177660 16.177660
g932 g1651 16.202070 16.202070
g932 g1811 16.597780 16.597780
g932 g1724 14.585250 14.585250
g932 g1663 16.393630 16.393630
g932 g1675 16.185500 16.185500
g932 g554 16.185500 16.185500
g932 g549 16.281350 16.281350
g932 OUTPUT 13.629150 13.629150
g932 OUTPUT 14.854550 14.854550
g932 OUTPUT 26.505280 22.054800
g932 OUTPUT 29.545250 23.637510
g932 OUTPUT 15.052210 15.052210
g936 g32 27.388490 20.978410
g936 g35 14.715460 12.540710
g936 g971 55.009860 52.777020
g936 g976 55.089860 52.777020
g936 g981 55.089860 52.777020
g936 g986 55.089860 52.777020
g936 g944 59.868160 56.755360
g936 g947 59.868160 56.755360
g936 g950 59.868160 56.755360
g936 g953 59.868160 56.755360
g936 g956 59.868160 56.755360
g936 g959 59.868160 56.755360
g936 g962 59.868160 56.755360
g936 g965 59.868160 56.755360
g936 g968 59.868160 56.755360
g936 g936 1.863920 1.863920
g936 g883 2.606820 2.606820
g936 g757 53.058800 51.568880
g936 g481 49.410930 47.637760
g936 g486 49.410930 47.816700
g936 g491 49.410930 47.816700
g936 g496 49.410930 47.816700
g936 g501 49.410930 47.816700
g936 g506 49.410930 47.816700
g936 g511 49.410930 47.816700
g936 g516 49.410930 47.816700
g936 g476 49.410930 47.816700
g936 g542 49.410930 47.816700
g936 g538 49.410930 47.816700
g936 g534 49.410930 47.816700
g936 g530 49.410930 47.816700
g936 g525 49.410930 47.816700
g936 g521 49.410930 47.816700
g936 g456 52.212360 49.979520
g936 g461 52.292360 49.979520
g936 g466 52.292360 49.979520
g936 g471 52.292360 49.979520
g936 g426 49.410930 47.637760
g936 g386 49.410930 47.816700
g936 g391 49.410930 47.816700
g936 g396 49.410930 47.816700
g936 g401 49.410930 47.816700
g936 g406 49.410930 47.816700
g936 g411 49.410930 47.816700
g936 g416 49.410930 47.816700
g936 g421 49.410930 47.816700
g936 g452 49.410930 47.816700
g936 g448 49.410930 47.816700
g936 g444 49.410930 47.816700
g936 g440 49.410930 47.816700
g936 g435 49.410930 47.816700
g936 g431 49.410930 47.816700
g936 g369 54.028460 51.795620
g936 g374 54.108460 51.795620
g936 g378 54.108460 51.795620
g936 g382 54.108460 51.795620
g936 g336 64.980940 51.142670
g936 g348 51.078440 49.335800
g936 g351 51.066140 49.312160
g936 g354 51.078440 49.335800
g936 g357 51.066140 49.312160
g936 g360 51.078440 49.335800
g936 g363 51.066140 49.312160
g936 g366 51.078440 49.335800
g936 g342 51.066140 49.312160
g936 g339 51.078440 49.335800
g936 g345 67.978670 51.430610
g936 g1857 15.801850 15.801850
g936 g1642 15.286240 15.286240
g936 g1811 15.502780 15.502780
g936 g1727 13.669420 13.669420
g936 g1666 13.637170 13.637170
g936 g1678 15.150840 15.150840
g936 g557 15.150840 15.150840
g936 OUTPUT 12.737860 12.737860
g936 OUTPUT 13.178490 13.178490
g936 OUTPUT 25.410890 21.138910
g936 OUTPUT 28.450860 22.721620
g936 OUTPUT 13.376150 13.376150
g940 g32 27.908510 21.522910
g940 g36 15.056920 12.882170
g940 g971 55.821770 53.598910
g940 g976 55.901770 53.598910
g940 g981 55.901770 53.598910
g940 g986 55.901770 53.598910
g940 g944 60.680070 57.577250
g940 g947 60.680070 57.577250
g940 g950 60.680070 57.577250
g940 g953 60.680070 57.577250
g940 g956 60.680070 57.577250
g940 g959 60.680070 57.577250
g940 g962 60.680070 57.577250
g940 g965 60.680070 57.577250
g940 g968 60.680070 57.577250
g940 g940 2.010440 2.010440
g940 g883 2.010440 2.010440
g940 g757 53.870710 52.390770
g940 g481 50.222840 48.459650
g940 g486 50.222840 48.638590
g940 g491 50.222840 48.638590
g940 g496 50.222840 48.638590
g940 g501 50.222840 48.638590
g940 g506 50.222840 48.638590
g940 g511 50.222840 48.638590
g940 g516 50.222840 48.638590
g940 g476 50.222840 48.638590
g940 g542 50.222840 48.638590
g940 g538 50.222840 48.638590
g940 g534 50.222840 48.638590
g940 g530 50.222840 48.638590
g940 g525 50.222840 48.638590
g940 g521 50.222840 48.638590
g940 g456 53.024270 50.801410
g940 g461 53.104270 50.801410
g940 g466 53.104270 50.801410
g940 g471 53.104270 50.801410
g940 g426 50.222840 48.459650
g940 g386 50.222840 48.638590
g940 g391 50.222840 48.638590
g940 g396 50.222840 48.638590
g940 g401 50.222840 48.638590
g940 g406 50.222840 48.638590
g940 g411 50.222840 48.638590
g940 g416 50.222840 48.638590
g940 g421 50.222840 48.638590
g940 g452 50.222840 48.638590
g940 g448 50.222840 48.638590
g940 g444 50.222840 48.638590
g940 g440 50.222840 48.638590
g940 g435 50.222840 48.638590
g940 g431 50.222840 48.638590
g940 g369 54.840370 52.617510
g940 g374 54.920370 52.617510
g940 g378 54.920370 52.617510
g940 g382 54.920370 52.617510
g940 g336 65.792850 51.964560
g940 g348 51.890350 50.157690
g940 g351 51.878050 50.134050
g940 g354 51.890350 50.157690
g940 g357 51.878050 50.134050
g940 g360 51.890350 50.157690
g940 g363 51.878050 50.134050
g940 g366 51.890350 50.157690
g940 g342 51.878050 50.134050
g940 g339 51.890350 50.157690
g940 g345 68.790580 52.252500
g940 g1857 16.040590 16.040590
g940 g1645 15.664510 15.664510
g940 g1811 15.340750 15.340750
g940 g1730 14.047690 14.047690
g940 g1669 13.619720 13.619720
g940 g1681 15.492300 15.492300
g940 g560 15.492300 15.492300
g940 OUTPUT 13.079320 13.079320
g940 OUTPUT 15.470350 15.470350
g940 OUTPUT 25.930910 21.683410
g940 OUTPUT 28.970880 16.114840
g940 OUTPUT 15.668010 14.768060
g883 g928 6.118790 6.118790
g883 g932 6.118790 6.118790
g883 g936 6.118790 6.118790
g883 g940 6.118790 6.118790
g883 g882 0.499980 0.499980
g883 g113 3.356290 3.356290
g883 OUTPUT 0.000000 0.000000
g883 OUTPUT 4.209300 4.209300
g883 OUTPUT 4.406960 4.406960
g882 g928 6.711290 6.711290
g882 g932 6.711290 6.711290
g882 g936 6.711290 6.711290
g882 g940 6.711290 6.711290
g882 g113 3.948790 3.948790
g882 OUTPUT 4.004960 4.004960
g882 OUTPUT 4.202620 4.202620
g878 g971 6.504430 6.504430
g878 g976 6.504430 6.504430
g878 g981 6.504430 6.504430
g878 g986 6.504430 6.504430
g878 g944 10.381290 8.758410
g878 g947 10.381290 8.758410
g878 g950 10.381290 8.758410
g878 g953 10.381290 8.758410
g878 g956 10.381290 8.758410
g878 g959 10.381290 8.758410
g878 g962 10.381290 8.758410
g878 g965 10.381290 8.758410
g878 g968 10.381290 8.758410
g878 g876 0.499980 0.499980
g878 OUTPUT 0.000000 0.000000
g878 OUTPUT 5.924600 5.924600
g878 OUTPUT 6.122260 6.122260
g876 g971 7.065290 7.065290
g876 g976 7.065290 7.065290
g876 g981 7.065290 7.065290
g876 g986 7.065290 7.065290
g876 g944 10.942150 9.319270
g876 g947 10.942150 9.319270
g876 g950 10.942150 9.319270
g876 g953 10.942150 9.319270
g876 g956 10.942150 9.319270
g876 g959 10.942150 9.319270
g876 g962 10.942150 9.319270
g876 g965 10.942150 9.319270
g876 g968 10.942150 9.319270
g876 OUTPUT 6.485460 6.485460
g876 OUTPUT 6.683120 6.683120
g757 g971 6.117460 6.117460
g757 g976 6.117460 6.117460
g757 g981 6.117460 6.117460
g757 g986 6.117460 6.117460
g757 g944 9.994320 8.371440
g757 g947 9.994320 8.371440
g757 g950 9.994320 8.371440
g757 g953 9.994320 8.371440
g757 g956 9.994320 8.371440
g757 g959 9.994320 8.371440
g757 g962 9.994320 8.371440
g757 g965 9.994320 8.371440
g757 g968 9.994320 8.371440
g757 OUTPUT 4.782430 4.782430
g757 OUTPUT 4.980090 4.980090
g750 g750 1.197620 1.197620
g750 g754 3.880590 2.275790
g750 g336 11.421530 10.883420
g750 g348 14.306400 11.564920
g750 g351 14.306400 11.564920
g750 g354 14.306400 11.564920
g750 g357 14.306400 11.564920
g750 g360 14.306400 11.564920
g750 g363 14.306400 11.564920
g750 g366 14.306400 11.564920
g750 g342 14.306400 11.564920
g750 g339 14.306400 11.564920
g750 g345 11.421530 11.062410
g750 g49 11.604060 10.848570
g750 g52 13.436420 13.436420
g750 g55 11.604060 10.848570
g750 g58 13.436420 13.436420
g750 g61 11.604060 10.848570
g750 g64 13.436420 13.436420
g750 g67 11.604060 10.848570
g750 g70 13.436420 13.436420
g750 g73 11.604060 10.848570
g750 g76 13.436420 13.436420
g750 g79 13.436420 13.436420
g754 g754 3.780030 2.365450
g754 g336 12.188860 11.650750
g754 g348 15.073730 12.332250
g754 g351 15.073730 12.332250
g754 g354 15.073730 12.332250
g754 g357 15.073730 12.332250
g754 g360 15.073730 12.332250
g754 g363 15.073730 12.332250
g754 g366 15.073730 12.332250
g754 g342 15.073730 12.332250
g754 g339 15.073730 12.332250
g754 g345 12.188860 11.829740
g754 g49 12.371390 11.615900
g754 g52 14.203750 14.203750
g754 g55 12.371390 11.615900
g754 g58 14.203750 14.203750
g754 g61 12.371390 11.615900
g754 g64 14.203750 14.203750
g754 g67 12.371390 11.615900
g754 g70 14.203750 14.203750
g754 g73 12.371390 11.615900
g754 g76 14.203750 14.203750
g754 g79 14.203750 14.203750
g754 OUTPUT 0.000000 0.000000
g758 g758 1.197620 1.197620
g758 g762 3.944810 2.487800
g758 g766 5.749340 4.292330
g758 g770 7.553870 6.096860
g758 g774 9.358400 7.901390
g758 g778 11.162930 9.705920
g758 g782 12.967460 11.510450
g758 g786 14.771990 13.314980
g758 g790 16.576520 15.119510
g758 g865 17.408310 16.032150
g758 OUTPUT 0.000000 0.000000
g762 g762 3.766370 2.370720
g762 g766 5.570350 4.113340
g762 g770 7.374880 5.917870
g762 g774 9.179410 7.722400
g762 g778 10.983940 9.526930
g762 g782 12.788470 11.331460
g762 g786 14.593000 13.135990
g762 g790 16.397530 14.940520
g762 g865 17.229320 15.853160
g762 OUTPUT 0.000000 0.000000
g766 g766 3.766370 2.370720
g766 g770 5.570350 4.113340
g766 g774 7.374880 5.917870
g766 g778 9.179410 7.722400
g766 g782 10.983940 9.526930
g766 g786 12.788470 11.331460
g766 g790 14.593000 13.135990
g766 g865 15.424790 14.048630
g766 OUTPUT 0.000000 0.000000
g770 g770 3.766370 2.370720
g770 g774 5.570350 4.113340
g770 g778 7.374880 5.917870
g770 g782 9.179410 7.722400
g770 g786 10.983940 9.526930
g770 g790 12.788470 11.331460
g770 g865 13.620260 12.244100
g770 OUTPUT 0.000000 0.000000
g774 g774 3.766370 2.370720
g774 g778 5.570350 4.113340
g774 g782 7.374880 5.917870
g774 g786 9.179410 7.722400
g774 g790 10.983940 9.526930
g774 g865 11.815730 10.439570
g774 OUTPUT 0.000000 0.000000
g778 g778 3.766370 2.370720
g778 g782 5.570350 4.113340
g778 g786 7.374880 5.917870
g778 g790 9.179410 7.722400
g778 g865 10.011200 8.635040
g778 OUTPUT 0.000000 0.000000
g782 g782 3.766370 2.370720
g782 g786 5.570350 4.113340
g782 g790 7.374880 5.917870
g782 g865 8.206670 6.830510
g782 OUTPUT 0.000000 0.000000
g786 g786 3.766370 2.370720
g786 g790 5.570350 4.113340
g786 g865 6.402140 5.025980
g786 OUTPUT 0.000000 0.000000
g790 g790 3.766370 2.370720
g790 g865 4.598540 3.222380
g790 OUTPUT 0.000000 0.000000
g865 OUTPUT 0.000000 0.000000
g865 OUTPUT 5.644010 4.161600
g865 OUTPUT 2.814820 2.814820
g794 g794 1.587920 1.587920
g794 g798 5.492360 2.629200
g794 g802 5.749340 4.292330
g794 g806 7.553870 6.096860
g794 g810 9.358400 7.901390
g794 g814 11.162930 9.705920
g794 g818 12.967460 11.510450
g794 g822 14.771990 13.314980
g794 g826 16.422080 14.965070
g794 g829 0.499980 0.499980
g794 g636 3.785820 3.785820
g798 g798 5.314170 3.899060
g798 g802 5.570350 4.113340
g798 g806 7.374880 5.917870
g798 g810 9.179410 7.722400
g798 g814 10.983940 9.526930
g798 g818 12.788470 11.331460
g798 g822 14.593000 13.135990
g798 g826 16.243090 14.786080
g798 g833 0.499980 0.499980
g798 g636 3.875820 3.875820
g802 g802 3.766370 2.370720
g802 g806 5.570350 4.113340
g802 g810 7.374880 5.917870
g802 g814 9.179410 7.722400
g802 g818 10.983940 9.526930
g802 g822 12.788470 11.331460
g802 g826 14.438560 12.981550
g802 g837 0.499980 0.499980
g802 g636 4.081240 4.081240
g806 g806 3.766370 2.370720
g806 g810 5.570350 4.113340
g806 g814 7.374880 5.917870
g806 g818 9.179410 7.722400
g806 g822 10.983940 9.526930
g806 g826 12.634030 11.177020
g806 g841 0.499980 0.499980
g806 g636 4.015820 4.015820
g810 g810 3.766370 2.370720
g810 g814 5.570350 4.113340
g810 g818 7.374880 5.917870
g810 g822 9.179410 7.722400
g810 g826 10.829500 9.372490
g810 g845 0.499980 0.499980
g810 g636 3.865040 3.865040
g814 g814 3.766370 2.370720
g814 g818 5.570350 4.113340
g814 g822 7.374880 5.917870
g814 g826 9.024970 7.567960
g814 g849 0.499980 0.499980
g814 g636 3.955040 3.955040
g818 g818 3.766370 2.370720
g818 g822 5.570350 4.113340
g818 g826 7.220440 5.763430
g818 g853 0.499980 0.499980
g818 g636 4.159560 4.159560
g822 g822 3.766370 2.370720
g822 g826 5.415910 3.958900
g822 g857 0.499980 0.499980
g822 g636 4.095040 4.095040
g826 g826 3.766370 2.370720
g826 g861 0.499980 0.499980
g826 g636 3.085320 3.085320
g829 g971 43.383220 36.079660
g829 g976 43.463220 36.079660
g829 g981 43.463220 36.079660
g829 g986 43.463220 36.079660
g829 g944 48.241520 2.049720
g829 g947 48.241520 40.058000
g829 g950 48.241520 40.058000
g829 g953 48.241520 40.058000
g829 g956 48.241520 40.058000
g829 g959 48.241520 40.058000
g829 g962 48.241520 40.058000
g829 g965 48.241520 40.058000
g829 g968 48.241520 40.058000
g829 g757 41.432160 34.871520
g829 g481 37.784290 30.940400
g829 g486 37.784290 31.119340
g829 g491 37.784290 31.119340
g829 g496 37.784290 31.119340
g829 g501 37.784290 31.119340
g829 g506 37.784290 31.119340
g829 g511 37.784290 31.119340
g829 g516 37.784290 31.119340
g829 g476 37.784290 31.119340
g829 g542 37.784290 31.119340
g829 g538 37.784290 31.119340
g829 g534 37.784290 31.119340
g829 g530 37.784290 31.119340
g829 g525 37.784290 31.119340
g829 g521 37.784290 31.119340
g829 g456 40.585720 33.282160
g829 g461 40.665720 33.282160
g829 g466 40.665720 33.282160
g829 g471 40.665720 33.282160
g829 g426 37.784290 30.940400
g829 g386 37.784290 31.119340
g829 g391 37.784290 31.119340
g829 g396 37.784290 31.119340
g829 g401 37.784290 31.119340
g829 g406 37.784290 31.119340
g829 g411 37.784290 31.119340
g829 g416 37.784290 31.119340
g829 g421 37.784290 31.119340
g829 g452 37.784290 31.119340
g829 g448 37.784290 31.119340
g829 g444 37.784290 31.119340
g829 g440 37.784290 31.119340
g829 g435 37.784290 31.119340
g829 g431 37.784290 31.119340
g829 g369 42.401820 35.098260
g829 g374 42.481820 35.098260
g829 g378 42.481820 35.098260
g829 g382 42.481820 35.098260
g829 g336 53.354300 34.445310
g829 g348 39.451800 32.638440
g829 g351 39.439500 32.614800
g829 g354 39.451800 32.638440
g829 g357 39.439500 32.614800
g829 g360 39.451800 32.638440
g829 g363 39.439500 32.614800
g829 g366 39.451800 32.638440
g829 g342 39.439500 32.614800
g829 g339 39.451800 32.638440
g829 g345 56.352030 34.733250
g833 g971 43.853670 36.249660
g833 g976 43.933670 36.249660
g833 g981 43.933670 36.249660
g833 g986 43.933670 36.249660
g833 g944 48.711970 40.228000
g833 g947 48.711970 2.049720
g833 g950 48.711970 40.228000
g833 g953 48.711970 40.228000
g833 g956 48.711970 40.228000
g833 g959 48.711970 40.228000
g833 g962 48.711970 40.228000
g833 g965 48.711970 40.228000
g833 g968 48.711970 40.228000
g833 g757 41.902610 35.041520
g833 g481 38.254740 31.110400
g833 g486 38.254740 31.289340
g833 g491 38.254740 31.289340
g833 g496 38.254740 31.289340
g833 g501 38.254740 31.289340
g833 g506 38.254740 31.289340
g833 g511 38.254740 31.289340
g833 g516 38.254740 31.289340
g833 g476 38.254740 31.289340
g833 g542 38.254740 31.289340
g833 g538 38.254740 31.289340
g833 g534 38.254740 31.289340
g833 g530 38.254740 31.289340
g833 g525 38.254740 31.289340
g833 g521 38.254740 31.289340
g833 g456 41.056170 33.452160
g833 g461 41.136170 33.452160
g833 g466 41.136170 33.452160
g833 g471 41.136170 33.452160
g833 g426 38.254740 31.110400
g833 g386 38.254740 31.289340
g833 g391 38.254740 31.289340
g833 g396 38.254740 31.289340
g833 g401 38.254740 31.289340
g833 g406 38.254740 31.289340
g833 g411 38.254740 31.289340
g833 g416 38.254740 31.289340
g833 g421 38.254740 31.289340
g833 g452 38.254740 31.289340
g833 g448 38.254740 31.289340
g833 g444 38.254740 31.289340
g833 g440 38.254740 31.289340
g833 g435 38.254740 31.289340
g833 g431 38.254740 31.289340
g833 g369 42.872270 35.268260
g833 g374 42.952270 35.268260
g833 g378 42.952270 35.268260
g833 g382 42.952270 35.268260
g833 g336 53.824750 34.615310
g833 g348 39.922250 32.808440
g833 g351 39.909950 32.784800
g833 g354 39.922250 32.808440
g833 g357 39.909950 32.784800
g833 g360 39.922250 32.808440
g833 g363 39.909950 32.784800
g833 g366 39.922250 32.808440
g833 g342 39.909950 32.784800
g833 g339 39.922250 32.808440
g833 g345 56.822480 34.903250
g837 g971 43.216980 36.941380
g837 g976 43.296980 36.941380
g837 g981 43.296980 36.941380
g837 g986 43.296980 36.941380
g837 g944 48.075280 40.919720
g837 g947 48.075280 40.919720
g837 g950 48.075280 2.049720
g837 g953 48.075280 40.919720
g837 g956 48.075280 40.919720
g837 g959 48.075280 40.919720
g837 g962 48.075280 40.919720
g837 g965 48.075280 40.919720
g837 g968 48.075280 40.919720
g837 g757 41.265920 35.733240
g837 g481 37.618050 31.802120
g837 g486 37.618050 31.981060
g837 g491 37.618050 31.981060
g837 g496 37.618050 31.981060
g837 g501 37.618050 31.981060
g837 g506 37.618050 31.981060
g837 g511 37.618050 31.981060
g837 g516 37.618050 31.981060
g837 g476 37.618050 31.981060
g837 g542 37.618050 31.981060
g837 g538 37.618050 31.981060
g837 g534 37.618050 31.981060
g837 g530 37.618050 31.981060
g837 g525 37.618050 31.981060
g837 g521 37.618050 31.981060
g837 g456 40.419480 34.143880
g837 g461 40.499480 34.143880
g837 g466 40.499480 34.143880
g837 g471 40.499480 34.143880
g837 g426 37.618050 31.802120
g837 g386 37.618050 31.981060
g837 g391 37.618050 31.981060
g837 g396 37.618050 31.981060
g837 g401 37.618050 31.981060
g837 g406 37.618050 31.981060
g837 g411 37.618050 31.981060
g837 g416 37.618050 31.981060
g837 g421 37.618050 31.981060
g837 g452 37.618050 31.981060
g837 g448 37.618050 31.981060
g837 g444 37.618050 31.981060
g837 g440 37.618050 31.981060
g837 g435 37.618050 31.981060
g837 g431 37.618050 31.981060
g837 g369 42.235580 35.959980
g837 g374 42.315580 35.959980
g837 g378 42.315580 35.959980
g837 g382 42.315580 35.959980
g837 g336 53.188060 35.307030
g837 g348 39.285560 33.500160
g837 g351 39.273260 33.476520
g837 g354 39.285560 33.500160
g837 g357 39.273260 33.476520
g837 g360 39.285560 33.500160
g837 g363 39.273260 33.476520
g837 g366 39.285560 33.500160
g837 g342 39.273260 33.476520
g837 g339 39.285560 33.500160
g837 g345 56.185790 35.594970
g841 g971 43.687430 36.880400
g841 g976 43.767430 36.880400
g841 g981 43.767430 36.880400
g841 g986 43.767430 36.880400
g841 g944 48.545730 40.858740
g841 g947 48.545730 40.858740
g841 g950 48.545730 40.858740
g841 g953 48.545730 2.049720
g841 g956 48.545730 40.858740
g841 g959 48.545730 40.858740
g841 g962 48.545730 40.858740
g841 g965 48.545730 40.858740
g841 g968 48.545730 40.858740
g841 g757 41.736370 35.672260
g841 g481 38.088500 31.741140
g841 g486 38.088500 31.920080
g841 g491 38.088500 31.920080
g841 g496 38.088500 31.920080
g841 g501 38.088500 31.920080
g841 g506 38.088500 31.920080
g841 g511 38.088500 31.920080
g841 g516 38.088500 31.920080
g841 g476 38.088500 31.920080
g841 g542 38.088500 31.920080
g841 g538 38.088500 31.920080
g841 g534 38.088500 31.920080
g841 g530 38.088500 31.920080
g841 g525 38.088500 31.920080
g841 g521 38.088500 31.920080
g841 g456 40.889930 34.082900
g841 g461 40.969930 34.082900
g841 g466 40.969930 34.082900
g841 g471 40.969930 34.082900
g841 g426 38.088500 31.741140
g841 g386 38.088500 31.920080
g841 g391 38.088500 31.920080
g841 g396 38.088500 31.920080
g841 g401 38.088500 31.920080
g841 g406 38.088500 31.920080
g841 g411 38.088500 31.920080
g841 g416 38.088500 31.920080
g841 g421 38.088500 31.920080
g841 g452 38.088500 31.920080
g841 g448 38.088500 31.920080
g841 g444 38.088500 31.920080
g841 g440 38.088500 31.920080
g841 g435 38.088500 31.920080
g841 g431 38.088500 31.920080
g841 g369 42.706030 35.899000
g841 g374 42.786030 35.899000
g841 g378 42.786030 35.899000
g841 g382 42.786030 35.899000
g841 g336 53.658510 35.246050
g841 g348 39.756010 33.439180
g841 g351 39.743710 33.415540
g841 g354 39.756010 33.439180
g841 g357 39.743710 33.415540
g841 g360 39.756010 33.439180
g841 g363 39.743710 33.415540
g841 g366 39.756010 33.439180
g841 g342 39.743710 33.415540
g841 g339 39.756010 33.439180
g841 g345 56.656240 35.533990
g845 g971 42.955980 36.620400
g845 g976 43.035980 36.620400
g845 g981 43.035980 36.620400
g845 g986 43.035980 36.620400
g845 g944 47.814280 40.598740
g845 g947 47.814280 40.598740
g845 g950 47.814280 40.598740
g845 g953 47.814280 40.598740
g845 g956 47.814280 2.049720
g845 g959 47.814280 40.598740
g845 g962 47.814280 40.598740
g845 g965 47.814280 40.598740
g845 g968 47.814280 40.598740
g845 g757 41.004920 35.412260
g845 g481 37.357050 31.481140
g845 g486 37.357050 31.660080
g845 g491 37.357050 31.660080
g845 g496 37.357050 31.660080
g845 g501 37.357050 31.660080
g845 g506 37.357050 31.660080
g845 g511 37.357050 31.660080
g845 g516 37.357050 31.660080
g845 g476 37.357050 31.660080
g845 g542 37.357050 31.660080
g845 g538 37.357050 31.660080
g845 g534 37.357050 31.660080
g845 g530 37.357050 31.660080
g845 g525 37.357050 31.660080
g845 g521 37.357050 31.660080
g845 g456 40.158480 33.822900
g845 g461 40.238480 33.822900
g845 g466 40.238480 33.822900
g845 g471 40.238480 33.822900
g845 g426 37.357050 31.481140
g845 g386 37.357050 31.660080
g845 g391 37.357050 31.660080
g845 g396 37.357050 31.660080
g845 g401 37.357050 31.660080
g845 g406 37.357050 31.660080
g845 g411 37.357050 31.660080
g845 g416 37.357050 31.660080
g845 g421 37.357050 31.660080
g845 g452 37.357050 31.660080
g845 g448 37.357050 31.660080
g845 g444 37.357050 31.660080
g845 g440 37.357050 31.660080
g845 g435 37.357050 31.660080
g845 g431 37.357050 31.660080
g845 g369 41.974580 35.639000
g845 g374 42.054580 35.639000
g845 g378 42.054580 35.639000
g845 g382 42.054580 35.639000
g845 g336 52.927060 34.986050
g845 g348 39.024560 33.179180
g845 g351 39.012260 33.155540
g845 g354 39.024560 33.179180
g845 g357 39.012260 33.155540
g845 g360 39.024560 33.179180
g845 g363 39.012260 33.155540
g845 g366 39.024560 33.179180
g845 g342 39.012260 33.155540
g845 g339 39.024560 33.179180
g845 g345 55.924790 35.273990
g849 g971 43.426430 37.491140
g849 g976 43.506430 37.491140
g849 g981 43.506430 37.491140
g849 g986 43.506430 37.491140
g849 g944 48.284730 41.469480
g849 g947 48.284730 41.469480
g849 g950 48.284730 41.469480
g849 g953 48.284730 41.469480
g849 g956 48.284730 41.469480
g849 g959 48.284730 2.049720
g849 g962 48.284730 41.469480
g849 g965 48.284730 41.469480
g849 g968 48.284730 41.469480
g849 g757 41.475370 36.283000
g849 g481 37.827500 32.351880
g849 g486 37.827500 32.530820
g849 g491 37.827500 32.530820
g849 g496 37.827500 32.530820
g849 g501 37.827500 32.530820
g849 g506 37.827500 32.530820
g849 g511 37.827500 32.530820
g849 g516 37.827500 32.530820
g849 g476 37.827500 32.530820
g849 g542 37.827500 32.530820
g849 g538 37.827500 32.530820
g849 g534 37.827500 32.530820
g849 g530 37.827500 32.530820
g849 g525 37.827500 32.530820
g849 g521 37.827500 32.530820
g849 g456 40.628930 34.693640
g849 g461 40.708930 34.693640
g849 g466 40.708930 34.693640
g849 g471 40.708930 34.693640
g849 g426 37.827500 32.351880
g849 g386 37.827500 32.530820
g849 g391 37.827500 32.530820
g849 g396 37.827500 32.530820
g849 g401 37.827500 32.530820
g849 g406 37.827500 32.530820
g849 g411 37.827500 32.530820
g849 g416 37.827500 32.530820
g849 g421 37.827500 32.530820
g849 g452 37.827500 32.530820
g849 g448 37.827500 32.530820
g849 g444 37.827500 32.530820
g849 g440 37.827500 32.530820
g849 g435 37.827500 32.530820
g849 g431 37.827500 32.530820
g849 g369 42.445030 36.509740
g849 g374 42.525030 36.509740
g849 g378 42.525030 36.509740
g849 g382 42.525030 36.509740
g849 g336 53.397510 35.856790
g849 g348 39.495010 34.049920
g849 g351 39.482710 34.026280
g849 g354 39.495010 34.049920
g849 g357 39.482710 34.026280
g849 g360 39.495010 34.049920
g849 g363 39.482710 34.026280
g849 g366 39.495010 34.049920
g849 g342 39.482710 34.026280
g849 g339 39.495010 34.049920
g849 g345 56.395240 36.144730
g853 g971 42.523220 37.650160
g853 g976 42.603220 37.650160
g853 g981 42.603220 37.650160
g853 g986 42.603220 37.650160
g853 g944 47.381520 41.628500
g853 g947 47.381520 41.628500
g853 g950 47.381520 41.628500
g853 g953 47.381520 41.628500
g853 g956 47.381520 41.628500
g853 g959 47.381520 41.628500
g853 g962 47.381520 2.049720
g853 g965 47.381520 41.628500
g853 g968 47.381520 41.628500
g853 g757 40.572160 36.442020
g853 g481 36.924290 32.510900
g853 g486 36.924290 32.689840
g853 g491 36.924290 32.689840
g853 g496 36.924290 32.689840
g853 g501 36.924290 32.689840
g853 g506 36.924290 32.689840
g853 g511 36.924290 32.689840
g853 g516 36.924290 32.689840
g853 g476 36.924290 32.689840
g853 g542 36.924290 32.689840
g853 g538 36.924290 32.689840
g853 g534 36.924290 32.689840
g853 g530 36.924290 32.689840
g853 g525 36.924290 32.689840
g853 g521 36.924290 32.689840
g853 g456 39.725720 34.852660
g853 g461 39.805720 34.852660
g853 g466 39.805720 34.852660
g853 g471 39.805720 34.852660
g853 g426 36.924290 32.510900
g853 g386 36.924290 32.689840
g853 g391 36.924290 32.689840
g853 g396 36.924290 32.689840
g853 g401 36.924290 32.689840
g853 g406 36.924290 32.689840
g853 g411 36.924290 32.689840
g853 g416 36.924290 32.689840
g853 g421 36.924290 32.689840
g853 g452 36.924290 32.689840
g853 g448 36.924290 32.689840
g853 g444 36.924290 32.689840
g853 g440 36.924290 32.689840
g853 g435 36.924290 32.689840
g853 g431 36.924290 32.689840
g853 g369 41.541820 36.668760
g853 g374 41.621820 36.668760
g853 g378 41.621820 36.668760
g853 g382 41.621820 36.668760
g853 g336 52.494300 36.015810
g853 g348 38.591800 34.208940
g853 g351 38.579500 34.185300
g853 g354 38.591800 34.208940
g853 g357 38.579500 34.185300
g853 g360 38.591800 34.208940
g853 g363 38.579500 34.185300
g853 g366 38.591800 34.208940
g853 g342 38.579500 34.185300
g853 g339 38.591800 34.208940
g853 g345 55.492030 36.303750
g857 g971 42.993670 36.790160
g857 g976 43.073670 36.790160
g857 g981 43.073670 36.790160
g857 g986 43.073670 36.790160
g857 g944 47.851970 40.768500
g857 g947 47.851970 40.768500
g857 g950 47.851970 40.768500
g857 g953 47.851970 40.768500
g857 g956 47.851970 40.768500
g857 g959 47.851970 40.768500
g857 g962 47.851970 40.768500
g857 g965 47.851970 2.049720
g857 g968 47.851970 40.768500
g857 g757 41.042610 35.582020
g857 g481 37.394740 31.650900
g857 g486 37.394740 31.829840
g857 g491 37.394740 31.829840
g857 g496 37.394740 31.829840
g857 g501 37.394740 31.829840
g857 g506 37.394740 31.829840
g857 g511 37.394740 31.829840
g857 g516 37.394740 31.829840
g857 g476 37.394740 31.829840
g857 g542 37.394740 31.829840
g857 g538 37.394740 31.829840
g857 g534 37.394740 31.829840
g857 g530 37.394740 31.829840
g857 g525 37.394740 31.829840
g857 g521 37.394740 31.829840
g857 g456 40.196170 33.992660
g857 g461 40.276170 33.992660
g857 g466 40.276170 33.992660
g857 g471 40.276170 33.992660
g857 g426 37.394740 31.650900
g857 g386 37.394740 31.829840
g857 g391 37.394740 31.829840
g857 g396 37.394740 31.829840
g857 g401 37.394740 31.829840
g857 g406 37.394740 31.829840
g857 g411 37.394740 31.829840
g857 g416 37.394740 31.829840
g857 g421 37.394740 31.829840
g857 g452 37.394740 31.829840
g857 g448 37.394740 31.829840
g857 g444 37.394740 31.829840
g857 g440 37.394740 31.829840
g857 g435 37.394740 31.829840
g857 g431 37.394740 31.829840
g857 g369 42.012270 35.808760
g857 g374 42.092270 35.808760
g857 g378 42.092270 35.808760
g857 g382 42.092270 35.808760
g857 g336 52.964750 35.155810
g857 g348 39.062250 33.348940
g857 g351 39.049950 33.325300
g857 g354 39.062250 33.348940
g857 g357 39.049950 33.325300
g857 g360 39.062250 33.348940
g857 g363 39.049950 33.325300
g857 g366 39.062250 33.348940
g857 g342 39.049950 33.325300
g857 g339 39.062250 33.348940
g857 g345 55.962480 35.443750
g861 g971 40.191220 37.230160
g861 g976 40.271220 37.230160
g861 g981 40.271220 37.230160
g861 g986 40.271220 37.230160
g861 g944 45.049520 41.208500
g861 g947 45.049520 41.208500
g861 g950 45.049520 41.208500
g861 g953 45.049520 41.208500
g861 g956 45.049520 41.208500
g861 g959 45.049520 41.208500
g861 g962 45.049520 41.208500
g861 g965 45.049520 41.208500
g861 g968 45.049520 2.049720
g861 g757 38.240160 36.022020
g861 g481 34.592290 32.090900
g861 g486 34.592290 32.269840
g861 g491 34.592290 32.269840
g861 g496 34.592290 32.269840
g861 g501 34.592290 32.269840
g861 g506 34.592290 32.269840
g861 g511 34.592290 32.269840
g861 g516 34.592290 32.269840
g861 g476 34.592290 32.269840
g861 g542 34.592290 32.269840
g861 g538 34.592290 32.269840
g861 g534 34.592290 32.269840
g861 g530 34.592290 32.269840
g861 g525 34.592290 32.269840
g861 g521 34.592290 32.269840
g861 g456 37.393720 34.432660
g861 g461 37.473720 34.432660
g861 g466 37.473720 34.432660
g861 g471 37.473720 34.432660
g861 g426 34.592290 32.090900
g861 g386 34.592290 32.269840
g861 g391 34.592290 32.269840
g861 g396 34.592290 32.269840
g861 g401 34.592290 32.269840
g861 g406 34.592290 32.269840
g861 g411 34.592290 32.269840
g861 g416 34.592290 32.269840
g861 g421 34.592290 32.269840
g861 g452 34.592290 32.269840
g861 g448 34.592290 32.269840
g861 g444 34.592290 32.269840
g861 g440 34.592290 32.269840
g861 g435 34.592290 32.269840
g861 g431 34.592290 32.269840
g861 g369 39.209820 36.248760
g861 g374 39.289820 36.248760
g861 g378 39.289820 36.248760
g861 g382 39.289820 36.248760
g861 g336 50.162300 35.595810
g861 g348 36.259800 33.788940
g861 g351 36.247500 33.765300
g861 g354 36.259800 33.788940
g861 g357 36.247500 33.765300
g861 g360 36.259800 33.788940
g861 g363 36.247500 33.765300
g861 g366 36.259800 33.788940
g861 g342 36.247500 33.765300
g861 g339 36.259800 33.788940
g861 g345 53.160030 35.883750
g874 g868 0.499980 0.499980
g868 g456 4.048980 4.048980
g868 g461 4.048980 4.048980
g868 g466 4.048980 4.048980
g868 g471 4.048980 4.048980
g875 g869 0.499980 0.499980
g869 g971 4.242740 4.242740
g869 g976 4.242740 4.242740
g869 g981 4.242740 4.242740
g869 g986 4.242740 4.242740
g869 g369 4.250940 4.250940
g869 g374 4.250940 4.250940
g869 g378 4.250940 4.250940
g869 g382 4.250940 4.250940
g590 g758 6.490710 6.490710
g590 g762 6.570710 6.570710
g590 g766 6.570710 6.570710
g590 g770 6.570710 6.570710
g590 g774 6.570710 6.570710
g590 g778 6.570710 6.570710
g590 g782 6.570710 6.570710
g590 g786 6.570710 6.570710
g590 g790 6.570710 6.570710
g590 g865 3.173140 2.050700
g253 g305 0.499980 0.499980
g256 g315 0.499980 0.499980
g257 g318 0.499980 0.499980
g258 g321 0.499980 0.499980
g259 g324 0.499980 0.499980
g260 g327 0.499980 0.499980
g261 g330 0.499980 0.499980
g262 g333 0.499980 0.499980
g254 g309 0.499980 0.499980
g255 g636 9.510490 8.256270
g255 g312 0.499980 0.499980
g143 g143 3.624810 2.370720
g143 g166 1.859680 1.859680
g143 g302 1.947030 1.947030
g143 g123 5.337700 5.337700
g166 g139 3.624810 2.370720
g166 g299 1.947030 1.947030
g166 g123 6.249960 6.249960
g139 g135 3.624810 2.370720
g139 g296 1.947030 1.947030
g139 g123 6.038480 6.038480
g135 g131 3.624810 2.370720
g135 g293 1.947030 1.947030
g135 g123 6.197700 6.197700
g131 g127 3.624810 2.370720
g131 g290 1.947030 1.947030
g131 g123 5.492890 5.492890
g127 g170 3.624810 2.370720
g127 g287 1.947030 1.947030
g127 g123 5.932890 5.932890
g170 g174 3.624810 2.370720
g170 g284 1.947030 1.947030
g170 g123 6.665980 6.665980
g174 g162 3.624810 2.370720
g174 g281 1.947030 1.947030
g174 g123 6.829110 6.829110
g162 g158 3.624810 2.370720
g162 g278 1.947030 1.947030
g162 g123 5.728990 5.728990
g158 g153 3.624810 2.370720
g158 g275 1.947030 1.947030
g158 g123 6.168990 6.168990
g153 g143 6.936150 4.521570
g153 g148 3.624810 2.370720
g153 g272 1.947030 1.947030
g153 g123 6.429990 6.429990
g148 g143 10.451310 6.758630
g148 g178 1.859680 1.859680
g148 g269 1.947030 1.947030
g148 g123 6.588990 6.588990
g178 g182 2.035900 2.035900
g178 g266 1.947030 1.947030
g178 g123 4.613070 4.613070
g182 g143 10.629750 6.961670
g182 g263 1.947030 1.947030
g182 g123 4.257960 4.257960
g263 g32 24.806380 17.836260
g263 g33 11.751690 9.576940
g263 g971 52.212330 46.856980
g263 g976 52.292330 46.856980
g263 g981 52.292330 46.856980
g263 g986 52.292330 46.856980
g263 g944 57.070630 50.835320
g263 g947 57.070630 50.835320
g263 g950 57.070630 50.835320
g263 g953 57.070630 50.835320
g263 g956 57.070630 50.835320
g263 g959 57.070630 50.835320
g263 g962 57.070630 50.835320
g263 g965 57.070630 50.835320
g263 g968 57.070630 50.835320
g263 g757 50.261270 45.648840
g263 g263 2.089880 2.089880
g263 g481 46.613400 41.717720
g263 g486 46.613400 41.896660
g263 g491 46.613400 41.896660
g263 g496 46.613400 41.896660
g263 g501 46.613400 41.896660
g263 g506 46.613400 41.896660
g263 g511 46.613400 41.896660
g263 g516 46.613400 41.896660
g263 g476 46.613400 41.896660
g263 g542 46.613400 41.896660
g263 g538 46.613400 41.896660
g263 g534 46.613400 41.896660
g263 g530 46.613400 41.896660
g263 g525 46.613400 41.896660
g263 g521 46.613400 41.896660
g263 g456 49.414830 44.059480
g263 g461 49.494830 44.059480
g263 g466 49.494830 44.059480
g263 g471 49.494830 44.059480
g263 g426 46.613400 41.717720
g263 g386 46.613400 41.896660
g263 g391 46.613400 41.896660
g263 g396 46.613400 41.896660
g263 g401 46.613400 41.896660
g263 g406 46.613400 41.896660
g263 g411 46.613400 41.896660
g263 g416 46.613400 41.896660
g263 g421 46.613400 41.896660
g263 g452 46.613400 41.896660
g263 g448 46.613400 41.896660
g263 g444 46.613400 41.896660
g263 g440 46.613400 41.896660
g263 g435 46.613400 41.896660
g263 g431 46.613400 41.896660
g263 g369 51.230930 45.875580
g263 g374 51.310930 45.875580
g263 g378 51.310930 45.875580
g263 g382 51.310930 45.875580
g263 g336 62.183410 45.222630
g263 g348 48.280910 43.415760
g263 g351 48.268610 43.392120
g263 g354 48.280910 43.415760
g263 g357 48.268610 43.392120
g263 g360 48.280910 43.415760
g263 g363 48.268610 43.392120
g263 g366 48.280910 43.415760
g263 g342 48.268610 43.392120
g263 g339 48.280910 43.415760
g263 g345 65.181140 45.510570
g263 g1854 11.288670 11.288670
g263 g1857 12.373480 12.373480
g263 g1648 12.457440 12.457440
g263 g1811 12.887880 12.887880
g263 g1721 10.840620 10.840620
g263 g1660 12.380560 12.380560
g263 g1672 12.187070 12.187070
g263 g546 12.187070 12.187070
g263 g575 12.352280 12.352280
g263 OUTPUT 9.774090 9.774090
g263 OUTPUT 10.449920 10.449920
g263 OUTPUT 22.828780 17.996760
g263 OUTPUT 25.868750 19.579470
g263 OUTPUT 10.647580 10.647580
g266 g32 23.938310 17.349730
g266 g34 11.062180 8.887430
g266 g971 51.993270 49.770390
g266 g976 52.073270 49.770390
g266 g981 52.073270 49.770390
g266 g986 52.073270 49.770390
g266 g944 56.851570 53.748730
g266 g947 56.851570 53.748730
g266 g950 56.851570 53.748730
g266 g953 56.851570 53.748730
g266 g956 56.851570 53.748730
g266 g959 56.851570 53.748730
g266 g962 56.851570 53.748730
g266 g965 56.851570 53.748730
g266 g968 56.851570 53.748730
g266 g757 50.042210 48.562250
g266 g266 2.089880 2.089880
g266 g481 46.394340 44.631130
g266 g486 46.394340 44.810070
g266 g491 46.394340 44.810070
g266 g496 46.394340 44.810070
g266 g501 46.394340 44.810070
g266 g506 46.394340 44.810070
g266 g511 46.394340 44.810070
g266 g516 46.394340 44.810070
g266 g476 46.394340 44.810070
g266 g542 46.394340 44.810070
g266 g538 46.394340 44.810070
g266 g534 46.394340 44.810070
g266 g530 46.394340 44.810070
g266 g525 46.394340 44.810070
g266 g521 46.394340 44.810070
g266 g456 49.195770 46.972890
g266 g461 49.275770 46.972890
g266 g466 49.275770 46.972890
g266 g471 49.275770 46.972890
g266 g426 46.394340 44.631130
g266 g386 46.394340 44.810070
g266 g391 46.394340 44.810070
g266 g396 46.394340 44.810070
g266 g401 46.394340 44.810070
g266 g406 46.394340 44.810070
g266 g411 46.394340 44.810070
g266 g416 46.394340 44.810070
g266 g421 46.394340 44.810070
g266 g452 46.394340 44.810070
g266 g448 46.394340 44.810070
g266 g444 46.394340 44.810070
g266 g440 46.394340 44.810070
g266 g435 46.394340 44.810070
g266 g431 46.394340 44.810070
g266 g369 51.011870 48.788990
g266 g374 51.091870 48.788990
g266 g378 51.091870 48.788990
g266 g382 51.091870 48.788990
g266 g336 61.964350 48.136040
g266 g348 48.061850 46.329170
g266 g351 48.049550 46.305530
g266 g354 48.061850 46.329170
g266 g357 48.049550 46.305530
g266 g360 48.061850 46.329170
g266 g363 48.049550 46.305530
g266 g366 48.061850 46.329170
g266 g342 48.049550 46.305530
g266 g339 48.061850 46.329170
g266 g345 64.962080 48.423980
g266 g1857 11.633090 11.633090
g266 g1651 11.657500 11.657500
g266 g1811 12.053210 12.053210
g266 g1724 10.040680 10.040680
g266 g1663 11.849060 11.849060
g266 g1675 11.640930 11.640930
g266 g554 11.640930 11.640930
g266 g549 11.736780 11.736780
g266 OUTPUT 9.084580 9.084580
g266 OUTPUT 10.309980 10.309980
g266 OUTPUT 21.960710 17.510230
g266 OUTPUT 25.000680 19.092940
g266 OUTPUT 10.507640 10.507640
g269 g32 23.746040 17.335960
g269 g35 11.073010 8.898260
g269 g971 51.367410 49.134570
g269 g976 51.447410 49.134570
g269 g981 51.447410 49.134570
g269 g986 51.447410 49.134570
g269 g944 56.225710 53.112910
g269 g947 56.225710 53.112910
g269 g950 56.225710 53.112910
g269 g953 56.225710 53.112910
g269 g956 56.225710 53.112910
g269 g959 56.225710 53.112910
g269 g962 56.225710 53.112910
g269 g965 56.225710 53.112910
g269 g968 56.225710 53.112910
g269 g757 49.416350 47.926430
g269 g269 2.089880 2.089880
g269 g481 45.768480 43.995310
g269 g486 45.768480 44.174250
g269 g491 45.768480 44.174250
g269 g496 45.768480 44.174250
g269 g501 45.768480 44.174250
g269 g506 45.768480 44.174250
g269 g511 45.768480 44.174250
g269 g516 45.768480 44.174250
g269 g476 45.768480 44.174250
g269 g542 45.768480 44.174250
g269 g538 45.768480 44.174250
g269 g534 45.768480 44.174250
g269 g530 45.768480 44.174250
g269 g525 45.768480 44.174250
g269 g521 45.768480 44.174250
g269 g456 48.569910 46.337070
g269 g461 48.649910 46.337070
g269 g466 48.649910 46.337070
g269 g471 48.649910 46.337070
g269 g426 45.768480 43.995310
g269 g386 45.768480 44.174250
g269 g391 45.768480 44.174250
g269 g396 45.768480 44.174250
g269 g401 45.768480 44.174250
g269 g406 45.768480 44.174250
g269 g411 45.768480 44.174250
g269 g416 45.768480 44.174250
g269 g421 45.768480 44.174250
g269 g452 45.768480 44.174250
g269 g448 45.768480 44.174250
g269 g444 45.768480 44.174250
g269 g440 45.768480 44.174250
g269 g435 45.768480 44.174250
g269 g431 45.768480 44.174250
g269 g369 50.386010 48.153170
g269 g374 50.466010 48.153170
g269 g378 50.466010 48.153170
g269 g382 50.466010 48.153170
g269 g336 61.338490 47.500220
g269 g348 47.435990 45.693350
g269 g351 47.423690 45.669710
g269 g354 47.435990 45.693350
g269 g357 47.423690 45.669710
g269 g360 47.435990 45.693350
g269 g363 47.423690 45.669710
g269 g366 47.435990 45.693350
g269 g342 47.423690 45.669710
g269 g339 47.435990 45.693350
g269 g345 64.336220 47.788160
g269 g1857 12.159400 12.159400
g269 g1642 11.643790 11.643790
g269 g1811 11.860330 11.860330
g269 g1727 10.026970 10.026970
g269 g1666 9.994720 9.994720
g269 g1678 11.508390 11.508390
g269 g557 11.508390 11.508390
g269 OUTPUT 9.095410 9.095410
g269 OUTPUT 9.536040 9.536040
g269 OUTPUT 21.768440 17.496460
g269 OUTPUT 24.808410 19.079170
g269 OUTPUT 9.733700 9.733700
g272 g32 24.119540 17.733940
g272 g36 11.267950 9.093200
g272 g971 52.032800 49.809940
g272 g976 52.112800 49.809940
g272 g981 52.112800 49.809940
g272 g986 52.112800 49.809940
g272 g944 56.891100 53.788280
g272 g947 56.891100 53.788280
g272 g950 56.891100 53.788280
g272 g953 56.891100 53.788280
g272 g956 56.891100 53.788280
g272 g959 56.891100 53.788280
g272 g962 56.891100 53.788280
g272 g965 56.891100 53.788280
g272 g968 56.891100 53.788280
g272 g757 50.081740 48.601800
g272 g272 2.089880 2.089880
g272 g481 46.433870 44.670680
g272 g486 46.433870 44.849620
g272 g491 46.433870 44.849620
g272 g496 46.433870 44.849620
g272 g501 46.433870 44.849620
g272 g506 46.433870 44.849620
g272 g511 46.433870 44.849620
g272 g516 46.433870 44.849620
g272 g476 46.433870 44.849620
g272 g542 46.433870 44.849620
g272 g538 46.433870 44.849620
g272 g534 46.433870 44.849620
g272 g530 46.433870 44.849620
g272 g525 46.433870 44.849620
g272 g521 46.433870 44.849620
g272 g456 49.235300 47.012440
g272 g461 49.315300 47.012440
g272 g466 49.315300 47.012440
g272 g471 49.315300 47.012440
g272 g426 46.433870 44.670680
g272 g386 46.433870 44.849620
g272 g391 46.433870 44.849620
g272 g396 46.433870 44.849620
g272 g401 46.433870 44.849620
g272 g406 46.433870 44.849620
g272 g411 46.433870 44.849620
g272 g416 46.433870 44.849620
g272 g421 46.433870 44.849620
g272 g452 46.433870 44.849620
g272 g448 46.433870 44.849620
g272 g444 46.433870 44.849620
g272 g440 46.433870 44.849620
g272 g435 46.433870 44.849620
g272 g431 46.433870 44.849620
g272 g369 51.051400 48.828540
g272 g374 51.131400 48.828540
g272 g378 51.131400 48.828540
g272 g382 51.131400 48.828540
g272 g336 62.003880 48.175590
g272 g348 48.101380 46.368720
g272 g351 48.089080 46.345080
g272 g354 48.101380 46.368720
g272 g357 48.089080 46.345080
g272 g360 48.101380 46.368720
g272 g363 48.089080 46.345080
g272 g366 48.101380 46.368720
g272 g342 48.089080 46.345080
g272 g339 48.101380 46.368720
g272 g345 65.001610 48.463530
g272 g1857 12.251620 12.251620
g272 g1645 11.875540 11.875540
g272 g1811 11.551780 11.551780
g272 g1730 10.258720 10.258720
g272 g1669 9.830750 9.830750
g272 g1681 11.703330 11.703330
g272 g560 11.703330 11.703330
g272 OUTPUT 9.290350 9.290350
g272 OUTPUT 11.681380 11.681380
g272 OUTPUT 22.141940 17.894440
g272 OUTPUT 25.181910 12.325870
g272 OUTPUT 11.879040 10.979090
g275 g32 22.439950 16.029870
g275 g37 9.791460 7.616710
g275 g971 49.824860 47.592020
g275 g976 49.904860 47.592020
g275 g981 49.904860 47.592020
g275 g986 49.904860 47.592020
g275 g944 54.683160 51.570360
g275 g947 54.683160 51.570360
g275 g950 54.683160 51.570360
g275 g953 54.683160 51.570360
g275 g956 54.683160 51.570360
g275 g959 54.683160 51.570360
g275 g962 54.683160 51.570360
g275 g965 54.683160 51.570360
g275 g968 54.683160 51.570360
g275 g757 47.873800 46.383880
g275 g275 2.089880 2.089880
g275 g481 44.225930 42.452760
g275 g486 44.225930 42.631700
g275 g491 44.225930 42.631700
g275 g496 44.225930 42.631700
g275 g501 44.225930 42.631700
g275 g506 44.225930 42.631700
g275 g511 44.225930 42.631700
g275 g516 44.225930 42.631700
g275 g476 44.225930 42.631700
g275 g542 44.225930 42.631700
g275 g538 44.225930 42.631700
g275 g534 44.225930 42.631700
g275 g530 44.225930 42.631700
g275 g525 44.225930 42.631700
g275 g521 44.225930 42.631700
g275 g456 47.027360 44.794520
g275 g461 47.107360 44.794520
g275 g466 47.107360 44.794520
g275 g471 47.107360 44.794520
g275 g426 44.225930 42.452760
g275 g386 44.225930 42.631700
g275 g391 44.225930 42.631700
g275 g396 44.225930 42.631700
g275 g401 44.225930 42.631700
g275 g406 44.225930 42.631700
g275 g411 44.225930 42.631700
g275 g416 44.225930 42.631700
g275 g421 44.225930 42.631700
g275 g452 44.225930 42.631700
g275 g448 44.225930 42.631700
g275 g444 44.225930 42.631700
g275 g440 44.225930 42.631700
g275 g435 44.225930 42.631700
g275 g431 44.225930 42.631700
g275 g369 48.843460 46.610620
g275 g374 48.923460 46.610620
g275 g378 48.923460 46.610620
g275 g382 48.923460 46.610620
g275 g336 59.795940 45.957670
g275 g348 45.893440 44.150800
g275 g351 45.881140 44.127160
g275 g354 45.893440 44.150800
g275 g357 45.881140 44.127160
g275 g360 45.893440 44.150800
g275 g363 45.881140 44.127160
g275 g366 45.893440 44.150800
g275 g342 45.881140 44.127160
g275 g339 45.893440 44.150800
g275 g345 62.793670 46.245610
g275 g1854 16.858610 15.808870
g275 g1857 12.830730 12.830730
g275 g1811 12.298520 11.432570
g275 g1733 10.792960 10.792960
g275 g1684 11.504380 11.504380
g275 g563 11.504380 11.504380
g275 OUTPUT 7.813860 7.813860
g275 OUTPUT 11.398060 11.398060
g275 OUTPUT 20.462350 16.190370
g275 OUTPUT 23.502320 12.251720
g275 OUTPUT 11.595720 10.904940
g278 g32 23.357280 17.328800
g278 g38 10.887350 8.712600
g278 g971 51.391200 49.168340
g278 g976 51.471200 49.168340
g278 g981 51.471200 49.168340
g278 g986 51.471200 49.168340
g278 g944 56.249500 53.146680
g278 g947 56.249500 53.146680
g278 g950 56.249500 53.146680
g278 g953 56.249500 53.146680
g278 g956 56.249500 53.146680
g278 g959 56.249500 53.146680
g278 g962 56.249500 53.146680
g278 g965 56.249500 53.146680
g278 g968 56.249500 53.146680
g278 g757 49.440140 47.960200
g278 g278 2.089880 2.089880
g278 g481 45.792270 44.029080
g278 g486 45.792270 44.208020
g278 g491 45.792270 44.208020
g278 g496 45.792270 44.208020
g278 g501 45.792270 44.208020
g278 g506 45.792270 44.208020
g278 g511 45.792270 44.208020
g278 g516 45.792270 44.208020
g278 g476 45.792270 44.208020
g278 g542 45.792270 44.208020
g278 g538 45.792270 44.208020
g278 g534 45.792270 44.208020
g278 g530 45.792270 44.208020
g278 g525 45.792270 44.208020
g278 g521 45.792270 44.208020
g278 g456 48.593700 46.370840
g278 g461 48.673700 46.370840
g278 g466 48.673700 46.370840
g278 g471 48.673700 46.370840
g278 g426 45.792270 44.029080
g278 g386 45.792270 44.208020
g278 g391 45.792270 44.208020
g278 g396 45.792270 44.208020
g278 g401 45.792270 44.208020
g278 g406 45.792270 44.208020
g278 g411 45.792270 44.208020
g278 g416 45.792270 44.208020
g278 g421 45.792270 44.208020
g278 g452 45.792270 44.208020
g278 g448 45.792270 44.208020
g278 g444 45.792270 44.208020
g278 g440 45.792270 44.208020
g278 g435 45.792270 44.208020
g278 g431 45.792270 44.208020
g278 g369 50.409800 48.186940
g278 g374 50.489800 48.186940
g278 g378 50.489800 48.186940
g278 g382 50.489800 48.186940
g278 g336 61.362280 47.533990
g278 g348 47.459780 45.727120
g278 g351 47.447480 45.703480
g278 g354 47.459780 45.727120
g278 g357 47.447480 45.703480
g278 g360 47.459780 45.727120
g278 g363 47.447480 45.703480
g278 g366 47.459780 45.727120
g278 g342 47.447480 45.703480
g278 g339 47.459780 45.727120
g278 g345 64.360010 47.821930
g278 g1857 11.568860 11.568860
g278 g1618 21.704050 18.816630
g278 g1448 17.073860 15.243030
g278 g1687 10.963680 10.963680
g278 g566 10.963680 10.963680
g278 OUTPUT 8.909750 8.909750
g278 OUTPUT 21.379680 17.489300
g278 OUTPUT 24.419650 12.181380
g278 OUTPUT 10.834600 10.834600
g281 g32 23.098210 16.712670
g281 g39 10.246620 8.071870
g281 g971 49.847260 47.614420
g281 g976 49.927260 47.614420
g281 g981 49.927260 47.614420
g281 g986 49.927260 47.614420
g281 g944 54.705560 51.592760
g281 g947 54.705560 51.592760
g281 g950 54.705560 51.592760
g281 g953 54.705560 51.592760
g281 g956 54.705560 51.592760
g281 g959 54.705560 51.592760
g281 g962 54.705560 51.592760
g281 g965 54.705560 51.592760
g281 g968 54.705560 51.592760
g281 g757 47.896200 46.406280
g281 g281 2.089880 2.089880
g281 g481 44.248330 42.475160
g281 g486 44.248330 42.654100
g281 g491 44.248330 42.654100
g281 g496 44.248330 42.654100
g281 g501 44.248330 42.654100
g281 g506 44.248330 42.654100
g281 g511 44.248330 42.654100
g281 g516 44.248330 42.654100
g281 g476 44.248330 42.654100
g281 g542 44.248330 42.654100
g281 g538 44.248330 42.654100
g281 g534 44.248330 42.654100
g281 g530 44.248330 42.654100
g281 g525 44.248330 42.654100
g281 g521 44.248330 42.654100
g281 g456 47.049760 44.816920
g281 g461 47.129760 44.816920
g281 g466 47.129760 44.816920
g281 g471 47.129760 44.816920
g281 g426 44.248330 42.475160
g281 g386 44.248330 42.654100
g281 g391 44.248330 42.654100
g281 g396 44.248330 42.654100
g281 g401 44.248330 42.654100
g281 g406 44.248330 42.654100
g281 g411 44.248330 42.654100
g281 g416 44.248330 42.654100
g281 g421 44.248330 42.654100
g281 g452 44.248330 42.654100
g281 g448 44.248330 42.654100
g281 g444 44.248330 42.654100
g281 g440 44.248330 42.654100
g281 g435 44.248330 42.654100
g281 g431 44.248330 42.654100
g281 g369 48.865860 46.633020
g281 g374 48.945860 46.633020
g281 g378 48.945860 46.633020
g281 g382 48.945860 46.633020
g281 g336 59.818340 12.662840
g281 g348 45.915840 44.173200
g281 g351 45.903540 44.149560
g281 g354 45.915840 44.173200
g281 g357 45.903540 44.149560
g281 g360 45.915840 44.173200
g281 g363 45.903540 44.149560
g281 g366 45.915840 44.173200
g281 g342 45.903540 44.149560
g281 g339 45.915840 44.173200
g281 g345 62.816070 46.268010
g281 g1857 11.448410 11.448410
g281 g108 21.256490 18.896670
g281 g1336 23.537530 20.533670
g281 g1341 23.537530 20.533670
g281 g1346 23.537530 20.533670
g281 g1351 23.537530 20.533670
g281 g1275 14.436090 14.032350
g281 g1314 26.702900 23.983960
g281 g1318 26.702900 23.983960
g281 g1321 26.702900 23.983960
g281 g1324 26.702900 23.983960
g281 g1327 26.702900 23.983960
g281 g1330 26.702900 23.983960
g281 g1333 26.702900 23.983960
g281 g1308 26.702900 23.983960
g281 g1311 26.702900 23.983960
g281 g105 12.758870 12.721250
g281 g1654 10.265000 10.265000
g281 g569 10.152720 10.152720
g281 OUTPUT 8.269020 8.269020
g281 OUTPUT 21.120610 16.873170
g281 OUTPUT 24.160580 11.953230
g281 OUTPUT 10.606450 10.606450
g284 g32 22.327610 16.323610
g284 g40 9.654580 7.479830
g284 g971 49.725670 47.502790
g284 g976 49.805670 47.502790
g284 g981 49.805670 47.502790
g284 g986 49.805670 47.502790
g284 g944 54.583970 51.481130
g284 g947 54.583970 51.481130
g284 g950 54.583970 51.481130
g284 g953 54.583970 51.481130
g284 g956 54.583970 51.481130
g284 g959 54.583970 51.481130
g284 g962 54.583970 51.481130
g284 g965 54.583970 51.481130
g284 g968 54.583970 51.481130
g284 g757 47.774610 46.294650
g284 g284 2.089880 2.089880
g284 g481 44.126740 42.363530
g284 g486 44.126740 42.542470
g284 g491 44.126740 42.542470
g284 g496 44.126740 42.542470
g284 g501 44.126740 42.542470
g284 g506 44.126740 42.542470
g284 g511 44.126740 42.542470
g284 g516 44.126740 42.542470
g284 g476 44.126740 42.542470
g284 g542 44.126740 42.542470
g284 g538 44.126740 42.542470
g284 g534 44.126740 42.542470
g284 g530 44.126740 42.542470
g284 g525 44.126740 42.542470
g284 g521 44.126740 42.542470
g284 g456 46.928170 44.705290
g284 g461 47.008170 44.705290
g284 g466 47.008170 44.705290
g284 g471 47.008170 44.705290
g284 g426 44.126740 42.363530
g284 g386 44.126740 42.542470
g284 g391 44.126740 42.542470
g284 g396 44.126740 42.542470
g284 g401 44.126740 42.542470
g284 g406 44.126740 42.542470
g284 g411 44.126740 42.542470
g284 g416 44.126740 42.542470
g284 g421 44.126740 42.542470
g284 g452 44.126740 42.542470
g284 g448 44.126740 42.542470
g284 g444 44.126740 42.542470
g284 g440 44.126740 42.542470
g284 g435 44.126740 42.542470
g284 g431 44.126740 42.542470
g284 g369 48.744270 46.521390
g284 g374 48.824270 46.521390
g284 g378 48.824270 46.521390
g284 g382 48.824270 46.521390
g284 g336 59.696750 45.868440
g284 g348 45.794250 44.061570
g284 g351 45.781950 44.037930
g284 g354 45.794250 44.061570
g284 g357 45.781950 44.037930
g284 g360 45.794250 44.061570
g284 g363 45.781950 44.037930
g284 g366 45.794250 44.061570
g284 g342 45.781950 44.037930
g284 g339 45.794250 44.061570
g284 g345 62.694480 46.156380
g284 g1857 10.753650 10.753650
g284 g1657 10.151850 10.151850
g284 g572 10.039570 10.039570
g284 OUTPUT 7.676980 7.676980
g284 OUTPUT 20.350010 16.484110
g284 OUTPUT 23.389980 10.123830
g284 OUTPUT 8.777050 8.777050
g287 g32 25.318500 18.348380
g287 g33 12.263810 10.089060
g287 g971 52.724450 47.369100
g287 g976 52.804450 47.369100
g287 g981 52.804450 47.369100
g287 g986 52.804450 47.369100
g287 g944 57.582750 51.347440
g287 g947 57.582750 51.347440
g287 g950 57.582750 51.347440
g287 g953 57.582750 51.347440
g287 g956 57.582750 51.347440
g287 g959 57.582750 51.347440
g287 g962 57.582750 51.347440
g287 g965 57.582750 51.347440
g287 g968 57.582750 51.347440
g287 g757 50.773390 46.160960
g287 g287 2.283920 2.283920
g287 g481 47.125520 42.229840
g287 g486 47.125520 42.408780
g287 g491 47.125520 42.408780
g287 g496 47.125520 42.408780
g287 g501 47.125520 42.408780
g287 g506 47.125520 42.408780
g287 g511 47.125520 42.408780
g287 g516 47.125520 42.408780
g287 g476 47.125520 42.408780
g287 g542 47.125520 42.408780
g287 g538 47.125520 42.408780
g287 g534 47.125520 42.408780
g287 g530 47.125520 42.408780
g287 g525 47.125520 42.408780
g287 g521 47.125520 42.408780
g287 g456 49.926950 44.571600
g287 g461 50.006950 44.571600
g287 g466 50.006950 44.571600
g287 g471 50.006950 44.571600
g287 g426 47.125520 42.229840
g287 g386 47.125520 42.408780
g287 g391 47.125520 42.408780
g287 g396 47.125520 42.408780
g287 g401 47.125520 42.408780
g287 g406 47.125520 42.408780
g287 g411 47.125520 42.408780
g287 g416 47.125520 42.408780
g287 g421 47.125520 42.408780
g287 g452 47.125520 42.408780
g287 g448 47.125520 42.408780
g287 g444 47.125520 42.408780
g287 g440 47.125520 42.408780
g287 g435 47.125520 42.408780
g287 g431 47.125520 42.408780
g287 g369 51.743050 46.387700
g287 g374 51.823050 46.387700
g287 g378 51.823050 46.387700
g287 g382 51.823050 46.387700
g287 g336 62.695530 45.734750
g287 g348 48.793030 43.927880
g287 g351 48.780730 43.904240
g287 g354 48.793030 43.927880
g287 g357 48.780730 43.904240
g287 g360 48.793030 43.927880
g287 g363 48.780730 43.904240
g287 g366 48.793030 43.927880
g287 g342 48.780730 43.904240
g287 g339 48.793030 43.927880
g287 g345 65.693260 46.022690
g287 g1854 11.800790 11.800790
g287 g1857 12.885600 12.885600
g287 g1648 12.969560 12.969560
g287 g1811 13.400000 13.400000
g287 g1721 11.352740 11.352740
g287 g1660 12.892680 12.892680
g287 g1672 12.699190 12.699190
g287 g546 12.699190 12.699190
g287 g575 12.864400 12.864400
g287 OUTPUT 10.286210 10.286210
g287 OUTPUT 10.962040 10.962040
g287 OUTPUT 23.340900 18.508880
g287 OUTPUT 26.380870 20.091590
g287 OUTPUT 11.159700 11.159700
g290 g32 24.450430 17.861850
g290 g34 11.574300 9.399550
g290 g971 52.505390 50.282510
g290 g976 52.585390 50.282510
g290 g981 52.585390 50.282510
g290 g986 52.585390 50.282510
g290 g944 57.363690 54.260850
g290 g947 57.363690 54.260850
g290 g950 57.363690 54.260850
g290 g953 57.363690 54.260850
g290 g956 57.363690 54.260850
g290 g959 57.363690 54.260850
g290 g962 57.363690 54.260850
g290 g965 57.363690 54.260850
g290 g968 57.363690 54.260850
g290 g757 50.554330 49.074370
g290 g290 2.283920 2.283920
g290 g481 46.906460 45.143250
g290 g486 46.906460 45.322190
g290 g491 46.906460 45.322190
g290 g496 46.906460 45.322190
g290 g501 46.906460 45.322190
g290 g506 46.906460 45.322190
g290 g511 46.906460 45.322190
g290 g516 46.906460 45.322190
g290 g476 46.906460 45.322190
g290 g542 46.906460 45.322190
g290 g538 46.906460 45.322190
g290 g534 46.906460 45.322190
g290 g530 46.906460 45.322190
g290 g525 46.906460 45.322190
g290 g521 46.906460 45.322190
g290 g456 49.707890 47.485010
g290 g461 49.787890 47.485010
g290 g466 49.787890 47.485010
g290 g471 49.787890 47.485010
g290 g426 46.906460 45.143250
g290 g386 46.906460 45.322190
g290 g391 46.906460 45.322190
g290 g396 46.906460 45.322190
g290 g401 46.906460 45.322190
g290 g406 46.906460 45.322190
g290 g411 46.906460 45.322190
g290 g416 46.906460 45.322190
g290 g421 46.906460 45.322190
g290 g452 46.906460 45.322190
g290 g448 46.906460 45.322190
g290 g444 46.906460 45.322190
g290 g440 46.906460 45.322190
g290 g435 46.906460 45.322190
g290 g431 46.906460 45.322190
g290 g369 51.523990 49.301110
g290 g374 51.603990 49.301110
g290 g378 51.603990 49.301110
g290 g382 51.603990 49.301110
g290 g336 62.476470 48.648160
g290 g348 48.573970 46.841290
g290 g351 48.561670 46.817650
g290 g354 48.573970 46.841290
g290 g357 48.561670 46.817650
g290 g360 48.573970 46.841290
g290 g363 48.561670 46.817650
g290 g366 48.573970 46.841290
g290 g342 48.561670 46.817650
g290 g339 48.573970 46.841290
g290 g345 65.474200 48.936100
g290 g1857 12.145210 12.145210
g290 g1651 12.169620 12.169620
g290 g1811 12.565330 12.565330
g290 g1724 10.552800 10.552800
g290 g1663 12.361180 12.361180
g290 g1675 12.153050 12.153050
g290 g554 12.153050 12.153050
g290 g549 12.248900 12.248900
g290 OUTPUT 9.596700 9.596700
g290 OUTPUT 10.822100 10.822100
g290 OUTPUT 22.472830 18.022350
g290 OUTPUT 25.512800 19.605060
g290 OUTPUT 11.019760 11.019760
g293 g32 24.258160 17.848080
g293 g35 11.585130 9.410380
g293 g971 51.879530 49.646690
g293 g976 51.959530 49.646690
g293 g981 51.959530 49.646690
g293 g986 51.959530 49.646690
g293 g944 56.737830 53.625030
g293 g947 56.737830 53.625030
g293 g950 56.737830 53.625030
g293 g953 56.737830 53.625030
g293 g956 56.737830 53.625030
g293 g959 56.737830 53.625030
g293 g962 56.737830 53.625030
g293 g965 56.737830 53.625030
g293 g968 56.737830 53.625030
g293 g757 49.928470 48.438550
g293 g293 2.283920 2.283920
g293 g481 46.280600 44.507430
g293 g486 46.280600 44.686370
g293 g491 46.280600 44.686370
g293 g496 46.280600 44.686370
g293 g501 46.280600 44.686370
g293 g506 46.280600 44.686370
g293 g511 46.280600 44.686370
g293 g516 46.280600 44.686370
g293 g476 46.280600 44.686370
g293 g542 46.280600 44.686370
g293 g538 46.280600 44.686370
g293 g534 46.280600 44.686370
g293 g530 46.280600 44.686370
g293 g525 46.280600 44.686370
g293 g521 46.280600 44.686370
g293 g456 49.082030 46.849190
g293 g461 49.162030 46.849190
g293 g466 49.162030 46.849190
g293 g471 49.162030 46.849190
g293 g426 46.280600 44.507430
g293 g386 46.280600 44.686370
g293 g391 46.280600 44.686370
g293 g396 46.280600 44.686370
g293 g401 46.280600 44.686370
g293 g406 46.280600 44.686370
g293 g411 46.280600 44.686370
g293 g416 46.280600 44.686370
g293 g421 46.280600 44.686370
g293 g452 46.280600 44.686370
g293 g448 46.280600 44.686370
g293 g444 46.280600 44.686370
g293 g440 46.280600 44.686370
g293 g435 46.280600 44.686370
g293 g431 46.280600 44.686370
g293 g369 50.898130 48.665290
g293 g374 50.978130 48.665290
g293 g378 50.978130 48.665290
g293 g382 50.978130 48.665290
g293 g336 61.850610 48.012340
g293 g348 47.948110 46.205470
g293 g351 47.935810 46.181830
g293 g354 47.948110 46.205470
g293 g357 47.935810 46.181830
g293 g360 47.948110 46.205470
g293 g363 47.935810 46.181830
g293 g366 47.948110 46.205470
g293 g342 47.935810 46.181830
g293 g339 47.948110 46.205470
g293 g345 64.848340 48.300280
g293 g1857 12.671520 12.671520
g293 g1642 12.155910 12.155910
g293 g1811 12.372450 12.372450
g293 g1727 10.539090 10.539090
g293 g1666 10.506840 10.506840
g293 g1678 12.020510 12.020510
g293 g557 12.020510 12.020510
g293 OUTPUT 9.607530 9.607530
g293 OUTPUT 10.048160 10.048160
g293 OUTPUT 22.280560 18.008580
g293 OUTPUT 25.320530 19.591290
g293 OUTPUT 10.245820 10.245820
g296 g32 24.631660 18.246060
g296 g36 11.780070 9.605320
g296 g971 52.544920 50.322060
g296 g976 52.624920 50.322060
g296 g981 52.624920 50.322060
g296 g986 52.624920 50.322060
g296 g944 57.403220 54.300400
g296 g947 57.403220 54.300400
g296 g950 57.403220 54.300400
g296 g953 57.403220 54.300400
g296 g956 57.403220 54.300400
g296 g959 57.403220 54.300400
g296 g962 57.403220 54.300400
g296 g965 57.403220 54.300400
g296 g968 57.403220 54.300400
g296 g757 50.593860 49.113920
g296 g296 2.283920 2.283920
g296 g481 46.945990 45.182800
g296 g486 46.945990 45.361740
g296 g491 46.945990 45.361740
g296 g496 46.945990 45.361740
g296 g501 46.945990 45.361740
g296 g506 46.945990 45.361740
g296 g511 46.945990 45.361740
g296 g516 46.945990 45.361740
g296 g476 46.945990 45.361740
g296 g542 46.945990 45.361740
g296 g538 46.945990 45.361740
g296 g534 46.945990 45.361740
g296 g530 46.945990 45.361740
g296 g525 46.945990 45.361740
g296 g521 46.945990 45.361740
g296 g456 49.747420 47.524560
g296 g461 49.827420 47.524560
g296 g466 49.827420 47.524560
g296 g471 49.827420 47.524560
g296 g426 46.945990 45.182800
g296 g386 46.945990 45.361740
g296 g391 46.945990 45.361740
g296 g396 46.945990 45.361740
g296 g401 46.945990 45.361740
g296 g406 46.945990 45.361740
g296 g411 46.945990 45.361740
g296 g416 46.945990 45.361740
g296 g421 46.945990 45.361740
g296 g452 46.945990 45.361740
g296 g448 46.945990 45.361740
g296 g444 46.945990 45.361740
g296 g440 46.945990 45.361740
g296 g435 46.945990 45.361740
g296 g431 46.945990 45.361740
g296 g369 51.563520 49.340660
g296 g374 51.643520 49.340660
g296 g378 51.643520 49.340660
g296 g382 51.643520 49.340660
g296 g336 62.516000 48.687710
g296 g348 48.613500 46.880840
g296 g351 48.601200 46.857200
g296 g354 48.613500 46.880840
g296 g357 48.601200 46.857200
g296 g360 48.613500 46.880840
g296 g363 48.601200 46.857200
g296 g366 48.613500 46.880840
g296 g342 48.601200 46.857200
g296 g339 48.613500 46.880840
g296 g345 65.513730 48.975650
g296 g1857 12.763740 12.763740
g296 g1645 12.387660 12.387660
g296 g1811 12.063900 12.063900
g296 g1730 10.770840 10.770840
g296 g1669 10.342870 10.342870
g296 g1681 12.215450 12.215450
g296 g560 12.215450 12.215450
g296 OUTPUT 9.802470 9.802470
g296 OUTPUT 12.193500 12.193500
g296 OUTPUT 22.654060 18.406560
g296 OUTPUT 25.694030 12.837990
g296 OUTPUT 12.391160 11.491210
g299 g32 22.952070 16.541990
g299 g37 10.303580 8.128830
g299 g971 50.336980 48.104140
g299 g976 50.416980 48.104140
g299 g981 50.416980 48.104140
g299 g986 50.416980 48.104140
g299 g944 55.195280 52.082480
g299 g947 55.195280 52.082480
g299 g950 55.195280 52.082480
g299 g953 55.195280 52.082480
g299 g956 55.195280 52.082480
g299 g959 55.195280 52.082480
g299 g962 55.195280 52.082480
g299 g965 55.195280 52.082480
g299 g968 55.195280 52.082480
g299 g757 48.385920 46.896000
g299 g299 2.283920 2.283920
g299 g481 44.738050 42.964880
g299 g486 44.738050 43.143820
g299 g491 44.738050 43.143820
g299 g496 44.738050 43.143820
g299 g501 44.738050 43.143820
g299 g506 44.738050 43.143820
g299 g511 44.738050 43.143820
g299 g516 44.738050 43.143820
g299 g476 44.738050 43.143820
g299 g542 44.738050 43.143820
g299 g538 44.738050 43.143820
g299 g534 44.738050 43.143820
g299 g530 44.738050 43.143820
g299 g525 44.738050 43.143820
g299 g521 44.738050 43.143820
g299 g456 47.539480 45.306640
g299 g461 47.619480 45.306640
g299 g466 47.619480 45.306640
g299 g471 47.619480 45.306640
g299 g426 44.738050 42.964880
g299 g386 44.738050 43.143820
g299 g391 44.738050 43.143820
g299 g396 44.738050 43.143820
g299 g401 44.738050 43.143820
g299 g406 44.738050 43.143820
g299 g411 44.738050 43.143820
g299 g416 44.738050 43.143820
g299 g421 44.738050 43.143820
g299 g452 44.738050 43.143820
g299 g448 44.738050 43.143820
g299 g444 44.738050 43.143820
g299 g440 44.738050 43.143820
g299 g435 44.738050 43.143820
g299 g431 44.738050 43.143820
g299 g369 49.355580 47.122740
g299 g374 49.435580 47.122740
g299 g378 49.435580 47.122740
g299 g382 49.435580 47.122740
g299 g336 60.308060 46.469790
g299 g348 46.405560 44.662920
g299 g351 46.393260 44.639280
g299 g354 46.405560 44.662920
g299 g357 46.393260 44.639280
g299 g360 46.405560 44.662920
g299 g363 46.393260 44.639280
g299 g366 46.405560 44.662920
g299 g342 46.393260 44.639280
g299 g339 46.405560 44.662920
g299 g345 63.305790 46.757730
g299 g1854 17.370730 16.320990
g299 g1857 13.342850 13.342850
g299 g1811 12.810640 11.944690
g299 g1733 11.305080 11.305080
g299 g1684 12.016500 12.016500
g299 g563 12.016500 12.016500
g299 OUTPUT 8.325980 8.325980
g299 OUTPUT 11.910180 11.910180
g299 OUTPUT 20.974470 16.702490
g299 OUTPUT 24.014440 12.763840
g299 OUTPUT 12.107840 11.417060
g302 g32 23.878800 17.850320
g302 g38 11.408870 9.234120
g302 g971 51.912720 49.689860
g302 g976 51.992720 49.689860
g302 g981 51.992720 49.689860
g302 g986 51.992720 49.689860
g302 g944 56.771020 53.668200
g302 g947 56.771020 53.668200
g302 g950 56.771020 53.668200
g302 g953 56.771020 53.668200
g302 g956 56.771020 53.668200
g302 g959 56.771020 53.668200
g302 g962 56.771020 53.668200
g302 g965 56.771020 53.668200
g302 g968 56.771020 53.668200
g302 g757 49.961660 48.481720
g302 g302 2.283920 2.283920
g302 g481 46.313790 44.550600
g302 g486 46.313790 44.729540
g302 g491 46.313790 44.729540
g302 g496 46.313790 44.729540
g302 g501 46.313790 44.729540
g302 g506 46.313790 44.729540
g302 g511 46.313790 44.729540
g302 g516 46.313790 44.729540
g302 g476 46.313790 44.729540
g302 g542 46.313790 44.729540
g302 g538 46.313790 44.729540
g302 g534 46.313790 44.729540
g302 g530 46.313790 44.729540
g302 g525 46.313790 44.729540
g302 g521 46.313790 44.729540
g302 g456 49.115220 46.892360
g302 g461 49.195220 46.892360
g302 g466 49.195220 46.892360
g302 g471 49.195220 46.892360
g302 g426 46.313790 44.550600
g302 g386 46.313790 44.729540
g302 g391 46.313790 44.729540
g302 g396 46.313790 44.729540
g302 g401 46.313790 44.729540
g302 g406 46.313790 44.729540
g302 g411 46.313790 44.729540
g302 g416 46.313790 44.729540
g302 g421 46.313790 44.729540
g302 g452 46.313790 44.729540
g302 g448 46.313790 44.729540
g302 g444 46.313790 44.729540
g302 g440 46.313790 44.729540
g302 g435 46.313790 44.729540
g302 g431 46.313790 44.729540
g302 g369 50.931320 48.708460
g302 g374 51.011320 48.708460
g302 g378 51.011320 48.708460
g302 g382 51.011320 48.708460
g302 g336 61.883800 48.055510
g302 g348 47.981300 46.248640
g302 g351 47.969000 46.225000
g302 g354 47.981300 46.248640
g302 g357 47.969000 46.225000
g302 g360 47.981300 46.248640
g302 g363 47.969000 46.225000
g302 g366 47.981300 46.248640
g302 g342 47.969000 46.225000
g302 g339 47.981300 46.248640
g302 g345 64.881530 48.343450
g302 g1857 12.090380 12.090380
g302 g1618 22.225570 19.338150
g302 g1448 17.595380 15.764550
g302 g1687 11.485200 11.485200
g302 g566 11.485200 11.485200
g302 OUTPUT 9.431270 9.431270
g302 OUTPUT 21.901200 18.010820
g302 OUTPUT 24.941170 12.702900
g302 OUTPUT 11.356120 11.356120
g123 g32 25.353530 18.383410
g123 g33 12.298840 10.124090
g123 g971 52.759480 47.404130
g123 g976 52.839480 47.404130
g123 g981 52.839480 47.404130
g123 g986 52.839480 47.404130
g123 g944 57.617780 51.382470
g123 g947 57.617780 51.382470
g123 g950 57.617780 51.382470
g123 g953 57.617780 51.382470
g123 g956 57.617780 51.382470
g123 g959 57.617780 51.382470
g123 g962 57.617780 51.382470
g123 g965 57.617780 51.382470
g123 g968 57.617780 51.382470
g123 g757 50.808420 46.195990
g123 g123 2.046980 2.046980
g123 g481 47.160550 42.264870
g123 g486 47.160550 42.443810
g123 g491 47.160550 42.443810
g123 g496 47.160550 42.443810
g123 g501 47.160550 42.443810
g123 g506 47.160550 42.443810
g123 g511 47.160550 42.443810
g123 g516 47.160550 42.443810
g123 g476 47.160550 42.443810
g123 g542 47.160550 42.443810
g123 g538 47.160550 42.443810
g123 g534 47.160550 42.443810
g123 g530 47.160550 42.443810
g123 g525 47.160550 42.443810
g123 g521 47.160550 42.443810
g123 g456 49.961980 44.606630
g123 g461 50.041980 44.606630
g123 g466 50.041980 44.606630
g123 g471 50.041980 44.606630
g123 g426 47.160550 42.264870
g123 g386 47.160550 42.443810
g123 g391 47.160550 42.443810
g123 g396 47.160550 42.443810
g123 g401 47.160550 42.443810
g123 g406 47.160550 42.443810
g123 g411 47.160550 42.443810
g123 g416 47.160550 42.443810
g123 g421 47.160550 42.443810
g123 g452 47.160550 42.443810
g123 g448 47.160550 42.443810
g123 g444 47.160550 42.443810
g123 g440 47.160550 42.443810
g123 g435 47.160550 42.443810
g123 g431 47.160550 42.443810
g123 g369 51.778080 46.422730
g123 g374 51.858080 46.422730
g123 g378 51.858080 46.422730
g123 g382 51.858080 46.422730
g123 g336 62.730560 45.769780
g123 g348 48.828060 43.962910
g123 g351 48.815760 43.939270
g123 g354 48.828060 43.962910
g123 g357 48.815760 43.939270
g123 g360 48.828060 43.962910
g123 g363 48.815760 43.939270
g123 g366 48.828060 43.962910
g123 g342 48.815760 43.939270
g123 g339 48.828060 43.962910
g123 g345 65.728290 46.057720
g123 g1854 11.835820 11.835820
g123 g1857 12.920630 12.920630
g123 g1648 13.004590 13.004590
g123 g1811 13.435030 13.435030
g123 g1721 11.387770 11.387770
g123 g1660 12.927710 12.927710
g123 g1672 12.734220 12.734220
g123 g546 12.734220 12.734220
g123 g575 12.899430 12.899430
g123 OUTPUT 10.321240 10.321240
g123 OUTPUT 10.997070 10.997070
g123 OUTPUT 23.375930 18.543910
g123 OUTPUT 26.415900 20.126620
g123 OUTPUT 11.194730 11.194730
g119 g32 26.113080 19.142960
g119 g33 13.058390 10.883640
g119 g971 53.519030 48.163680
g119 g976 53.599030 48.163680
g119 g981 53.599030 48.163680
g119 g986 53.599030 48.163680
g119 g944 58.377330 52.142020
g119 g947 58.377330 52.142020
g119 g950 58.377330 52.142020
g119 g953 58.377330 52.142020
g119 g956 58.377330 52.142020
g119 g959 58.377330 52.142020
g119 g962 58.377330 52.142020
g119 g965 58.377330 52.142020
g119 g968 58.377330 52.142020
g119 g757 51.567970 46.955540
g119 g263 12.524190 12.165070
g119 g266 12.524190 12.165070
g119 g269 12.524190 12.165070
g119 g272 12.524190 12.165070
g119 g275 12.524190 12.165070
g119 g278 12.524190 12.165070
g119 g281 12.524190 12.165070
g119 g284 12.524190 12.165070
g119 g287 12.524190 12.165070
g119 g290 12.524190 12.165070
g119 g293 12.524190 12.165070
g119 g296 12.524190 12.165070
g119 g299 12.524190 12.165070
g119 g302 12.524190 12.165070
g119 g123 3.139720 3.139720
g119 g119 2.537120 2.537120
g119 g481 47.920100 43.024420
g119 g486 47.920100 43.203360
g119 g491 47.920100 43.203360
g119 g496 47.920100 43.203360
g119 g501 47.920100 43.203360
g119 g506 47.920100 43.203360
g119 g511 47.920100 43.203360
g119 g516 47.920100 43.203360
g119 g476 47.920100 43.203360
g119 g542 47.920100 43.203360
g119 g538 47.920100 43.203360
g119 g534 47.920100 43.203360
g119 g530 47.920100 43.203360
g119 g525 47.920100 43.203360
g119 g521 47.920100 43.203360
g119 g456 50.721530 45.366180
g119 g461 50.801530 45.366180
g119 g466 50.801530 45.366180
g119 g471 50.801530 45.366180
g119 g426 47.920100 43.024420
g119 g386 47.920100 43.203360
g119 g391 47.920100 43.203360
g119 g396 47.920100 43.203360
g119 g401 47.920100 43.203360
g119 g406 47.920100 43.203360
g119 g411 47.920100 43.203360
g119 g416 47.920100 43.203360
g119 g421 47.920100 43.203360
g119 g452 47.920100 43.203360
g119 g448 47.920100 43.203360
g119 g444 47.920100 43.203360
g119 g440 47.920100 43.203360
g119 g435 47.920100 43.203360
g119 g431 47.920100 43.203360
g119 g369 52.537630 47.182280
g119 g374 52.617630 47.182280
g119 g378 52.617630 47.182280
g119 g382 52.617630 47.182280
g119 g336 63.490110 46.529330
g119 g348 49.587610 44.722460
g119 g351 49.575310 44.698820
g119 g354 49.587610 44.722460
g119 g357 49.575310 44.698820
g119 g360 49.587610 44.722460
g119 g363 49.575310 44.698820
g119 g366 49.587610 44.722460
g119 g342 49.575310 44.698820
g119 g339 49.587610 44.722460
g119 g345 66.487840 46.817270
g119 g1854 12.595370 12.595370
g119 g1857 13.680180 13.680180
g119 g1648 13.764140 13.764140
g119 g1811 14.194580 14.194580
g119 g1721 12.147320 12.147320
g119 g1660 13.687260 13.687260
g119 g1672 13.493770 13.493770
g119 g546 13.493770 13.493770
g119 g575 13.658980 13.658980
g119 OUTPUT 11.080790 11.080790
g119 OUTPUT 11.756620 11.756620
g119 OUTPUT 24.135480 19.303460
g119 OUTPUT 27.175450 20.886170
g119 OUTPUT 11.954280 11.954280
g611 g611 15.165420 2.370720
g611 g617 11.484670 7.496930
g611 g591 14.563760 8.728580
g611 g599 13.828480 11.409240
g611 g605 15.644560 9.058750
g611 g630 11.649190 5.929380
g611 g631 11.258890 5.551970
g611 g632 11.258890 5.551970
g611 g635 11.258890 5.551970
g611 g627 11.258890 5.551970
g611 g636 13.846900 8.139980
g611 g639 10.749440 9.314850
g611 g622 12.752560 6.658270
g611 g643 12.659040 12.652920
g611 g646 12.253630 12.253630
g611 g650 12.253630 12.253630
g611 g654 12.659040 12.652920
g611 g658 22.469700 10.456990
g611 g668 22.469700 10.456990
g611 g677 22.469700 10.456990
g611 g686 22.469700 10.456990
g611 g695 22.469700 10.456990
g611 g704 22.469700 10.456990
g611 g713 22.469700 10.456990
g611 g722 22.469700 10.456990
g611 g731 22.469700 10.456990
g611 g664 10.749440 6.846270
g611 g673 10.822590 6.177410
g611 g682 10.822590 6.177410
g611 g691 10.822590 6.177410
g611 g700 10.822590 6.177410
g611 g709 10.822590 6.177410
g611 g718 10.822590 6.177410
g611 g727 10.822590 6.177410
g611 g736 10.822590 6.177410
g611 g17 10.561250 4.854330
g617 g611 15.853680 5.121320
g617 g617 13.419420 2.370720
g617 g591 15.252020 9.416840
g617 g599 14.516740 12.097500
g617 g605 16.247470 9.747010
g617 g636 14.492030 8.521970
g617 g622 13.440820 7.346530
g617 g658 21.973160 11.145250
g617 g668 21.973160 11.145250
g617 g677 21.973160 11.145250
g617 g686 21.973160 11.145250
g617 g695 21.973160 11.145250
g617 g704 21.973160 11.145250
g617 g713 21.973160 11.145250
g617 g722 21.973160 11.145250
g617 g731 21.973160 11.145250
g617 g664 10.866660 8.781020
g617 g673 10.577800 8.112160
g617 g682 10.577800 8.112160
g617 g691 10.577800 8.112160
g617 g700 10.577800 8.112160
g617 g709 10.577800 8.112160
g617 g718 10.577800 8.112160
g617 g727 10.577800 8.112160
g617 g736 10.577800 8.112160
g591 g611 23.494210 8.097270
g591 g617 7.238550 6.102010
g591 g591 22.892550 2.370720
g591 g599 22.157270 5.357150
g591 g605 23.888000 9.049840
g591 g630 11.790450 5.058490
g591 g631 11.400150 4.681080
g591 g632 11.400150 4.681080
g591 g635 11.400150 4.681080
g591 g627 11.400150 4.681080
g591 g636 13.988160 7.269090
g591 g639 10.890700 6.579170
g591 g622 21.081350 6.649360
g591 g643 12.800300 12.794180
g591 g646 12.394890 12.394890
g591 g650 12.394890 12.394890
g591 g654 12.800300 12.794180
g591 g658 23.545900 10.108840
g591 g668 23.545900 10.108840
g591 g677 23.545900 10.108840
g591 g686 23.545900 10.108840
g591 g695 23.545900 10.108840
g591 g704 23.545900 10.108840
g591 g713 23.545900 10.108840
g591 g722 23.545900 10.108840
g591 g731 23.545900 10.108840
g591 g664 10.890700 9.456110
g591 g673 10.963850 10.963850
g591 g682 10.963850 10.963850
g591 g691 10.963850 10.963850
g591 g700 10.963850 10.963850
g591 g709 10.963850 10.963850
g591 g718 10.963850 10.963850
g591 g727 10.963850 10.963850
g591 g736 10.963850 10.963850
g591 g17 10.702510 3.983440
g599 g611 22.282770 10.524210
g599 g617 8.803470 7.666930
g599 g591 21.681110 6.538190
g599 g599 20.945830 2.370720
g599 g605 22.676560 8.464090
g599 g630 11.500150 11.487260
g599 g631 11.109850 11.109850
g599 g632 11.109850 11.109850
g599 g635 11.109850 11.109850
g599 g627 11.109850 11.109850
g599 g636 13.697860 8.012910
g599 g639 10.600400 5.802150
g599 g622 19.869910 9.664840
g599 g643 12.510000 12.503880
g599 g646 12.104590 12.104590
g599 g650 12.104590 12.104590
g599 g654 12.510000 12.503880
g599 g658 22.639700 9.484720
g599 g668 22.639700 9.484720
g599 g677 22.639700 9.484720
g599 g686 22.639700 9.484720
g599 g695 22.639700 9.484720
g599 g704 22.639700 9.484720
g599 g713 22.639700 9.484720
g599 g722 22.639700 9.484720
g599 g731 22.639700 9.484720
g599 g664 10.600400 9.165810
g599 g673 10.673550 10.673550
g599 g682 10.673550 10.673550
g599 g691 10.673550 10.673550
g599 g700 10.673550 10.673550
g599 g709 10.673550 10.673550
g599 g718 10.673550 10.673550
g599 g727 10.673550 10.673550
g599 g736 10.673550 10.673550
g599 g17 10.412210 10.412210
g605 g611 19.665570 10.703210
g605 g617 9.001900 7.865360
g605 g591 19.063910 5.089250
g605 g599 18.328630 5.089250
g605 g605 20.059360 3.878160
g605 g630 11.515570 11.502680
g605 g631 11.125270 11.125270
g605 g632 11.125270 11.125270
g605 g635 11.125270 11.125270
g605 g627 11.125270 11.125270
g605 g636 13.713280 7.103810
g605 g639 10.615820 6.402950
g605 g622 17.252710 9.843840
g605 g643 12.525420 12.519300
g605 g646 12.120010 12.120010
g605 g650 12.120010 12.120010
g605 g654 12.525420 12.519300
g605 g658 22.838130 9.097240
g605 g668 22.838130 9.097240
g605 g677 22.838130 9.097240
g605 g686 22.838130 9.097240
g605 g695 22.838130 9.097240
g605 g704 22.838130 9.097240
g605 g713 22.838130 9.097240
g605 g722 22.838130 9.097240
g605 g731 22.838130 9.097240
g605 g664 10.615820 9.181230
g605 g673 10.688970 10.688970
g605 g682 10.688970 10.688970
g605 g691 10.688970 10.688970
g605 g700 10.688970 10.688970
g605 g709 10.688970 10.688970
g605 g718 10.688970 10.688970
g605 g727 10.688970 10.688970
g605 g736 10.688970 10.688970
g605 g17 10.427630 10.427630
g630 g631 1.859680 1.859680
g631 g632 1.859680 1.859680
g632 g635 1.859680 1.859680
g632 g636 4.973770 4.973770
g635 g627 1.859680 1.859680
g627 g611 18.051900 6.555450
g627 g617 18.634720 10.092600
g627 g591 17.450240 10.012530
g627 g599 16.714960 11.193050
g627 g605 18.445690 10.386250
g627 g630 3.045030 3.045030
g627 g639 8.811080 5.455890
g627 g622 15.639040 11.140720
g627 g643 6.651730 2.799200
g627 g646 6.246320 2.306980
g627 g650 6.246320 2.166980
g627 g654 6.651730 2.659200
g627 g658 25.472780 13.330600
g627 g668 25.472780 13.330600
g627 g677 25.472780 13.330600
g627 g686 25.472780 13.330600
g627 g695 25.472780 13.330600
g627 g704 25.472780 13.330600
g627 g713 25.472780 13.330600
g627 g722 25.472780 13.330600
g627 g731 25.472780 13.330600
g627 g664 16.081960 13.996320
g627 g673 15.793100 13.327460
g627 g682 15.793100 13.327460
g627 g691 15.793100 13.327460
g627 g700 15.793100 13.327460
g627 g709 15.793100 13.327460
g627 g718 15.793100 13.327460
g627 g727 15.793100 13.327460
g627 g736 15.793100 13.327460
g636 g636 3.030630 2.920710
g636 g8 0.499980 0.499980
g639 g611 12.682350 9.733210
g639 g591 12.080690 9.104610
g639 g599 11.345410 8.926170
g639 g605 13.076140 11.274320
g639 g636 10.180790 8.506140
g639 g639 4.030350 2.898730
g639 g622 10.269490 8.873840
g639 g658 12.734040 11.063720
g639 g668 12.734040 11.063720
g639 g677 12.734040 11.063720
g639 g686 12.734040 11.063720
g639 g695 12.734040 11.063720
g639 g704 12.734040 11.063720
g639 g713 12.734040 11.063720
g639 g722 12.734040 11.063720
g639 g731 12.734040 11.063720
g622 g611 6.941650 5.805110
g622 g605 6.688730 5.744370
g622 g636 9.689480 5.406320
g622 g622 3.944810 2.487800
g643 g611 22.007690 10.511240
g643 g617 22.590510 14.048390
g643 g591 21.406030 13.968320
g643 g599 20.670750 15.148840
g643 g605 22.401480 14.342040
g643 g639 12.766870 9.411680
g643 g622 19.594830 15.096510
g643 g643 10.607520 2.659200
g643 g646 10.202110 3.465540
g643 g650 10.202110 5.064660
g643 g654 10.607520 8.334840
g643 g658 29.428570 17.286390
g643 g668 29.428570 17.286390
g643 g677 29.428570 17.286390
g643 g686 29.428570 17.286390
g643 g695 29.428570 17.286390
g643 g704 29.428570 17.286390
g643 g713 29.428570 17.286390
g643 g722 29.428570 17.286390
g643 g731 29.428570 17.286390
g643 g664 20.037750 17.952110
g643 g673 19.748890 17.283250
g643 g682 19.748890 17.283250
g643 g691 19.748890 17.283250
g643 g700 19.748890 17.283250
g643 g709 19.748890 17.283250
g643 g718 19.748890 17.283250
g643 g727 19.748890 17.283250
g643 g736 19.748890 17.283250
g646 g611 21.654390 10.157940
g646 g617 22.237210 13.695090
g646 g591 21.052730 13.615020
g646 g599 20.317450 14.795540
g646 g605 22.048180 13.988740
g646 g639 12.413570 9.058380
g646 g622 19.241530 14.743210
g646 g643 10.254220 10.248100
g646 g646 9.848810 2.166980
g646 g650 9.848810 5.234660
g646 g654 10.254220 7.981540
g646 g658 29.075270 16.933090
g646 g668 29.075270 16.933090
g646 g677 29.075270 16.933090
g646 g686 29.075270 16.933090
g646 g695 29.075270 16.933090
g646 g704 29.075270 16.933090
g646 g713 29.075270 16.933090
g646 g722 29.075270 16.933090
g646 g731 29.075270 16.933090
g646 g664 19.684450 17.598810
g646 g673 19.395590 16.929950
g646 g682 19.395590 16.929950
g646 g691 19.395590 16.929950
g646 g700 19.395590 16.929950
g646 g709 19.395590 16.929950
g646 g718 19.395590 16.929950
g646 g727 19.395590 16.929950
g646 g736 19.395590 16.929950
g650 g611 19.192570 7.696120
g650 g617 19.775390 11.233270
g650 g591 18.590910 11.153200
g650 g599 17.855630 12.333720
g650 g605 19.586360 11.526920
g650 g639 9.951750 6.596560
g650 g622 16.779710 12.281390
g650 g643 7.792400 7.786280
g650 g646 7.386990 7.386990
g650 g650 7.386990 2.306980
g650 g654 7.792400 5.519720
g650 g658 26.613450 14.471270
g650 g668 26.613450 14.471270
g650 g677 26.613450 14.471270
g650 g686 26.613450 14.471270
g650 g695 26.613450 14.471270
g650 g704 26.613450 14.471270
g650 g713 26.613450 14.471270
g650 g722 26.613450 14.471270
g650 g731 26.613450 14.471270
g650 g664 17.222630 15.136990
g650 g673 16.933770 14.468130
g650 g682 16.933770 14.468130
g650 g691 16.933770 14.468130
g650 g700 16.933770 14.468130
g650 g709 16.933770 14.468130
g650 g718 16.933770 14.468130
g650 g727 16.933770 14.468130
g650 g736 16.933770 14.468130
g654 g611 18.550950 7.054500
g654 g617 19.133770 10.591650
g654 g591 17.949290 10.511580
g654 g599 17.214010 11.692100
g654 g605 18.944740 10.885300
g654 g639 9.310130 5.954940
g654 g622 16.138090 11.639770
g654 g643 7.150780 7.144660
g654 g646 6.745370 6.745370
g654 g650 6.745370 6.745370
g654 g654 7.150780 2.799200
g654 g658 25.971830 13.829650
g654 g668 25.971830 13.829650
g654 g677 25.971830 13.829650
g654 g686 25.971830 13.829650
g654 g695 25.971830 13.829650
g654 g704 25.971830 13.829650
g654 g713 25.971830 13.829650
g654 g722 25.971830 13.829650
g654 g731 25.971830 13.829650
g654 g664 16.581010 14.495370
g654 g673 16.292150 13.826510
g654 g682 16.292150 13.826510
g654 g691 16.292150 13.826510
g654 g700 16.292150 13.826510
g654 g709 16.292150 13.826510
g654 g718 16.292150 13.826510
g654 g727 16.292150 13.826510
g654 g736 16.292150 13.826510
g658 g611 21.926250 18.315530
g658 g591 21.324590 17.686930
g658 g599 20.589310 17.508490
g658 g605 22.320040 19.856640
g658 g622 19.513390 17.456160
g658 g658 21.977940 3.115560
g658 g668 21.977940 7.559830
g658 g677 21.977940 8.372270
g658 g686 21.977940 10.066710
g658 g695 21.977940 10.778810
g658 g704 21.977940 12.546630
g658 g713 21.977940 13.173050
g658 g722 21.977940 14.940870
g658 g731 21.977940 15.613730
g668 g611 21.747730 18.485530
g668 g591 21.146070 17.856930
g668 g599 20.410790 17.678490
g668 g605 22.141520 20.026640
g668 g622 19.334870 17.626160
g668 g658 21.799420 19.816040
g668 g668 21.799420 3.115560
g668 g677 21.799420 8.542270
g668 g686 21.799420 10.236710
g668 g695 21.799420 10.885550
g668 g704 21.799420 12.382390
g668 g713 21.799420 13.343050
g668 g722 21.799420 15.110870
g668 g731 21.799420 15.783730
g677 g611 21.111890 18.142040
g677 g591 20.510230 17.513440
g677 g599 19.774950 17.335000
g677 g605 21.505680 19.683150
g677 g622 18.699030 17.282670
g677 g658 21.163580 19.472550
g677 g668 21.163580 19.472550
g677 g677 21.163580 3.115560
g677 g686 21.163580 9.311840
g677 g695 21.163580 10.249710
g677 g704 21.163580 11.746550
g677 g713 21.163580 12.999560
g677 g722 21.163580 14.740230
g677 g731 21.163580 15.440240
g686 g611 20.097840 15.908990
g686 g591 19.496180 15.280390
g686 g599 18.760900 15.101950
g686 g605 20.491630 17.450100
g686 g622 17.684980 15.049620
g686 g658 20.149530 17.239500
g686 g668 20.149530 17.239500
g686 g677 20.149530 17.239500
g686 g686 20.149530 3.115560
g686 g695 20.149530 8.372270
g686 g704 20.149530 10.140090
g686 g713 20.149530 10.766510
g686 g722 20.149530 12.534330
g686 g731 20.149530 13.207190
g695 g611 18.601000 15.589010
g695 g591 17.999340 14.960410
g695 g599 17.264060 14.781970
g695 g605 18.994790 17.130120
g695 g622 16.188140 14.729640
g695 g658 18.652690 16.919520
g695 g668 18.652690 16.919520
g695 g677 18.652690 16.919520
g695 g686 18.652690 16.919520
g695 g695 18.652690 3.115560
g695 g704 18.652690 9.235660
g695 g713 18.652690 10.446530
g695 g722 18.652690 12.214350
g695 g731 18.652690 12.887210
g704 g611 17.104160 13.514750
g704 g591 16.502500 12.886150
g704 g599 15.767220 12.707710
g704 g605 17.497950 15.055860
g704 g622 14.691300 12.655380
g704 g658 17.155850 14.845260
g704 g668 17.155850 14.845260
g704 g677 17.155850 14.845260
g704 g686 17.155850 14.845260
g704 g695 17.155850 14.845260
g704 g704 17.155850 3.115560
g704 g713 17.155850 8.372270
g704 g722 17.155850 10.140090
g704 g731 17.155850 10.812950
g713 g611 16.143910 12.658180
g713 g591 15.542250 12.029580
g713 g599 14.806970 11.851140
g713 g605 16.537700 14.199290
g713 g622 13.731050 11.798810
g713 g658 16.195600 13.988690
g713 g668 16.195600 13.988690
g713 g677 16.195600 13.988690
g713 g686 16.195600 13.988690
g713 g695 16.195600 13.988690
g713 g704 16.195600 13.988690
g713 g713 16.195600 3.115560
g713 g722 16.195600 9.235660
g713 g731 16.195600 10.492970
g722 g611 14.109440 11.120510
g722 g591 13.507780 10.491910
g722 g599 12.772500 10.313470
g722 g605 14.503230 12.661620
g722 g622 11.696580 10.261140
g722 g658 14.161130 12.451020
g722 g668 14.161130 12.451020
g722 g677 14.161130 12.451020
g722 g686 14.161130 12.451020
g722 g695 14.161130 12.451020
g722 g704 14.161130 12.451020
g722 g713 14.161130 12.451020
g722 g722 14.161130 3.115560
g722 g731 14.161130 8.418710
g731 g611 13.406810 8.441130
g731 g591 12.805150 7.812530
g731 g599 12.069870 7.634090
g731 g605 13.800600 9.982240
g731 g622 10.993950 7.581760
g731 g658 13.458500 9.771640
g731 g668 13.458500 9.771640
g731 g677 13.458500 9.771640
g731 g686 13.458500 9.771640
g731 g695 13.458500 9.771640
g731 g704 13.458500 9.771640
g731 g713 13.458500 9.771640
g731 g722 13.458500 9.771640
g731 g731 13.458500 3.115560
g664 g658 8.267970 6.898710
g664 g664 2.823630 2.823630
g664 g673 2.142550 2.142550
g673 g668 7.972970 6.603710
g673 g673 2.662650 2.662650
g673 g682 2.142550 2.142550
g682 g677 7.972970 6.603710
g682 g682 2.662650 2.662650
g682 g691 2.142550 2.142550
g691 g686 7.972970 6.603710
g691 g691 2.662650 2.662650
g691 g700 2.142550 2.142550
g700 g695 7.972970 6.603710
g700 g700 2.662650 2.662650
g700 g709 2.142550 2.142550
g709 g704 7.972970 6.603710
g709 g709 2.662650 2.662650
g709 g718 2.142550 2.142550
g718 g713 7.972970 6.603710
g718 g718 2.662650 2.662650
g718 g727 2.142550 2.142550
g727 g722 7.972970 6.603710
g727 g727 2.662650 2.662650
g727 g736 2.142550 2.142550
g736 g617 5.609910 4.473370
g736 g731 7.972970 6.603710
g736 g664 3.025990 3.025990
g736 g736 2.662650 2.662650
g8 g32 24.450680 18.065080
g8 g36 11.599090 9.424340
g8 g971 52.363940 50.141080
g8 g976 52.443940 50.141080
g8 g981 52.443940 50.141080
g8 g986 52.443940 50.141080
g8 g944 57.222240 54.119420
g8 g947 57.222240 54.119420
g8 g950 57.222240 54.119420
g8 g953 57.222240 54.119420
g8 g956 57.222240 54.119420
g8 g959 57.222240 54.119420
g8 g962 57.222240 54.119420
g8 g965 57.222240 54.119420
g8 g968 57.222240 54.119420
g8 g757 50.412880 48.932940
g8 g481 46.765010 45.001820
g8 g486 46.765010 45.180760
g8 g491 46.765010 45.180760
g8 g496 46.765010 45.180760
g8 g501 46.765010 45.180760
g8 g506 46.765010 45.180760
g8 g511 46.765010 45.180760
g8 g516 46.765010 45.180760
g8 g476 46.765010 45.180760
g8 g542 46.765010 45.180760
g8 g538 46.765010 45.180760
g8 g534 46.765010 45.180760
g8 g530 46.765010 45.180760
g8 g525 46.765010 45.180760
g8 g521 46.765010 45.180760
g8 g456 49.566440 47.343580
g8 g461 49.646440 47.343580
g8 g466 49.646440 47.343580
g8 g471 49.646440 47.343580
g8 g426 46.765010 45.001820
g8 g386 46.765010 45.180760
g8 g391 46.765010 45.180760
g8 g396 46.765010 45.180760
g8 g401 46.765010 45.180760
g8 g406 46.765010 45.180760
g8 g411 46.765010 45.180760
g8 g416 46.765010 45.180760
g8 g421 46.765010 45.180760
g8 g452 46.765010 45.180760
g8 g448 46.765010 45.180760
g8 g444 46.765010 45.180760
g8 g440 46.765010 45.180760
g8 g435 46.765010 45.180760
g8 g431 46.765010 45.180760
g8 g369 51.382540 49.159680
g8 g374 51.462540 49.159680
g8 g378 51.462540 49.159680
g8 g382 51.462540 49.159680
g8 g336 62.335020 48.506730
g8 g348 48.432520 46.699860
g8 g351 48.420220 46.676220
g8 g354 48.432520 46.699860
g8 g357 48.420220 46.676220
g8 g360 48.432520 46.699860
g8 g363 48.420220 46.676220
g8 g366 48.432520 46.699860
g8 g342 48.420220 46.676220
g8 g339 48.432520 46.699860
g8 g345 65.332750 48.794670
g8 g1857 12.582760 12.582760
g8 g1645 12.206680 12.206680
g8 g1811 11.882920 11.882920
g8 g1730 10.589860 10.589860
g8 g1669 10.161890 10.161890
g8 g1681 12.034470 12.034470
g8 g560 12.034470 12.034470
g8 OUTPUT 9.621490 9.621490
g8 OUTPUT 12.012520 12.012520
g8 OUTPUT 22.473080 18.225580
g8 OUTPUT 25.513050 12.657010
g8 OUTPUT 12.210180 11.310230
g17 g32 25.182140 18.796540
g17 g36 12.330550 10.155800
g17 g971 53.095400 50.872540
g17 g976 53.175400 50.872540
g17 g981 53.175400 50.872540
g17 g986 53.175400 50.872540
g17 g944 57.953700 54.850880
g17 g947 57.953700 54.850880
g17 g950 57.953700 54.850880
g17 g953 57.953700 54.850880
g17 g956 57.953700 54.850880
g17 g959 57.953700 54.850880
g17 g962 57.953700 54.850880
g17 g965 57.953700 54.850880
g17 g968 57.953700 54.850880
g17 g757 51.144340 49.664400
g17 g481 47.496470 45.733280
g17 g486 47.496470 45.912220
g17 g491 47.496470 45.912220
g17 g496 47.496470 45.912220
g17 g501 47.496470 45.912220
g17 g506 47.496470 45.912220
g17 g511 47.496470 45.912220
g17 g516 47.496470 45.912220
g17 g476 47.496470 45.912220
g17 g542 47.496470 45.912220
g17 g538 47.496470 45.912220
g17 g534 47.496470 45.912220
g17 g530 47.496470 45.912220
g17 g525 47.496470 45.912220
g17 g521 47.496470 45.912220
g17 g456 50.297900 48.075040
g17 g461 50.377900 48.075040
g17 g466 50.377900 48.075040
g17 g471 50.377900 48.075040
g17 g426 47.496470 45.733280
g17 g386 47.496470 45.912220
g17 g391 47.496470 45.912220
g17 g396 47.496470 45.912220
g17 g401 47.496470 45.912220
g17 g406 47.496470 45.912220
g17 g411 47.496470 45.912220
g17 g416 47.496470 45.912220
g17 g421 47.496470 45.912220
g17 g452 47.496470 45.912220
g17 g448 47.496470 45.912220
g17 g444 47.496470 45.912220
g17 g440 47.496470 45.912220
g17 g435 47.496470 45.912220
g17 g431 47.496470 45.912220
g17 g369 52.114000 49.891140
g17 g374 52.194000 49.891140
g17 g378 52.194000 49.891140
g17 g382 52.194000 49.891140
g17 g336 63.066480 49.238190
g17 g348 49.163980 47.431320
g17 g351 49.151680 47.407680
g17 g354 49.163980 47.431320
g17 g357 49.151680 47.407680
g17 g360 49.163980 47.431320
g17 g363 49.151680 47.407680
g17 g366 49.163980 47.431320
g17 g342 49.151680 47.407680
g17 g339 49.163980 47.431320
g17 g345 66.064210 49.526130
g17 g1857 13.314220 13.314220
g17 g1645 12.938140 12.938140
g17 g1811 12.614380 12.614380
g17 g1730 11.321320 11.321320
g17 g1669 10.893350 10.893350
g17 g1681 12.765930 12.765930
g17 g560 12.765930 12.765930
g17 OUTPUT 10.352950 10.352950
g17 OUTPUT 12.743980 12.743980
g17 OUTPUT 23.204540 18.957040
g17 OUTPUT 26.244510 13.388470
g17 OUTPUT 12.941640 12.041690
g481 g481 6.672100 2.341510
g481 g486 1.962440 1.962440
g481 g336 20.808240 11.752020
g481 g348 6.905740 5.244600
g481 g345 23.805970 12.039960
g486 g481 6.831380 6.831380
g486 g486 2.341510 2.341510
g486 g491 1.962440 1.962440
g486 g336 20.617380 11.911300
g486 g351 6.893440 5.232300
g486 g345 23.615110 12.199240
g491 g481 5.971380 5.971380
g491 g491 2.341510 2.341510
g491 g496 1.962440 1.962440
g491 g336 20.605140 11.051300
g491 g354 6.905740 5.244600
g491 g345 23.602870 11.339240
g496 g481 6.411380 6.411380
g496 g496 2.341510 2.341510
g496 g501 1.962440 1.962440
g496 g336 20.414280 11.491300
g496 g357 6.893440 5.232300
g496 g345 23.412010 11.779240
g501 g481 6.886550 6.886550
g501 g501 2.341510 2.341510
g501 g506 1.962440 1.962440
g501 g336 20.605140 11.966470
g501 g360 6.905740 5.244600
g501 g345 23.602870 12.254410
g506 g481 7.045770 7.045770
g506 g506 2.341510 2.341510
g506 g511 1.962440 1.962440
g506 g336 20.414280 12.125690
g506 g363 6.893440 5.232300
g506 g345 23.412010 12.413630
g511 g481 6.185770 6.185770
g511 g511 2.341510 2.341510
g511 g516 1.962440 1.962440
g511 g336 20.402040 11.265690
g511 g366 6.905740 5.244600
g511 g345 23.399770 11.553630
g516 g481 6.625770 6.625770
g516 g516 2.341510 2.341510
g516 g476 1.962440 1.962440
g516 g336 20.211180 11.705690
g516 g342 6.893440 5.232300
g516 g345 23.208910 11.993630
g476 g481 6.353740 6.353740
g476 g476 2.535550 2.535550
g476 g542 1.962440 1.962440
g476 g336 12.890980 8.440060
g476 g339 6.905740 5.244600
g476 g345 14.415040 8.956410
g542 g481 6.813640 6.813640
g542 g542 2.545450 2.545450
g542 g538 1.962440 1.962440
g542 g336 13.350880 11.893560
g542 g345 14.874940 12.181500
g538 g481 6.622610 6.622610
g538 g538 2.535550 2.535550
g538 g534 1.962440 1.962440
g538 g336 13.159850 11.702530
g538 g345 14.683910 11.990470
g534 g481 7.135480 7.135480
g534 g534 2.341510 2.341510
g534 g530 1.962440 1.962440
g534 g336 13.672720 12.215400
g534 g345 15.196780 12.503340
g530 g481 7.294430 7.294430
g530 g530 2.341510 2.341510
g530 g525 1.962440 1.962440
g530 g336 13.831670 12.374350
g530 g345 15.355730 12.662290
g525 g481 6.434430 4.107520
g525 g525 2.341510 2.341510
g525 g521 1.962440 1.962440
g525 g336 12.971670 9.187440
g525 g345 14.495730 9.475380
g521 g481 6.874430 4.040300
g521 g521 2.341510 2.341510
g521 g336 13.411670 9.120220
g521 g345 14.935730 9.408160
g456 g456 10.186750 2.136980
g456 g461 10.266750 4.070000
g456 g466 10.266750 5.850770
g456 g471 10.266750 7.711790
g456 g336 24.170240 9.285630
g456 g348 10.267740 8.988920
g456 g351 8.935740 7.656920
g456 g354 10.267740 8.988920
g456 g357 8.754730 7.475910
g456 g360 10.267740 8.988920
g456 g363 8.935740 7.656920
g456 g366 10.267740 8.988920
g456 g342 8.754730 7.475910
g456 g339 10.267740 8.988920
g456 g345 27.167970 9.573570
g461 g456 10.007760 9.264840
g461 g461 10.087760 2.136980
g461 g466 10.087760 5.671780
g461 g471 10.087760 7.532800
g461 g336 23.766330 10.683670
g461 g348 8.767030 7.488210
g461 g351 8.754730 7.475910
g461 g354 10.066930 8.788110
g461 g357 10.235640 8.956820
g461 g360 8.767030 7.488210
g461 g363 8.754730 7.475910
g461 g366 10.066930 8.788110
g461 g342 10.235640 8.956820
g461 g339 8.767030 7.488210
g461 g345 26.764060 11.054480
g466 g456 8.583990 7.841070
g466 g461 8.663990 7.841070
g466 g466 8.663990 2.136980
g466 g471 8.663990 6.109030
g466 g336 23.864780 10.480880
g466 g348 9.962280 8.683460
g466 g351 9.949980 8.671160
g466 g354 8.258040 6.979220
g466 g357 8.245740 6.966920
g466 g360 8.258040 6.979220
g466 g363 8.245740 6.966920
g466 g366 9.962280 8.683460
g466 g342 9.949980 8.671160
g466 g339 9.962280 8.683460
g466 g345 26.862510 10.768820
g471 g456 8.860320 8.117400
g471 g461 8.940320 8.117400
g471 g466 8.940320 8.117400
g471 g471 8.940320 2.136980
g471 g336 24.099260 10.174680
g471 g348 10.159860 8.881040
g471 g351 10.147560 8.868740
g471 g354 10.399860 9.121040
g471 g357 10.387560 9.108740
g471 g360 10.399860 9.121040
g471 g363 10.387560 9.108740
g471 g366 8.258040 6.979220
g471 g342 8.245740 6.966920
g471 g339 8.258040 6.979220
g471 g345 27.096990 10.691030
g305 g971 13.050630 9.155560
g305 g976 13.130630 9.155560
g305 g981 13.130630 9.155560
g305 g986 13.130630 9.155560
g305 g944 17.908930 13.133900
g305 g947 17.908930 13.133900
g305 g950 17.908930 13.133900
g305 g953 17.908930 13.133900
g305 g956 17.908930 13.133900
g305 g959 17.908930 13.133900
g305 g962 17.908930 13.133900
g305 g965 17.908930 13.133900
g305 g968 17.908930 13.133900
g305 g757 11.099570 7.947420
g305 g426 3.861080 3.861080
g305 g336 6.138820 6.138820
g305 g345 7.662880 6.426760
g315 g971 12.803000 10.674890
g315 g976 12.883000 10.674890
g315 g981 12.883000 10.674890
g315 g986 12.883000 10.674890
g315 g944 17.661300 14.653230
g315 g947 17.661300 14.653230
g315 g950 17.661300 14.653230
g315 g953 17.661300 14.653230
g315 g956 17.661300 14.653230
g315 g959 17.661300 14.653230
g315 g962 17.661300 14.653230
g315 g965 17.661300 14.653230
g315 g968 17.661300 14.653230
g315 g757 10.851940 9.466750
g315 g336 18.234500 13.402610
g315 g348 4.332000 4.332000
g315 g345 21.232230 13.918960
g318 g971 16.067080 13.834240
g318 g976 16.147080 13.834240
g318 g981 16.147080 13.834240
g318 g986 16.147080 13.834240
g318 g944 20.925380 17.812580
g318 g947 20.925380 17.812580
g318 g950 20.925380 17.812580
g318 g953 20.925380 17.812580
g318 g956 20.925380 17.812580
g318 g959 20.925380 17.812580
g318 g962 20.925380 17.812580
g318 g965 20.925380 17.812580
g318 g968 20.925380 17.812580
g318 g757 14.116020 12.626100
g318 g336 18.032360 13.582010
g318 g351 4.308420 4.308420
g318 g345 21.030090 14.098360
g321 g971 16.537530 14.314650
g321 g976 16.617530 14.314650
g321 g981 16.617530 14.314650
g321 g986 16.617530 14.314650
g321 g944 21.395830 18.292990
g321 g947 21.395830 18.292990
g321 g950 21.395830 18.292990
g321 g953 21.395830 18.292990
g321 g956 21.395830 18.292990
g321 g959 21.395830 18.292990
g321 g962 21.395830 18.292990
g321 g965 21.395830 18.292990
g321 g968 21.395830 18.292990
g321 g757 14.586470 13.106510
g321 g336 18.031400 13.580990
g321 g354 4.332000 4.332000
g321 g345 21.029130 14.097340
g324 g971 15.900850 13.668010
g324 g976 15.980850 13.668010
g324 g981 15.980850 13.668010
g324 g986 15.980850 13.668010
g324 g944 20.759150 17.646350
g324 g947 20.759150 17.646350
g324 g950 20.759150 17.646350
g324 g953 20.759150 17.646350
g324 g956 20.759150 17.646350
g324 g959 20.759150 17.646350
g324 g962 20.759150 17.646350
g324 g965 20.759150 17.646350
g324 g968 20.759150 17.646350
g324 g757 13.949790 12.459870
g324 g336 17.829260 13.760450
g324 g357 4.308420 4.308420
g324 g345 20.826990 14.276800
g327 g971 16.371300 14.148440
g327 g976 16.451300 14.148440
g327 g981 16.451300 14.148440
g327 g986 16.451300 14.148440
g327 g944 21.229600 18.126780
g327 g947 21.229600 18.126780
g327 g950 21.229600 18.126780
g327 g953 21.229600 18.126780
g327 g956 21.229600 18.126780
g327 g959 21.229600 18.126780
g327 g962 21.229600 18.126780
g327 g965 21.229600 18.126780
g327 g968 21.229600 18.126780
g327 g757 14.420240 12.940300
g327 g336 18.031400 13.581050
g327 g360 4.332000 4.332000
g327 g345 21.029130 14.097400
g330 g971 15.639840 13.407000
g330 g976 15.719840 13.407000
g330 g981 15.719840 13.407000
g330 g986 15.719840 13.407000
g330 g944 20.498140 17.385340
g330 g947 20.498140 17.385340
g330 g950 20.498140 17.385340
g330 g953 20.498140 17.385340
g330 g956 20.498140 17.385340
g330 g959 20.498140 17.385340
g330 g962 20.498140 17.385340
g330 g965 20.498140 17.385340
g330 g968 20.498140 17.385340
g330 g757 13.688780 12.198860
g330 g336 17.829260 13.760450
g330 g363 4.308420 4.308420
g330 g345 20.826990 14.276800
g333 g971 16.110290 13.887430
g333 g976 16.190290 13.887430
g333 g981 16.190290 13.887430
g333 g986 16.190290 13.887430
g333 g944 20.968590 17.865770
g333 g947 20.968590 17.865770
g333 g950 20.968590 17.865770
g333 g953 20.968590 17.865770
g333 g956 20.968590 17.865770
g333 g959 20.968590 17.865770
g333 g962 20.968590 17.865770
g333 g965 20.968590 17.865770
g333 g968 20.968590 17.865770
g333 g757 14.159230 12.679290
g333 g336 17.828300 13.759490
g333 g366 4.332000 4.332000
g333 g345 20.826030 14.275840
g309 g971 15.207080 12.974240
g309 g976 15.287080 12.974240
g309 g981 15.287080 12.974240
g309 g986 15.287080 12.974240
g309 g944 20.065380 16.952580
g309 g947 20.065380 16.952580
g309 g950 20.065380 16.952580
g309 g953 20.065380 16.952580
g309 g956 20.065380 16.952580
g309 g959 20.065380 16.952580
g309 g962 20.065380 16.952580
g309 g965 20.065380 16.952580
g309 g968 20.065380 16.952580
g309 g757 13.256020 11.766100
g309 g336 17.626160 13.938950
g309 g342 4.308420 4.308420
g309 g345 20.623890 14.455300
g312 g971 15.677530 13.454650
g312 g976 15.757530 13.454650
g312 g981 15.757530 13.454650
g312 g986 15.757530 13.454650
g312 g944 20.535830 17.432990
g312 g947 20.535830 17.432990
g312 g950 20.535830 17.432990
g312 g953 20.535830 17.432990
g312 g956 20.535830 17.432990
g312 g959 20.535830 17.432990
g312 g962 20.535830 17.432990
g312 g965 20.535830 17.432990
g312 g968 20.535830 17.432990
g312 g757 13.726470 12.246510
g312 g336 8.577200 7.527460
g312 g339 4.332000 4.332000
g312 g345 11.574930 8.043810
g426 g971 16.232290 9.908790
g426 g976 16.312290 9.908790
g426 g981 16.312290 9.908790
g426 g986 16.312290 9.908790
g426 g944 21.090590 13.887130
g426 g947 21.090590 13.887130
g426 g950 21.090590 13.887130
g426 g953 21.090590 13.887130
g426 g956 21.090590 13.887130
g426 g959 21.090590 13.887130
g426 g962 21.090590 13.887130
g426 g965 21.090590 13.887130
g426 g968 21.090590 13.887130
g426 g757 14.281230 8.700650
g426 g426 7.042740 2.341510
g426 g386 1.962440 1.962440
g386 g971 16.391230 14.045540
g386 g976 16.471230 14.045540
g386 g981 16.471230 14.045540
g386 g986 16.471230 14.045540
g386 g944 21.249530 18.023880
g386 g947 21.249530 18.023880
g386 g950 21.249530 18.023880
g386 g953 21.249530 18.023880
g386 g956 21.249530 18.023880
g386 g959 21.249530 18.023880
g386 g962 21.249530 18.023880
g386 g965 21.249530 18.023880
g386 g968 21.249530 18.023880
g386 g757 14.440170 12.837400
g386 g426 7.201680 7.201680
g386 g386 2.341510 2.341510
g386 g391 1.962440 1.962440
g391 g971 16.715970 13.639620
g391 g976 16.795970 13.639620
g391 g981 16.795970 13.639620
g391 g986 16.795970 13.639620
g391 g944 21.574270 17.617960
g391 g947 21.574270 17.617960
g391 g950 21.574270 17.617960
g391 g953 21.574270 17.617960
g391 g956 21.574270 17.617960
g391 g959 21.574270 17.617960
g391 g962 21.574270 17.617960
g391 g965 21.574270 17.617960
g391 g968 21.574270 17.617960
g391 g757 14.764910 12.431480
g391 g426 6.341680 6.341680
g391 g391 2.341510 2.341510
g391 g396 1.962440 1.962440
g396 g971 16.079290 13.879310
g396 g976 16.159290 13.879310
g396 g981 16.159290 13.879310
g396 g986 16.159290 13.879310
g396 g944 20.937590 17.857650
g396 g947 20.937590 17.857650
g396 g950 20.937590 17.857650
g396 g953 20.937590 17.857650
g396 g956 20.937590 17.857650
g396 g959 20.937590 17.857650
g396 g962 20.937590 17.857650
g396 g965 20.937590 17.857650
g396 g968 20.937590 17.857650
g396 g757 14.128230 12.671170
g396 g426 6.781680 6.781680
g396 g396 2.341510 2.341510
g396 g401 1.962440 1.962440
g401 g971 16.549740 14.233740
g401 g976 16.629740 14.233740
g401 g981 16.629740 14.233740
g401 g986 16.629740 14.233740
g401 g944 21.408040 18.212080
g401 g947 21.408040 18.212080
g401 g950 21.408040 18.212080
g401 g953 21.408040 18.212080
g401 g956 21.408040 18.212080
g401 g959 21.408040 18.212080
g401 g962 21.408040 18.212080
g401 g965 21.408040 18.212080
g401 g968 21.408040 18.212080
g401 g757 14.598680 13.025600
g401 g426 6.935800 6.935800
g401 g401 2.341510 2.341510
g401 g406 1.962440 1.962440
g406 g971 16.284300 13.618300
g406 g976 16.364300 13.618300
g406 g981 16.364300 13.618300
g406 g986 16.364300 13.618300
g406 g944 21.142600 17.596640
g406 g947 21.142600 17.596640
g406 g950 21.142600 17.596640
g406 g953 21.142600 17.596640
g406 g956 21.142600 17.596640
g406 g959 21.142600 17.596640
g406 g962 21.142600 17.596640
g406 g965 21.142600 17.596640
g406 g968 21.142600 17.596640
g406 g757 14.333240 12.410160
g406 g426 7.094750 7.094750
g406 g406 2.341510 2.341510
g406 g411 1.962440 1.962440
g411 g971 16.288730 13.532690
g411 g976 16.368730 13.532690
g411 g981 16.368730 13.532690
g411 g986 16.368730 13.532690
g411 g944 21.147030 17.511030
g411 g947 21.147030 17.511030
g411 g950 21.147030 17.511030
g411 g953 21.147030 17.511030
g411 g956 21.147030 17.511030
g411 g959 21.147030 17.511030
g411 g962 21.147030 17.511030
g411 g965 21.147030 17.511030
g411 g968 21.147030 17.511030
g411 g757 14.337670 12.324550
g411 g426 6.234750 6.234750
g411 g411 2.341510 2.341510
g411 g416 1.962440 1.962440
g416 g971 15.864300 13.185540
g416 g976 15.944300 13.185540
g416 g981 15.944300 13.185540
g416 g986 15.944300 13.185540
g416 g944 20.722600 17.163880
g416 g947 20.722600 17.163880
g416 g950 20.722600 17.163880
g416 g953 20.722600 17.163880
g416 g956 20.722600 17.163880
g416 g959 20.722600 17.163880
g416 g962 20.722600 17.163880
g416 g965 20.722600 17.163880
g416 g968 20.722600 17.163880
g416 g757 13.913240 11.977400
g416 g426 6.674750 6.674750
g416 g416 2.341510 2.341510
g416 g421 1.962440 1.962440
g421 g971 15.972890 13.656040
g421 g976 16.052890 13.656040
g421 g981 16.052890 13.656040
g421 g986 16.052890 13.656040
g421 g944 20.831190 17.634380
g421 g947 20.831190 17.634380
g421 g950 20.831190 17.634380
g421 g953 20.831190 17.634380
g421 g956 20.831190 17.634380
g421 g959 20.831190 17.634380
g421 g962 20.831190 17.634380
g421 g965 20.831190 17.634380
g421 g968 20.831190 17.634380
g421 g757 14.021830 12.447900
g421 g426 6.783340 6.783340
g421 g421 2.341510 2.341510
g421 g452 1.962440 1.962440
g452 g971 15.271880 13.380270
g452 g976 15.351880 13.380270
g452 g981 15.351880 13.380270
g452 g986 15.351880 13.380270
g452 g944 20.130180 17.358610
g452 g947 20.130180 17.358610
g452 g950 20.130180 17.358610
g452 g953 20.130180 17.358610
g452 g956 20.130180 17.358610
g452 g959 20.130180 17.358610
g452 g962 20.130180 17.358610
g452 g965 20.130180 17.358610
g452 g968 20.130180 17.358610
g452 g757 13.320820 12.172130
g452 g426 6.082330 6.082330
g452 g452 2.341510 2.341510
g452 g448 1.962440 1.962440
g448 g971 15.711880 13.820270
g448 g976 15.791880 13.820270
g448 g981 15.791880 13.820270
g448 g986 15.791880 13.820270
g448 g944 20.570180 17.798610
g448 g947 20.570180 17.798610
g448 g950 20.570180 17.798610
g448 g953 20.570180 17.798610
g448 g956 20.570180 17.798610
g448 g959 20.570180 17.798610
g448 g962 20.570180 17.798610
g448 g965 20.570180 17.798610
g448 g968 20.570180 17.798610
g448 g757 13.760820 12.612130
g448 g426 6.522330 6.522330
g448 g448 2.341510 2.341510
g448 g444 1.962440 1.962440
g444 g971 18.316020 16.424410
g444 g976 18.396020 16.424410
g444 g981 18.396020 16.424410
g444 g986 18.396020 16.424410
g444 g944 23.174320 20.402750
g444 g947 23.174320 20.402750
g444 g950 23.174320 20.402750
g444 g953 23.174320 20.402750
g444 g956 23.174320 20.402750
g444 g959 23.174320 20.402750
g444 g962 23.174320 20.402750
g444 g965 23.174320 20.402750
g444 g968 23.174320 20.402750
g444 g757 16.364960 15.216270
g444 g426 9.126470 9.126470
g444 g444 2.341510 2.341510
g444 g440 1.962440 1.962440
g440 g971 18.475010 16.583400
g440 g976 18.555010 16.583400
g440 g981 18.555010 16.583400
g440 g986 18.555010 16.583400
g440 g944 23.333310 20.561740
g440 g947 23.333310 20.561740
g440 g950 23.333310 20.561740
g440 g953 23.333310 20.561740
g440 g956 23.333310 20.561740
g440 g959 23.333310 20.561740
g440 g962 23.333310 20.561740
g440 g965 23.333310 20.561740
g440 g968 23.333310 20.561740
g440 g757 16.523950 15.375260
g440 g426 9.285460 9.285460
g440 g440 2.341510 2.341510
g440 g435 1.962440 1.962440
g435 g971 17.615010 13.972400
g435 g976 17.695010 13.972400
g435 g981 17.695010 13.972400
g435 g986 17.695010 13.972400
g435 g944 22.473310 17.950740
g435 g947 22.473310 17.950740
g435 g950 22.473310 17.950740
g435 g953 22.473310 17.950740
g435 g956 22.473310 17.950740
g435 g959 22.473310 17.950740
g435 g962 22.473310 17.950740
g435 g965 22.473310 17.950740
g435 g968 22.473310 17.950740
g435 g757 15.663950 12.764260
g435 g426 8.425460 6.674460
g435 g435 2.341510 2.341510
g435 g431 1.962440 1.962440
g431 g971 18.055010 14.176020
g431 g976 18.135010 14.176020
g431 g981 18.135010 14.176020
g431 g986 18.135010 14.176020
g431 g944 22.913310 18.154360
g431 g947 22.913310 18.154360
g431 g950 22.913310 18.154360
g431 g953 22.913310 18.154360
g431 g956 22.913310 18.154360
g431 g959 22.913310 18.154360
g431 g962 22.913310 18.154360
g431 g965 22.913310 18.154360
g431 g968 22.913310 18.154360
g431 g757 16.103950 12.967880
g431 g426 8.865460 6.878080
g431 g431 2.341510 2.341510
g369 g971 18.515380 13.400170
g369 g976 18.595380 13.400170
g369 g981 18.595380 13.400170
g369 g986 18.595380 13.400170
g369 g944 23.373680 17.378510
g369 g947 23.373680 17.378510
g369 g950 23.373680 17.378510
g369 g953 23.373680 17.378510
g369 g956 23.373680 17.378510
g369 g959 23.373680 17.378510
g369 g962 23.373680 17.378510
g369 g965 23.373680 17.378510
g369 g968 23.373680 17.378510
g369 g757 16.564320 12.192030
g369 g426 9.325830 9.216750
g369 g369 12.320550 2.136980
g369 g374 12.400550 4.070000
g369 g378 12.400550 5.850770
g369 g382 12.400550 7.452550
g374 g971 18.336390 13.221180
g374 g976 18.416390 13.221180
g374 g981 18.416390 13.221180
g374 g986 18.416390 13.221180
g374 g944 23.194690 17.199520
g374 g947 23.194690 17.199520
g374 g950 23.194690 17.199520
g374 g953 23.194690 17.199520
g374 g956 23.194690 17.199520
g374 g959 23.194690 17.199520
g374 g962 23.194690 17.199520
g374 g965 23.194690 17.199520
g374 g968 23.194690 17.199520
g374 g757 16.385330 12.013040
g374 g426 9.146840 9.037760
g374 g369 12.141560 11.398640
g374 g374 12.221560 2.136980
g374 g378 12.221560 5.671780
g374 g382 12.221560 7.273560
g378 g971 16.913600 11.798390
g378 g976 16.993600 11.798390
g378 g981 16.993600 11.798390
g378 g986 16.993600 11.798390
g378 g944 21.771900 15.776730
g378 g947 21.771900 15.776730
g378 g950 21.771900 15.776730
g378 g953 21.771900 15.776730
g378 g956 21.771900 15.776730
g378 g959 21.771900 15.776730
g378 g962 21.771900 15.776730
g378 g965 21.771900 15.776730
g378 g968 21.771900 15.776730
g378 g757 14.962540 10.590250
g378 g426 7.724050 7.614970
g378 g369 10.718770 9.975850
g378 g374 10.798770 9.975850
g378 g378 10.798770 2.136980
g378 g382 10.798770 5.850770
g382 g971 15.309310 10.194100
g382 g976 15.389310 10.194100
g382 g981 15.389310 10.194100
g382 g986 15.389310 10.194100
g382 g944 20.167610 14.172440
g382 g947 20.167610 14.172440
g382 g950 20.167610 14.172440
g382 g953 20.167610 14.172440
g382 g956 20.167610 14.172440
g382 g959 20.167610 14.172440
g382 g962 20.167610 14.172440
g382 g965 20.167610 14.172440
g382 g968 20.167610 14.172440
g382 g757 13.358250 8.985960
g382 g426 6.119760 6.010680
g382 g369 9.114480 8.371560
g382 g374 9.194480 8.371560
g382 g378 9.194480 8.371560
g382 g382 9.194480 2.136980
g336 g336 1.947030 1.947030
g336 g1068 2.089880 2.089880
g348 g348 2.207600 2.207600
g348 g1080 2.089880 2.089880
g351 g351 2.207600 2.207600
g351 g1083 2.089880 2.089880
g354 g354 2.207600 2.207600
g354 g1086 2.089880 2.089880
g357 g357 2.207600 2.207600
g357 g1089 2.089880 2.089880
g360 g360 2.207600 2.207600
g360 g1092 2.089880 2.089880
g363 g363 2.207600 2.207600
g363 g1095 2.089880 2.089880
g366 g366 2.207600 2.207600
g366 g1098 2.089880 2.089880
g342 g342 2.207600 2.207600
g342 g1074 2.089880 2.089880
g339 g339 2.207600 2.207600
g339 g1071 2.089880 2.089880
g345 g345 1.947030 1.947030
g345 g1077 2.089880 2.089880
g49 g49 2.129280 2.129280
g49 OUTPUT 2.150040 2.150040
g49 OUTPUT 3.717660 1.707620
g52 g52 2.053720 2.053720
g52 OUTPUT 2.342100 2.342100
g52 OUTPUT 3.909720 1.707620
g55 g55 2.129280 2.129280
g55 OUTPUT 2.150040 2.150040
g55 OUTPUT 3.717660 1.707620
g58 g58 2.053720 2.053720
g58 OUTPUT 2.342100 2.342100
g58 OUTPUT 3.909720 1.707620
g61 g61 2.129280 2.129280
g61 OUTPUT 2.150040 2.150040
g61 OUTPUT 3.717660 1.707620
g64 g64 2.053720 2.053720
g64 OUTPUT 2.342100 2.342100
g64 OUTPUT 3.909720 1.707620
g67 g67 2.129280 2.129280
g67 OUTPUT 2.150040 2.150040
g67 OUTPUT 3.717660 1.707620
g70 g70 2.053720 2.053720
g70 OUTPUT 2.342100 2.342100
g70 OUTPUT 3.909720 1.707620
g73 g73 2.129280 2.129280
g73 OUTPUT 2.150040 2.150040
g73 OUTPUT 3.717660 1.707620
g76 g76 2.053720 2.053720
g76 OUTPUT 2.342100 2.342100
g76 OUTPUT 3.909720 1.707620
g79 g79 2.053720 2.053720
g79 OUTPUT 2.342100 2.342100
g79 OUTPUT 3.909720 1.707620
g113 g114 0.499980 0.499980
g114 g928 3.586340 3.586340
g114 g932 3.586340 3.586340
g114 g936 3.586340 3.586340
g114 g940 3.586340 3.586340
g1696 g1696 1.197620 1.197620
g1696 g1703 3.944810 2.487800
g1696 g1713 25.829010 25.290900
g1696 g1718 25.829010 25.469890
g1696 g1766 15.945370 15.199570
g1696 g1771 15.622440 14.796760
g1696 g1776 15.622440 14.796760
g1696 g1781 15.622440 14.796760
g1696 g1786 15.622440 14.796760
g1696 g1791 15.622440 14.796760
g1696 g1796 15.622440 14.796760
g1696 g1801 15.622440 14.796760
g1696 g1806 15.622440 14.796760
g1696 g1648 15.372440 14.567920
g1696 g1651 15.372440 14.567920
g1696 g1642 15.372440 14.567920
g1696 g1645 15.372440 14.567920
g1696 g1610 14.567920 14.567920
g1696 g1811 14.463730 14.104610
g1696 g1721 6.365230 6.006110
g1696 g1724 6.365230 6.006110
g1696 g1727 6.365230 6.006110
g1696 g1730 6.365230 6.006110
g1696 g1733 6.365230 6.006110
g1696 g108 49.859620 27.303000
g1696 g1336 52.140660 28.940000
g1696 g1341 52.140660 28.940000
g1696 g1346 52.140660 28.940000
g1696 g1351 52.140660 28.940000
g1696 g1357 35.346120 35.346120
g1696 g1275 47.498300 42.655490
g1696 g1235 47.498300 42.554480
g1696 g1240 47.498300 42.554480
g1696 g1245 47.498300 42.554480
g1696 g1250 47.498300 42.554480
g1696 g1255 47.498300 42.554480
g1696 g1260 47.498300 42.554480
g1696 g1265 47.498300 42.554480
g1696 g1270 47.498300 42.554480
g1696 g1304 47.498300 42.554480
g1696 g1300 47.498300 42.554480
g1696 g1296 47.498300 42.554480
g1696 g1292 47.498300 42.554480
g1696 g1284 47.498300 42.554480
g1696 g1280 47.498300 42.554480
g1696 g1218 52.021080 51.278160
g1696 g1223 52.101080 51.278160
g1696 g1227 52.101080 51.278160
g1696 g1231 52.101080 51.278160
g1696 g1314 55.306030 43.135650
g1696 g1318 55.306030 43.135650
g1696 g1321 55.306030 43.135650
g1696 g1324 55.306030 43.135650
g1696 g1327 55.306030 43.135650
g1696 g1330 55.306030 43.135650
g1696 g1333 55.306030 43.135650
g1696 g1308 55.306030 43.135650
g1696 g1311 55.306030 43.135650
g1696 g1068 15.702170 15.343050
g1696 g1080 15.702170 15.343050
g1696 g1083 15.702170 15.343050
g1696 g1086 15.702170 15.343050
g1696 g1089 15.702170 15.343050
g1696 g1092 15.702170 15.343050
g1696 g1095 15.702170 15.343050
g1696 g1098 15.702170 15.343050
g1696 g1074 15.702170 15.343050
g1696 g1071 15.702170 15.343050
g1696 g1077 15.702170 15.343050
g1696 g1027 37.428000 25.603020
g1696 g995 37.428000 25.603020
g1696 g991 37.428000 25.603020
g1696 g1003 37.428000 25.603020
g1696 g999 37.428000 25.603020
g1696 g1011 37.428000 25.603020
g1696 g1007 37.428000 25.603020
g1696 g1019 37.428000 25.603020
g1696 g1015 37.428000 25.603020
g1696 g1023 37.428000 25.603020
g1696 g1032 37.428000 25.603020
g1696 g105 36.216100 25.972400
g1696 g1618 36.158540 25.182620
g1696 g1615 36.216100 25.972400
g1696 g1621 36.216100 25.972400
g1696 g1624 36.216100 25.972400
g1696 g1627 36.216100 25.972400
g1696 g1630 36.216100 25.972400
g1696 g1633 36.216100 25.972400
g1696 g1636 36.216100 25.972400
g1696 g1639 36.158540 25.182620
g1696 g1512 36.158540 25.182620
g1696 g1654 15.702170 15.343050
g1696 g1657 15.702170 15.343050
g1696 g1660 15.702170 15.343050
g1696 g1663 15.702170 15.343050
g1696 g1666 15.821830 15.717520
g1696 g1669 15.821830 15.717520
g1696 g1672 36.216100 25.972400
g1696 g1675 36.158540 25.182620
g1696 g1678 36.216100 25.972400
g1696 g1681 36.216100 25.972400
g1696 g1684 36.158540 25.182620
g1696 g1687 36.216100 25.972400
g1696 g546 36.216100 25.972400
g1696 g554 36.158540 25.182620
g1696 g557 36.216100 25.972400
g1696 g560 36.216100 25.972400
g1696 g563 36.158540 25.182620
g1696 g566 36.216100 25.972400
g1696 g569 36.216100 25.972400
g1696 g572 36.216100 25.972400
g1696 g575 36.158540 25.182620
g1696 g549 36.216100 25.972400
g1703 g1703 3.766370 2.370720
g1703 g1713 25.692030 25.153920
g1703 g1718 25.692030 25.332910
g1703 g1766 16.693400 15.947600
g1703 g1771 16.370470 15.544790
g1703 g1776 16.370470 15.544790
g1703 g1781 16.370470 15.544790
g1703 g1786 16.370470 15.544790
g1703 g1791 16.370470 15.544790
g1703 g1796 16.370470 15.544790
g1703 g1801 16.370470 15.544790
g1703 g1806 16.370470 15.544790
g1703 g1648 16.120470 15.315950
g1703 g1651 16.120470 15.315950
g1703 g1642 16.120470 15.315950
g1703 g1645 16.120470 15.315950
g1703 g1610 15.315950 15.315950
g1703 g1811 15.211760 14.852640
g1703 g1721 6.194030 5.834910
g1703 g1724 6.194030 5.834910
g1703 g1727 6.194030 5.834910
g1703 g1730 6.194030 5.834910
g1703 g1733 6.194030 5.834910
g1703 g108 49.722640 27.166020
g1703 g1336 52.003680 28.803020
g1703 g1341 52.003680 28.803020
g1703 g1346 52.003680 28.803020
g1703 g1351 52.003680 28.803020
g1703 g1357 35.209140 35.209140
g1703 g1275 47.361320 42.518510
g1703 g1235 47.361320 42.417500
g1703 g1240 47.361320 42.417500
g1703 g1245 47.361320 42.417500
g1703 g1250 47.361320 42.417500
g1703 g1255 47.361320 42.417500
g1703 g1260 47.361320 42.417500
g1703 g1265 47.361320 42.417500
g1703 g1270 47.361320 42.417500
g1703 g1304 47.361320 42.417500
g1703 g1300 47.361320 42.417500
g1703 g1296 47.361320 42.417500
g1703 g1292 47.361320 42.417500
g1703 g1284 47.361320 42.417500
g1703 g1280 47.361320 42.417500
g1703 g1218 51.884100 51.141180
g1703 g1223 51.964100 51.141180
g1703 g1227 51.964100 51.141180
g1703 g1231 51.964100 51.141180
g1703 g1314 55.169050 42.998670
g1703 g1318 55.169050 42.998670
g1703 g1321 55.169050 42.998670
g1703 g1324 55.169050 42.998670
g1703 g1327 55.169050 42.998670
g1703 g1330 55.169050 42.998670
g1703 g1333 55.169050 42.998670
g1703 g1308 55.169050 42.998670
g1703 g1311 55.169050 42.998670
g1703 g1068 14.943430 14.584310
g1703 g1080 14.943430 14.584310
g1703 g1083 14.943430 14.584310
g1703 g1086 14.943430 14.584310
g1703 g1089 14.943430 14.584310
g1703 g1092 14.943430 14.584310
g1703 g1095 14.943430 14.584310
g1703 g1098 14.943430 14.584310
g1703 g1074 14.943430 14.584310
g1703 g1071 14.943430 14.584310
g1703 g1077 14.943430 14.584310
g1703 g1027 37.291020 25.466040
g1703 g995 37.291020 25.466040
g1703 g991 37.291020 25.466040
g1703 g1003 37.291020 25.466040
g1703 g999 37.291020 25.466040
g1703 g1011 37.291020 25.466040
g1703 g1007 37.291020 25.466040
g1703 g1019 37.291020 25.466040
g1703 g1015 37.291020 25.466040
g1703 g1023 37.291020 25.466040
g1703 g1032 37.291020 25.466040
g1703 g105 36.079120 25.835420
g1703 g1618 36.021560 25.045640
g1703 g1615 36.079120 25.835420
g1703 g1621 36.079120 25.835420
g1703 g1624 36.079120 25.835420
g1703 g1627 36.079120 25.835420
g1703 g1630 36.079120 25.835420
g1703 g1633 36.079120 25.835420
g1703 g1636 36.079120 25.835420
g1703 g1639 36.021560 25.045640
g1703 g1512 36.021560 25.045640
g1703 g1654 14.943430 14.584310
g1703 g1657 14.943430 14.584310
g1703 g1660 14.943430 14.584310
g1703 g1663 14.943430 14.584310
g1703 g1666 15.063090 14.958780
g1703 g1669 15.063090 14.958780
g1703 g1672 36.079120 25.835420
g1703 g1675 36.021560 25.045640
g1703 g1678 36.079120 25.835420
g1703 g1681 36.079120 25.835420
g1703 g1684 36.021560 25.045640
g1703 g1687 36.079120 25.835420
g1703 g546 36.079120 25.835420
g1703 g554 36.021560 25.045640
g1703 g557 36.079120 25.835420
g1703 g560 36.079120 25.835420
g1703 g563 36.021560 25.045640
g1703 g566 36.079120 25.835420
g1703 g569 36.079120 25.835420
g1703 g572 36.079120 25.835420
g1703 g575 36.021560 25.045640
g1703 g549 36.079120 25.835420
g1710 g1713 2.260950 2.260950
g1713 g590 0.499980 0.499980
g1713 g1713 1.947030 1.947030
g1713 g1718 2.452220 2.452220
g1713 g1766 1.941330 1.587920
g1713 g1771 1.197620 1.197620
g1713 g1776 1.197620 1.197620
g1713 g1781 1.197620 1.197620
g1713 g1786 1.197620 1.197620
g1713 g1791 1.197620 1.197620
g1713 g1796 1.197620 1.197620
g1713 g1801 1.197620 1.197620
g1713 g1806 1.197620 1.197620
g1713 g108 17.261400 17.261400
g1713 g1336 19.542440 18.898400
g1713 g1341 19.542440 18.898400
g1713 g1346 19.542440 18.898400
g1713 g1351 19.542440 18.898400
g1713 g1275 14.900080 10.057270
g1713 g1235 14.900080 9.956260
g1713 g1240 14.900080 9.956260
g1713 g1245 14.900080 9.956260
g1713 g1250 14.900080 9.956260
g1713 g1255 14.900080 9.956260
g1713 g1260 14.900080 9.956260
g1713 g1265 14.900080 9.956260
g1713 g1270 14.900080 9.956260
g1713 g1304 14.900080 9.956260
g1713 g1300 14.900080 9.956260
g1713 g1296 14.900080 9.956260
g1713 g1292 14.900080 9.956260
g1713 g1284 14.900080 9.956260
g1713 g1280 14.900080 9.956260
g1713 g1218 19.422860 18.679940
g1713 g1223 19.502860 18.679940
g1713 g1227 19.502860 18.679940
g1713 g1231 19.502860 18.679940
g1713 g1314 22.707810 22.348690
g1713 g1318 22.707810 22.348690
g1713 g1321 22.707810 22.348690
g1713 g1324 22.707810 22.348690
g1713 g1327 22.707810 22.348690
g1713 g1330 22.707810 22.348690
g1713 g1333 22.707810 22.348690
g1713 g1308 22.707810 22.348690
g1713 g1311 22.707810 22.348690
g1718 g1718 1.947030 1.947030
g1718 g1654 8.302880 5.873890
g1718 g1657 11.947550 4.733140
g1718 g1660 12.319330 6.293520
g1718 g1663 12.180380 5.021970
g1718 g1666 10.532340 3.158230
g1718 g1669 10.532340 4.683300
g1718 g1672 12.598570 3.991920
g1718 g1675 12.269210 6.243400
g1718 g1678 12.598570 3.991920
g1718 g1681 12.598570 3.991920
g1718 g1684 12.861300 4.054650
g1718 g1687 12.598570 3.991920
g1718 g546 12.598570 3.991920
g1718 g554 12.269210 6.243400
g1718 g557 12.598570 3.991920
g1718 g560 12.598570 3.991920
g1718 g563 12.861300 4.054650
g1718 g566 12.598570 3.991920
g1718 g569 8.190600 5.761610
g1718 g572 11.835270 4.620860
g1718 g575 12.291050 6.265240
g1718 g549 12.068100 4.909690
g1766 g1766 3.437670 2.793630
g1766 g1771 5.780730 4.323720
g1766 g1776 7.585260 6.128250
g1766 g1781 9.389790 7.932780
g1766 g1786 10.992120 9.713550
g1766 g1791 12.593900 11.315330
g1766 g1796 14.195680 12.917110
g1766 g1801 15.797460 14.518890
g1766 g1806 17.256680 15.978110
g1766 g1857 5.234140 5.234140
g1766 g1738 2.251680 2.251680
g1766 g1958 3.792840 3.792840
g1766 g1308 2.279960 2.279960
g1771 g1771 5.602290 2.390700
g1771 g1776 7.406270 5.949260
g1771 g1781 9.210800 7.753790
g1771 g1786 10.813130 9.534560
g1771 g1791 12.414910 11.136340
g1771 g1796 14.016690 12.738120
g1771 g1801 15.618470 14.339900
g1771 g1806 17.077690 15.799120
g1771 g1857 5.183260 5.183260
g1771 g1741 2.251680 2.251680
g1771 g1958 3.611970 3.611970
g1771 g1311 2.279960 2.279960
g1776 g1776 5.602290 2.390700
g1776 g1781 7.406270 5.949260
g1776 g1786 9.008600 7.730030
g1776 g1791 10.610380 9.331810
g1776 g1796 12.212160 10.933590
g1776 g1801 13.813940 12.535370
g1776 g1806 15.273160 13.994590
g1776 g1857 5.698740 5.698740
g1776 g1744 2.251680 2.251680
g1776 g1958 3.342840 3.342840
g1776 g1314 2.279960 2.279960
g1781 g1781 5.602290 2.390700
g1781 g1786 7.204070 5.925500
g1781 g1791 8.805850 7.527280
g1781 g1796 10.407630 9.129060
g1781 g1801 12.009410 10.730840
g1781 g1806 13.468630 12.190060
g1781 g1857 5.596020 5.596020
g1781 g1747 2.406120 2.406120
g1781 g1958 3.357380 3.357380
g1781 g1318 2.434400 2.434400
g1786 g1786 5.780730 2.390700
g1786 g1791 7.383060 6.104490
g1786 g1796 8.984840 7.706270
g1786 g1801 10.586620 9.308050
g1786 g1806 12.045840 10.767270
g1786 g1857 5.174740 5.174740
g1786 g1750 2.251680 2.251680
g1786 g1958 3.102840 3.102840
g1786 g1321 2.279960 2.279960
g1791 g1791 5.780730 2.390700
g1791 g1796 7.383060 6.104490
g1791 g1801 8.984840 7.706270
g1791 g1806 10.444060 9.165490
g1791 g1857 5.293860 5.293860
g1791 g1753 2.251680 2.251680
g1791 g1958 3.959070 3.959070
g1791 g1324 2.279960 2.279960
g1796 g1796 5.780730 2.390700
g1796 g1801 7.383060 6.104490
g1796 g1806 8.842280 7.563710
g1796 g1857 5.814140 5.814140
g1796 g1756 2.251680 2.251680
g1796 g1958 3.778180 3.778180
g1796 g1327 2.279960 2.279960
g1801 g1801 5.780730 2.390700
g1801 g1806 7.240500 5.961930
g1801 g1857 5.711420 5.711420
g1801 g1759 2.251680 2.251680
g1801 g1958 3.509070 3.509070
g1801 g1330 2.279960 2.279960
g1806 g1806 5.780730 2.390700
g1806 g1854 3.185980 3.185980
g1806 g1762 2.251680 2.251680
g1806 g1958 3.269070 3.269070
g1806 g1333 2.279960 2.279960
g1834 g1834 13.170560 2.370720
g1834 g1840 11.484670 7.496930
g1834 g1814 13.508280 7.753380
g1834 g1822 13.530560 10.748980
g1834 g1828 14.540330 11.658270
g1834 g1848 12.199430 5.929380
g1834 g1849 11.809130 5.551970
g1834 g1850 11.809130 5.551970
g1834 g1853 11.809130 5.551970
g1834 g1845 11.809130 5.551970
g1834 g1854 14.526660 8.269500
g1834 g1857 11.719700 10.893540
g1834 g1861 12.403050 12.403050
g1834 g1864 12.403050 12.403050
g1834 g1868 12.802340 12.610460
g1834 g1872 22.469700 10.610640
g1834 g1882 22.469700 10.610640
g1834 g1891 22.469700 10.610640
g1834 g1900 22.469700 10.610640
g1834 g1909 22.469700 10.610640
g1834 g1918 22.469700 10.610640
g1834 g1927 22.469700 10.610640
g1834 g1936 22.469700 10.610640
g1834 g1945 22.469700 10.610640
g1834 g1878 10.877940 6.846270
g1834 g1887 11.372830 6.177410
g1834 g1896 11.372830 6.177410
g1834 g1905 11.372830 6.177410
g1834 g1914 11.372830 6.177410
g1834 g1923 11.372830 6.177410
g1834 g1932 11.372830 6.177410
g1834 g1941 11.372830 6.177410
g1834 g1950 11.372830 6.177410
g1834 g16 11.111490 4.854330
g1840 g1834 13.849020 5.126220
g1840 g1840 13.443960 2.370720
g1840 g1814 14.186740 8.431840
g1840 g1822 14.209020 11.427440
g1840 g1828 14.167540 12.336730
g1840 g1854 14.358720 8.651490
g1840 g1872 21.973160 11.289100
g1840 g1882 21.973160 11.289100
g1840 g1891 21.973160 11.289100
g1840 g1900 21.973160 11.289100
g1840 g1909 21.973160 11.289100
g1840 g1918 21.973160 11.289100
g1840 g1927 21.973160 11.289100
g1840 g1936 21.973160 11.289100
g1840 g1945 21.973160 11.289100
g1840 g1878 10.891200 8.805560
g1840 g1887 10.602340 8.136700
g1840 g1896 10.602340 8.136700
g1840 g1905 10.602340 8.136700
g1840 g1914 10.602340 8.136700
g1840 g1923 10.602340 8.136700
g1840 g1932 10.602340 8.136700
g1840 g1941 10.602340 8.136700
g1840 g1950 10.602340 8.136700
g1814 g1834 21.343710 6.811930
g1814 g1840 7.238550 6.102010
g1814 g1814 21.681430 2.370720
g1814 g1822 21.703710 5.357150
g1814 g1828 21.662230 7.875920
g1814 g1848 12.339170 5.058490
g1814 g1849 11.948870 4.681080
g1814 g1850 11.948870 4.681080
g1814 g1853 11.948870 4.681080
g1814 g1845 11.948870 4.681080
g1814 g1854 14.666400 6.664010
g1814 g1857 11.859440 7.212170
g1814 g1861 12.542790 12.542790
g1814 g1864 12.542790 12.542790
g1814 g1868 12.942080 12.750200
g1814 g1872 22.730000 10.574080
g1814 g1882 22.730000 10.574080
g1814 g1891 22.730000 10.574080
g1814 g1900 22.730000 10.574080
g1814 g1909 22.730000 10.574080
g1814 g1918 22.730000 10.574080
g1814 g1927 22.730000 10.574080
g1814 g1936 22.730000 10.574080
g1814 g1945 22.730000 10.574080
g1814 g1878 11.017680 10.004830
g1814 g1887 11.512570 11.512570
g1814 g1896 11.512570 11.512570
g1814 g1905 11.512570 11.512570
g1814 g1914 11.512570 11.512570
g1814 g1923 11.512570 11.512570
g1814 g1932 11.512570 11.512570
g1814 g1941 11.512570 11.512570
g1814 g1950 11.512570 11.512570
g1814 g16 11.251230 3.983440
g1822 g1834 20.132270 10.188300
g1822 g1840 8.803470 7.666930
g1822 g1814 20.469990 6.538190
g1822 g1822 20.492270 2.370720
g1822 g1828 20.450790 6.518840
g1822 g1848 12.050390 12.037500
g1822 g1849 11.660090 11.660090
g1822 g1850 11.660090 11.660090
g1822 g1853 11.660090 11.660090
g1822 g1845 11.660090 11.660090
g1822 g1854 14.377620 6.588950
g1822 g1857 11.570660 6.435150
g1822 g1861 12.254010 12.254010
g1822 g1864 12.254010 12.254010
g1822 g1868 12.653300 12.461420
g1822 g1872 22.639700 9.484720
g1822 g1882 22.639700 9.484720
g1822 g1891 22.639700 9.484720
g1822 g1900 22.639700 9.484720
g1822 g1909 22.639700 9.484720
g1822 g1918 22.639700 9.484720
g1822 g1927 22.639700 9.484720
g1822 g1936 22.639700 9.484720
g1822 g1945 22.639700 9.484720
g1822 g1878 10.728900 9.716050
g1822 g1887 11.223790 11.223790
g1822 g1896 11.223790 11.223790
g1822 g1905 11.223790 11.223790
g1822 g1914 11.223790 11.223790
g1822 g1923 11.223790 11.223790
g1822 g1932 11.223790 11.223790
g1822 g1941 11.223790 11.223790
g1822 g1950 11.223790 11.223790
g1822 g16 10.962450 10.962450
g1828 g1834 17.867870 10.367300
g1828 g1840 8.603920 7.467380
g1828 g1814 18.205590 5.089250
g1828 g1822 18.227870 5.089250
g1828 g1828 18.186390 2.370720
g1828 g1848 11.667830 11.654940
g1828 g1849 11.277530 11.277530
g1828 g1850 11.277530 11.277530
g1828 g1853 11.277530 11.277530
g1828 g1845 11.277530 11.277530
g1828 g1854 13.995060 5.602430
g1828 g1857 11.188100 7.035950
g1828 g1861 11.871450 11.871450
g1828 g1864 11.871450 11.871450
g1828 g1868 12.270740 12.078860
g1828 g1872 22.440150 9.515380
g1828 g1882 22.440150 9.515380
g1828 g1891 22.440150 9.515380
g1828 g1900 22.440150 9.515380
g1828 g1909 22.440150 9.515380
g1828 g1918 22.440150 9.515380
g1828 g1927 22.440150 9.515380
g1828 g1936 22.440150 9.515380
g1828 g1945 22.440150 9.515380
g1828 g1878 10.346340 9.333490
g1828 g1887 10.841230 10.841230
g1828 g1896 10.841230 10.841230
g1828 g1905 10.841230 10.841230
g1828 g1914 10.841230 10.841230
g1828 g1923 10.841230 10.841230
g1828 g1932 10.841230 10.841230
g1828 g1941 10.841230 10.841230
g1828 g1950 10.841230 10.841230
g1828 g16 10.579890 10.579890
g1848 g1849 1.859680 1.859680
g1849 g1850 1.859680 1.859680
g1850 g1853 1.859680 1.859680
g1850 g1854 5.103290 5.103290
g1853 g1845 1.859680 1.859680
g1845 g1834 15.456750 6.677590
g1845 g1840 18.212680 9.645960
g1845 g1814 15.794470 9.764440
g1845 g1822 15.816750 9.979600
g1845 g1828 15.775270 10.888890
g1845 g1848 2.843070 2.843070
g1845 g1857 8.539060 8.032050
g1845 g1861 5.444980 2.306980
g1845 g1864 5.444980 2.306980
g1845 g1868 5.844270 2.659200
g1845 g1872 25.050740 12.117150
g1845 g1882 25.050740 12.117150
g1845 g1891 25.050740 12.117150
g1845 g1900 25.050740 12.117150
g1845 g1909 25.050740 12.117150
g1845 g1918 25.050740 12.117150
g1845 g1927 25.050740 12.117150
g1845 g1936 25.050740 12.117150
g1845 g1945 25.050740 12.117150
g1845 g1878 15.659920 13.574280
g1845 g1887 15.371060 12.905420
g1845 g1896 15.371060 12.905420
g1845 g1905 15.371060 12.905420
g1845 g1914 15.371060 12.905420
g1845 g1923 15.371060 12.905420
g1845 g1932 15.371060 12.905420
g1845 g1941 15.371060 12.905420
g1845 g1950 15.371060 12.905420
g1854 g1854 3.160150 3.086140
g1854 g7 0.499980 0.499980
g1857 g1834 10.533840 9.397300
g1857 g1814 10.871560 8.290700
g1857 g1822 10.893840 8.112260
g1857 g1828 10.852360 9.021550
g1857 g1854 10.064430 8.611300
g1857 g1857 4.563610 4.113690
g1857 g1872 12.316840 10.249810
g1857 g1882 12.316840 10.249810
g1857 g1891 12.316840 10.249810
g1857 g1900 12.316840 10.249810
g1857 g1909 12.316840 10.249810
g1857 g1918 12.316840 10.249810
g1857 g1927 12.316840 10.249810
g1857 g1936 12.316840 10.249810
g1857 g1945 12.316840 10.249810
g1861 g1834 18.687290 9.908130
g1861 g1840 21.443220 12.876500
g1861 g1814 19.025010 12.994980
g1861 g1822 19.047290 13.210140
g1861 g1828 19.005810 14.119430
g1861 g1857 11.769600 11.262590
g1861 g1861 8.675520 2.166980
g1861 g1864 8.675520 3.465540
g1861 g1868 9.074810 5.556880
g1861 g1872 28.281280 15.347690
g1861 g1882 28.281280 15.347690
g1861 g1891 28.281280 15.347690
g1861 g1900 28.281280 15.347690
g1861 g1909 28.281280 15.347690
g1861 g1918 28.281280 15.347690
g1861 g1927 28.281280 15.347690
g1861 g1936 28.281280 15.347690
g1861 g1945 28.281280 15.347690
g1861 g1878 18.890460 16.804820
g1861 g1887 18.601600 16.135960
g1861 g1896 18.601600 16.135960
g1861 g1905 18.601600 16.135960
g1861 g1914 18.601600 16.135960
g1861 g1923 18.601600 16.135960
g1861 g1932 18.601600 16.135960
g1861 g1941 18.601600 16.135960
g1861 g1950 18.601600 16.135960
g1864 g1834 18.333990 9.554830
g1864 g1840 21.089920 12.523200
g1864 g1814 18.671710 12.641680
g1864 g1822 18.693990 12.856840
g1864 g1828 18.652510 13.766130
g1864 g1857 11.416300 10.909290
g1864 g1861 8.322220 8.322220
g1864 g1864 8.322220 2.166980
g1864 g1868 8.721510 5.726880
g1864 g1872 27.927980 14.994390
g1864 g1882 27.927980 14.994390
g1864 g1891 27.927980 14.994390
g1864 g1900 27.927980 14.994390
g1864 g1909 27.927980 14.994390
g1864 g1918 27.927980 14.994390
g1864 g1927 27.927980 14.994390
g1864 g1936 27.927980 14.994390
g1864 g1945 27.927980 14.994390
g1864 g1878 18.537160 16.451520
g1864 g1887 18.248300 15.782660
g1864 g1896 18.248300 15.782660
g1864 g1905 18.248300 15.782660
g1864 g1914 18.248300 15.782660
g1864 g1923 18.248300 15.782660
g1864 g1932 18.248300 15.782660
g1864 g1941 18.248300 15.782660
g1864 g1950 18.248300 15.782660
g1868 g1834 15.872170 7.093010
g1868 g1840 18.628100 10.061380
g1868 g1814 16.209890 10.179860
g1868 g1822 16.232170 10.395020
g1868 g1828 16.190690 11.304310
g1868 g1857 8.954480 8.447470
g1868 g1861 5.860400 5.860400
g1868 g1864 5.860400 5.860400
g1868 g1868 6.259690 2.799200
g1868 g1872 25.466160 12.532570
g1868 g1882 25.466160 12.532570
g1868 g1891 25.466160 12.532570
g1868 g1900 25.466160 12.532570
g1868 g1909 25.466160 12.532570
g1868 g1918 25.466160 12.532570
g1868 g1927 25.466160 12.532570
g1868 g1936 25.466160 12.532570
g1868 g1945 25.466160 12.532570
g1868 g1878 16.075340 13.989700
g1868 g1887 15.786480 13.320840
g1868 g1896 15.786480 13.320840
g1868 g1905 15.786480 13.320840
g1868 g1914 15.786480 13.320840
g1868 g1923 15.786480 13.320840
g1868 g1932 15.786480 13.320840
g1868 g1941 15.786480 13.320840
g1868 g1950 15.786480 13.320840
g1872 g1834 19.775750 17.977630
g1872 g1814 20.113470 16.871030
g1872 g1822 20.135750 16.692590
g1872 g1828 20.094270 17.601880
g1872 g1872 21.162040 3.115560
g1872 g1882 21.162040 7.559830
g1872 g1891 21.162040 8.372270
g1872 g1900 21.162040 10.066710
g1872 g1909 21.162040 10.778810
g1872 g1918 21.162040 12.546630
g1872 g1927 21.162040 13.173050
g1872 g1936 21.162040 14.940870
g1872 g1945 21.162040 15.613730
g1882 g1834 19.597230 18.147630
g1882 g1814 19.934950 17.041030
g1882 g1822 19.957230 16.862590
g1882 g1828 19.915750 17.771880
g1882 g1872 20.983520 19.000140
g1882 g1882 20.983520 3.115560
g1882 g1891 20.983520 8.542270
g1882 g1900 20.983520 10.236710
g1882 g1909 20.983520 10.885550
g1882 g1918 20.983520 12.382390
g1882 g1927 20.983520 13.343050
g1882 g1936 20.983520 15.110870
g1882 g1945 20.983520 15.783730
g1891 g1834 18.961390 17.804140
g1891 g1814 19.299110 16.697540
g1891 g1822 19.321390 16.519100
g1891 g1828 19.279910 17.428390
g1891 g1872 20.347680 18.656650
g1891 g1882 20.347680 18.656650
g1891 g1891 20.347680 3.115560
g1891 g1900 20.347680 9.311840
g1891 g1909 20.347680 10.249710
g1891 g1918 20.347680 11.746550
g1891 g1927 20.347680 12.999560
g1891 g1936 20.347680 14.740230
g1891 g1945 20.347680 15.440240
g1900 g1834 17.947340 15.571090
g1900 g1814 18.285060 14.464490
g1900 g1822 18.307340 14.286050
g1900 g1828 18.265860 15.195340
g1900 g1872 19.333630 16.423600
g1900 g1882 19.333630 16.423600
g1900 g1891 19.333630 16.423600
g1900 g1900 19.333630 3.115560
g1900 g1909 19.333630 8.372270
g1900 g1918 19.333630 10.140090
g1900 g1927 19.333630 10.766510
g1900 g1936 19.333630 12.534330
g1900 g1945 19.333630 13.207190
g1909 g1834 16.450500 15.251110
g1909 g1814 16.788220 14.144510
g1909 g1822 16.810500 13.966070
g1909 g1828 16.769020 14.875360
g1909 g1872 17.836790 16.103620
g1909 g1882 17.836790 16.103620
g1909 g1891 17.836790 16.103620
g1909 g1900 17.836790 16.103620
g1909 g1909 17.836790 3.115560
g1909 g1918 17.836790 9.235660
g1909 g1927 17.836790 10.446530
g1909 g1936 17.836790 12.214350
g1909 g1945 17.836790 12.887210
g1918 g1834 14.953660 13.176850
g1918 g1814 15.291380 12.070250
g1918 g1822 15.313660 11.891810
g1918 g1828 15.272180 12.801100
g1918 g1872 16.339950 14.029360
g1918 g1882 16.339950 14.029360
g1918 g1891 16.339950 14.029360
g1918 g1900 16.339950 14.029360
g1918 g1909 16.339950 14.029360
g1918 g1918 16.339950 3.115560
g1918 g1927 16.339950 8.372270
g1918 g1936 16.339950 10.140090
g1918 g1945 16.339950 10.812950
g1927 g1834 13.993410 12.320280
g1927 g1814 14.331130 11.213680
g1927 g1822 14.353410 11.035240
g1927 g1828 14.311930 11.944530
g1927 g1872 15.379700 13.172790
g1927 g1882 15.379700 13.172790
g1927 g1891 15.379700 13.172790
g1927 g1900 15.379700 13.172790
g1927 g1909 15.379700 13.172790
g1927 g1918 15.379700 13.172790
g1927 g1927 15.379700 3.115560
g1927 g1936 15.379700 9.235660
g1927 g1945 15.379700 10.492970
g1936 g1834 11.958940 10.782610
g1936 g1814 12.296660 9.676010
g1936 g1822 12.318940 9.497570
g1936 g1828 12.277460 10.406860
g1936 g1872 13.345230 11.635120
g1936 g1882 13.345230 11.635120
g1936 g1891 13.345230 11.635120
g1936 g1900 13.345230 11.635120
g1936 g1909 13.345230 11.635120
g1936 g1918 13.345230 11.635120
g1936 g1927 13.345230 11.635120
g1936 g1936 13.345230 3.115560
g1936 g1945 13.345230 8.418710
g1945 g1834 11.256310 8.103230
g1945 g1814 11.594030 6.996630
g1945 g1822 11.616310 6.818190
g1945 g1828 11.574830 7.727480
g1945 g1872 12.642600 8.955740
g1945 g1882 12.642600 8.955740
g1945 g1891 12.642600 8.955740
g1945 g1900 12.642600 8.955740
g1945 g1909 12.642600 8.955740
g1945 g1918 12.642600 8.955740
g1945 g1927 12.642600 8.955740
g1945 g1936 12.642600 8.955740
g1945 g1945 12.642600 3.115560
g1878 g1872 8.267970 6.898710
g1878 g1878 2.823630 2.823630
g1878 g1887 2.142550 2.142550
g1887 g1882 7.972970 6.603710
g1887 g1887 2.662650 2.662650
g1887 g1896 2.142550 2.142550
g1896 g1891 7.972970 6.603710
g1896 g1896 2.662650 2.662650
g1896 g1905 2.142550 2.142550
g1905 g1900 7.972970 6.603710
g1905 g1905 2.662650 2.662650
g1905 g1914 2.142550 2.142550
g1914 g1909 7.972970 6.603710
g1914 g1914 2.662650 2.662650
g1914 g1923 2.142550 2.142550
g1923 g1918 7.972970 6.603710
g1923 g1923 2.662650 2.662650
g1923 g1932 2.142550 2.142550
g1932 g1927 7.972970 6.603710
g1932 g1932 2.662650 2.662650
g1932 g1941 2.142550 2.142550
g1941 g1936 7.972970 6.603710
g1941 g1941 2.662650 2.662650
g1941 g1950 2.142550 2.142550
g1950 g1840 5.609910 4.473370
g1950 g1945 7.972970 6.603710
g1950 g1878 3.025990 3.025990
g1950 g1950 2.662650 2.662650
g16 g32 23.498460 17.088380
g16 g37 10.849970 8.675220
g16 g971 50.883370 48.650530
g16 g976 50.963370 48.650530
g16 g981 50.963370 48.650530
g16 g986 50.963370 48.650530
g16 g944 55.741670 52.628870
g16 g947 55.741670 52.628870
g16 g950 55.741670 52.628870
g16 g953 55.741670 52.628870
g16 g956 55.741670 52.628870
g16 g959 55.741670 52.628870
g16 g962 55.741670 52.628870
g16 g965 55.741670 52.628870
g16 g968 55.741670 52.628870
g16 g757 48.932310 47.442390
g16 g481 45.284440 43.511270
g16 g486 45.284440 43.690210
g16 g491 45.284440 43.690210
g16 g496 45.284440 43.690210
g16 g501 45.284440 43.690210
g16 g506 45.284440 43.690210
g16 g511 45.284440 43.690210
g16 g516 45.284440 43.690210
g16 g476 45.284440 43.690210
g16 g542 45.284440 43.690210
g16 g538 45.284440 43.690210
g16 g534 45.284440 43.690210
g16 g530 45.284440 43.690210
g16 g525 45.284440 43.690210
g16 g521 45.284440 43.690210
g16 g456 48.085870 45.853030
g16 g461 48.165870 45.853030
g16 g466 48.165870 45.853030
g16 g471 48.165870 45.853030
g16 g426 45.284440 43.511270
g16 g386 45.284440 43.690210
g16 g391 45.284440 43.690210
g16 g396 45.284440 43.690210
g16 g401 45.284440 43.690210
g16 g406 45.284440 43.690210
g16 g411 45.284440 43.690210
g16 g416 45.284440 43.690210
g16 g421 45.284440 43.690210
g16 g452 45.284440 43.690210
g16 g448 45.284440 43.690210
g16 g444 45.284440 43.690210
g16 g440 45.284440 43.690210
g16 g435 45.284440 43.690210
g16 g431 45.284440 43.690210
g16 g369 49.901970 47.669130
g16 g374 49.981970 47.669130
g16 g378 49.981970 47.669130
g16 g382 49.981970 47.669130
g16 g336 60.854450 47.016180
g16 g348 46.951950 45.209310
g16 g351 46.939650 45.185670
g16 g354 46.951950 45.209310
g16 g357 46.939650 45.185670
g16 g360 46.951950 45.209310
g16 g363 46.939650 45.185670
g16 g366 46.951950 45.209310
g16 g342 46.939650 45.185670
g16 g339 46.951950 45.209310
g16 g345 63.852180 47.304120
g16 g1854 17.917120 16.867380
g16 g1857 13.889240 13.889240
g16 g1811 13.357030 12.491080
g16 g1733 11.851470 11.851470
g16 g1684 12.562890 12.562890
g16 g563 12.562890 12.562890
g16 OUTPUT 8.872370 8.872370
g16 OUTPUT 12.456570 12.456570
g16 OUTPUT 21.520860 17.248880
g16 OUTPUT 24.560830 13.310230
g16 OUTPUT 12.654230 11.963450
g7 g32 22.767000 16.356920
g7 g37 10.118510 7.943760
g7 g971 50.151910 47.919070
g7 g976 50.231910 47.919070
g7 g981 50.231910 47.919070
g7 g986 50.231910 47.919070
g7 g944 55.010210 51.897410
g7 g947 55.010210 51.897410
g7 g950 55.010210 51.897410
g7 g953 55.010210 51.897410
g7 g956 55.010210 51.897410
g7 g959 55.010210 51.897410
g7 g962 55.010210 51.897410
g7 g965 55.010210 51.897410
g7 g968 55.010210 51.897410
g7 g757 48.200850 46.710930
g7 g481 44.552980 42.779810
g7 g486 44.552980 42.958750
g7 g491 44.552980 42.958750
g7 g496 44.552980 42.958750
g7 g501 44.552980 42.958750
g7 g506 44.552980 42.958750
g7 g511 44.552980 42.958750
g7 g516 44.552980 42.958750
g7 g476 44.552980 42.958750
g7 g542 44.552980 42.958750
g7 g538 44.552980 42.958750
g7 g534 44.552980 42.958750
g7 g530 44.552980 42.958750
g7 g525 44.552980 42.958750
g7 g521 44.552980 42.958750
g7 g456 47.354410 45.121570
g7 g461 47.434410 45.121570
g7 g466 47.434410 45.121570
g7 g471 47.434410 45.121570
g7 g426 44.552980 42.779810
g7 g386 44.552980 42.958750
g7 g391 44.552980 42.958750
g7 g396 44.552980 42.958750
g7 g401 44.552980 42.958750
g7 g406 44.552980 42.958750
g7 g411 44.552980 42.958750
g7 g416 44.552980 42.958750
g7 g421 44.552980 42.958750
g7 g452 44.552980 42.958750
g7 g448 44.552980 42.958750
g7 g444 44.552980 42.958750
g7 g440 44.552980 42.958750
g7 g435 44.552980 42.958750
g7 g431 44.552980 42.958750
g7 g369 49.170510 46.937670
g7 g374 49.250510 46.937670
g7 g378 49.250510 46.937670
g7 g382 49.250510 46.937670
g7 g336 60.122990 46.284720
g7 g348 46.220490 44.477850
g7 g351 46.208190 44.454210
g7 g354 46.220490 44.477850
g7 g357 46.208190 44.454210
g7 g360 46.220490 44.477850
g7 g363 46.208190 44.454210
g7 g366 46.220490 44.477850
g7 g342 46.208190 44.454210
g7 g339 46.220490 44.477850
g7 g345 63.120720 46.572660
g7 g1854 17.185660 16.135920
g7 g1857 13.157780 13.157780
g7 g1811 12.625570 11.759620
g7 g1733 11.120010 11.120010
g7 g1684 11.831430 11.831430
g7 g563 11.831430 11.831430
g7 OUTPUT 8.140910 8.140910
g7 OUTPUT 11.725110 11.725110
g7 OUTPUT 20.789400 16.517420
g7 OUTPUT 23.829370 12.578770
g7 OUTPUT 11.922770 11.231990
g1736 g1737 0.499980 0.499980
g1737 g1765 1.197620 1.197620
g1648 g1648 2.390700 2.390700
g1648 g1618 15.385750 12.131590
g1648 g1448 10.755560 8.557990
g1651 g1651 2.390700 2.390700
g1651 g1618 15.543730 12.289570
g1651 g1448 10.913540 8.715970
g1642 g1642 2.390700 2.390700
g1642 g1618 14.683730 11.429570
g1642 g1448 10.053540 7.855970
g1645 g1645 2.390700 2.390700
g1645 g1618 15.123730 11.869570
g1645 g1448 10.493540 8.295970
g1610 g1736 6.816100 6.816100
g1610 g1610 1.859680 1.859680
g1610 g1765 1.367620 1.367620
g1610 g1738 11.784990 6.553200
g1610 g1741 11.784990 6.553200
g1610 g1744 11.784990 6.553200
g1610 g1747 11.784990 6.553200
g1610 g1750 11.784990 6.553200
g1610 g1753 11.784990 6.553200
g1610 g1756 11.784990 6.553200
g1610 g1759 11.784990 6.553200
g1610 g1762 11.784990 6.553200
g1610 g1618 5.060460 2.579080
g1610 OUTPUT 13.764910 12.282500
g1610 OUTPUT 10.935720 10.935720
g1765 g1736 6.646940 6.646940
g1765 g1738 11.615830 6.384040
g1765 g1741 11.615830 6.384040
g1765 g1744 11.615830 6.384040
g1765 g1747 11.615830 6.384040
g1765 g1750 11.615830 6.384040
g1765 g1753 11.615830 6.384040
g1765 g1756 11.615830 6.384040
g1765 g1759 11.615830 6.384040
g1765 g1762 11.615830 6.384040
g1765 OUTPUT 13.595750 12.113340
g1765 OUTPUT 10.766560 10.766560
g1811 g1811 1.947030 1.947030
g1811 g1618 12.450970 10.185750
g1811 g1448 7.820780 6.612150
g1721 g32 24.892130 17.922010
g1721 g33 11.837440 9.662690
g1721 g971 52.298080 46.942730
g1721 g976 52.378080 46.942730
g1721 g981 52.378080 46.942730
g1721 g986 52.378080 46.942730
g1721 g944 57.156380 50.921070
g1721 g947 57.156380 50.921070
g1721 g950 57.156380 50.921070
g1721 g953 57.156380 50.921070
g1721 g956 57.156380 50.921070
g1721 g959 57.156380 50.921070
g1721 g962 57.156380 50.921070
g1721 g965 57.156380 50.921070
g1721 g968 57.156380 50.921070
g1721 g757 50.347020 45.734590
g1721 g481 46.699150 41.803470
g1721 g486 46.699150 41.982410
g1721 g491 46.699150 41.982410
g1721 g496 46.699150 41.982410
g1721 g501 46.699150 41.982410
g1721 g506 46.699150 41.982410
g1721 g511 46.699150 41.982410
g1721 g516 46.699150 41.982410
g1721 g476 46.699150 41.982410
g1721 g542 46.699150 41.982410
g1721 g538 46.699150 41.982410
g1721 g534 46.699150 41.982410
g1721 g530 46.699150 41.982410
g1721 g525 46.699150 41.982410
g1721 g521 46.699150 41.982410
g1721 g456 49.500580 44.145230
g1721 g461 49.580580 44.145230
g1721 g466 49.580580 44.145230
g1721 g471 49.580580 44.145230
g1721 g426 46.699150 41.803470
g1721 g386 46.699150 41.982410
g1721 g391 46.699150 41.982410
g1721 g396 46.699150 41.982410
g1721 g401 46.699150 41.982410
g1721 g406 46.699150 41.982410
g1721 g411 46.699150 41.982410
g1721 g416 46.699150 41.982410
g1721 g421 46.699150 41.982410
g1721 g452 46.699150 41.982410
g1721 g448 46.699150 41.982410
g1721 g444 46.699150 41.982410
g1721 g440 46.699150 41.982410
g1721 g435 46.699150 41.982410
g1721 g431 46.699150 41.982410
g1721 g369 51.316680 45.961330
g1721 g374 51.396680 45.961330
g1721 g378 51.396680 45.961330
g1721 g382 51.396680 45.961330
g1721 g336 62.269160 45.308380
g1721 g348 48.366660 43.501510
g1721 g351 48.354360 43.477870
g1721 g354 48.366660 43.501510
g1721 g357 48.354360 43.477870
g1721 g360 48.366660 43.501510
g1721 g363 48.354360 43.477870
g1721 g366 48.366660 43.501510
g1721 g342 48.354360 43.477870
g1721 g339 48.366660 43.501510
g1721 g345 65.266890 45.596320
g1721 g1854 11.374420 11.374420
g1721 g1857 12.459230 12.459230
g1721 g1648 12.543190 12.543190
g1721 g1811 12.973630 12.973630
g1721 g1721 10.926370 1.947030
g1721 g1660 12.466310 12.466310
g1721 g1672 12.272820 12.272820
g1721 g546 12.272820 12.272820
g1721 g575 12.438030 12.438030
g1721 OUTPUT 9.859840 9.859840
g1721 OUTPUT 10.535670 10.535670
g1721 OUTPUT 22.914530 18.082510
g1721 OUTPUT 25.954500 19.665220
g1721 OUTPUT 10.733330 10.733330
g1724 g32 24.022150 17.433570
g1724 g34 11.146020 8.971270
g1724 g971 52.077110 49.854230
g1724 g976 52.157110 49.854230
g1724 g981 52.157110 49.854230
g1724 g986 52.157110 49.854230
g1724 g944 56.935410 53.832570
g1724 g947 56.935410 53.832570
g1724 g950 56.935410 53.832570
g1724 g953 56.935410 53.832570
g1724 g956 56.935410 53.832570
g1724 g959 56.935410 53.832570
g1724 g962 56.935410 53.832570
g1724 g965 56.935410 53.832570
g1724 g968 56.935410 53.832570
g1724 g757 50.126050 48.646090
g1724 g481 46.478180 44.714970
g1724 g486 46.478180 44.893910
g1724 g491 46.478180 44.893910
g1724 g496 46.478180 44.893910
g1724 g501 46.478180 44.893910
g1724 g506 46.478180 44.893910
g1724 g511 46.478180 44.893910
g1724 g516 46.478180 44.893910
g1724 g476 46.478180 44.893910
g1724 g542 46.478180 44.893910
g1724 g538 46.478180 44.893910
g1724 g534 46.478180 44.893910
g1724 g530 46.478180 44.893910
g1724 g525 46.478180 44.893910
g1724 g521 46.478180 44.893910
g1724 g456 49.279610 47.056730
g1724 g461 49.359610 47.056730
g1724 g466 49.359610 47.056730
g1724 g471 49.359610 47.056730
g1724 g426 46.478180 44.714970
g1724 g386 46.478180 44.893910
g1724 g391 46.478180 44.893910
g1724 g396 46.478180 44.893910
g1724 g401 46.478180 44.893910
g1724 g406 46.478180 44.893910
g1724 g411 46.478180 44.893910
g1724 g416 46.478180 44.893910
g1724 g421 46.478180 44.893910
g1724 g452 46.478180 44.893910
g1724 g448 46.478180 44.893910
g1724 g444 46.478180 44.893910
g1724 g440 46.478180 44.893910
g1724 g435 46.478180 44.893910
g1724 g431 46.478180 44.893910
g1724 g369 51.095710 48.872830
g1724 g374 51.175710 48.872830
g1724 g378 51.175710 48.872830
g1724 g382 51.175710 48.872830
g1724 g336 62.048190 48.219880
g1724 g348 48.145690 46.413010
g1724 g351 48.133390 46.389370
g1724 g354 48.145690 46.413010
g1724 g357 48.133390 46.389370
g1724 g360 48.145690 46.413010
g1724 g363 48.133390 46.389370
g1724 g366 48.145690 46.413010
g1724 g342 48.133390 46.389370
g1724 g339 48.145690 46.413010
g1724 g345 65.045920 48.507820
g1724 g1857 11.716930 11.716930
g1724 g1651 11.741340 11.741340
g1724 g1811 12.137050 12.137050
g1724 g1724 10.124520 1.947030
g1724 g1663 11.932900 11.932900
g1724 g1675 11.724770 11.724770
g1724 g554 11.724770 11.724770
g1724 g549 11.820620 11.820620
g1724 OUTPUT 9.168420 9.168420
g1724 OUTPUT 10.393820 10.393820
g1724 OUTPUT 22.044550 17.594070
g1724 OUTPUT 25.084520 19.176780
g1724 OUTPUT 10.591480 10.591480
g1727 g32 23.829910 17.419830
g1727 g35 11.156880 8.982130
g1727 g971 51.451280 49.218440
g1727 g976 51.531280 49.218440
g1727 g981 51.531280 49.218440
g1727 g986 51.531280 49.218440
g1727 g944 56.309580 53.196780
g1727 g947 56.309580 53.196780
g1727 g950 56.309580 53.196780
g1727 g953 56.309580 53.196780
g1727 g956 56.309580 53.196780
g1727 g959 56.309580 53.196780
g1727 g962 56.309580 53.196780
g1727 g965 56.309580 53.196780
g1727 g968 56.309580 53.196780
g1727 g757 49.500220 48.010300
g1727 g481 45.852350 44.079180
g1727 g486 45.852350 44.258120
g1727 g491 45.852350 44.258120
g1727 g496 45.852350 44.258120
g1727 g501 45.852350 44.258120
g1727 g506 45.852350 44.258120
g1727 g511 45.852350 44.258120
g1727 g516 45.852350 44.258120
g1727 g476 45.852350 44.258120
g1727 g542 45.852350 44.258120
g1727 g538 45.852350 44.258120
g1727 g534 45.852350 44.258120
g1727 g530 45.852350 44.258120
g1727 g525 45.852350 44.258120
g1727 g521 45.852350 44.258120
g1727 g456 48.653780 46.420940
g1727 g461 48.733780 46.420940
g1727 g466 48.733780 46.420940
g1727 g471 48.733780 46.420940
g1727 g426 45.852350 44.079180
g1727 g386 45.852350 44.258120
g1727 g391 45.852350 44.258120
g1727 g396 45.852350 44.258120
g1727 g401 45.852350 44.258120
g1727 g406 45.852350 44.258120
g1727 g411 45.852350 44.258120
g1727 g416 45.852350 44.258120
g1727 g421 45.852350 44.258120
g1727 g452 45.852350 44.258120
g1727 g448 45.852350 44.258120
g1727 g444 45.852350 44.258120
g1727 g440 45.852350 44.258120
g1727 g435 45.852350 44.258120
g1727 g431 45.852350 44.258120
g1727 g369 50.469880 48.237040
g1727 g374 50.549880 48.237040
g1727 g378 50.549880 48.237040
g1727 g382 50.549880 48.237040
g1727 g336 61.422360 47.584090
g1727 g348 47.519860 45.777220
g1727 g351 47.507560 45.753580
g1727 g354 47.519860 45.777220
g1727 g357 47.507560 45.753580
g1727 g360 47.519860 45.777220
g1727 g363 47.507560 45.753580
g1727 g366 47.519860 45.777220
g1727 g342 47.507560 45.753580
g1727 g339 47.519860 45.777220
g1727 g345 64.420090 47.872030
g1727 g1857 12.243270 12.243270
g1727 g1642 11.727660 11.727660
g1727 g1811 11.944200 11.944200
g1727 g1727 10.110840 1.947030
g1727 g1666 10.078590 10.078590
g1727 g1678 11.592260 11.592260
g1727 g557 11.592260 11.592260
g1727 OUTPUT 9.179280 9.179280
g1727 OUTPUT 9.619910 9.619910
g1727 OUTPUT 21.852310 17.580330
g1727 OUTPUT 24.892280 19.163040
g1727 OUTPUT 9.817570 9.817570
g1730 g32 24.203950 17.818350
g1730 g36 11.352360 9.177610
g1730 g971 52.117210 49.894350
g1730 g976 52.197210 49.894350
g1730 g981 52.197210 49.894350
g1730 g986 52.197210 49.894350
g1730 g944 56.975510 53.872690
g1730 g947 56.975510 53.872690
g1730 g950 56.975510 53.872690
g1730 g953 56.975510 53.872690
g1730 g956 56.975510 53.872690
g1730 g959 56.975510 53.872690
g1730 g962 56.975510 53.872690
g1730 g965 56.975510 53.872690
g1730 g968 56.975510 53.872690
g1730 g757 50.166150 48.686210
g1730 g481 46.518280 44.755090
g1730 g486 46.518280 44.934030
g1730 g491 46.518280 44.934030
g1730 g496 46.518280 44.934030
g1730 g501 46.518280 44.934030
g1730 g506 46.518280 44.934030
g1730 g511 46.518280 44.934030
g1730 g516 46.518280 44.934030
g1730 g476 46.518280 44.934030
g1730 g542 46.518280 44.934030
g1730 g538 46.518280 44.934030
g1730 g534 46.518280 44.934030
g1730 g530 46.518280 44.934030
g1730 g525 46.518280 44.934030
g1730 g521 46.518280 44.934030
g1730 g456 49.319710 47.096850
g1730 g461 49.399710 47.096850
g1730 g466 49.399710 47.096850
g1730 g471 49.399710 47.096850
g1730 g426 46.518280 44.755090
g1730 g386 46.518280 44.934030
g1730 g391 46.518280 44.934030
g1730 g396 46.518280 44.934030
g1730 g401 46.518280 44.934030
g1730 g406 46.518280 44.934030
g1730 g411 46.518280 44.934030
g1730 g416 46.518280 44.934030
g1730 g421 46.518280 44.934030
g1730 g452 46.518280 44.934030
g1730 g448 46.518280 44.934030
g1730 g444 46.518280 44.934030
g1730 g440 46.518280 44.934030
g1730 g435 46.518280 44.934030
g1730 g431 46.518280 44.934030
g1730 g369 51.135810 48.912950
g1730 g374 51.215810 48.912950
g1730 g378 51.215810 48.912950
g1730 g382 51.215810 48.912950
g1730 g336 62.088290 48.260000
g1730 g348 48.185790 46.453130
g1730 g351 48.173490 46.429490
g1730 g354 48.185790 46.453130
g1730 g357 48.173490 46.429490
g1730 g360 48.185790 46.453130
g1730 g363 48.173490 46.429490
g1730 g366 48.185790 46.453130
g1730 g342 48.173490 46.429490
g1730 g339 48.185790 46.453130
g1730 g345 65.086020 48.547940
g1730 g1857 12.336030 12.336030
g1730 g1645 11.959950 11.959950
g1730 g1811 11.636190 11.636190
g1730 g1730 10.343130 1.947030
g1730 g1669 9.915160 9.915160
g1730 g1681 11.787740 11.787740
g1730 g560 11.787740 11.787740
g1730 OUTPUT 9.374760 9.374760
g1730 OUTPUT 11.765790 11.765790
g1730 OUTPUT 22.226350 17.978850
g1730 OUTPUT 25.266320 12.410280
g1730 OUTPUT 11.963450 11.063500
g1733 g32 22.520270 16.110190
g1733 g37 9.871780 7.697030
g1733 g971 49.905180 47.672340
g1733 g976 49.985180 47.672340
g1733 g981 49.985180 47.672340
g1733 g986 49.985180 47.672340
g1733 g944 54.763480 51.650680
g1733 g947 54.763480 51.650680
g1733 g950 54.763480 51.650680
g1733 g953 54.763480 51.650680
g1733 g956 54.763480 51.650680
g1733 g959 54.763480 51.650680
g1733 g962 54.763480 51.650680
g1733 g965 54.763480 51.650680
g1733 g968 54.763480 51.650680
g1733 g757 47.954120 46.464200
g1733 g481 44.306250 42.533080
g1733 g486 44.306250 42.712020
g1733 g491 44.306250 42.712020
g1733 g496 44.306250 42.712020
g1733 g501 44.306250 42.712020
g1733 g506 44.306250 42.712020
g1733 g511 44.306250 42.712020
g1733 g516 44.306250 42.712020
g1733 g476 44.306250 42.712020
g1733 g542 44.306250 42.712020
g1733 g538 44.306250 42.712020
g1733 g534 44.306250 42.712020
g1733 g530 44.306250 42.712020
g1733 g525 44.306250 42.712020
g1733 g521 44.306250 42.712020
g1733 g456 47.107680 44.874840
g1733 g461 47.187680 44.874840
g1733 g466 47.187680 44.874840
g1733 g471 47.187680 44.874840
g1733 g426 44.306250 42.533080
g1733 g386 44.306250 42.712020
g1733 g391 44.306250 42.712020
g1733 g396 44.306250 42.712020
g1733 g401 44.306250 42.712020
g1733 g406 44.306250 42.712020
g1733 g411 44.306250 42.712020
g1733 g416 44.306250 42.712020
g1733 g421 44.306250 42.712020
g1733 g452 44.306250 42.712020
g1733 g448 44.306250 42.712020
g1733 g444 44.306250 42.712020
g1733 g440 44.306250 42.712020
g1733 g435 44.306250 42.712020
g1733 g431 44.306250 42.712020
g1733 g369 48.923780 46.690940
g1733 g374 49.003780 46.690940
g1733 g378 49.003780 46.690940
g1733 g382 49.003780 46.690940
g1733 g336 59.876260 46.037990
g1733 g348 45.973760 44.231120
g1733 g351 45.961460 44.207480
g1733 g354 45.973760 44.231120
g1733 g357 45.961460 44.207480
g1733 g360 45.973760 44.231120
g1733 g363 45.961460 44.207480
g1733 g366 45.973760 44.231120
g1733 g342 45.961460 44.207480
g1733 g339 45.973760 44.231120
g1733 g345 62.873990 46.325930
g1733 g1854 16.938930 15.889190
g1733 g1857 12.911050 12.911050
g1733 g1811 12.378840 11.512890
g1733 g1733 10.873280 1.947030
g1733 g1684 11.584700 11.584700
g1733 g563 11.584700 11.584700
g1733 OUTPUT 7.894180 7.894180
g1733 OUTPUT 11.478380 11.478380
g1733 OUTPUT 20.542670 16.270690
g1733 OUTPUT 23.582640 12.332040
g1733 OUTPUT 11.676040 10.985260
g1738 g32 25.645600 19.260060
g1738 g39 12.794010 10.619260
g1738 g971 52.394650 50.161810
g1738 g976 52.474650 50.161810
g1738 g981 52.474650 50.161810
g1738 g986 52.474650 50.161810
g1738 g944 57.252950 54.140150
g1738 g947 57.252950 54.140150
g1738 g950 57.252950 54.140150
g1738 g953 57.252950 54.140150
g1738 g956 57.252950 54.140150
g1738 g959 57.252950 54.140150
g1738 g962 57.252950 54.140150
g1738 g965 57.252950 54.140150
g1738 g968 57.252950 54.140150
g1738 g757 50.443590 48.953670
g1738 g481 46.795720 45.022550
g1738 g486 46.795720 45.201490
g1738 g491 46.795720 45.201490
g1738 g496 46.795720 45.201490
g1738 g501 46.795720 45.201490
g1738 g506 46.795720 45.201490
g1738 g511 46.795720 45.201490
g1738 g516 46.795720 45.201490
g1738 g476 46.795720 45.201490
g1738 g542 46.795720 45.201490
g1738 g538 46.795720 45.201490
g1738 g534 46.795720 45.201490
g1738 g530 46.795720 45.201490
g1738 g525 46.795720 45.201490
g1738 g521 46.795720 45.201490
g1738 g456 49.597150 47.364310
g1738 g461 49.677150 47.364310
g1738 g466 49.677150 47.364310
g1738 g471 49.677150 47.364310
g1738 g426 46.795720 45.022550
g1738 g386 46.795720 45.201490
g1738 g391 46.795720 45.201490
g1738 g396 46.795720 45.201490
g1738 g401 46.795720 45.201490
g1738 g406 46.795720 45.201490
g1738 g411 46.795720 45.201490
g1738 g416 46.795720 45.201490
g1738 g421 46.795720 45.201490
g1738 g452 46.795720 45.201490
g1738 g448 46.795720 45.201490
g1738 g444 46.795720 45.201490
g1738 g440 46.795720 45.201490
g1738 g435 46.795720 45.201490
g1738 g431 46.795720 45.201490
g1738 g369 51.413250 49.180410
g1738 g374 51.493250 49.180410
g1738 g378 51.493250 49.180410
g1738 g382 51.493250 49.180410
g1738 g336 62.365730 15.210230
g1738 g348 48.463230 46.720590
g1738 g351 48.450930 46.696950
g1738 g354 48.463230 46.720590
g1738 g357 48.450930 46.696950
g1738 g360 48.463230 46.720590
g1738 g363 48.450930 46.696950
g1738 g366 48.463230 46.720590
g1738 g342 48.450930 46.696950
g1738 g339 48.463230 46.720590
g1738 g345 65.363460 48.815400
g1738 g1857 13.995800 13.995800
g1738 g1738 2.403980 2.403980
g1738 g108 23.803880 21.444060
g1738 g1336 26.084920 23.081060
g1738 g1341 26.084920 23.081060
g1738 g1346 26.084920 23.081060
g1738 g1351 26.084920 23.081060
g1738 g1275 16.983480 16.579740
g1738 g1314 29.250290 26.531350
g1738 g1318 29.250290 26.531350
g1738 g1321 29.250290 26.531350
g1738 g1324 29.250290 26.531350
g1738 g1327 29.250290 26.531350
g1738 g1330 29.250290 26.531350
g1738 g1333 29.250290 26.531350
g1738 g1308 29.250290 26.531350
g1738 g1311 29.250290 26.531350
g1738 g105 15.306260 15.268640
g1738 g1654 12.812390 12.812390
g1738 g569 12.700110 12.700110
g1738 OUTPUT 10.816410 10.816410
g1738 OUTPUT 23.668000 19.420560
g1738 OUTPUT 26.707970 14.500620
g1738 OUTPUT 13.153840 13.153840
g1741 g32 23.115380 17.111380
g1741 g40 10.442350 8.267600
g1741 g971 50.513440 48.290560
g1741 g976 50.593440 48.290560
g1741 g981 50.593440 48.290560
g1741 g986 50.593440 48.290560
g1741 g944 55.371740 52.268900
g1741 g947 55.371740 52.268900
g1741 g950 55.371740 52.268900
g1741 g953 55.371740 52.268900
g1741 g956 55.371740 52.268900
g1741 g959 55.371740 52.268900
g1741 g962 55.371740 52.268900
g1741 g965 55.371740 52.268900
g1741 g968 55.371740 52.268900
g1741 g757 48.562380 47.082420
g1741 g481 44.914510 43.151300
g1741 g486 44.914510 43.330240
g1741 g491 44.914510 43.330240
g1741 g496 44.914510 43.330240
g1741 g501 44.914510 43.330240
g1741 g506 44.914510 43.330240
g1741 g511 44.914510 43.330240
g1741 g516 44.914510 43.330240
g1741 g476 44.914510 43.330240
g1741 g542 44.914510 43.330240
g1741 g538 44.914510 43.330240
g1741 g534 44.914510 43.330240
g1741 g530 44.914510 43.330240
g1741 g525 44.914510 43.330240
g1741 g521 44.914510 43.330240
g1741 g456 47.715940 45.493060
g1741 g461 47.795940 45.493060
g1741 g466 47.795940 45.493060
g1741 g471 47.795940 45.493060
g1741 g426 44.914510 43.151300
g1741 g386 44.914510 43.330240
g1741 g391 44.914510 43.330240
g1741 g396 44.914510 43.330240
g1741 g401 44.914510 43.330240
g1741 g406 44.914510 43.330240
g1741 g411 44.914510 43.330240
g1741 g416 44.914510 43.330240
g1741 g421 44.914510 43.330240
g1741 g452 44.914510 43.330240
g1741 g448 44.914510 43.330240
g1741 g444 44.914510 43.330240
g1741 g440 44.914510 43.330240
g1741 g435 44.914510 43.330240
g1741 g431 44.914510 43.330240
g1741 g369 49.532040 47.309160
g1741 g374 49.612040 47.309160
g1741 g378 49.612040 47.309160
g1741 g382 49.612040 47.309160
g1741 g336 60.484520 46.656210
g1741 g348 46.582020 44.849340
g1741 g351 46.569720 44.825700
g1741 g354 46.582020 44.849340
g1741 g357 46.569720 44.825700
g1741 g360 46.582020 44.849340
g1741 g363 46.569720 44.825700
g1741 g366 46.582020 44.849340
g1741 g342 46.569720 44.825700
g1741 g339 46.582020 44.849340
g1741 g345 63.482250 46.944150
g1741 g1857 11.541420 11.541420
g1741 g1741 2.403980 2.403980
g1741 g1657 10.939620 10.939620
g1741 g572 10.827340 10.827340
g1741 OUTPUT 8.464750 8.464750
g1741 OUTPUT 21.137780 17.271880
g1741 OUTPUT 24.177750 10.911600
g1741 OUTPUT 9.564820 9.564820
g1744 g32 24.752130 17.782010
g1744 g33 11.697440 9.522690
g1744 g971 52.158080 46.802730
g1744 g976 52.238080 46.802730
g1744 g981 52.238080 46.802730
g1744 g986 52.238080 46.802730
g1744 g944 57.016380 50.781070
g1744 g947 57.016380 50.781070
g1744 g950 57.016380 50.781070
g1744 g953 57.016380 50.781070
g1744 g956 57.016380 50.781070
g1744 g959 57.016380 50.781070
g1744 g962 57.016380 50.781070
g1744 g965 57.016380 50.781070
g1744 g968 57.016380 50.781070
g1744 g757 50.207020 45.594590
g1744 g481 46.559150 41.663470
g1744 g486 46.559150 41.842410
g1744 g491 46.559150 41.842410
g1744 g496 46.559150 41.842410
g1744 g501 46.559150 41.842410
g1744 g506 46.559150 41.842410
g1744 g511 46.559150 41.842410
g1744 g516 46.559150 41.842410
g1744 g476 46.559150 41.842410
g1744 g542 46.559150 41.842410
g1744 g538 46.559150 41.842410
g1744 g534 46.559150 41.842410
g1744 g530 46.559150 41.842410
g1744 g525 46.559150 41.842410
g1744 g521 46.559150 41.842410
g1744 g456 49.360580 44.005230
g1744 g461 49.440580 44.005230
g1744 g466 49.440580 44.005230
g1744 g471 49.440580 44.005230
g1744 g426 46.559150 41.663470
g1744 g386 46.559150 41.842410
g1744 g391 46.559150 41.842410
g1744 g396 46.559150 41.842410
g1744 g401 46.559150 41.842410
g1744 g406 46.559150 41.842410
g1744 g411 46.559150 41.842410
g1744 g416 46.559150 41.842410
g1744 g421 46.559150 41.842410
g1744 g452 46.559150 41.842410
g1744 g448 46.559150 41.842410
g1744 g444 46.559150 41.842410
g1744 g440 46.559150 41.842410
g1744 g435 46.559150 41.842410
g1744 g431 46.559150 41.842410
g1744 g369 51.176680 45.821330
g1744 g374 51.256680 45.821330
g1744 g378 51.256680 45.821330
g1744 g382 51.256680 45.821330
g1744 g336 62.129160 45.168380
g1744 g348 48.226660 43.361510
g1744 g351 48.214360 43.337870
g1744 g354 48.226660 43.361510
g1744 g357 48.214360 43.337870
g1744 g360 48.226660 43.361510
g1744 g363 48.214360 43.337870
g1744 g366 48.226660 43.361510
g1744 g342 48.214360 43.337870
g1744 g339 48.226660 43.361510
g1744 g345 65.126890 45.456320
g1744 g1854 11.234420 11.234420
g1744 g1857 12.319230 12.319230
g1744 g1648 12.403190 12.403190
g1744 g1811 12.833630 12.833630
g1744 g1721 10.786370 10.786370
g1744 g1744 2.403980 2.403980
g1744 g1660 12.326310 12.326310
g1744 g1672 12.132820 12.132820
g1744 g546 12.132820 12.132820
g1744 g575 12.298030 12.298030
g1744 OUTPUT 9.719840 9.719840
g1744 OUTPUT 10.395670 10.395670
g1744 OUTPUT 22.774530 17.942510
g1744 OUTPUT 25.814500 19.525220
g1744 OUTPUT 10.593330 10.593330
g1747 g32 23.882150 17.293570
g1747 g34 11.006020 8.831270
g1747 g971 51.937110 49.714230
g1747 g976 52.017110 49.714230
g1747 g981 52.017110 49.714230
g1747 g986 52.017110 49.714230
g1747 g944 56.795410 53.692570
g1747 g947 56.795410 53.692570
g1747 g950 56.795410 53.692570
g1747 g953 56.795410 53.692570
g1747 g956 56.795410 53.692570
g1747 g959 56.795410 53.692570
g1747 g962 56.795410 53.692570
g1747 g965 56.795410 53.692570
g1747 g968 56.795410 53.692570
g1747 g757 49.986050 48.506090
g1747 g481 46.338180 44.574970
g1747 g486 46.338180 44.753910
g1747 g491 46.338180 44.753910
g1747 g496 46.338180 44.753910
g1747 g501 46.338180 44.753910
g1747 g506 46.338180 44.753910
g1747 g511 46.338180 44.753910
g1747 g516 46.338180 44.753910
g1747 g476 46.338180 44.753910
g1747 g542 46.338180 44.753910
g1747 g538 46.338180 44.753910
g1747 g534 46.338180 44.753910
g1747 g530 46.338180 44.753910
g1747 g525 46.338180 44.753910
g1747 g521 46.338180 44.753910
g1747 g456 49.139610 46.916730
g1747 g461 49.219610 46.916730
g1747 g466 49.219610 46.916730
g1747 g471 49.219610 46.916730
g1747 g426 46.338180 44.574970
g1747 g386 46.338180 44.753910
g1747 g391 46.338180 44.753910
g1747 g396 46.338180 44.753910
g1747 g401 46.338180 44.753910
g1747 g406 46.338180 44.753910
g1747 g411 46.338180 44.753910
g1747 g416 46.338180 44.753910
g1747 g421 46.338180 44.753910
g1747 g452 46.338180 44.753910
g1747 g448 46.338180 44.753910
g1747 g444 46.338180 44.753910
g1747 g440 46.338180 44.753910
g1747 g435 46.338180 44.753910
g1747 g431 46.338180 44.753910
g1747 g369 50.955710 48.732830
g1747 g374 51.035710 48.732830
g1747 g378 51.035710 48.732830
g1747 g382 51.035710 48.732830
g1747 g336 61.908190 48.079880
g1747 g348 48.005690 46.273010
g1747 g351 47.993390 46.249370
g1747 g354 48.005690 46.273010
g1747 g357 47.993390 46.249370
g1747 g360 48.005690 46.273010
g1747 g363 47.993390 46.249370
g1747 g366 48.005690 46.273010
g1747 g342 47.993390 46.249370
g1747 g339 48.005690 46.273010
g1747 g345 64.905920 48.367820
g1747 g1857 11.576930 11.576930
g1747 g1651 11.601340 11.601340
g1747 g1811 11.997050 11.997050
g1747 g1724 9.984520 9.984520
g1747 g1747 2.403980 2.403980
g1747 g1663 11.792900 11.792900
g1747 g1675 11.584770 11.584770
g1747 g554 11.584770 11.584770
g1747 g549 11.680620 11.680620
g1747 OUTPUT 9.028420 9.028420
g1747 OUTPUT 10.253820 10.253820
g1747 OUTPUT 21.904550 17.454070
g1747 OUTPUT 24.944520 19.036780
g1747 OUTPUT 10.451480 10.451480
g1750 g32 23.689910 17.279830
g1750 g35 11.016880 8.842130
g1750 g971 51.311280 49.078440
g1750 g976 51.391280 49.078440
g1750 g981 51.391280 49.078440
g1750 g986 51.391280 49.078440
g1750 g944 56.169580 53.056780
g1750 g947 56.169580 53.056780
g1750 g950 56.169580 53.056780
g1750 g953 56.169580 53.056780
g1750 g956 56.169580 53.056780
g1750 g959 56.169580 53.056780
g1750 g962 56.169580 53.056780
g1750 g965 56.169580 53.056780
g1750 g968 56.169580 53.056780
g1750 g757 49.360220 47.870300
g1750 g481 45.712350 43.939180
g1750 g486 45.712350 44.118120
g1750 g491 45.712350 44.118120
g1750 g496 45.712350 44.118120
g1750 g501 45.712350 44.118120
g1750 g506 45.712350 44.118120
g1750 g511 45.712350 44.118120
g1750 g516 45.712350 44.118120
g1750 g476 45.712350 44.118120
g1750 g542 45.712350 44.118120
g1750 g538 45.712350 44.118120
g1750 g534 45.712350 44.118120
g1750 g530 45.712350 44.118120
g1750 g525 45.712350 44.118120
g1750 g521 45.712350 44.118120
g1750 g456 48.513780 46.280940
g1750 g461 48.593780 46.280940
g1750 g466 48.593780 46.280940
g1750 g471 48.593780 46.280940
g1750 g426 45.712350 43.939180
g1750 g386 45.712350 44.118120
g1750 g391 45.712350 44.118120
g1750 g396 45.712350 44.118120
g1750 g401 45.712350 44.118120
g1750 g406 45.712350 44.118120
g1750 g411 45.712350 44.118120
g1750 g416 45.712350 44.118120
g1750 g421 45.712350 44.118120
g1750 g452 45.712350 44.118120
g1750 g448 45.712350 44.118120
g1750 g444 45.712350 44.118120
g1750 g440 45.712350 44.118120
g1750 g435 45.712350 44.118120
g1750 g431 45.712350 44.118120
g1750 g369 50.329880 48.097040
g1750 g374 50.409880 48.097040
g1750 g378 50.409880 48.097040
g1750 g382 50.409880 48.097040
g1750 g336 61.282360 47.444090
g1750 g348 47.379860 45.637220
g1750 g351 47.367560 45.613580
g1750 g354 47.379860 45.637220
g1750 g357 47.367560 45.613580
g1750 g360 47.379860 45.637220
g1750 g363 47.367560 45.613580
g1750 g366 47.379860 45.637220
g1750 g342 47.367560 45.613580
g1750 g339 47.379860 45.637220
g1750 g345 64.280090 47.732030
g1750 g1857 12.103270 12.103270
g1750 g1642 11.587660 11.587660
g1750 g1811 11.804200 11.804200
g1750 g1727 9.970840 9.970840
g1750 g1750 2.403980 2.403980
g1750 g1666 9.938590 9.938590
g1750 g1678 11.452260 11.452260
g1750 g557 11.452260 11.452260
g1750 OUTPUT 9.039280 9.039280
g1750 OUTPUT 9.479910 9.479910
g1750 OUTPUT 21.712310 17.440330
g1750 OUTPUT 24.752280 19.023040
g1750 OUTPUT 9.677570 9.677570
g1753 g32 24.063950 17.678350
g1753 g36 11.212360 9.037610
g1753 g971 51.977210 49.754350
g1753 g976 52.057210 49.754350
g1753 g981 52.057210 49.754350
g1753 g986 52.057210 49.754350
g1753 g944 56.835510 53.732690
g1753 g947 56.835510 53.732690
g1753 g950 56.835510 53.732690
g1753 g953 56.835510 53.732690
g1753 g956 56.835510 53.732690
g1753 g959 56.835510 53.732690
g1753 g962 56.835510 53.732690
g1753 g965 56.835510 53.732690
g1753 g968 56.835510 53.732690
g1753 g757 50.026150 48.546210
g1753 g481 46.378280 44.615090
g1753 g486 46.378280 44.794030
g1753 g491 46.378280 44.794030
g1753 g496 46.378280 44.794030
g1753 g501 46.378280 44.794030
g1753 g506 46.378280 44.794030
g1753 g511 46.378280 44.794030
g1753 g516 46.378280 44.794030
g1753 g476 46.378280 44.794030
g1753 g542 46.378280 44.794030
g1753 g538 46.378280 44.794030
g1753 g534 46.378280 44.794030
g1753 g530 46.378280 44.794030
g1753 g525 46.378280 44.794030
g1753 g521 46.378280 44.794030
g1753 g456 49.179710 46.956850
g1753 g461 49.259710 46.956850
g1753 g466 49.259710 46.956850
g1753 g471 49.259710 46.956850
g1753 g426 46.378280 44.615090
g1753 g386 46.378280 44.794030
g1753 g391 46.378280 44.794030
g1753 g396 46.378280 44.794030
g1753 g401 46.378280 44.794030
g1753 g406 46.378280 44.794030
g1753 g411 46.378280 44.794030
g1753 g416 46.378280 44.794030
g1753 g421 46.378280 44.794030
g1753 g452 46.378280 44.794030
g1753 g448 46.378280 44.794030
g1753 g444 46.378280 44.794030
g1753 g440 46.378280 44.794030
g1753 g435 46.378280 44.794030
g1753 g431 46.378280 44.794030
g1753 g369 50.995810 48.772950
g1753 g374 51.075810 48.772950
g1753 g378 51.075810 48.772950
g1753 g382 51.075810 48.772950
g1753 g336 61.948290 48.120000
g1753 g348 48.045790 46.313130
g1753 g351 48.033490 46.289490
g1753 g354 48.045790 46.313130
g1753 g357 48.033490 46.289490
g1753 g360 48.045790 46.313130
g1753 g363 48.033490 46.289490
g1753 g366 48.045790 46.313130
g1753 g342 48.033490 46.289490
g1753 g339 48.045790 46.313130
g1753 g345 64.946020 48.407940
g1753 g1857 12.196030 12.196030
g1753 g1645 11.819950 11.819950
g1753 g1811 11.496190 11.496190
g1753 g1730 10.203130 10.203130
g1753 g1753 2.403980 2.403980
g1753 g1669 9.775160 9.775160
g1753 g1681 11.647740 11.647740
g1753 g560 11.647740 11.647740
g1753 OUTPUT 9.234760 9.234760
g1753 OUTPUT 11.625790 11.625790
g1753 OUTPUT 22.086350 17.838850
g1753 OUTPUT 25.126320 12.270280
g1753 OUTPUT 11.823450 10.923500
g1756 g32 22.380270 15.970190
g1756 g37 9.731780 7.557030
g1756 g971 49.765180 47.532340
g1756 g976 49.845180 47.532340
g1756 g981 49.845180 47.532340
g1756 g986 49.845180 47.532340
g1756 g944 54.623480 51.510680
g1756 g947 54.623480 51.510680
g1756 g950 54.623480 51.510680
g1756 g953 54.623480 51.510680
g1756 g956 54.623480 51.510680
g1756 g959 54.623480 51.510680
g1756 g962 54.623480 51.510680
g1756 g965 54.623480 51.510680
g1756 g968 54.623480 51.510680
g1756 g757 47.814120 46.324200
g1756 g481 44.166250 42.393080
g1756 g486 44.166250 42.572020
g1756 g491 44.166250 42.572020
g1756 g496 44.166250 42.572020
g1756 g501 44.166250 42.572020
g1756 g506 44.166250 42.572020
g1756 g511 44.166250 42.572020
g1756 g516 44.166250 42.572020
g1756 g476 44.166250 42.572020
g1756 g542 44.166250 42.572020
g1756 g538 44.166250 42.572020
g1756 g534 44.166250 42.572020
g1756 g530 44.166250 42.572020
g1756 g525 44.166250 42.572020
g1756 g521 44.166250 42.572020
g1756 g456 46.967680 44.734840
g1756 g461 47.047680 44.734840
g1756 g466 47.047680 44.734840
g1756 g471 47.047680 44.734840
g1756 g426 44.166250 42.393080
g1756 g386 44.166250 42.572020
g1756 g391 44.166250 42.572020
g1756 g396 44.166250 42.572020
g1756 g401 44.166250 42.572020
g1756 g406 44.166250 42.572020
g1756 g411 44.166250 42.572020
g1756 g416 44.166250 42.572020
g1756 g421 44.166250 42.572020
g1756 g452 44.166250 42.572020
g1756 g448 44.166250 42.572020
g1756 g444 44.166250 42.572020
g1756 g440 44.166250 42.572020
g1756 g435 44.166250 42.572020
g1756 g431 44.166250 42.572020
g1756 g369 48.783780 46.550940
g1756 g374 48.863780 46.550940
g1756 g378 48.863780 46.550940
g1756 g382 48.863780 46.550940
g1756 g336 59.736260 45.897990
g1756 g348 45.833760 44.091120
g1756 g351 45.821460 44.067480
g1756 g354 45.833760 44.091120
g1756 g357 45.821460 44.067480
g1756 g360 45.833760 44.091120
g1756 g363 45.821460 44.067480
g1756 g366 45.833760 44.091120
g1756 g342 45.821460 44.067480
g1756 g339 45.833760 44.091120
g1756 g345 62.733990 46.185930
g1756 g1854 16.798930 15.749190
g1756 g1857 12.771050 12.771050
g1756 g1811 12.238840 11.372890
g1756 g1733 10.733280 10.733280
g1756 g1756 2.403980 2.403980
g1756 g1684 11.444700 11.444700
g1756 g563 11.444700 11.444700
g1756 OUTPUT 7.754180 7.754180
g1756 OUTPUT 11.338380 11.338380
g1756 OUTPUT 20.402670 16.130690
g1756 OUTPUT 23.442640 12.192040
g1756 OUTPUT 11.536040 10.845260
g1759 g32 24.305180 18.276700
g1759 g38 11.835250 9.660500
g1759 g971 52.339100 50.116240
g1759 g976 52.419100 50.116240
g1759 g981 52.419100 50.116240
g1759 g986 52.419100 50.116240
g1759 g944 57.197400 54.094580
g1759 g947 57.197400 54.094580
g1759 g950 57.197400 54.094580
g1759 g953 57.197400 54.094580
g1759 g956 57.197400 54.094580
g1759 g959 57.197400 54.094580
g1759 g962 57.197400 54.094580
g1759 g965 57.197400 54.094580
g1759 g968 57.197400 54.094580
g1759 g757 50.388040 48.908100
g1759 g481 46.740170 44.976980
g1759 g486 46.740170 45.155920
g1759 g491 46.740170 45.155920
g1759 g496 46.740170 45.155920
g1759 g501 46.740170 45.155920
g1759 g506 46.740170 45.155920
g1759 g511 46.740170 45.155920
g1759 g516 46.740170 45.155920
g1759 g476 46.740170 45.155920
g1759 g542 46.740170 45.155920
g1759 g538 46.740170 45.155920
g1759 g534 46.740170 45.155920
g1759 g530 46.740170 45.155920
g1759 g525 46.740170 45.155920
g1759 g521 46.740170 45.155920
g1759 g456 49.541600 47.318740
g1759 g461 49.621600 47.318740
g1759 g466 49.621600 47.318740
g1759 g471 49.621600 47.318740
g1759 g426 46.740170 44.976980
g1759 g386 46.740170 45.155920
g1759 g391 46.740170 45.155920
g1759 g396 46.740170 45.155920
g1759 g401 46.740170 45.155920
g1759 g406 46.740170 45.155920
g1759 g411 46.740170 45.155920
g1759 g416 46.740170 45.155920
g1759 g421 46.740170 45.155920
g1759 g452 46.740170 45.155920
g1759 g448 46.740170 45.155920
g1759 g444 46.740170 45.155920
g1759 g440 46.740170 45.155920
g1759 g435 46.740170 45.155920
g1759 g431 46.740170 45.155920
g1759 g369 51.357700 49.134840
g1759 g374 51.437700 49.134840
g1759 g378 51.437700 49.134840
g1759 g382 51.437700 49.134840
g1759 g336 62.310180 48.481890
g1759 g348 48.407680 46.675020
g1759 g351 48.395380 46.651380
g1759 g354 48.407680 46.675020
g1759 g357 48.395380 46.651380
g1759 g360 48.407680 46.675020
g1759 g363 48.395380 46.651380
g1759 g366 48.407680 46.675020
g1759 g342 48.395380 46.651380
g1759 g339 48.407680 46.675020
g1759 g345 65.307910 48.769830
g1759 g1857 12.516760 12.516760
g1759 g1759 2.607920 2.607920
g1759 g1618 22.651950 19.764530
g1759 g1448 18.021760 16.190930
g1759 g1687 11.911580 11.911580
g1759 g566 11.911580 11.911580
g1759 OUTPUT 9.857650 9.857650
g1759 OUTPUT 22.327580 18.437200
g1759 OUTPUT 25.367550 13.129280
g1759 OUTPUT 11.782500 11.782500
g1762 g32 27.903520 21.517980
g1762 g39 15.051930 12.877180
g1762 g971 54.652570 52.419730
g1762 g976 54.732570 52.419730
g1762 g981 54.732570 52.419730
g1762 g986 54.732570 52.419730
g1762 g944 59.510870 56.398070
g1762 g947 59.510870 56.398070
g1762 g950 59.510870 56.398070
g1762 g953 59.510870 56.398070
g1762 g956 59.510870 56.398070
g1762 g959 59.510870 56.398070
g1762 g962 59.510870 56.398070
g1762 g965 59.510870 56.398070
g1762 g968 59.510870 56.398070
g1762 g757 52.701510 51.211590
g1762 g481 49.053640 47.280470
g1762 g486 49.053640 47.459410
g1762 g491 49.053640 47.459410
g1762 g496 49.053640 47.459410
g1762 g501 49.053640 47.459410
g1762 g506 49.053640 47.459410
g1762 g511 49.053640 47.459410
g1762 g516 49.053640 47.459410
g1762 g476 49.053640 47.459410
g1762 g542 49.053640 47.459410
g1762 g538 49.053640 47.459410
g1762 g534 49.053640 47.459410
g1762 g530 49.053640 47.459410
g1762 g525 49.053640 47.459410
g1762 g521 49.053640 47.459410
g1762 g456 51.855070 49.622230
g1762 g461 51.935070 49.622230
g1762 g466 51.935070 49.622230
g1762 g471 51.935070 49.622230
g1762 g426 49.053640 47.280470
g1762 g386 49.053640 47.459410
g1762 g391 49.053640 47.459410
g1762 g396 49.053640 47.459410
g1762 g401 49.053640 47.459410
g1762 g406 49.053640 47.459410
g1762 g411 49.053640 47.459410
g1762 g416 49.053640 47.459410
g1762 g421 49.053640 47.459410
g1762 g452 49.053640 47.459410
g1762 g448 49.053640 47.459410
g1762 g444 49.053640 47.459410
g1762 g440 49.053640 47.459410
g1762 g435 49.053640 47.459410
g1762 g431 49.053640 47.459410
g1762 g369 53.671170 51.438330
g1762 g374 53.751170 51.438330
g1762 g378 53.751170 51.438330
g1762 g382 53.751170 51.438330
g1762 g336 64.623650 17.468150
g1762 g348 50.721150 48.978510
g1762 g351 50.708850 48.954870
g1762 g354 50.721150 48.978510
g1762 g357 50.708850 48.954870
g1762 g360 50.721150 48.978510
g1762 g363 50.708850 48.954870
g1762 g366 50.721150 48.978510
g1762 g342 50.708850 48.954870
g1762 g339 50.721150 48.978510
g1762 g345 67.621380 51.073320
g1762 g1857 16.253720 16.253720
g1762 g1762 2.596040 2.596040
g1762 g108 26.061800 23.701980
g1762 g1336 28.342840 25.338980
g1762 g1341 28.342840 25.338980
g1762 g1346 28.342840 25.338980
g1762 g1351 28.342840 25.338980
g1762 g1275 19.241400 18.837660
g1762 g1314 31.508210 28.789270
g1762 g1318 31.508210 28.789270
g1762 g1321 31.508210 28.789270
g1762 g1324 31.508210 28.789270
g1762 g1327 31.508210 28.789270
g1762 g1330 31.508210 28.789270
g1762 g1333 31.508210 28.789270
g1762 g1308 31.508210 28.789270
g1762 g1311 31.508210 28.789270
g1762 g105 17.564180 17.526560
g1762 g1654 15.070310 15.070310
g1762 g569 14.958030 14.958030
g1762 OUTPUT 13.074330 13.074330
g1762 OUTPUT 25.925920 21.678480
g1762 OUTPUT 28.965890 16.758540
g1762 OUTPUT 15.411760 15.411760
g1958 g1810 0.499980 0.499980
g1810 OUTPUT 0.699960 0.699960
g1810 OUTPUT 0.699960 0.699960
g1959 g1696 3.537080 3.537080
g1959 g1703 3.617080 3.617080
g1959 g1710 2.669440 2.669440
g1707 g1958 2.331790 2.331790
g1707 g1707 1.367620 1.367620
g1707 g1690 3.125200 2.420700
g1690 g1854 7.020250 3.873760
g1690 g1857 9.805260 5.043260
g1690 g1958 5.763370 5.763370
g1690 g1690 6.147180 2.560700
g1690 OUTPUT 5.494080 1.969420
g1690 OUTPUT 5.494080 1.969420
g1690 OUTPUT 5.494080 1.969420
g1690 OUTPUT 5.494080 1.969420
g1690 OUTPUT 5.494080 1.969420
g1690 OUTPUT 5.494080 1.969420
g1690 OUTPUT 5.494080 1.969420
g1690 OUTPUT 5.494080 1.969420
g1690 OUTPUT 5.494080 1.969420
g1690 OUTPUT 5.494080 1.969420
g1690 OUTPUT 5.494080 1.969420
g1690 OUTPUT 5.494080 1.969420
g1170 g32 26.940320 19.970200
g1170 g33 13.885630 11.710880
g1170 g971 54.346270 48.990920
g1170 g976 54.426270 48.990920
g1170 g981 54.426270 48.990920
g1170 g986 54.426270 48.990920
g1170 g944 59.204570 52.969260
g1170 g947 59.204570 52.969260
g1170 g950 59.204570 52.969260
g1170 g953 59.204570 52.969260
g1170 g956 59.204570 52.969260
g1170 g959 59.204570 52.969260
g1170 g962 59.204570 52.969260
g1170 g965 59.204570 52.969260
g1170 g968 59.204570 52.969260
g1170 g757 52.395210 47.782780
g1170 g481 48.747340 43.851660
g1170 g486 48.747340 44.030600
g1170 g491 48.747340 44.030600
g1170 g496 48.747340 44.030600
g1170 g501 48.747340 44.030600
g1170 g506 48.747340 44.030600
g1170 g511 48.747340 44.030600
g1170 g516 48.747340 44.030600
g1170 g476 48.747340 44.030600
g1170 g542 48.747340 44.030600
g1170 g538 48.747340 44.030600
g1170 g534 48.747340 44.030600
g1170 g530 48.747340 44.030600
g1170 g525 48.747340 44.030600
g1170 g521 48.747340 44.030600
g1170 g456 51.548770 46.193420
g1170 g461 51.628770 46.193420
g1170 g466 51.628770 46.193420
g1170 g471 51.628770 46.193420
g1170 g426 48.747340 43.851660
g1170 g386 48.747340 44.030600
g1170 g391 48.747340 44.030600
g1170 g396 48.747340 44.030600
g1170 g401 48.747340 44.030600
g1170 g406 48.747340 44.030600
g1170 g411 48.747340 44.030600
g1170 g416 48.747340 44.030600
g1170 g421 48.747340 44.030600
g1170 g452 48.747340 44.030600
g1170 g448 48.747340 44.030600
g1170 g444 48.747340 44.030600
g1170 g440 48.747340 44.030600
g1170 g435 48.747340 44.030600
g1170 g431 48.747340 44.030600
g1170 g369 53.364870 48.009520
g1170 g374 53.444870 48.009520
g1170 g378 53.444870 48.009520
g1170 g382 53.444870 48.009520
g1170 g336 64.317350 47.356570
g1170 g348 50.414850 45.549700
g1170 g351 50.402550 45.526060
g1170 g354 50.414850 45.549700
g1170 g357 50.402550 45.526060
g1170 g360 50.414850 45.549700
g1170 g363 50.402550 45.526060
g1170 g366 50.414850 45.549700
g1170 g342 50.402550 45.526060
g1170 g339 50.414850 45.549700
g1170 g345 67.315080 47.644510
g1170 g1854 13.422610 13.422610
g1170 g1857 14.507420 14.507420
g1170 g1648 14.591380 14.591380
g1170 g1811 15.021820 15.021820
g1170 g1721 12.974560 12.974560
g1170 g1170 0.499980 0.499980
g1170 g1660 14.514500 14.514500
g1170 g1672 14.321010 14.321010
g1170 g546 14.321010 14.321010
g1170 g575 14.486220 14.486220
g1170 OUTPUT 11.908030 11.908030
g1170 OUTPUT 12.583860 12.583860
g1170 OUTPUT 24.962720 20.130700
g1170 OUTPUT 28.002690 21.713410
g1170 OUTPUT 12.781520 12.781520
g1173 g32 26.070340 19.481760
g1173 g34 13.194210 11.019460
g1173 g971 54.125300 51.902420
g1173 g976 54.205300 51.902420
g1173 g981 54.205300 51.902420
g1173 g986 54.205300 51.902420
g1173 g944 58.983600 55.880760
g1173 g947 58.983600 55.880760
g1173 g950 58.983600 55.880760
g1173 g953 58.983600 55.880760
g1173 g956 58.983600 55.880760
g1173 g959 58.983600 55.880760
g1173 g962 58.983600 55.880760
g1173 g965 58.983600 55.880760
g1173 g968 58.983600 55.880760
g1173 g757 52.174240 50.694280
g1173 g481 48.526370 46.763160
g1173 g486 48.526370 46.942100
g1173 g491 48.526370 46.942100
g1173 g496 48.526370 46.942100
g1173 g501 48.526370 46.942100
g1173 g506 48.526370 46.942100
g1173 g511 48.526370 46.942100
g1173 g516 48.526370 46.942100
g1173 g476 48.526370 46.942100
g1173 g542 48.526370 46.942100
g1173 g538 48.526370 46.942100
g1173 g534 48.526370 46.942100
g1173 g530 48.526370 46.942100
g1173 g525 48.526370 46.942100
g1173 g521 48.526370 46.942100
g1173 g456 51.327800 49.104920
g1173 g461 51.407800 49.104920
g1173 g466 51.407800 49.104920
g1173 g471 51.407800 49.104920
g1173 g426 48.526370 46.763160
g1173 g386 48.526370 46.942100
g1173 g391 48.526370 46.942100
g1173 g396 48.526370 46.942100
g1173 g401 48.526370 46.942100
g1173 g406 48.526370 46.942100
g1173 g411 48.526370 46.942100
g1173 g416 48.526370 46.942100
g1173 g421 48.526370 46.942100
g1173 g452 48.526370 46.942100
g1173 g448 48.526370 46.942100
g1173 g444 48.526370 46.942100
g1173 g440 48.526370 46.942100
g1173 g435 48.526370 46.942100
g1173 g431 48.526370 46.942100
g1173 g369 53.143900 50.921020
g1173 g374 53.223900 50.921020
g1173 g378 53.223900 50.921020
g1173 g382 53.223900 50.921020
g1173 g336 64.096380 50.268070
g1173 g348 50.193880 48.461200
g1173 g351 50.181580 48.437560
g1173 g354 50.193880 48.461200
g1173 g357 50.181580 48.437560
g1173 g360 50.193880 48.461200
g1173 g363 50.181580 48.437560
g1173 g366 50.193880 48.461200
g1173 g342 50.181580 48.437560
g1173 g339 50.193880 48.461200
g1173 g345 67.094110 50.556010
g1173 g1857 13.765120 13.765120
g1173 g1651 13.789530 13.789530
g1173 g1811 14.185240 14.185240
g1173 g1724 12.172710 12.172710
g1173 g1173 0.499980 0.499980
g1173 g1663 13.981090 13.981090
g1173 g1675 13.772960 13.772960
g1173 g554 13.772960 13.772960
g1173 g549 13.868810 13.868810
g1173 OUTPUT 11.216610 11.216610
g1173 OUTPUT 12.442010 12.442010
g1173 OUTPUT 24.092740 19.642260
g1173 OUTPUT 27.132710 21.224970
g1173 OUTPUT 12.639670 12.639670
g1176 g32 25.878100 19.468020
g1176 g35 13.205070 11.030320
g1176 g971 53.499470 51.266630
g1176 g976 53.579470 51.266630
g1176 g981 53.579470 51.266630
g1176 g986 53.579470 51.266630
g1176 g944 58.357770 55.244970
g1176 g947 58.357770 55.244970
g1176 g950 58.357770 55.244970
g1176 g953 58.357770 55.244970
g1176 g956 58.357770 55.244970
g1176 g959 58.357770 55.244970
g1176 g962 58.357770 55.244970
g1176 g965 58.357770 55.244970
g1176 g968 58.357770 55.244970
g1176 g757 51.548410 50.058490
g1176 g481 47.900540 46.127370
g1176 g486 47.900540 46.306310
g1176 g491 47.900540 46.306310
g1176 g496 47.900540 46.306310
g1176 g501 47.900540 46.306310
g1176 g506 47.900540 46.306310
g1176 g511 47.900540 46.306310
g1176 g516 47.900540 46.306310
g1176 g476 47.900540 46.306310
g1176 g542 47.900540 46.306310
g1176 g538 47.900540 46.306310
g1176 g534 47.900540 46.306310
g1176 g530 47.900540 46.306310
g1176 g525 47.900540 46.306310
g1176 g521 47.900540 46.306310
g1176 g456 50.701970 48.469130
g1176 g461 50.781970 48.469130
g1176 g466 50.781970 48.469130
g1176 g471 50.781970 48.469130
g1176 g426 47.900540 46.127370
g1176 g386 47.900540 46.306310
g1176 g391 47.900540 46.306310
g1176 g396 47.900540 46.306310
g1176 g401 47.900540 46.306310
g1176 g406 47.900540 46.306310
g1176 g411 47.900540 46.306310
g1176 g416 47.900540 46.306310
g1176 g421 47.900540 46.306310
g1176 g452 47.900540 46.306310
g1176 g448 47.900540 46.306310
g1176 g444 47.900540 46.306310
g1176 g440 47.900540 46.306310
g1176 g435 47.900540 46.306310
g1176 g431 47.900540 46.306310
g1176 g369 52.518070 50.285230
g1176 g374 52.598070 50.285230
g1176 g378 52.598070 50.285230
g1176 g382 52.598070 50.285230
g1176 g336 63.470550 49.632280
g1176 g348 49.568050 47.825410
g1176 g351 49.555750 47.801770
g1176 g354 49.568050 47.825410
g1176 g357 49.555750 47.801770
g1176 g360 49.568050 47.825410
g1176 g363 49.555750 47.801770
g1176 g366 49.568050 47.825410
g1176 g342 49.555750 47.801770
g1176 g339 49.568050 47.825410
g1176 g345 66.468280 49.920220
g1176 g1857 14.291460 14.291460
g1176 g1642 13.775850 13.775850
g1176 g1811 13.992390 13.992390
g1176 g1727 12.159030 12.159030
g1176 g1176 0.499980 0.499980
g1176 g1666 12.126780 12.126780
g1176 g1678 13.640450 13.640450
g1176 g557 13.640450 13.640450
g1176 OUTPUT 11.227470 11.227470
g1176 OUTPUT 11.668100 11.668100
g1176 OUTPUT 23.900500 19.628520
g1176 OUTPUT 26.940470 21.211230
g1176 OUTPUT 11.865760 11.865760
g1179 g32 26.252140 19.866540
g1179 g36 13.400550 11.225800
g1179 g971 54.165400 51.942540
g1179 g976 54.245400 51.942540
g1179 g981 54.245400 51.942540
g1179 g986 54.245400 51.942540
g1179 g944 59.023700 55.920880
g1179 g947 59.023700 55.920880
g1179 g950 59.023700 55.920880
g1179 g953 59.023700 55.920880
g1179 g956 59.023700 55.920880
g1179 g959 59.023700 55.920880
g1179 g962 59.023700 55.920880
g1179 g965 59.023700 55.920880
g1179 g968 59.023700 55.920880
g1179 g757 52.214340 50.734400
g1179 g481 48.566470 46.803280
g1179 g486 48.566470 46.982220
g1179 g491 48.566470 46.982220
g1179 g496 48.566470 46.982220
g1179 g501 48.566470 46.982220
g1179 g506 48.566470 46.982220
g1179 g511 48.566470 46.982220
g1179 g516 48.566470 46.982220
g1179 g476 48.566470 46.982220
g1179 g542 48.566470 46.982220
g1179 g538 48.566470 46.982220
g1179 g534 48.566470 46.982220
g1179 g530 48.566470 46.982220
g1179 g525 48.566470 46.982220
g1179 g521 48.566470 46.982220
g1179 g456 51.367900 49.145040
g1179 g461 51.447900 49.145040
g1179 g466 51.447900 49.145040
g1179 g471 51.447900 49.145040
g1179 g426 48.566470 46.803280
g1179 g386 48.566470 46.982220
g1179 g391 48.566470 46.982220
g1179 g396 48.566470 46.982220
g1179 g401 48.566470 46.982220
g1179 g406 48.566470 46.982220
g1179 g411 48.566470 46.982220
g1179 g416 48.566470 46.982220
g1179 g421 48.566470 46.982220
g1179 g452 48.566470 46.982220
g1179 g448 48.566470 46.982220
g1179 g444 48.566470 46.982220
g1179 g440 48.566470 46.982220
g1179 g435 48.566470 46.982220
g1179 g431 48.566470 46.982220
g1179 g369 53.184000 50.961140
g1179 g374 53.264000 50.961140
g1179 g378 53.264000 50.961140
g1179 g382 53.264000 50.961140
g1179 g336 64.136480 50.308190
g1179 g348 50.233980 48.501320
g1179 g351 50.221680 48.477680
g1179 g354 50.233980 48.501320
g1179 g357 50.221680 48.477680
g1179 g360 50.233980 48.501320
g1179 g363 50.221680 48.477680
g1179 g366 50.233980 48.501320
g1179 g342 50.221680 48.477680
g1179 g339 50.233980 48.501320
g1179 g345 67.134210 50.596130
g1179 g1857 14.384220 14.384220
g1179 g1645 14.008140 14.008140
g1179 g1811 13.684380 13.684380
g1179 g1730 12.391320 12.391320
g1179 g1179 0.499980 0.499980
g1179 g1669 11.963350 11.963350
g1179 g1681 13.835930 13.835930
g1179 g560 13.835930 13.835930
g1179 OUTPUT 11.422950 11.422950
g1179 OUTPUT 13.813980 13.813980
g1179 OUTPUT 24.274540 20.027040
g1179 OUTPUT 27.314510 14.458470
g1179 OUTPUT 14.011640 13.111690
g1182 g32 23.347640 16.937560
g1182 g37 10.699150 8.524400
g1182 g971 50.732550 48.499710
g1182 g976 50.812550 48.499710
g1182 g981 50.812550 48.499710
g1182 g986 50.812550 48.499710
g1182 g944 55.590850 52.478050
g1182 g947 55.590850 52.478050
g1182 g950 55.590850 52.478050
g1182 g953 55.590850 52.478050
g1182 g956 55.590850 52.478050
g1182 g959 55.590850 52.478050
g1182 g962 55.590850 52.478050
g1182 g965 55.590850 52.478050
g1182 g968 55.590850 52.478050
g1182 g757 48.781490 47.291570
g1182 g481 45.133620 43.360450
g1182 g486 45.133620 43.539390
g1182 g491 45.133620 43.539390
g1182 g496 45.133620 43.539390
g1182 g501 45.133620 43.539390
g1182 g506 45.133620 43.539390
g1182 g511 45.133620 43.539390
g1182 g516 45.133620 43.539390
g1182 g476 45.133620 43.539390
g1182 g542 45.133620 43.539390
g1182 g538 45.133620 43.539390
g1182 g534 45.133620 43.539390
g1182 g530 45.133620 43.539390
g1182 g525 45.133620 43.539390
g1182 g521 45.133620 43.539390
g1182 g456 47.935050 45.702210
g1182 g461 48.015050 45.702210
g1182 g466 48.015050 45.702210
g1182 g471 48.015050 45.702210
g1182 g426 45.133620 43.360450
g1182 g386 45.133620 43.539390
g1182 g391 45.133620 43.539390
g1182 g396 45.133620 43.539390
g1182 g401 45.133620 43.539390
g1182 g406 45.133620 43.539390
g1182 g411 45.133620 43.539390
g1182 g416 45.133620 43.539390
g1182 g421 45.133620 43.539390
g1182 g452 45.133620 43.539390
g1182 g448 45.133620 43.539390
g1182 g444 45.133620 43.539390
g1182 g440 45.133620 43.539390
g1182 g435 45.133620 43.539390
g1182 g431 45.133620 43.539390
g1182 g369 49.751150 47.518310
g1182 g374 49.831150 47.518310
g1182 g378 49.831150 47.518310
g1182 g382 49.831150 47.518310
g1182 g336 60.703630 46.865360
g1182 g348 46.801130 45.058490
g1182 g351 46.788830 45.034850
g1182 g354 46.801130 45.058490
g1182 g357 46.788830 45.034850
g1182 g360 46.801130 45.058490
g1182 g363 46.788830 45.034850
g1182 g366 46.801130 45.058490
g1182 g342 46.788830 45.034850
g1182 g339 46.801130 45.058490
g1182 g345 63.701360 47.153300
g1182 g1854 17.766300 16.716560
g1182 g1857 13.738420 13.738420
g1182 g1811 13.206210 12.340260
g1182 g1733 11.700650 11.700650
g1182 g1182 0.499980 0.499980
g1182 g1684 12.412070 12.412070
g1182 g563 12.412070 12.412070
g1182 OUTPUT 8.721550 8.721550
g1182 OUTPUT 12.305750 12.305750
g1182 OUTPUT 21.370040 17.098060
g1182 OUTPUT 24.410010 13.159410
g1182 OUTPUT 12.503410 11.812630
g1185 g32 24.544680 18.516200
g1185 g38 12.074750 9.900000
g1185 g971 52.578600 50.355740
g1185 g976 52.658600 50.355740
g1185 g981 52.658600 50.355740
g1185 g986 52.658600 50.355740
g1185 g944 57.436900 54.334080
g1185 g947 57.436900 54.334080
g1185 g950 57.436900 54.334080
g1185 g953 57.436900 54.334080
g1185 g956 57.436900 54.334080
g1185 g959 57.436900 54.334080
g1185 g962 57.436900 54.334080
g1185 g965 57.436900 54.334080
g1185 g968 57.436900 54.334080
g1185 g757 50.627540 49.147600
g1185 g481 46.979670 45.216480
g1185 g486 46.979670 45.395420
g1185 g491 46.979670 45.395420
g1185 g496 46.979670 45.395420
g1185 g501 46.979670 45.395420
g1185 g506 46.979670 45.395420
g1185 g511 46.979670 45.395420
g1185 g516 46.979670 45.395420
g1185 g476 46.979670 45.395420
g1185 g542 46.979670 45.395420
g1185 g538 46.979670 45.395420
g1185 g534 46.979670 45.395420
g1185 g530 46.979670 45.395420
g1185 g525 46.979670 45.395420
g1185 g521 46.979670 45.395420
g1185 g456 49.781100 47.558240
g1185 g461 49.861100 47.558240
g1185 g466 49.861100 47.558240
g1185 g471 49.861100 47.558240
g1185 g426 46.979670 45.216480
g1185 g386 46.979670 45.395420
g1185 g391 46.979670 45.395420
g1185 g396 46.979670 45.395420
g1185 g401 46.979670 45.395420
g1185 g406 46.979670 45.395420
g1185 g411 46.979670 45.395420
g1185 g416 46.979670 45.395420
g1185 g421 46.979670 45.395420
g1185 g452 46.979670 45.395420
g1185 g448 46.979670 45.395420
g1185 g444 46.979670 45.395420
g1185 g440 46.979670 45.395420
g1185 g435 46.979670 45.395420
g1185 g431 46.979670 45.395420
g1185 g369 51.597200 49.374340
g1185 g374 51.677200 49.374340
g1185 g378 51.677200 49.374340
g1185 g382 51.677200 49.374340
g1185 g336 62.549680 48.721390
g1185 g348 48.647180 46.914520
g1185 g351 48.634880 46.890880
g1185 g354 48.647180 46.914520
g1185 g357 48.634880 46.890880
g1185 g360 48.647180 46.914520
g1185 g363 48.634880 46.890880
g1185 g366 48.647180 46.914520
g1185 g342 48.634880 46.890880
g1185 g339 48.647180 46.914520
g1185 g345 65.547410 49.009330
g1185 g1857 12.756260 12.756260
g1185 g1185 0.499980 0.499980
g1185 g1618 22.891450 20.004030
g1185 g1448 18.261260 16.430430
g1185 g1687 12.151080 12.151080
g1185 g566 12.151080 12.151080
g1185 OUTPUT 10.097150 10.097150
g1185 OUTPUT 22.567080 18.676700
g1185 OUTPUT 25.607050 13.368780
g1185 OUTPUT 12.022000 12.022000
g1188 g32 25.273060 18.887520
g1188 g39 12.421470 10.246720
g1188 g971 52.022110 49.789270
g1188 g976 52.102110 49.789270
g1188 g981 52.102110 49.789270
g1188 g986 52.102110 49.789270
g1188 g944 56.880410 53.767610
g1188 g947 56.880410 53.767610
g1188 g950 56.880410 53.767610
g1188 g953 56.880410 53.767610
g1188 g956 56.880410 53.767610
g1188 g959 56.880410 53.767610
g1188 g962 56.880410 53.767610
g1188 g965 56.880410 53.767610
g1188 g968 56.880410 53.767610
g1188 g757 50.071050 48.581130
g1188 g481 46.423180 44.650010
g1188 g486 46.423180 44.828950
g1188 g491 46.423180 44.828950
g1188 g496 46.423180 44.828950
g1188 g501 46.423180 44.828950
g1188 g506 46.423180 44.828950
g1188 g511 46.423180 44.828950
g1188 g516 46.423180 44.828950
g1188 g476 46.423180 44.828950
g1188 g542 46.423180 44.828950
g1188 g538 46.423180 44.828950
g1188 g534 46.423180 44.828950
g1188 g530 46.423180 44.828950
g1188 g525 46.423180 44.828950
g1188 g521 46.423180 44.828950
g1188 g456 49.224610 46.991770
g1188 g461 49.304610 46.991770
g1188 g466 49.304610 46.991770
g1188 g471 49.304610 46.991770
g1188 g426 46.423180 44.650010
g1188 g386 46.423180 44.828950
g1188 g391 46.423180 44.828950
g1188 g396 46.423180 44.828950
g1188 g401 46.423180 44.828950
g1188 g406 46.423180 44.828950
g1188 g411 46.423180 44.828950
g1188 g416 46.423180 44.828950
g1188 g421 46.423180 44.828950
g1188 g452 46.423180 44.828950
g1188 g448 46.423180 44.828950
g1188 g444 46.423180 44.828950
g1188 g440 46.423180 44.828950
g1188 g435 46.423180 44.828950
g1188 g431 46.423180 44.828950
g1188 g369 51.040710 48.807870
g1188 g374 51.120710 48.807870
g1188 g378 51.120710 48.807870
g1188 g382 51.120710 48.807870
g1188 g336 61.993190 14.837690
g1188 g348 48.090690 46.348050
g1188 g351 48.078390 46.324410
g1188 g354 48.090690 46.348050
g1188 g357 48.078390 46.324410
g1188 g360 48.090690 46.348050
g1188 g363 48.078390 46.324410
g1188 g366 48.090690 46.348050
g1188 g342 48.078390 46.324410
g1188 g339 48.090690 46.348050
g1188 g345 64.990920 48.442860
g1188 g1857 13.623260 13.623260
g1188 g1188 0.499980 0.499980
g1188 g108 23.431340 21.071520
g1188 g1336 25.712380 22.708520
g1188 g1341 25.712380 22.708520
g1188 g1346 25.712380 22.708520
g1188 g1351 25.712380 22.708520
g1188 g1275 16.610940 16.207200
g1188 g1314 28.877750 26.158810
g1188 g1318 28.877750 26.158810
g1188 g1321 28.877750 26.158810
g1188 g1324 28.877750 26.158810
g1188 g1327 28.877750 26.158810
g1188 g1330 28.877750 26.158810
g1188 g1333 28.877750 26.158810
g1188 g1308 28.877750 26.158810
g1188 g1311 28.877750 26.158810
g1188 g105 14.933720 14.896100
g1188 g1654 12.439850 12.439850
g1188 g569 12.327570 12.327570
g1188 OUTPUT 10.443870 10.443870
g1188 OUTPUT 23.295460 19.048020
g1188 OUTPUT 26.335430 14.128080
g1188 OUTPUT 12.781300 12.781300
g1191 g32 24.085320 18.081320
g1191 g40 11.412290 9.237540
g1191 g971 51.483380 49.260500
g1191 g976 51.563380 49.260500
g1191 g981 51.563380 49.260500
g1191 g986 51.563380 49.260500
g1191 g944 56.341680 53.238840
g1191 g947 56.341680 53.238840
g1191 g950 56.341680 53.238840
g1191 g953 56.341680 53.238840
g1191 g956 56.341680 53.238840
g1191 g959 56.341680 53.238840
g1191 g962 56.341680 53.238840
g1191 g965 56.341680 53.238840
g1191 g968 56.341680 53.238840
g1191 g757 49.532320 48.052360
g1191 g481 45.884450 44.121240
g1191 g486 45.884450 44.300180
g1191 g491 45.884450 44.300180
g1191 g496 45.884450 44.300180
g1191 g501 45.884450 44.300180
g1191 g506 45.884450 44.300180
g1191 g511 45.884450 44.300180
g1191 g516 45.884450 44.300180
g1191 g476 45.884450 44.300180
g1191 g542 45.884450 44.300180
g1191 g538 45.884450 44.300180
g1191 g534 45.884450 44.300180
g1191 g530 45.884450 44.300180
g1191 g525 45.884450 44.300180
g1191 g521 45.884450 44.300180
g1191 g456 48.685880 46.463000
g1191 g461 48.765880 46.463000
g1191 g466 48.765880 46.463000
g1191 g471 48.765880 46.463000
g1191 g426 45.884450 44.121240
g1191 g386 45.884450 44.300180
g1191 g391 45.884450 44.300180
g1191 g396 45.884450 44.300180
g1191 g401 45.884450 44.300180
g1191 g406 45.884450 44.300180
g1191 g411 45.884450 44.300180
g1191 g416 45.884450 44.300180
g1191 g421 45.884450 44.300180
g1191 g452 45.884450 44.300180
g1191 g448 45.884450 44.300180
g1191 g444 45.884450 44.300180
g1191 g440 45.884450 44.300180
g1191 g435 45.884450 44.300180
g1191 g431 45.884450 44.300180
g1191 g369 50.501980 48.279100
g1191 g374 50.581980 48.279100
g1191 g378 50.581980 48.279100
g1191 g382 50.581980 48.279100
g1191 g336 61.454460 47.626150
g1191 g348 47.551960 45.819280
g1191 g351 47.539660 45.795640
g1191 g354 47.551960 45.819280
g1191 g357 47.539660 45.795640
g1191 g360 47.551960 45.819280
g1191 g363 47.539660 45.795640
g1191 g366 47.551960 45.819280
g1191 g342 47.539660 45.795640
g1191 g339 47.551960 45.819280
g1191 g345 64.452190 47.914090
g1191 g1857 12.511360 12.511360
g1191 g1191 0.499980 0.499980
g1191 g1657 11.909560 11.909560
g1191 g572 11.797280 11.797280
g1191 OUTPUT 9.434690 9.434690
g1191 OUTPUT 22.107720 18.241820
g1191 OUTPUT 25.147690 11.881540
g1191 OUTPUT 10.534760 10.534760
g1194 g32 26.517900 19.547780
g1194 g33 13.463210 11.288460
g1194 g971 53.923850 48.568500
g1194 g976 54.003850 48.568500
g1194 g981 54.003850 48.568500
g1194 g986 54.003850 48.568500
g1194 g944 58.782150 52.546840
g1194 g947 58.782150 52.546840
g1194 g950 58.782150 52.546840
g1194 g953 58.782150 52.546840
g1194 g956 58.782150 52.546840
g1194 g959 58.782150 52.546840
g1194 g962 58.782150 52.546840
g1194 g965 58.782150 52.546840
g1194 g968 58.782150 52.546840
g1194 g757 51.972790 47.360360
g1194 g481 48.324920 43.429240
g1194 g486 48.324920 43.608180
g1194 g491 48.324920 43.608180
g1194 g496 48.324920 43.608180
g1194 g501 48.324920 43.608180
g1194 g506 48.324920 43.608180
g1194 g511 48.324920 43.608180
g1194 g516 48.324920 43.608180
g1194 g476 48.324920 43.608180
g1194 g542 48.324920 43.608180
g1194 g538 48.324920 43.608180
g1194 g534 48.324920 43.608180
g1194 g530 48.324920 43.608180
g1194 g525 48.324920 43.608180
g1194 g521 48.324920 43.608180
g1194 g456 51.126350 45.771000
g1194 g461 51.206350 45.771000
g1194 g466 51.206350 45.771000
g1194 g471 51.206350 45.771000
g1194 g426 48.324920 43.429240
g1194 g386 48.324920 43.608180
g1194 g391 48.324920 43.608180
g1194 g396 48.324920 43.608180
g1194 g401 48.324920 43.608180
g1194 g406 48.324920 43.608180
g1194 g411 48.324920 43.608180
g1194 g416 48.324920 43.608180
g1194 g421 48.324920 43.608180
g1194 g452 48.324920 43.608180
g1194 g448 48.324920 43.608180
g1194 g444 48.324920 43.608180
g1194 g440 48.324920 43.608180
g1194 g435 48.324920 43.608180
g1194 g431 48.324920 43.608180
g1194 g369 52.942450 47.587100
g1194 g374 53.022450 47.587100
g1194 g378 53.022450 47.587100
g1194 g382 53.022450 47.587100
g1194 g336 63.894930 46.934150
g1194 g348 49.992430 45.127280
g1194 g351 49.980130 45.103640
g1194 g354 49.992430 45.127280
g1194 g357 49.980130 45.103640
g1194 g360 49.992430 45.127280
g1194 g363 49.980130 45.103640
g1194 g366 49.992430 45.127280
g1194 g342 49.980130 45.103640
g1194 g339 49.992430 45.127280
g1194 g345 66.892660 47.222090
g1194 g1854 13.000190 13.000190
g1194 g1857 14.085000 14.085000
g1194 g1648 14.168960 14.168960
g1194 g1811 14.599400 14.599400
g1194 g1721 12.552140 12.552140
g1194 g1194 0.499980 0.499980
g1194 g1660 14.092080 14.092080
g1194 g1672 13.898590 13.898590
g1194 g546 13.898590 13.898590
g1194 g575 14.063800 14.063800
g1194 OUTPUT 11.485610 11.485610
g1194 OUTPUT 12.161440 12.161440
g1194 OUTPUT 24.540300 19.708280
g1194 OUTPUT 27.580270 21.290990
g1194 OUTPUT 12.359100 12.359100
g1197 g32 25.647920 19.059340
g1197 g34 12.771790 10.597040
g1197 g971 53.702880 51.480000
g1197 g976 53.782880 51.480000
g1197 g981 53.782880 51.480000
g1197 g986 53.782880 51.480000
g1197 g944 58.561180 55.458340
g1197 g947 58.561180 55.458340
g1197 g950 58.561180 55.458340
g1197 g953 58.561180 55.458340
g1197 g956 58.561180 55.458340
g1197 g959 58.561180 55.458340
g1197 g962 58.561180 55.458340
g1197 g965 58.561180 55.458340
g1197 g968 58.561180 55.458340
g1197 g757 51.751820 50.271860
g1197 g481 48.103950 46.340740
g1197 g486 48.103950 46.519680
g1197 g491 48.103950 46.519680
g1197 g496 48.103950 46.519680
g1197 g501 48.103950 46.519680
g1197 g506 48.103950 46.519680
g1197 g511 48.103950 46.519680
g1197 g516 48.103950 46.519680
g1197 g476 48.103950 46.519680
g1197 g542 48.103950 46.519680
g1197 g538 48.103950 46.519680
g1197 g534 48.103950 46.519680
g1197 g530 48.103950 46.519680
g1197 g525 48.103950 46.519680
g1197 g521 48.103950 46.519680
g1197 g456 50.905380 48.682500
g1197 g461 50.985380 48.682500
g1197 g466 50.985380 48.682500
g1197 g471 50.985380 48.682500
g1197 g426 48.103950 46.340740
g1197 g386 48.103950 46.519680
g1197 g391 48.103950 46.519680
g1197 g396 48.103950 46.519680
g1197 g401 48.103950 46.519680
g1197 g406 48.103950 46.519680
g1197 g411 48.103950 46.519680
g1197 g416 48.103950 46.519680
g1197 g421 48.103950 46.519680
g1197 g452 48.103950 46.519680
g1197 g448 48.103950 46.519680
g1197 g444 48.103950 46.519680
g1197 g440 48.103950 46.519680
g1197 g435 48.103950 46.519680
g1197 g431 48.103950 46.519680
g1197 g369 52.721480 50.498600
g1197 g374 52.801480 50.498600
g1197 g378 52.801480 50.498600
g1197 g382 52.801480 50.498600
g1197 g336 63.673960 49.845650
g1197 g348 49.771460 48.038780
g1197 g351 49.759160 48.015140
g1197 g354 49.771460 48.038780
g1197 g357 49.759160 48.015140
g1197 g360 49.771460 48.038780
g1197 g363 49.759160 48.015140
g1197 g366 49.771460 48.038780
g1197 g342 49.759160 48.015140
g1197 g339 49.771460 48.038780
g1197 g345 66.671690 50.133590
g1197 g1857 13.342700 13.342700
g1197 g1651 13.367110 13.367110
g1197 g1811 13.762820 13.762820
g1197 g1724 11.750290 11.750290
g1197 g1197 0.499980 0.499980
g1197 g1663 13.558670 13.558670
g1197 g1675 13.350540 13.350540
g1197 g554 13.350540 13.350540
g1197 g549 13.446390 13.446390
g1197 OUTPUT 10.794190 10.794190
g1197 OUTPUT 12.019590 12.019590
g1197 OUTPUT 23.670320 19.219840
g1197 OUTPUT 26.710290 20.802550
g1197 OUTPUT 12.217250 12.217250
g1200 g32 25.455680 19.045600
g1200 g35 12.782650 10.607900
g1200 g971 53.077050 50.844210
g1200 g976 53.157050 50.844210
g1200 g981 53.157050 50.844210
g1200 g986 53.157050 50.844210
g1200 g944 57.935350 54.822550
g1200 g947 57.935350 54.822550
g1200 g950 57.935350 54.822550
g1200 g953 57.935350 54.822550
g1200 g956 57.935350 54.822550
g1200 g959 57.935350 54.822550
g1200 g962 57.935350 54.822550
g1200 g965 57.935350 54.822550
g1200 g968 57.935350 54.822550
g1200 g757 51.125990 49.636070
g1200 g481 47.478120 45.704950
g1200 g486 47.478120 45.883890
g1200 g491 47.478120 45.883890
g1200 g496 47.478120 45.883890
g1200 g501 47.478120 45.883890
g1200 g506 47.478120 45.883890
g1200 g511 47.478120 45.883890
g1200 g516 47.478120 45.883890
g1200 g476 47.478120 45.883890
g1200 g542 47.478120 45.883890
g1200 g538 47.478120 45.883890
g1200 g534 47.478120 45.883890
g1200 g530 47.478120 45.883890
g1200 g525 47.478120 45.883890
g1200 g521 47.478120 45.883890
g1200 g456 50.279550 48.046710
g1200 g461 50.359550 48.046710
g1200 g466 50.359550 48.046710
g1200 g471 50.359550 48.046710
g1200 g426 47.478120 45.704950
g1200 g386 47.478120 45.883890
g1200 g391 47.478120 45.883890
g1200 g396 47.478120 45.883890
g1200 g401 47.478120 45.883890
g1200 g406 47.478120 45.883890
g1200 g411 47.478120 45.883890
g1200 g416 47.478120 45.883890
g1200 g421 47.478120 45.883890
g1200 g452 47.478120 45.883890
g1200 g448 47.478120 45.883890
g1200 g444 47.478120 45.883890
g1200 g440 47.478120 45.883890
g1200 g435 47.478120 45.883890
g1200 g431 47.478120 45.883890
g1200 g369 52.095650 49.862810
g1200 g374 52.175650 49.862810
g1200 g378 52.175650 49.862810
g1200 g382 52.175650 49.862810
g1200 g336 63.048130 49.209860
g1200 g348 49.145630 47.402990
g1200 g351 49.133330 47.379350
g1200 g354 49.145630 47.402990
g1200 g357 49.133330 47.379350
g1200 g360 49.145630 47.402990
g1200 g363 49.133330 47.379350
g1200 g366 49.145630 47.402990
g1200 g342 49.133330 47.379350
g1200 g339 49.145630 47.402990
g1200 g345 66.045860 49.497800
g1200 g1857 13.869040 13.869040
g1200 g1642 13.353430 13.353430
g1200 g1811 13.569970 13.569970
g1200 g1727 11.736610 11.736610
g1200 g1200 0.499980 0.499980
g1200 g1666 11.704360 11.704360
g1200 g1678 13.218030 13.218030
g1200 g557 13.218030 13.218030
g1200 OUTPUT 10.805050 10.805050
g1200 OUTPUT 11.245680 11.245680
g1200 OUTPUT 23.478080 19.206100
g1200 OUTPUT 26.518050 20.788810
g1200 OUTPUT 11.443340 11.443340
g1203 g32 25.893880 19.508280
g1203 g36 13.042290 10.867540
g1203 g971 53.807140 51.584280
g1203 g976 53.887140 51.584280
g1203 g981 53.887140 51.584280
g1203 g986 53.887140 51.584280
g1203 g944 58.665440 55.562620
g1203 g947 58.665440 55.562620
g1203 g950 58.665440 55.562620
g1203 g953 58.665440 55.562620
g1203 g956 58.665440 55.562620
g1203 g959 58.665440 55.562620
g1203 g962 58.665440 55.562620
g1203 g965 58.665440 55.562620
g1203 g968 58.665440 55.562620
g1203 g757 51.856080 50.376140
g1203 g481 48.208210 46.445020
g1203 g486 48.208210 46.623960
g1203 g491 48.208210 46.623960
g1203 g496 48.208210 46.623960
g1203 g501 48.208210 46.623960
g1203 g506 48.208210 46.623960
g1203 g511 48.208210 46.623960
g1203 g516 48.208210 46.623960
g1203 g476 48.208210 46.623960
g1203 g542 48.208210 46.623960
g1203 g538 48.208210 46.623960
g1203 g534 48.208210 46.623960
g1203 g530 48.208210 46.623960
g1203 g525 48.208210 46.623960
g1203 g521 48.208210 46.623960
g1203 g456 51.009640 48.786780
g1203 g461 51.089640 48.786780
g1203 g466 51.089640 48.786780
g1203 g471 51.089640 48.786780
g1203 g426 48.208210 46.445020
g1203 g386 48.208210 46.623960
g1203 g391 48.208210 46.623960
g1203 g396 48.208210 46.623960
g1203 g401 48.208210 46.623960
g1203 g406 48.208210 46.623960
g1203 g411 48.208210 46.623960
g1203 g416 48.208210 46.623960
g1203 g421 48.208210 46.623960
g1203 g452 48.208210 46.623960
g1203 g448 48.208210 46.623960
g1203 g444 48.208210 46.623960
g1203 g440 48.208210 46.623960
g1203 g435 48.208210 46.623960
g1203 g431 48.208210 46.623960
g1203 g369 52.825740 50.602880
g1203 g374 52.905740 50.602880
g1203 g378 52.905740 50.602880
g1203 g382 52.905740 50.602880
g1203 g336 63.778220 49.949930
g1203 g348 49.875720 48.143060
g1203 g351 49.863420 48.119420
g1203 g354 49.875720 48.143060
g1203 g357 49.863420 48.119420
g1203 g360 49.875720 48.143060
g1203 g363 49.863420 48.119420
g1203 g366 49.875720 48.143060
g1203 g342 49.863420 48.119420
g1203 g339 49.875720 48.143060
g1203 g345 66.775950 50.237870
g1203 g1857 14.025960 14.025960
g1203 g1645 13.649880 13.649880
g1203 g1811 13.326120 13.326120
g1203 g1730 12.033060 12.033060
g1203 g1203 0.499980 0.499980
g1203 g1669 11.605090 11.605090
g1203 g1681 13.477670 13.477670
g1203 g560 13.477670 13.477670
g1203 OUTPUT 11.064690 11.064690
g1203 OUTPUT 13.455720 13.455720
g1203 OUTPUT 23.916280 19.668780
g1203 OUTPUT 26.956250 14.100210
g1203 OUTPUT 13.653380 12.753430
g108 g1336 6.232260 6.232260
g108 g1341 6.232260 6.232260
g108 g1346 6.232260 6.232260
g108 g1351 6.232260 6.232260
g108 g1356 3.469760 3.469760
g108 OUTPUT 6.836390 5.353980
g108 OUTPUT 4.007200 4.007200
g1336 g32 25.085720 18.115600
g1336 g33 12.031030 9.856280
g1336 g971 52.491670 47.136320
g1336 g976 52.571670 47.136320
g1336 g981 52.571670 47.136320
g1336 g986 52.571670 47.136320
g1336 g944 57.349970 51.114660
g1336 g947 57.349970 51.114660
g1336 g950 57.349970 51.114660
g1336 g953 57.349970 51.114660
g1336 g956 57.349970 51.114660
g1336 g959 57.349970 51.114660
g1336 g962 57.349970 51.114660
g1336 g965 57.349970 51.114660
g1336 g968 57.349970 51.114660
g1336 g757 50.540610 45.928180
g1336 g481 46.892740 41.997060
g1336 g486 46.892740 42.176000
g1336 g491 46.892740 42.176000
g1336 g496 46.892740 42.176000
g1336 g501 46.892740 42.176000
g1336 g506 46.892740 42.176000
g1336 g511 46.892740 42.176000
g1336 g516 46.892740 42.176000
g1336 g476 46.892740 42.176000
g1336 g542 46.892740 42.176000
g1336 g538 46.892740 42.176000
g1336 g534 46.892740 42.176000
g1336 g530 46.892740 42.176000
g1336 g525 46.892740 42.176000
g1336 g521 46.892740 42.176000
g1336 g456 49.694170 44.338820
g1336 g461 49.774170 44.338820
g1336 g466 49.774170 44.338820
g1336 g471 49.774170 44.338820
g1336 g426 46.892740 41.997060
g1336 g386 46.892740 42.176000
g1336 g391 46.892740 42.176000
g1336 g396 46.892740 42.176000
g1336 g401 46.892740 42.176000
g1336 g406 46.892740 42.176000
g1336 g411 46.892740 42.176000
g1336 g416 46.892740 42.176000
g1336 g421 46.892740 42.176000
g1336 g452 46.892740 42.176000
g1336 g448 46.892740 42.176000
g1336 g444 46.892740 42.176000
g1336 g440 46.892740 42.176000
g1336 g435 46.892740 42.176000
g1336 g431 46.892740 42.176000
g1336 g369 51.510270 46.154920
g1336 g374 51.590270 46.154920
g1336 g378 51.590270 46.154920
g1336 g382 51.590270 46.154920
g1336 g336 62.462750 45.501970
g1336 g348 48.560250 43.695100
g1336 g351 48.547950 43.671460
g1336 g354 48.560250 43.695100
g1336 g357 48.547950 43.671460
g1336 g360 48.560250 43.695100
g1336 g363 48.547950 43.671460
g1336 g366 48.560250 43.695100
g1336 g342 48.547950 43.671460
g1336 g339 48.560250 43.695100
g1336 g345 65.460480 45.789910
g1336 g1854 11.568010 11.568010
g1336 g1857 12.652820 12.652820
g1336 g1648 12.736780 12.736780
g1336 g1811 13.167220 13.167220
g1336 g1721 11.119960 11.119960
g1336 g1336 3.647020 2.904100
g1336 g1341 5.327990 4.049170
g1336 g1346 6.617530 5.447000
g1336 g1351 8.872150 7.844180
g1336 g1206 5.036600 5.036600
g1336 g1660 12.659900 12.659900
g1336 g1672 12.466410 12.466410
g1336 g546 12.466410 12.466410
g1336 g575 12.631620 12.631620
g1336 OUTPUT 10.053430 10.053430
g1336 OUTPUT 10.729260 10.729260
g1336 OUTPUT 23.108120 18.276100
g1336 OUTPUT 26.148090 19.858810
g1336 OUTPUT 10.926920 10.926920
g1341 g32 24.215740 17.627160
g1341 g34 11.339610 9.164860
g1341 g971 52.270700 50.047820
g1341 g976 52.350700 50.047820
g1341 g981 52.350700 50.047820
g1341 g986 52.350700 50.047820
g1341 g944 57.129000 54.026160
g1341 g947 57.129000 54.026160
g1341 g950 57.129000 54.026160
g1341 g953 57.129000 54.026160
g1341 g956 57.129000 54.026160
g1341 g959 57.129000 54.026160
g1341 g962 57.129000 54.026160
g1341 g965 57.129000 54.026160
g1341 g968 57.129000 54.026160
g1341 g757 50.319640 48.839680
g1341 g481 46.671770 44.908560
g1341 g486 46.671770 45.087500
g1341 g491 46.671770 45.087500
g1341 g496 46.671770 45.087500
g1341 g501 46.671770 45.087500
g1341 g506 46.671770 45.087500
g1341 g511 46.671770 45.087500
g1341 g516 46.671770 45.087500
g1341 g476 46.671770 45.087500
g1341 g542 46.671770 45.087500
g1341 g538 46.671770 45.087500
g1341 g534 46.671770 45.087500
g1341 g530 46.671770 45.087500
g1341 g525 46.671770 45.087500
g1341 g521 46.671770 45.087500
g1341 g456 49.473200 47.250320
g1341 g461 49.553200 47.250320
g1341 g466 49.553200 47.250320
g1341 g471 49.553200 47.250320
g1341 g426 46.671770 44.908560
g1341 g386 46.671770 45.087500
g1341 g391 46.671770 45.087500
g1341 g396 46.671770 45.087500
g1341 g401 46.671770 45.087500
g1341 g406 46.671770 45.087500
g1341 g411 46.671770 45.087500
g1341 g416 46.671770 45.087500
g1341 g421 46.671770 45.087500
g1341 g452 46.671770 45.087500
g1341 g448 46.671770 45.087500
g1341 g444 46.671770 45.087500
g1341 g440 46.671770 45.087500
g1341 g435 46.671770 45.087500
g1341 g431 46.671770 45.087500
g1341 g369 51.289300 49.066420
g1341 g374 51.369300 49.066420
g1341 g378 51.369300 49.066420
g1341 g382 51.369300 49.066420
g1341 g336 62.241780 48.413470
g1341 g348 48.339280 46.606600
g1341 g351 48.326980 46.582960
g1341 g354 48.339280 46.606600
g1341 g357 48.326980 46.582960
g1341 g360 48.339280 46.606600
g1341 g363 48.326980 46.582960
g1341 g366 48.339280 46.606600
g1341 g342 48.326980 46.582960
g1341 g339 48.339280 46.606600
g1341 g345 65.239510 48.701410
g1341 g1857 11.910520 11.910520
g1341 g1651 11.934930 11.934930
g1341 g1811 12.330640 12.330640
g1341 g1724 10.318110 10.318110
g1341 g1341 5.506430 3.443080
g1341 g1346 6.795550 5.625020
g1341 g1351 9.050170 8.022200
g1341 g1206 5.214620 5.214620
g1341 g1663 12.126490 12.126490
g1341 g1675 11.918360 11.918360
g1341 g554 11.918360 11.918360
g1341 g549 12.014210 12.014210
g1341 OUTPUT 9.362010 9.362010
g1341 OUTPUT 10.587410 10.587410
g1341 OUTPUT 22.238140 17.787660
g1341 OUTPUT 25.278110 19.370370
g1341 OUTPUT 10.785070 10.785070
g1346 g32 24.023500 17.613420
g1346 g35 11.350470 9.175720
g1346 g971 51.644870 49.412030
g1346 g976 51.724870 49.412030
g1346 g981 51.724870 49.412030
g1346 g986 51.724870 49.412030
g1346 g944 56.503170 53.390370
g1346 g947 56.503170 53.390370
g1346 g950 56.503170 53.390370
g1346 g953 56.503170 53.390370
g1346 g956 56.503170 53.390370
g1346 g959 56.503170 53.390370
g1346 g962 56.503170 53.390370
g1346 g965 56.503170 53.390370
g1346 g968 56.503170 53.390370
g1346 g757 49.693810 48.203890
g1346 g481 46.045940 44.272770
g1346 g486 46.045940 44.451710
g1346 g491 46.045940 44.451710
g1346 g496 46.045940 44.451710
g1346 g501 46.045940 44.451710
g1346 g506 46.045940 44.451710
g1346 g511 46.045940 44.451710
g1346 g516 46.045940 44.451710
g1346 g476 46.045940 44.451710
g1346 g542 46.045940 44.451710
g1346 g538 46.045940 44.451710
g1346 g534 46.045940 44.451710
g1346 g530 46.045940 44.451710
g1346 g525 46.045940 44.451710
g1346 g521 46.045940 44.451710
g1346 g456 48.847370 46.614530
g1346 g461 48.927370 46.614530
g1346 g466 48.927370 46.614530
g1346 g471 48.927370 46.614530
g1346 g426 46.045940 44.272770
g1346 g386 46.045940 44.451710
g1346 g391 46.045940 44.451710
g1346 g396 46.045940 44.451710
g1346 g401 46.045940 44.451710
g1346 g406 46.045940 44.451710
g1346 g411 46.045940 44.451710
g1346 g416 46.045940 44.451710
g1346 g421 46.045940 44.451710
g1346 g452 46.045940 44.451710
g1346 g448 46.045940 44.451710
g1346 g444 46.045940 44.451710
g1346 g440 46.045940 44.451710
g1346 g435 46.045940 44.451710
g1346 g431 46.045940 44.451710
g1346 g369 50.663470 48.430630
g1346 g374 50.743470 48.430630
g1346 g378 50.743470 48.430630
g1346 g382 50.743470 48.430630
g1346 g336 61.615950 47.777680
g1346 g348 47.713450 45.970810
g1346 g351 47.701150 45.947170
g1346 g354 47.713450 45.970810
g1346 g357 47.701150 45.947170
g1346 g360 47.713450 45.970810
g1346 g363 47.701150 45.947170
g1346 g366 47.713450 45.970810
g1346 g342 47.701150 45.947170
g1346 g339 47.713450 45.970810
g1346 g345 64.613680 48.065620
g1346 g1857 12.436860 12.436860
g1346 g1642 11.921250 11.921250
g1346 g1811 12.137790 12.137790
g1346 g1727 10.304430 10.304430
g1346 g1346 4.837820 3.783640
g1346 g1351 7.049720 6.021750
g1346 g1206 3.214170 3.214170
g1346 g1666 10.272180 10.272180
g1346 g1678 11.785850 11.785850
g1346 g557 11.785850 11.785850
g1346 OUTPUT 9.372870 9.372870
g1346 OUTPUT 9.813500 9.813500
g1346 OUTPUT 22.045900 17.773920
g1346 OUTPUT 25.085870 19.356630
g1346 OUTPUT 10.011160 10.011160
g1351 g32 24.397540 18.011940
g1351 g36 11.545950 9.371200
g1351 g971 52.310800 50.087940
g1351 g976 52.390800 50.087940
g1351 g981 52.390800 50.087940
g1351 g986 52.390800 50.087940
g1351 g944 57.169100 54.066280
g1351 g947 57.169100 54.066280
g1351 g950 57.169100 54.066280
g1351 g953 57.169100 54.066280
g1351 g956 57.169100 54.066280
g1351 g959 57.169100 54.066280
g1351 g962 57.169100 54.066280
g1351 g965 57.169100 54.066280
g1351 g968 57.169100 54.066280
g1351 g757 50.359740 48.879800
g1351 g481 46.711870 44.948680
g1351 g486 46.711870 45.127620
g1351 g491 46.711870 45.127620
g1351 g496 46.711870 45.127620
g1351 g501 46.711870 45.127620
g1351 g506 46.711870 45.127620
g1351 g511 46.711870 45.127620
g1351 g516 46.711870 45.127620
g1351 g476 46.711870 45.127620
g1351 g542 46.711870 45.127620
g1351 g538 46.711870 45.127620
g1351 g534 46.711870 45.127620
g1351 g530 46.711870 45.127620
g1351 g525 46.711870 45.127620
g1351 g521 46.711870 45.127620
g1351 g456 49.513300 47.290440
g1351 g461 49.593300 47.290440
g1351 g466 49.593300 47.290440
g1351 g471 49.593300 47.290440
g1351 g426 46.711870 44.948680
g1351 g386 46.711870 45.127620
g1351 g391 46.711870 45.127620
g1351 g396 46.711870 45.127620
g1351 g401 46.711870 45.127620
g1351 g406 46.711870 45.127620
g1351 g411 46.711870 45.127620
g1351 g416 46.711870 45.127620
g1351 g421 46.711870 45.127620
g1351 g452 46.711870 45.127620
g1351 g448 46.711870 45.127620
g1351 g444 46.711870 45.127620
g1351 g440 46.711870 45.127620
g1351 g435 46.711870 45.127620
g1351 g431 46.711870 45.127620
g1351 g369 51.329400 49.106540
g1351 g374 51.409400 49.106540
g1351 g378 51.409400 49.106540
g1351 g382 51.409400 49.106540
g1351 g336 62.281880 48.453590
g1351 g348 48.379380 46.646720
g1351 g351 48.367080 46.623080
g1351 g354 48.379380 46.646720
g1351 g357 48.367080 46.623080
g1351 g360 48.379380 46.646720
g1351 g363 48.367080 46.623080
g1351 g366 48.379380 46.646720
g1351 g342 48.367080 46.623080
g1351 g339 48.379380 46.646720
g1351 g345 65.279610 48.741530
g1351 g1857 12.529620 12.529620
g1351 g1645 12.153540 12.153540
g1351 g1811 11.829780 11.829780
g1351 g1730 10.536720 10.536720
g1351 g1351 4.984340 3.930160
g1351 g1206 2.176760 2.176760
g1351 g1669 10.108750 10.108750
g1351 g1681 11.981330 11.981330
g1351 g560 11.981330 11.981330
g1351 OUTPUT 9.568350 9.568350
g1351 OUTPUT 11.959380 11.959380
g1351 OUTPUT 22.419940 18.172440
g1351 OUTPUT 25.459910 12.603870
g1351 OUTPUT 12.157040 11.257090
g1206 g1336 6.597300 6.597300
g1206 g1341 6.597300 6.597300
g1206 g1346 6.597300 6.597300
g1206 g1351 6.597300 6.597300
g1206 g1361 0.499980 0.499980
g1206 g1356 3.834800 3.834800
g1206 OUTPUT 0.000000 0.000000
g1206 OUTPUT 8.263110 6.780700
g1206 OUTPUT 5.433920 5.433920
g1361 g1336 7.159280 7.159280
g1361 g1341 7.159280 7.159280
g1361 g1346 7.159280 7.159280
g1361 g1351 7.159280 7.159280
g1361 g1356 4.396780 4.396780
g1361 OUTPUT 8.825090 7.342680
g1361 OUTPUT 5.995900 5.995900
g1360 g1216 0.499980 0.499980
g1216 g1101 3.766770 3.766770
g1216 g1104 3.596770 3.596770
g1216 g1107 3.596770 3.596770
g1216 g1110 3.596770 3.596770
g1217 g1212 0.499980 0.499980
g1212 g1336 4.440740 4.440740
g1212 g1341 4.440740 4.440740
g1212 g1346 4.440740 4.440740
g1212 g1351 4.440740 4.440740
g1212 g1289 1.931430 1.587920
g1212 g1218 4.448940 4.448940
g1212 g1223 4.448940 4.448940
g1212 g1227 4.448940 4.448940
g1212 g1231 4.448940 4.448940
g1357 g1357 2.002240 2.002240
g1357 g1654 6.497410 6.350050
g1357 g1657 10.142080 6.643020
g1357 g1660 10.513860 9.619820
g1357 g1663 10.374910 10.197240
g1357 g1666 8.726870 8.726870
g1357 g1669 8.726870 8.726870
g1357 g1672 10.793100 10.250500
g1357 g1675 10.463740 9.569700
g1357 g1678 10.793100 10.250500
g1357 g1681 10.793100 10.250500
g1357 g1684 11.055830 9.569700
g1357 g1687 10.793100 10.250500
g1357 g546 10.793100 10.250500
g1357 g554 10.463740 9.569700
g1357 g557 10.793100 10.250500
g1357 g560 10.793100 10.250500
g1357 g563 11.055830 9.569700
g1357 g566 10.793100 10.250500
g1357 g569 6.385130 6.237770
g1357 g572 10.029800 6.530740
g1357 g575 10.485580 9.591540
g1357 g549 10.262630 10.084960
g1289 g108 16.722540 16.722540
g1289 g1336 19.003580 18.359540
g1289 g1341 19.003580 18.359540
g1289 g1346 19.003580 18.359540
g1289 g1351 19.003580 18.359540
g1289 g1289 2.260950 2.260950
g1289 g1275 14.361220 9.518410
g1289 g1235 14.361220 9.417400
g1289 g1240 14.361220 9.417400
g1289 g1245 14.361220 9.417400
g1289 g1250 14.361220 9.417400
g1289 g1255 14.361220 9.417400
g1289 g1260 14.361220 9.417400
g1289 g1265 14.361220 9.417400
g1289 g1270 14.361220 9.417400
g1289 g1304 14.361220 9.417400
g1289 g1300 14.361220 9.417400
g1289 g1296 14.361220 9.417400
g1289 g1292 14.361220 9.417400
g1289 g1284 14.361220 9.417400
g1289 g1280 14.361220 9.417400
g1289 g1218 18.884000 18.141080
g1289 g1223 18.964000 18.141080
g1289 g1227 18.964000 18.141080
g1289 g1231 18.964000 18.141080
g1289 g1314 22.168950 21.809830
g1289 g1318 22.168950 21.809830
g1289 g1321 22.168950 21.809830
g1289 g1324 22.168950 21.809830
g1289 g1327 22.168950 21.809830
g1289 g1330 22.168950 21.809830
g1289 g1333 22.168950 21.809830
g1289 g1308 22.168950 21.809830
g1289 g1311 22.168950 21.809830
g1275 g108 13.741810 7.729570
g1275 g1336 16.022850 9.366570
g1275 g1341 16.022850 9.366570
g1275 g1346 16.022850 9.366570
g1275 g1351 16.022850 9.366570
g1275 g1275 6.921410 2.689900
g1275 g1235 2.253650 2.253650
g1275 g1314 19.188220 12.816860
g1275 g1318 19.188220 12.816860
g1275 g1321 19.188220 12.816860
g1275 g1324 19.188220 12.816860
g1275 g1327 19.188220 12.816860
g1275 g1330 19.188220 12.816860
g1275 g1333 19.188220 12.816860
g1275 g1308 19.188220 12.816860
g1275 g1311 19.188220 12.816860
g1235 g108 13.901030 11.055480
g1235 g1336 16.182070 12.692480
g1235 g1341 16.182070 12.692480
g1235 g1346 16.182070 12.692480
g1235 g1351 16.182070 12.692480
g1235 g1275 7.080630 7.080630
g1235 g1235 2.689900 2.689900
g1235 g1240 2.253650 2.253650
g1235 g1314 19.347440 16.142770
g1235 g1318 19.347440 16.142770
g1235 g1321 19.347440 16.142770
g1235 g1324 19.347440 16.142770
g1235 g1327 19.347440 16.142770
g1235 g1330 19.347440 16.142770
g1235 g1333 19.347440 16.142770
g1235 g1308 19.347440 16.142770
g1235 g1311 19.347440 16.142770
g1240 g108 13.041030 11.525980
g1240 g1336 15.322070 13.162980
g1240 g1341 15.322070 13.162980
g1240 g1346 15.322070 13.162980
g1240 g1351 15.322070 13.162980
g1240 g1275 6.220630 6.220630
g1240 g1240 2.689900 2.689900
g1240 g1245 2.253650 2.253650
g1240 g1314 18.487440 16.613270
g1240 g1318 18.487440 16.613270
g1240 g1321 18.487440 16.613270
g1240 g1324 18.487440 16.613270
g1240 g1327 18.487440 16.613270
g1240 g1330 18.487440 16.613270
g1240 g1333 18.487440 16.613270
g1240 g1308 18.487440 16.613270
g1240 g1311 18.487440 16.613270
g1245 g108 13.481030 10.889240
g1245 g1336 15.762070 12.526240
g1245 g1341 15.762070 12.526240
g1245 g1346 15.762070 12.526240
g1245 g1351 15.762070 12.526240
g1245 g1275 6.660630 6.660630
g1245 g1245 2.689900 2.689900
g1245 g1250 2.253650 2.253650
g1245 g1314 18.927440 15.976530
g1245 g1318 18.927440 15.976530
g1245 g1321 18.927440 15.976530
g1245 g1324 18.927440 15.976530
g1245 g1327 18.927440 15.976530
g1245 g1330 18.927440 15.976530
g1245 g1333 18.927440 15.976530
g1245 g1308 18.927440 15.976530
g1245 g1311 18.927440 15.976530
g1250 g108 13.893130 11.359740
g1250 g1336 16.174170 12.996740
g1250 g1341 16.174170 12.996740
g1250 g1346 16.174170 12.996740
g1250 g1351 16.174170 12.996740
g1250 g1275 7.072730 7.072730
g1250 g1250 2.689900 2.689900
g1250 g1255 2.253650 2.253650
g1250 g1314 19.339540 16.447030
g1250 g1318 19.339540 16.447030
g1250 g1321 19.339540 16.447030
g1250 g1324 19.339540 16.447030
g1250 g1327 19.339540 16.447030
g1250 g1330 19.339540 16.447030
g1250 g1333 19.339540 16.447030
g1250 g1308 19.339540 16.447030
g1250 g1311 19.339540 16.447030
g1255 g108 14.052300 10.628240
g1255 g1336 16.333340 12.265240
g1255 g1341 16.333340 12.265240
g1255 g1346 16.333340 12.265240
g1255 g1351 16.333340 12.265240
g1255 g1275 7.231900 7.231900
g1255 g1255 2.689900 2.689900
g1255 g1260 2.253650 2.253650
g1255 g1314 19.498710 15.715530
g1255 g1318 19.498710 15.715530
g1255 g1321 19.498710 15.715530
g1255 g1324 19.498710 15.715530
g1255 g1327 19.498710 15.715530
g1255 g1330 19.498710 15.715530
g1255 g1333 19.498710 15.715530
g1255 g1308 19.498710 15.715530
g1255 g1311 19.498710 15.715530
g1260 g108 13.192300 11.098740
g1260 g1336 15.473340 12.735740
g1260 g1341 15.473340 12.735740
g1260 g1346 15.473340 12.735740
g1260 g1351 15.473340 12.735740
g1260 g1275 6.371900 6.371900
g1260 g1260 2.689900 2.689900
g1260 g1265 2.253650 2.253650
g1260 g1314 18.638710 16.186030
g1260 g1318 18.638710 16.186030
g1260 g1321 18.638710 16.186030
g1260 g1324 18.638710 16.186030
g1260 g1327 18.638710 16.186030
g1260 g1330 18.638710 16.186030
g1260 g1333 18.638710 16.186030
g1260 g1308 18.638710 16.186030
g1260 g1311 18.638710 16.186030
g1265 g108 13.632300 10.195480
g1265 g1336 15.913340 11.832480
g1265 g1341 15.913340 11.832480
g1265 g1346 15.913340 11.832480
g1265 g1351 15.913340 11.832480
g1265 g1275 6.811900 6.811900
g1265 g1265 2.689900 2.689900
g1265 g1270 2.253650 2.253650
g1265 g1314 19.078710 15.282770
g1265 g1318 19.078710 15.282770
g1265 g1321 19.078710 15.282770
g1265 g1324 19.078710 15.282770
g1265 g1327 19.078710 15.282770
g1265 g1330 19.078710 15.282770
g1265 g1333 19.078710 15.282770
g1265 g1308 19.078710 15.282770
g1265 g1311 19.078710 15.282770
g1270 g108 14.122260 10.665980
g1270 g1336 16.403300 12.302980
g1270 g1341 16.403300 12.302980
g1270 g1346 16.403300 12.302980
g1270 g1351 16.403300 12.302980
g1270 g1275 7.301860 7.301860
g1270 g1270 2.689900 2.689900
g1270 g1304 2.253650 2.253650
g1270 g1314 19.568670 15.753270
g1270 g1318 19.568670 15.753270
g1270 g1321 19.568670 15.753270
g1270 g1324 19.568670 15.753270
g1270 g1327 19.568670 15.753270
g1270 g1330 19.568670 15.753270
g1270 g1333 19.568670 15.753270
g1270 g1308 19.568670 15.753270
g1270 g1311 19.568670 15.753270
g1304 g108 13.421260 11.994980
g1304 g1336 15.702300 13.631980
g1304 g1341 15.702300 13.631980
g1304 g1346 15.702300 13.631980
g1304 g1351 15.702300 13.631980
g1304 g1275 6.600860 6.600860
g1304 g1304 2.689900 2.689900
g1304 g1300 2.253650 2.253650
g1304 g1314 18.867670 17.082270
g1304 g1318 18.867670 17.082270
g1304 g1321 18.867670 17.082270
g1304 g1324 18.867670 17.082270
g1304 g1327 18.867670 17.082270
g1304 g1330 18.867670 17.082270
g1304 g1333 18.867670 17.082270
g1304 g1308 18.867670 17.082270
g1304 g1311 18.867670 17.082270
g1300 g108 13.861260 12.434980
g1300 g1336 16.142300 14.071980
g1300 g1341 16.142300 14.071980
g1300 g1346 16.142300 14.071980
g1300 g1351 16.142300 14.071980
g1300 g1275 7.040860 7.040860
g1300 g1300 2.689900 2.689900
g1300 g1296 2.253650 2.253650
g1300 g1314 19.307670 17.522270
g1300 g1318 19.307670 17.522270
g1300 g1321 19.307670 17.522270
g1300 g1324 19.307670 17.522270
g1300 g1327 19.307670 17.522270
g1300 g1330 19.307670 17.522270
g1300 g1333 19.307670 17.522270
g1300 g1308 19.307670 17.522270
g1300 g1311 19.307670 17.522270
g1296 g108 16.465400 15.039120
g1296 g1336 18.746440 16.676120
g1296 g1341 18.746440 16.676120
g1296 g1346 18.746440 16.676120
g1296 g1351 18.746440 16.676120
g1296 g1275 9.645000 9.645000
g1296 g1296 2.689900 2.689900
g1296 g1292 2.253650 2.253650
g1296 g1314 21.911810 20.126410
g1296 g1318 21.911810 20.126410
g1296 g1321 21.911810 20.126410
g1296 g1324 21.911810 20.126410
g1296 g1327 21.911810 20.126410
g1296 g1330 21.911810 20.126410
g1296 g1333 21.911810 20.126410
g1296 g1308 21.911810 20.126410
g1296 g1311 21.911810 20.126410
g1292 g108 16.624390 15.198110
g1292 g1336 18.905430 16.835110
g1292 g1341 18.905430 16.835110
g1292 g1346 18.905430 16.835110
g1292 g1351 18.905430 16.835110
g1292 g1275 9.803990 9.803990
g1292 g1292 2.689900 2.689900
g1292 g1284 2.253650 2.253650
g1292 g1314 22.070800 20.285400
g1292 g1318 22.070800 20.285400
g1292 g1321 22.070800 20.285400
g1292 g1324 22.070800 20.285400
g1292 g1327 22.070800 20.285400
g1292 g1330 22.070800 20.285400
g1292 g1333 22.070800 20.285400
g1292 g1308 22.070800 20.285400
g1292 g1311 22.070800 20.285400
g1284 g108 15.764390 10.863880
g1284 g1336 18.045430 12.500880
g1284 g1341 18.045430 12.500880
g1284 g1346 18.045430 12.500880
g1284 g1351 18.045430 12.500880
g1284 g1275 8.943990 5.469760
g1284 g1284 2.689900 2.689900
g1284 g1280 2.253650 2.253650
g1284 g1314 21.210800 15.951170
g1284 g1318 21.210800 15.951170
g1284 g1321 21.210800 15.951170
g1284 g1324 21.210800 15.951170
g1284 g1327 21.210800 15.951170
g1284 g1330 21.210800 15.951170
g1284 g1333 21.210800 15.951170
g1284 g1308 21.210800 15.951170
g1284 g1311 21.210800 15.951170
g1280 g108 16.204390 10.758670
g1280 g1336 18.485430 12.395670
g1280 g1341 18.485430 12.395670
g1280 g1346 18.485430 12.395670
g1280 g1351 18.485430 12.395670
g1280 g1275 9.383990 5.364550
g1280 g1280 2.466160 2.466160
g1280 g1314 21.650800 15.845960
g1280 g1318 21.650800 15.845960
g1280 g1321 21.650800 15.845960
g1280 g1324 21.650800 15.845960
g1280 g1327 21.650800 15.845960
g1280 g1330 21.650800 15.845960
g1280 g1333 21.650800 15.845960
g1280 g1308 21.650800 15.845960
g1280 g1311 21.650800 15.845960
g1218 g108 16.549430 10.665550
g1218 g1336 18.830470 12.302550
g1218 g1341 18.830470 12.302550
g1218 g1346 18.830470 12.302550
g1218 g1351 18.830470 12.302550
g1218 g1275 9.729030 8.525250
g1218 g1218 12.435350 2.136980
g1218 g1223 12.515350 4.070000
g1218 g1227 12.515350 5.850770
g1218 g1231 12.515350 7.452550
g1218 g1314 21.995840 15.752840
g1218 g1318 21.995840 15.752840
g1218 g1321 21.995840 15.752840
g1218 g1324 21.995840 15.752840
g1218 g1327 21.995840 15.752840
g1218 g1330 21.995840 15.752840
g1218 g1333 21.995840 15.752840
g1218 g1308 21.995840 15.752840
g1218 g1311 21.995840 15.752840
g1223 g108 16.370440 10.486560
g1223 g1336 18.651480 12.123560
g1223 g1341 18.651480 12.123560
g1223 g1346 18.651480 12.123560
g1223 g1351 18.651480 12.123560
g1223 g1275 9.550040 8.346260
g1223 g1218 12.256360 11.513440
g1223 g1223 12.336360 2.136980
g1223 g1227 12.336360 5.671780
g1223 g1231 12.336360 7.273560
g1223 g1314 21.816850 15.573850
g1223 g1318 21.816850 15.573850
g1223 g1321 21.816850 15.573850
g1223 g1324 21.816850 15.573850
g1223 g1327 21.816850 15.573850
g1223 g1330 21.816850 15.573850
g1223 g1333 21.816850 15.573850
g1223 g1308 21.816850 15.573850
g1223 g1311 21.816850 15.573850
g1227 g108 14.947650 9.063770
g1227 g1336 17.228690 10.700770
g1227 g1341 17.228690 10.700770
g1227 g1346 17.228690 10.700770
g1227 g1351 17.228690 10.700770
g1227 g1275 8.127250 6.923470
g1227 g1218 10.833570 10.090650
g1227 g1223 10.913570 10.090650
g1227 g1227 10.913570 2.136980
g1227 g1231 10.913570 5.850770
g1227 g1314 20.394060 14.151060
g1227 g1318 20.394060 14.151060
g1227 g1321 20.394060 14.151060
g1227 g1324 20.394060 14.151060
g1227 g1327 20.394060 14.151060
g1227 g1330 20.394060 14.151060
g1227 g1333 20.394060 14.151060
g1227 g1308 20.394060 14.151060
g1227 g1311 20.394060 14.151060
g1231 g108 13.343080 7.459200
g1231 g1336 15.624120 9.096200
g1231 g1341 15.624120 9.096200
g1231 g1346 15.624120 9.096200
g1231 g1351 15.624120 9.096200
g1231 g1275 6.522680 5.318900
g1231 g1218 9.229000 8.486080
g1231 g1223 9.309000 8.486080
g1231 g1227 9.309000 8.486080
g1231 g1231 9.309000 2.136980
g1231 g1314 18.789490 12.546490
g1231 g1318 18.789490 12.546490
g1231 g1321 18.789490 12.546490
g1231 g1324 18.789490 12.546490
g1231 g1327 18.789490 12.546490
g1231 g1330 18.789490 12.546490
g1231 g1333 18.789490 12.546490
g1231 g1308 18.789490 12.546490
g1231 g1311 18.789490 12.546490
g1356 g1317 0.499980 0.499980
g1317 g1314 9.639790 9.280670
g1317 g1318 9.639790 9.280670
g1317 g1321 9.639790 9.280670
g1317 g1324 9.639790 9.280670
g1317 g1327 9.639790 9.280670
g1317 g1330 9.639790 9.280670
g1317 g1333 9.639790 9.280670
g1317 g1308 9.639790 9.280670
g1317 g1311 9.639790 9.280670
g1314 g32 25.554320 18.584200
g1314 g33 12.499630 10.324880
g1314 g971 52.960270 47.604920
g1314 g976 53.040270 47.604920
g1314 g981 53.040270 47.604920
g1314 g986 53.040270 47.604920
g1314 g944 57.818570 51.583260
g1314 g947 57.818570 51.583260
g1314 g950 57.818570 51.583260
g1314 g953 57.818570 51.583260
g1314 g956 57.818570 51.583260
g1314 g959 57.818570 51.583260
g1314 g962 57.818570 51.583260
g1314 g965 57.818570 51.583260
g1314 g968 57.818570 51.583260
g1314 g757 51.009210 46.396780
g1314 g481 47.361340 42.465660
g1314 g486 47.361340 42.644600
g1314 g491 47.361340 42.644600
g1314 g496 47.361340 42.644600
g1314 g501 47.361340 42.644600
g1314 g506 47.361340 42.644600
g1314 g511 47.361340 42.644600
g1314 g516 47.361340 42.644600
g1314 g476 47.361340 42.644600
g1314 g542 47.361340 42.644600
g1314 g538 47.361340 42.644600
g1314 g534 47.361340 42.644600
g1314 g530 47.361340 42.644600
g1314 g525 47.361340 42.644600
g1314 g521 47.361340 42.644600
g1314 g456 50.162770 44.807420
g1314 g461 50.242770 44.807420
g1314 g466 50.242770 44.807420
g1314 g471 50.242770 44.807420
g1314 g426 47.361340 42.465660
g1314 g386 47.361340 42.644600
g1314 g391 47.361340 42.644600
g1314 g396 47.361340 42.644600
g1314 g401 47.361340 42.644600
g1314 g406 47.361340 42.644600
g1314 g411 47.361340 42.644600
g1314 g416 47.361340 42.644600
g1314 g421 47.361340 42.644600
g1314 g452 47.361340 42.644600
g1314 g448 47.361340 42.644600
g1314 g444 47.361340 42.644600
g1314 g440 47.361340 42.644600
g1314 g435 47.361340 42.644600
g1314 g431 47.361340 42.644600
g1314 g369 51.978870 46.623520
g1314 g374 52.058870 46.623520
g1314 g378 52.058870 46.623520
g1314 g382 52.058870 46.623520
g1314 g336 62.931350 45.970570
g1314 g348 49.028850 44.163700
g1314 g351 49.016550 44.140060
g1314 g354 49.028850 44.163700
g1314 g357 49.016550 44.140060
g1314 g360 49.028850 44.163700
g1314 g363 49.016550 44.140060
g1314 g366 49.028850 44.163700
g1314 g342 49.016550 44.140060
g1314 g339 49.028850 44.163700
g1314 g345 65.929080 46.258510
g1314 g1854 12.036610 12.036610
g1314 g1857 13.121420 13.121420
g1314 g1648 13.205380 13.205380
g1314 g1811 13.635820 13.635820
g1314 g1721 11.588560 11.588560
g1314 g1314 1.947030 1.947030
g1314 g1660 13.128500 13.128500
g1314 g1672 12.935010 12.935010
g1314 g546 12.935010 12.935010
g1314 g575 13.100220 13.100220
g1314 OUTPUT 10.522030 10.522030
g1314 OUTPUT 11.197860 11.197860
g1314 OUTPUT 23.576720 18.744700
g1314 OUTPUT 26.616690 20.327410
g1314 OUTPUT 11.395520 11.395520
g1318 g32 24.684340 18.095760
g1318 g34 11.808210 9.633460
g1318 g971 52.739300 50.516420
g1318 g976 52.819300 50.516420
g1318 g981 52.819300 50.516420
g1318 g986 52.819300 50.516420
g1318 g944 57.597600 54.494760
g1318 g947 57.597600 54.494760
g1318 g950 57.597600 54.494760
g1318 g953 57.597600 54.494760
g1318 g956 57.597600 54.494760
g1318 g959 57.597600 54.494760
g1318 g962 57.597600 54.494760
g1318 g965 57.597600 54.494760
g1318 g968 57.597600 54.494760
g1318 g757 50.788240 49.308280
g1318 g481 47.140370 45.377160
g1318 g486 47.140370 45.556100
g1318 g491 47.140370 45.556100
g1318 g496 47.140370 45.556100
g1318 g501 47.140370 45.556100
g1318 g506 47.140370 45.556100
g1318 g511 47.140370 45.556100
g1318 g516 47.140370 45.556100
g1318 g476 47.140370 45.556100
g1318 g542 47.140370 45.556100
g1318 g538 47.140370 45.556100
g1318 g534 47.140370 45.556100
g1318 g530 47.140370 45.556100
g1318 g525 47.140370 45.556100
g1318 g521 47.140370 45.556100
g1318 g456 49.941800 47.718920
g1318 g461 50.021800 47.718920
g1318 g466 50.021800 47.718920
g1318 g471 50.021800 47.718920
g1318 g426 47.140370 45.377160
g1318 g386 47.140370 45.556100
g1318 g391 47.140370 45.556100
g1318 g396 47.140370 45.556100
g1318 g401 47.140370 45.556100
g1318 g406 47.140370 45.556100
g1318 g411 47.140370 45.556100
g1318 g416 47.140370 45.556100
g1318 g421 47.140370 45.556100
g1318 g452 47.140370 45.556100
g1318 g448 47.140370 45.556100
g1318 g444 47.140370 45.556100
g1318 g440 47.140370 45.556100
g1318 g435 47.140370 45.556100
g1318 g431 47.140370 45.556100
g1318 g369 51.757900 49.535020
g1318 g374 51.837900 49.535020
g1318 g378 51.837900 49.535020
g1318 g382 51.837900 49.535020
g1318 g336 62.710380 48.882070
g1318 g348 48.807880 47.075200
g1318 g351 48.795580 47.051560
g1318 g354 48.807880 47.075200
g1318 g357 48.795580 47.051560
g1318 g360 48.807880 47.075200
g1318 g363 48.795580 47.051560
g1318 g366 48.807880 47.075200
g1318 g342 48.795580 47.051560
g1318 g339 48.807880 47.075200
g1318 g345 65.708110 49.170010
g1318 g1857 12.379120 12.379120
g1318 g1651 12.403530 12.403530
g1318 g1811 12.799240 12.799240
g1318 g1724 10.786710 10.786710
g1318 g1318 1.947030 1.947030
g1318 g1663 12.595090 12.595090
g1318 g1675 12.386960 12.386960
g1318 g554 12.386960 12.386960
g1318 g549 12.482810 12.482810
g1318 OUTPUT 9.830610 9.830610
g1318 OUTPUT 11.056010 11.056010
g1318 OUTPUT 22.706740 18.256260
g1318 OUTPUT 25.746710 19.838970
g1318 OUTPUT 11.253670 11.253670
g1321 g32 24.492100 18.082020
g1321 g35 11.819070 9.644320
g1321 g971 52.113470 49.880630
g1321 g976 52.193470 49.880630
g1321 g981 52.193470 49.880630
g1321 g986 52.193470 49.880630
g1321 g944 56.971770 53.858970
g1321 g947 56.971770 53.858970
g1321 g950 56.971770 53.858970
g1321 g953 56.971770 53.858970
g1321 g956 56.971770 53.858970
g1321 g959 56.971770 53.858970
g1321 g962 56.971770 53.858970
g1321 g965 56.971770 53.858970
g1321 g968 56.971770 53.858970
g1321 g757 50.162410 48.672490
g1321 g481 46.514540 44.741370
g1321 g486 46.514540 44.920310
g1321 g491 46.514540 44.920310
g1321 g496 46.514540 44.920310
g1321 g501 46.514540 44.920310
g1321 g506 46.514540 44.920310
g1321 g511 46.514540 44.920310
g1321 g516 46.514540 44.920310
g1321 g476 46.514540 44.920310
g1321 g542 46.514540 44.920310
g1321 g538 46.514540 44.920310
g1321 g534 46.514540 44.920310
g1321 g530 46.514540 44.920310
g1321 g525 46.514540 44.920310
g1321 g521 46.514540 44.920310
g1321 g456 49.315970 47.083130
g1321 g461 49.395970 47.083130
g1321 g466 49.395970 47.083130
g1321 g471 49.395970 47.083130
g1321 g426 46.514540 44.741370
g1321 g386 46.514540 44.920310
g1321 g391 46.514540 44.920310
g1321 g396 46.514540 44.920310
g1321 g401 46.514540 44.920310
g1321 g406 46.514540 44.920310
g1321 g411 46.514540 44.920310
g1321 g416 46.514540 44.920310
g1321 g421 46.514540 44.920310
g1321 g452 46.514540 44.920310
g1321 g448 46.514540 44.920310
g1321 g444 46.514540 44.920310
g1321 g440 46.514540 44.920310
g1321 g435 46.514540 44.920310
g1321 g431 46.514540 44.920310
g1321 g369 51.132070 48.899230
g1321 g374 51.212070 48.899230
g1321 g378 51.212070 48.899230
g1321 g382 51.212070 48.899230
g1321 g336 62.084550 48.246280
g1321 g348 48.182050 46.439410
g1321 g351 48.169750 46.415770
g1321 g354 48.182050 46.439410
g1321 g357 48.169750 46.415770
g1321 g360 48.182050 46.439410
g1321 g363 48.169750 46.415770
g1321 g366 48.182050 46.439410
g1321 g342 48.169750 46.415770
g1321 g339 48.182050 46.439410
g1321 g345 65.082280 48.534220
g1321 g1857 12.905460 12.905460
g1321 g1642 12.389850 12.389850
g1321 g1811 12.606390 12.606390
g1321 g1727 10.773030 10.773030
g1321 g1321 1.947030 1.947030
g1321 g1666 10.740780 10.740780
g1321 g1678 12.254450 12.254450
g1321 g557 12.254450 12.254450
g1321 OUTPUT 9.841470 9.841470
g1321 OUTPUT 10.282100 10.282100
g1321 OUTPUT 22.514500 18.242520
g1321 OUTPUT 25.554470 19.825230
g1321 OUTPUT 10.479760 10.479760
g1324 g32 24.866140 18.480540
g1324 g36 12.014550 9.839800
g1324 g971 52.779400 50.556540
g1324 g976 52.859400 50.556540
g1324 g981 52.859400 50.556540
g1324 g986 52.859400 50.556540
g1324 g944 57.637700 54.534880
g1324 g947 57.637700 54.534880
g1324 g950 57.637700 54.534880
g1324 g953 57.637700 54.534880
g1324 g956 57.637700 54.534880
g1324 g959 57.637700 54.534880
g1324 g962 57.637700 54.534880
g1324 g965 57.637700 54.534880
g1324 g968 57.637700 54.534880
g1324 g757 50.828340 49.348400
g1324 g481 47.180470 45.417280
g1324 g486 47.180470 45.596220
g1324 g491 47.180470 45.596220
g1324 g496 47.180470 45.596220
g1324 g501 47.180470 45.596220
g1324 g506 47.180470 45.596220
g1324 g511 47.180470 45.596220
g1324 g516 47.180470 45.596220
g1324 g476 47.180470 45.596220
g1324 g542 47.180470 45.596220
g1324 g538 47.180470 45.596220
g1324 g534 47.180470 45.596220
g1324 g530 47.180470 45.596220
g1324 g525 47.180470 45.596220
g1324 g521 47.180470 45.596220
g1324 g456 49.981900 47.759040
g1324 g461 50.061900 47.759040
g1324 g466 50.061900 47.759040
g1324 g471 50.061900 47.759040
g1324 g426 47.180470 45.417280
g1324 g386 47.180470 45.596220
g1324 g391 47.180470 45.596220
g1324 g396 47.180470 45.596220
g1324 g401 47.180470 45.596220
g1324 g406 47.180470 45.596220
g1324 g411 47.180470 45.596220
g1324 g416 47.180470 45.596220
g1324 g421 47.180470 45.596220
g1324 g452 47.180470 45.596220
g1324 g448 47.180470 45.596220
g1324 g444 47.180470 45.596220
g1324 g440 47.180470 45.596220
g1324 g435 47.180470 45.596220
g1324 g431 47.180470 45.596220
g1324 g369 51.798000 49.575140
g1324 g374 51.878000 49.575140
g1324 g378 51.878000 49.575140
g1324 g382 51.878000 49.575140
g1324 g336 62.750480 48.922190
g1324 g348 48.847980 47.115320
g1324 g351 48.835680 47.091680
g1324 g354 48.847980 47.115320
g1324 g357 48.835680 47.091680
g1324 g360 48.847980 47.115320
g1324 g363 48.835680 47.091680
g1324 g366 48.847980 47.115320
g1324 g342 48.835680 47.091680
g1324 g339 48.847980 47.115320
g1324 g345 65.748210 49.210130
g1324 g1857 12.998220 12.998220
g1324 g1645 12.622140 12.622140
g1324 g1811 12.298380 12.298380
g1324 g1730 11.005320 11.005320
g1324 g1324 1.947030 1.947030
g1324 g1669 10.577350 10.577350
g1324 g1681 12.449930 12.449930
g1324 g560 12.449930 12.449930
g1324 OUTPUT 10.036950 10.036950
g1324 OUTPUT 12.427980 12.427980
g1324 OUTPUT 22.888540 18.641040
g1324 OUTPUT 25.928510 13.072470
g1324 OUTPUT 12.625640 11.725690
g1327 g32 22.615340 16.205260
g1327 g37 9.966850 7.792100
g1327 g971 50.000250 47.767410
g1327 g976 50.080250 47.767410
g1327 g981 50.080250 47.767410
g1327 g986 50.080250 47.767410
g1327 g944 54.858550 51.745750
g1327 g947 54.858550 51.745750
g1327 g950 54.858550 51.745750
g1327 g953 54.858550 51.745750
g1327 g956 54.858550 51.745750
g1327 g959 54.858550 51.745750
g1327 g962 54.858550 51.745750
g1327 g965 54.858550 51.745750
g1327 g968 54.858550 51.745750
g1327 g757 48.049190 46.559270
g1327 g481 44.401320 42.628150
g1327 g486 44.401320 42.807090
g1327 g491 44.401320 42.807090
g1327 g496 44.401320 42.807090
g1327 g501 44.401320 42.807090
g1327 g506 44.401320 42.807090
g1327 g511 44.401320 42.807090
g1327 g516 44.401320 42.807090
g1327 g476 44.401320 42.807090
g1327 g542 44.401320 42.807090
g1327 g538 44.401320 42.807090
g1327 g534 44.401320 42.807090
g1327 g530 44.401320 42.807090
g1327 g525 44.401320 42.807090
g1327 g521 44.401320 42.807090
g1327 g456 47.202750 44.969910
g1327 g461 47.282750 44.969910
g1327 g466 47.282750 44.969910
g1327 g471 47.282750 44.969910
g1327 g426 44.401320 42.628150
g1327 g386 44.401320 42.807090
g1327 g391 44.401320 42.807090
g1327 g396 44.401320 42.807090
g1327 g401 44.401320 42.807090
g1327 g406 44.401320 42.807090
g1327 g411 44.401320 42.807090
g1327 g416 44.401320 42.807090
g1327 g421 44.401320 42.807090
g1327 g452 44.401320 42.807090
g1327 g448 44.401320 42.807090
g1327 g444 44.401320 42.807090
g1327 g440 44.401320 42.807090
g1327 g435 44.401320 42.807090
g1327 g431 44.401320 42.807090
g1327 g369 49.018850 46.786010
g1327 g374 49.098850 46.786010
g1327 g378 49.098850 46.786010
g1327 g382 49.098850 46.786010
g1327 g336 59.971330 46.133060
g1327 g348 46.068830 44.326190
g1327 g351 46.056530 44.302550
g1327 g354 46.068830 44.326190
g1327 g357 46.056530 44.302550
g1327 g360 46.068830 44.326190
g1327 g363 46.056530 44.302550
g1327 g366 46.068830 44.326190
g1327 g342 46.056530 44.302550
g1327 g339 46.068830 44.326190
g1327 g345 62.969060 46.421000
g1327 g1854 17.034000 15.984260
g1327 g1857 13.006120 13.006120
g1327 g1811 12.473910 11.607960
g1327 g1733 10.968350 10.968350
g1327 g1327 1.947030 1.947030
g1327 g1684 11.679770 11.679770
g1327 g563 11.679770 11.679770
g1327 OUTPUT 7.989250 7.989250
g1327 OUTPUT 11.573450 11.573450
g1327 OUTPUT 20.637740 16.365760
g1327 OUTPUT 23.677710 12.427110
g1327 OUTPUT 11.771110 11.080330
g1330 g32 23.812380 17.783900
g1330 g38 11.342450 9.167700
g1330 g971 51.846300 49.623440
g1330 g976 51.926300 49.623440
g1330 g981 51.926300 49.623440
g1330 g986 51.926300 49.623440
g1330 g944 56.704600 53.601780
g1330 g947 56.704600 53.601780
g1330 g950 56.704600 53.601780
g1330 g953 56.704600 53.601780
g1330 g956 56.704600 53.601780
g1330 g959 56.704600 53.601780
g1330 g962 56.704600 53.601780
g1330 g965 56.704600 53.601780
g1330 g968 56.704600 53.601780
g1330 g757 49.895240 48.415300
g1330 g481 46.247370 44.484180
g1330 g486 46.247370 44.663120
g1330 g491 46.247370 44.663120
g1330 g496 46.247370 44.663120
g1330 g501 46.247370 44.663120
g1330 g506 46.247370 44.663120
g1330 g511 46.247370 44.663120
g1330 g516 46.247370 44.663120
g1330 g476 46.247370 44.663120
g1330 g542 46.247370 44.663120
g1330 g538 46.247370 44.663120
g1330 g534 46.247370 44.663120
g1330 g530 46.247370 44.663120
g1330 g525 46.247370 44.663120
g1330 g521 46.247370 44.663120
g1330 g456 49.048800 46.825940
g1330 g461 49.128800 46.825940
g1330 g466 49.128800 46.825940
g1330 g471 49.128800 46.825940
g1330 g426 46.247370 44.484180
g1330 g386 46.247370 44.663120
g1330 g391 46.247370 44.663120
g1330 g396 46.247370 44.663120
g1330 g401 46.247370 44.663120
g1330 g406 46.247370 44.663120
g1330 g411 46.247370 44.663120
g1330 g416 46.247370 44.663120
g1330 g421 46.247370 44.663120
g1330 g452 46.247370 44.663120
g1330 g448 46.247370 44.663120
g1330 g444 46.247370 44.663120
g1330 g440 46.247370 44.663120
g1330 g435 46.247370 44.663120
g1330 g431 46.247370 44.663120
g1330 g369 50.864900 48.642040
g1330 g374 50.944900 48.642040
g1330 g378 50.944900 48.642040
g1330 g382 50.944900 48.642040
g1330 g336 61.817380 47.989090
g1330 g348 47.914880 46.182220
g1330 g351 47.902580 46.158580
g1330 g354 47.914880 46.182220
g1330 g357 47.902580 46.158580
g1330 g360 47.914880 46.182220
g1330 g363 47.902580 46.158580
g1330 g366 47.914880 46.182220
g1330 g342 47.902580 46.158580
g1330 g339 47.914880 46.182220
g1330 g345 64.815110 48.277030
g1330 g1857 12.023960 12.023960
g1330 g1330 1.947030 1.947030
g1330 g1618 22.159150 19.271730
g1330 g1448 17.528960 15.698130
g1330 g1687 11.418780 11.418780
g1330 g566 11.418780 11.418780
g1330 OUTPUT 9.364850 9.364850
g1330 OUTPUT 21.834780 17.944400
g1330 OUTPUT 24.874750 12.636480
g1330 OUTPUT 11.289700 11.289700
g1333 g32 24.724580 18.339040
g1333 g39 11.872990 9.698240
g1333 g971 51.473630 49.240790
g1333 g976 51.553630 49.240790
g1333 g981 51.553630 49.240790
g1333 g986 51.553630 49.240790
g1333 g944 56.331930 53.219130
g1333 g947 56.331930 53.219130
g1333 g950 56.331930 53.219130
g1333 g953 56.331930 53.219130
g1333 g956 56.331930 53.219130
g1333 g959 56.331930 53.219130
g1333 g962 56.331930 53.219130
g1333 g965 56.331930 53.219130
g1333 g968 56.331930 53.219130
g1333 g757 49.522570 48.032650
g1333 g481 45.874700 44.101530
g1333 g486 45.874700 44.280470
g1333 g491 45.874700 44.280470
g1333 g496 45.874700 44.280470
g1333 g501 45.874700 44.280470
g1333 g506 45.874700 44.280470
g1333 g511 45.874700 44.280470
g1333 g516 45.874700 44.280470
g1333 g476 45.874700 44.280470
g1333 g542 45.874700 44.280470
g1333 g538 45.874700 44.280470
g1333 g534 45.874700 44.280470
g1333 g530 45.874700 44.280470
g1333 g525 45.874700 44.280470
g1333 g521 45.874700 44.280470
g1333 g456 48.676130 46.443290
g1333 g461 48.756130 46.443290
g1333 g466 48.756130 46.443290
g1333 g471 48.756130 46.443290
g1333 g426 45.874700 44.101530
g1333 g386 45.874700 44.280470
g1333 g391 45.874700 44.280470
g1333 g396 45.874700 44.280470
g1333 g401 45.874700 44.280470
g1333 g406 45.874700 44.280470
g1333 g411 45.874700 44.280470
g1333 g416 45.874700 44.280470
g1333 g421 45.874700 44.280470
g1333 g452 45.874700 44.280470
g1333 g448 45.874700 44.280470
g1333 g444 45.874700 44.280470
g1333 g440 45.874700 44.280470
g1333 g435 45.874700 44.280470
g1333 g431 45.874700 44.280470
g1333 g369 50.492230 48.259390
g1333 g374 50.572230 48.259390
g1333 g378 50.572230 48.259390
g1333 g382 50.572230 48.259390
g1333 g336 61.444710 14.289210
g1333 g348 47.542210 45.799570
g1333 g351 47.529910 45.775930
g1333 g354 47.542210 45.799570
g1333 g357 47.529910 45.775930
g1333 g360 47.542210 45.799570
g1333 g363 47.529910 45.775930
g1333 g366 47.542210 45.799570
g1333 g342 47.529910 45.775930
g1333 g339 47.542210 45.799570
g1333 g345 64.442440 47.894380
g1333 g1857 13.074780 13.074780
g1333 g108 22.882860 20.523040
g1333 g1336 25.163900 22.160040
g1333 g1341 25.163900 22.160040
g1333 g1346 25.163900 22.160040
g1333 g1351 25.163900 22.160040
g1333 g1275 16.062460 15.658720
g1333 g1314 28.329270 25.610330
g1333 g1318 28.329270 25.610330
g1333 g1321 28.329270 25.610330
g1333 g1324 28.329270 25.610330
g1333 g1327 28.329270 25.610330
g1333 g1330 28.329270 25.610330
g1333 g1333 28.329270 1.947030
g1333 g1308 28.329270 25.610330
g1333 g1311 28.329270 25.610330
g1333 g105 14.385240 14.347620
g1333 g1654 11.891370 11.891370
g1333 g569 11.779090 11.779090
g1333 OUTPUT 9.895390 9.895390
g1333 OUTPUT 22.746980 18.499540
g1333 OUTPUT 25.786950 13.579600
g1333 OUTPUT 12.232820 12.232820
g1308 g32 25.016670 18.631130
g1308 g39 12.165080 9.990330
g1308 g971 51.765720 49.532880
g1308 g976 51.845720 49.532880
g1308 g981 51.845720 49.532880
g1308 g986 51.845720 49.532880
g1308 g944 56.624020 53.511220
g1308 g947 56.624020 53.511220
g1308 g950 56.624020 53.511220
g1308 g953 56.624020 53.511220
g1308 g956 56.624020 53.511220
g1308 g959 56.624020 53.511220
g1308 g962 56.624020 53.511220
g1308 g965 56.624020 53.511220
g1308 g968 56.624020 53.511220
g1308 g757 49.814660 48.324740
g1308 g481 46.166790 44.393620
g1308 g486 46.166790 44.572560
g1308 g491 46.166790 44.572560
g1308 g496 46.166790 44.572560
g1308 g501 46.166790 44.572560
g1308 g506 46.166790 44.572560
g1308 g511 46.166790 44.572560
g1308 g516 46.166790 44.572560
g1308 g476 46.166790 44.572560
g1308 g542 46.166790 44.572560
g1308 g538 46.166790 44.572560
g1308 g534 46.166790 44.572560
g1308 g530 46.166790 44.572560
g1308 g525 46.166790 44.572560
g1308 g521 46.166790 44.572560
g1308 g456 48.968220 46.735380
g1308 g461 49.048220 46.735380
g1308 g466 49.048220 46.735380
g1308 g471 49.048220 46.735380
g1308 g426 46.166790 44.393620
g1308 g386 46.166790 44.572560
g1308 g391 46.166790 44.572560
g1308 g396 46.166790 44.572560
g1308 g401 46.166790 44.572560
g1308 g406 46.166790 44.572560
g1308 g411 46.166790 44.572560
g1308 g416 46.166790 44.572560
g1308 g421 46.166790 44.572560
g1308 g452 46.166790 44.572560
g1308 g448 46.166790 44.572560
g1308 g444 46.166790 44.572560
g1308 g440 46.166790 44.572560
g1308 g435 46.166790 44.572560
g1308 g431 46.166790 44.572560
g1308 g369 50.784320 48.551480
g1308 g374 50.864320 48.551480
g1308 g378 50.864320 48.551480
g1308 g382 50.864320 48.551480
g1308 g336 61.736800 14.581300
g1308 g348 47.834300 46.091660
g1308 g351 47.822000 46.068020
g1308 g354 47.834300 46.091660
g1308 g357 47.822000 46.068020
g1308 g360 47.834300 46.091660
g1308 g363 47.822000 46.068020
g1308 g366 47.834300 46.091660
g1308 g342 47.822000 46.068020
g1308 g339 47.834300 46.091660
g1308 g345 64.734530 48.186470
g1308 g1857 13.366870 13.366870
g1308 g108 23.174950 20.815130
g1308 g1336 25.455990 22.452130
g1308 g1341 25.455990 22.452130
g1308 g1346 25.455990 22.452130
g1308 g1351 25.455990 22.452130
g1308 g1275 16.354550 15.950810
g1308 g1314 28.621360 25.902420
g1308 g1318 28.621360 25.902420
g1308 g1321 28.621360 25.902420
g1308 g1324 28.621360 25.902420
g1308 g1327 28.621360 25.902420
g1308 g1330 28.621360 25.902420
g1308 g1333 28.621360 25.902420
g1308 g1308 28.621360 1.947030
g1308 g1311 28.621360 25.902420
g1308 g105 14.677330 14.639710
g1308 g1654 12.183460 12.183460
g1308 g569 12.071180 12.071180
g1308 OUTPUT 10.187480 10.187480
g1308 OUTPUT 23.039070 18.791630
g1308 OUTPUT 26.079040 13.871690
g1308 OUTPUT 12.524910 12.524910
g1311 g32 23.353020 17.349020
g1311 g40 10.679990 8.505240
g1311 g971 50.751080 48.528200
g1311 g976 50.831080 48.528200
g1311 g981 50.831080 48.528200
g1311 g986 50.831080 48.528200
g1311 g944 55.609380 52.506540
g1311 g947 55.609380 52.506540
g1311 g950 55.609380 52.506540
g1311 g953 55.609380 52.506540
g1311 g956 55.609380 52.506540
g1311 g959 55.609380 52.506540
g1311 g962 55.609380 52.506540
g1311 g965 55.609380 52.506540
g1311 g968 55.609380 52.506540
g1311 g757 48.800020 47.320060
g1311 g481 45.152150 43.388940
g1311 g486 45.152150 43.567880
g1311 g491 45.152150 43.567880
g1311 g496 45.152150 43.567880
g1311 g501 45.152150 43.567880
g1311 g506 45.152150 43.567880
g1311 g511 45.152150 43.567880
g1311 g516 45.152150 43.567880
g1311 g476 45.152150 43.567880
g1311 g542 45.152150 43.567880
g1311 g538 45.152150 43.567880
g1311 g534 45.152150 43.567880
g1311 g530 45.152150 43.567880
g1311 g525 45.152150 43.567880
g1311 g521 45.152150 43.567880
g1311 g456 47.953580 45.730700
g1311 g461 48.033580 45.730700
g1311 g466 48.033580 45.730700
g1311 g471 48.033580 45.730700
g1311 g426 45.152150 43.388940
g1311 g386 45.152150 43.567880
g1311 g391 45.152150 43.567880
g1311 g396 45.152150 43.567880
g1311 g401 45.152150 43.567880
g1311 g406 45.152150 43.567880
g1311 g411 45.152150 43.567880
g1311 g416 45.152150 43.567880
g1311 g421 45.152150 43.567880
g1311 g452 45.152150 43.567880
g1311 g448 45.152150 43.567880
g1311 g444 45.152150 43.567880
g1311 g440 45.152150 43.567880
g1311 g435 45.152150 43.567880
g1311 g431 45.152150 43.567880
g1311 g369 49.769680 47.546800
g1311 g374 49.849680 47.546800
g1311 g378 49.849680 47.546800
g1311 g382 49.849680 47.546800
g1311 g336 60.722160 46.893850
g1311 g348 46.819660 45.086980
g1311 g351 46.807360 45.063340
g1311 g354 46.819660 45.086980
g1311 g357 46.807360 45.063340
g1311 g360 46.819660 45.086980
g1311 g363 46.807360 45.063340
g1311 g366 46.819660 45.086980
g1311 g342 46.807360 45.063340
g1311 g339 46.819660 45.086980
g1311 g345 63.719890 47.181790
g1311 g1857 11.779060 11.779060
g1311 g1311 1.947030 1.947030
g1311 g1657 11.177260 11.177260
g1311 g572 11.064980 11.064980
g1311 OUTPUT 8.702390 8.702390
g1311 OUTPUT 21.375420 17.509520
g1311 OUTPUT 24.415390 11.149240
g1311 OUTPUT 9.802460 9.802460
g1035 g1035 1.985560 1.985560
g1035 g1027 3.077680 3.077680
g1047 g1047 1.985560 1.985560
g1047 g995 3.077680 3.077680
g1050 g1050 1.985560 1.985560
g1050 g991 3.077680 3.077680
g1053 g1053 1.985560 1.985560
g1053 g1003 3.077680 3.077680
g1056 g1056 1.985560 1.985560
g1056 g999 3.077680 3.077680
g1059 g1059 1.985560 1.985560
g1059 g1011 3.077680 3.077680
g1062 g1062 1.985560 1.985560
g1062 g1007 3.077680 3.077680
g1065 g1065 1.985560 1.985560
g1065 g1019 3.077680 3.077680
g1038 g1038 1.985560 1.985560
g1038 g1015 3.077680 3.077680
g1041 g1041 1.985560 1.985560
g1041 g1023 3.077680 3.077680
g1044 g1044 1.985560 1.985560
g1044 g1032 3.077680 3.077680
g1068 g1068 1.947030 1.947030
g1068 g1027 3.217680 3.217680
g1080 g1080 1.947030 1.947030
g1080 g995 3.217680 3.217680
g1083 g1083 1.947030 1.947030
g1083 g991 3.217680 3.217680
g1086 g1086 1.947030 1.947030
g1086 g1003 3.217680 3.217680
g1089 g1089 1.947030 1.947030
g1089 g999 3.217680 3.217680
g1092 g1092 1.947030 1.947030
g1092 g1011 3.217680 3.217680
g1095 g1095 1.947030 1.947030
g1095 g1007 3.217680 3.217680
g1098 g1098 1.947030 1.947030
g1098 g1019 3.217680 3.217680
g1074 g1074 1.947030 1.947030
g1074 g1015 3.217680 3.217680
g1071 g1071 1.947030 1.947030
g1071 g1023 3.217680 3.217680
g1077 g1077 1.947030 1.947030
g1077 g1032 3.217680 3.217680
g1027 g108 14.524920 10.266660
g1027 g1336 16.805960 11.903660
g1027 g1341 16.805960 11.903660
g1027 g1346 16.805960 11.903660
g1027 g1351 16.805960 11.903660
g1027 g1275 7.704520 5.402340
g1027 g1314 19.971330 15.353950
g1027 g1318 19.971330 15.353950
g1027 g1321 19.971330 15.353950
g1027 g1324 19.971330 15.353950
g1027 g1327 19.971330 15.353950
g1027 g1330 19.971330 15.353950
g1027 g1333 19.971330 15.353950
g1027 g1308 19.971330 15.353950
g1027 g1311 19.971330 15.353950
g1027 g1027 2.179600 2.179600
g1027 g105 4.993060 3.738840
g995 g108 9.147200 7.868430
g995 g1336 11.428240 9.505430
g995 g1341 11.428240 9.505430
g995 g1346 11.428240 9.505430
g995 g1351 11.428240 9.505430
g995 g1314 14.593610 12.955720
g995 g1318 14.593610 12.955720
g995 g1321 14.593610 12.955720
g995 g1324 14.593610 12.955720
g995 g1327 14.593610 12.955720
g995 g1330 14.593610 12.955720
g995 g1333 14.593610 12.955720
g995 g1308 14.593610 12.955720
g995 g1311 14.593610 12.955720
g995 g995 1.985560 1.985560
g995 g105 18.750820 12.018670
g991 g108 12.334100 10.844180
g991 g1336 14.615140 12.481180
g991 g1341 14.615140 12.481180
g991 g1346 14.615140 12.481180
g991 g1351 14.615140 12.481180
g991 g1314 17.780510 15.931470
g991 g1318 17.780510 15.931470
g991 g1321 17.780510 15.931470
g991 g1324 17.780510 15.931470
g991 g1327 17.780510 15.931470
g991 g1330 17.780510 15.931470
g991 g1333 17.780510 15.931470
g991 g1308 17.780510 15.931470
g991 g1311 17.780510 15.931470
g991 g991 1.985560 1.985560
g991 g105 18.572380 12.221710
g1003 g108 12.804550 11.324590
g1003 g1336 15.085590 12.961590
g1003 g1341 15.085590 12.961590
g1003 g1346 15.085590 12.961590
g1003 g1351 15.085590 12.961590
g1003 g1314 18.250960 16.411880
g1003 g1318 18.250960 16.411880
g1003 g1321 18.250960 16.411880
g1003 g1324 18.250960 16.411880
g1003 g1327 18.250960 16.411880
g1003 g1330 18.250960 16.411880
g1003 g1333 18.250960 16.411880
g1003 g1308 18.250960 16.411880
g1003 g1311 18.250960 16.411880
g1003 g1003 1.985560 1.985560
g1003 g105 18.369280 12.197050
g999 g108 12.167860 10.677940
g999 g1336 14.448900 12.314940
g999 g1341 14.448900 12.314940
g999 g1346 14.448900 12.314940
g999 g1351 14.448900 12.314940
g999 g1314 17.614270 15.765230
g999 g1318 17.614270 15.765230
g999 g1321 17.614270 15.765230
g999 g1324 17.614270 15.765230
g999 g1327 17.614270 15.765230
g999 g1330 17.614270 15.765230
g999 g1333 17.614270 15.765230
g999 g1308 17.614270 15.765230
g999 g1311 17.614270 15.765230
g999 g999 1.985560 1.985560
g999 g105 18.547720 12.400150
g1011 g108 12.638310 11.158370
g1011 g1336 14.919350 12.795370
g1011 g1341 14.919350 12.795370
g1011 g1346 14.919350 12.795370
g1011 g1351 14.919350 12.795370
g1011 g1314 18.084720 16.245660
g1011 g1318 18.084720 16.245660
g1011 g1321 18.084720 16.245660
g1011 g1324 18.084720 16.245660
g1011 g1327 18.084720 16.245660
g1011 g1330 18.084720 16.245660
g1011 g1333 18.084720 16.245660
g1011 g1308 18.084720 16.245660
g1011 g1311 18.084720 16.245660
g1011 g1011 1.985560 1.985560
g1011 g105 18.369280 12.197050
g1007 g108 11.906860 10.416940
g1007 g1336 14.187900 12.053940
g1007 g1341 14.187900 12.053940
g1007 g1346 14.187900 12.053940
g1007 g1351 14.187900 12.053940
g1007 g1314 17.353270 15.504230
g1007 g1318 17.353270 15.504230
g1007 g1321 17.353270 15.504230
g1007 g1324 17.353270 15.504230
g1007 g1327 17.353270 15.504230
g1007 g1330 17.353270 15.504230
g1007 g1333 17.353270 15.504230
g1007 g1308 17.353270 15.504230
g1007 g1311 17.353270 15.504230
g1007 g1007 1.985560 1.985560
g1007 g105 18.547720 12.400090
g1019 g108 12.377310 10.897370
g1019 g1336 14.658350 12.534370
g1019 g1341 14.658350 12.534370
g1019 g1346 14.658350 12.534370
g1019 g1351 14.658350 12.534370
g1019 g1314 17.823720 15.984660
g1019 g1318 17.823720 15.984660
g1019 g1321 17.823720 15.984660
g1019 g1324 17.823720 15.984660
g1019 g1327 17.823720 15.984660
g1019 g1330 17.823720 15.984660
g1019 g1333 17.823720 15.984660
g1019 g1308 17.823720 15.984660
g1019 g1311 17.823720 15.984660
g1019 g1019 1.985560 1.985560
g1019 g105 18.166180 12.375490
g1015 g108 11.474100 9.984180
g1015 g1336 13.755140 11.621180
g1015 g1341 13.755140 11.621180
g1015 g1346 13.755140 11.621180
g1015 g1351 13.755140 11.621180
g1015 g1314 16.920510 15.071470
g1015 g1318 16.920510 15.071470
g1015 g1321 16.920510 15.071470
g1015 g1324 16.920510 15.071470
g1015 g1327 16.920510 15.071470
g1015 g1330 16.920510 15.071470
g1015 g1333 16.920510 15.071470
g1015 g1308 16.920510 15.071470
g1015 g1311 16.920510 15.071470
g1015 g1015 1.985560 1.985560
g1015 g105 18.344620 12.578590
g1023 g108 11.944550 10.464590
g1023 g1336 14.225590 12.101590
g1023 g1341 14.225590 12.101590
g1023 g1346 14.225590 12.101590
g1023 g1351 14.225590 12.101590
g1023 g1314 17.390960 15.551880
g1023 g1318 17.390960 15.551880
g1023 g1321 17.390960 15.551880
g1023 g1324 17.390960 15.551880
g1023 g1327 17.390960 15.551880
g1023 g1330 17.390960 15.551880
g1023 g1333 17.390960 15.551880
g1023 g1308 17.390960 15.551880
g1023 g1311 17.390960 15.551880
g1023 g1023 1.985560 1.985560
g1023 g105 8.483620 6.119470
g1032 g108 14.703360 11.290020
g1032 g1336 16.984400 12.927020
g1032 g1341 16.984400 12.927020
g1032 g1346 16.984400 12.927020
g1032 g1351 16.984400 12.927020
g1032 g1275 7.882960 6.425700
g1032 g1314 20.149770 16.377310
g1032 g1318 20.149770 16.377310
g1032 g1321 20.149770 16.377310
g1032 g1324 20.149770 16.377310
g1032 g1327 20.149770 16.377310
g1032 g1330 20.149770 16.377310
g1032 g1333 20.149770 16.377310
g1032 g1308 20.149770 16.377310
g1032 g1311 20.149770 16.377310
g1032 g1032 1.985560 1.985560
g105 g105 2.207600 2.207600
g105 OUTPUT 7.899790 6.417380
g105 OUTPUT 5.070600 5.070600
g1117 g1117 1.859680 1.859680
g1117 g1618 16.038430 12.093830
g1117 g1639 5.442240 3.882960
g1121 g1121 1.859680 1.859680
g1121 g1618 16.197650 12.253050
g1121 g1615 7.898800 6.339520
g1121 g1407 9.724510 7.028690
g1125 g1125 1.859680 1.859680
g1125 g1618 15.337650 11.393050
g1125 g1621 7.898800 6.339520
g1125 g1428 9.724510 7.028690
g1129 g1129 1.859680 1.859680
g1129 g1618 15.777650 11.833050
g1129 g1624 7.898800 6.339520
g1129 g1403 9.724510 7.028690
g1133 g1133 1.859680 1.859680
g1133 g1618 16.190030 12.245430
g1133 g1627 7.898800 6.339520
g1133 g1432 9.724510 7.028690
g1137 g1137 1.859680 1.859680
g1137 g1618 16.349200 12.404600
g1137 g1630 7.898800 6.339520
g1137 g1436 9.724510 7.028690
g1141 g1141 1.859680 1.859680
g1141 g1618 15.489200 11.544600
g1141 g1633 7.898800 6.339520
g1141 g1440 9.724510 7.028690
g1145 g1145 1.859680 1.859680
g1145 g1618 15.929200 11.984600
g1145 g1636 7.898800 6.339520
g1145 g1444 9.724510 7.028690
g1113 g1113 1.859680 1.859680
g1113 g1618 16.419670 12.475070
g1113 g1512 5.442240 3.882960
g1166 g1166 1.859680 1.859680
g1166 g1618 15.718670 11.774070
g1163 g1163 1.859680 1.859680
g1163 g1618 16.158670 12.214070
g1160 g1160 1.859680 1.859680
g1160 g1618 18.762810 14.818210
g1157 g1157 1.859680 1.859680
g1157 g1618 18.921800 14.977200
g1153 g1153 1.859680 1.859680
g1153 g1618 18.061800 10.096110
g1149 g1149 1.859680 1.859680
g1149 g1618 18.501800 10.222930
g1101 g1101 2.663840 2.663840
g1101 g1618 13.877300 10.134960
g1101 g1615 9.978970 7.294000
g1101 g1621 11.445190 8.760220
g1101 g1624 9.797960 7.112990
g1101 g1627 11.445190 8.760220
g1101 g1630 9.978970 7.294000
g1101 g1633 11.445190 8.760220
g1101 g1636 9.797960 7.112990
g1101 g1639 8.988630 6.303660
g1101 g1512 8.988630 6.303660
g1101 g1444 11.623670 7.802160
g1101 g1440 13.270900 9.449390
g1101 g1436 11.804680 7.983170
g1101 g1432 13.270900 9.449390
g1101 g1403 11.623670 7.802160
g1101 g1428 13.270900 9.449390
g1101 g1407 11.804680 7.983170
g1104 g1104 2.859580 2.859580
g1104 g1618 15.550270 11.807930
g1104 g1615 9.797960 7.112990
g1104 g1621 11.289920 8.604950
g1104 g1624 11.470930 8.785960
g1104 g1627 9.797960 7.112990
g1104 g1630 9.797960 7.112990
g1104 g1633 11.289920 8.604950
g1104 g1636 11.470930 8.785960
g1104 g1639 7.341400 4.656430
g1104 g1512 7.341400 4.656430
g1104 g1444 13.296640 9.475130
g1104 g1440 13.115630 9.294120
g1104 g1436 11.623670 7.802160
g1104 g1432 11.623670 7.802160
g1104 g1403 13.296640 9.475130
g1104 g1428 13.115630 9.294120
g1104 g1407 11.623670 7.802160
g1107 g1107 3.023920 3.023920
g1107 g1618 15.264610 11.522270
g1107 g1615 11.185270 8.500300
g1107 g1621 9.288970 6.604000
g1107 g1624 9.288970 6.604000
g1107 g1627 9.288970 6.604000
g1107 g1630 9.288970 6.604000
g1107 g1633 11.185270 8.500300
g1107 g1636 11.185270 8.500300
g1107 g1639 8.728710 6.043740
g1107 g1512 8.728710 6.043740
g1107 g1444 13.010980 9.189470
g1107 g1440 13.010980 9.189470
g1107 g1436 11.114680 7.293170
g1107 g1432 11.114680 7.293170
g1107 g1403 11.114680 7.293170
g1107 g1428 11.114680 7.293170
g1107 g1407 13.010980 9.189470
g1110 g1110 3.259540 3.259540
g1110 g1618 15.260230 11.517890
g1110 g1615 11.180890 8.495920
g1110 g1621 11.420890 8.735920
g1110 g1624 11.420890 8.735920
g1110 g1627 11.420890 8.735920
g1110 g1630 11.420890 8.735920
g1110 g1633 9.288970 6.604000
g1110 g1636 9.288970 6.604000
g1110 g1639 8.724330 6.039360
g1110 g1512 6.832410 4.147440
g1110 g1444 11.114680 7.293170
g1110 g1440 11.114680 7.293170
g1110 g1436 13.246600 9.425090
g1110 g1432 13.246600 9.425090
g1110 g1403 13.246600 9.425090
g1110 g1428 13.246600 9.425090
g1110 g1407 13.006600 9.185090
g1618 g1618 2.607920 2.607920
g1618 g1499 6.451230 5.314690
g1618 g1672 6.436180 6.436180
g1618 g546 6.436180 6.436180
g1615 g1615 2.207600 2.207600
g1615 g1490 6.247290 5.110750
g1615 g1678 6.232240 6.232240
g1615 g557 6.232240 6.232240
g1621 g1621 2.207600 2.207600
g1621 g1486 6.247290 5.110750
g1621 g1681 6.232240 6.232240
g1621 g560 6.232240 6.232240
g1624 g1624 2.207600 2.207600
g1624 g1482 6.348790 5.212250
g1624 g1684 5.530960 5.530960
g1624 g563 5.530960 5.530960
g1627 g1627 2.207600 2.207600
g1627 g1478 6.247290 5.110750
g1627 g1687 6.232240 6.232240
g1627 g566 6.232240 6.232240
g1630 g1630 2.207600 2.207600
g1630 g1474 6.340670 5.204130
g1630 g1654 6.595380 6.595380
g1630 g569 6.483100 6.483100
g1633 g1633 2.207600 2.207600
g1633 g1470 6.340670 5.204130
g1633 g1657 7.027040 7.027040
g1633 g572 6.914760 6.914760
g1636 g1636 2.207600 2.207600
g1636 g1466 6.348790 5.212250
g1636 g1660 5.580360 5.580360
g1636 g575 5.552080 5.552080
g1639 g1639 2.607920 2.607920
g1639 g1494 6.552730 5.416190
g1639 g1675 5.734900 5.734900
g1639 g554 5.734900 5.734900
g1512 g1512 2.607920 2.607920
g1512 g1462 6.451230 5.314690
g1512 g1663 6.560650 6.560650
g1512 g549 6.448370 6.448370
g1448 g1448 6.646500 4.380010
g1448 g1444 3.624810 2.370720
g1448 g1 6.392380 6.392380
g1448 g1607 1.985560 1.985560
g1444 g1440 3.624810 2.370720
g1444 g1 6.152380 6.152380
g1444 g1604 1.985560 1.985560
g1440 g1436 3.624810 2.370720
g1440 g1 6.842380 6.842380
g1440 g1601 1.985560 1.985560
g1436 g1432 3.624810 2.370720
g1436 g1 6.661410 6.661410
g1436 g1598 1.985560 1.985560
g1432 g1403 3.624810 2.370720
g1432 g1 6.139120 6.139120
g1432 g1595 1.985560 1.985560
g1403 g1428 3.624810 2.370720
g1403 g1 5.564080 5.564080
g1403 g1592 1.985560 1.985560
g1428 g1407 3.624810 2.370720
g1428 g1 5.899120 5.899120
g1428 g1589 1.985560 1.985560
g1407 g1424 2.065600 2.065600
g1407 g1 6.004080 6.004080
g1407 g1586 2.177620 2.177620
g1424 g1411 2.065600 2.065600
g1424 g1 6.408380 6.408380
g1424 g1583 2.177620 2.177620
g1411 g1419 2.065600 2.065600
g1411 g1 6.265110 6.265110
g1411 g1580 2.177620 2.177620
g1419 g1448 9.957840 6.617130
g1419 g1515 2.065600 2.065600
g1419 g1 6.589120 6.589120
g1419 g1577 2.177620 2.177620
g1515 g1448 13.473000 8.854190
g1515 g1520 2.065600 2.065600
g1515 g1 4.095350 4.095350
g1515 g1574 2.177620 2.177620
g1520 g1415 2.065600 2.065600
g1520 g1 3.855350 3.855350
g1520 g1571 2.177620 2.177620
g1415 g1448 13.651440 9.057230
g1415 g1 6.424080 6.424080
g1415 g1567 1.985560 1.985560
g1453 g1453 3.624810 2.370720
g1453 g1458 2.235880 2.235880
g1453 g4 6.772730 6.772730
g1453 g1564 2.347900 2.347900
g1458 g1462 3.624810 2.370720
g1458 g4 4.795310 4.795310
g1458 g1561 2.179600 2.179600
g1462 g1466 3.624810 2.370720
g1462 g4 7.406660 7.406660
g1462 g1558 1.985560 1.985560
g1466 g1470 3.624810 2.370720
g1466 g4 4.569170 4.569170
g1466 g1555 2.193460 2.193460
g1470 g1474 3.624810 2.370720
g1470 g4 7.225850 7.225850
g1470 g1552 1.985560 1.985560
g1474 g1478 3.624810 2.370720
g1474 g4 6.956660 6.956660
g1474 g1549 1.985560 1.985560
g1478 g1482 3.624810 2.370720
g1478 g4 6.716660 6.716660
g1478 g1546 1.985560 1.985560
g1482 g1486 3.624810 2.370720
g1482 g4 5.698440 5.698440
g1482 g1543 1.985560 1.985560
g1486 g1490 3.624810 2.370720
g1486 g4 5.637460 5.637460
g1486 g1540 1.985560 1.985560
g1490 g1494 3.624810 2.370720
g1490 g4 6.973070 6.973070
g1490 g1537 1.985560 1.985560
g1494 g1453 6.936150 4.521570
g1494 g1499 3.624810 2.370720
g1494 g4 7.153900 7.153900
g1494 g1534 1.985560 1.985560
g1499 g1453 10.451310 6.758630
g1499 g1504 2.065600 2.065600
g1499 g4 5.377460 5.377460
g1499 g1531 2.177620 2.177620
g1504 g1508 2.065600 2.065600
g1504 g4 6.463900 6.463900
g1504 g1528 2.177620 2.177620
g1508 g1453 10.629750 6.961670
g1508 g4 6.703900 6.703900
g1508 g1524 1.985560 1.985560
g1393 g1394 2.439800 2.439800
g1394 g1394 2.618830 2.618830
g1394 g115 1.992350 1.992350
g115 g263 14.279350 13.920230
g115 g266 14.279350 13.920230
g115 g269 14.279350 13.920230
g115 g272 14.279350 13.920230
g115 g275 14.279350 13.920230
g115 g278 14.279350 13.920230
g115 g281 14.279350 13.920230
g115 g284 14.279350 13.920230
g115 g287 14.279350 13.920230
g115 g290 14.279350 13.920230
g115 g293 14.279350 13.920230
g115 g296 14.279350 13.920230
g115 g299 14.279350 13.920230
g115 g302 14.279350 13.920230
g115 g123 4.684590 4.684590
g115 g119 3.137420 3.137420
g115 g1394 1.197620 1.197620
g115 g4 5.502990 5.502990
g115 g12 3.805720 3.805720
g115 g1 5.502990 5.502990
g115 g9 3.805720 3.805720
g115 g1524 13.951820 10.456260
g115 g1528 13.951820 10.456260
g115 g1531 13.951820 10.456260
g115 g1534 13.951820 10.456260
g115 g1537 13.951820 10.456260
g115 g1540 13.951820 10.456260
g115 g1543 13.951820 10.456260
g115 g1546 13.951820 10.456260
g115 g1549 13.951820 10.456260
g115 g1552 13.951820 10.456260
g115 g1555 13.951820 10.456260
g115 g1558 13.951820 10.456260
g115 g1561 13.951820 10.456260
g115 g1564 13.951820 10.456260
g115 g1567 13.951820 10.456260
g115 g1571 13.951820 10.456260
g115 g1574 13.951820 10.456260
g115 g1577 13.951820 10.456260
g115 g1580 13.951820 10.456260
g115 g1583 13.951820 10.456260
g115 g1586 13.951820 10.456260
g115 g1589 13.951820 10.456260
g115 g1592 13.951820 10.456260
g115 g1595 13.951820 10.456260
g115 g1598 13.951820 10.456260
g115 g1601 13.951820 10.456260
g115 g1604 13.951820 10.456260
g115 g1607 13.951820 10.456260
g201 g1618 10.897270 8.790690
g201 g1448 6.267080 5.217090
g201 g1393 5.037790 5.037790
g201 g115 5.458180 5.458180
g201 g201 7.053110 4.404610
g201 g1374 2.255680 2.255680
g1374 g1393 3.709730 3.709730
g1374 g115 4.130120 4.130120
g1374 g201 6.641260 5.387290
g1374 g197 1.859680 1.859680
g197 g1393 4.410560 4.410560
g197 g115 4.830950 4.830950
g197 g201 10.364450 5.648070
g197 g1389 1.859680 1.859680
g1389 g1393 4.569730 4.569730
g1389 g115 4.990120 4.990120
g1389 g201 14.058050 5.807290
g1389 g192 1.859680 1.859680
g192 g255 2.954500 2.954500
g192 g139 6.257830 5.121290
g192 g1462 6.173650 5.037110
g192 g1393 3.580020 3.580020
g192 g115 4.000410 4.000410
g192 g201 6.352530 5.098560
g192 g1397 2.271520 2.271520
g192 g1663 6.283070 6.283070
g192 g549 6.170790 6.170790
g1397 g1393 4.020020 4.020020
g1397 g115 4.440410 4.440410
g1397 g201 6.792530 5.538560
g1397 g248 1.859680 1.859680
g248 g254 2.954500 2.954500
g248 g135 6.257830 5.121290
g248 g1466 6.265150 5.128610
g248 g1393 4.280800 4.280800
g248 g115 4.701190 4.701190
g248 g201 7.053360 5.799390
g248 g1400 2.271520 2.271520
g248 g1660 5.496720 5.496720
g248 g575 5.468440 5.468440
g1400 g1393 4.440020 4.440020
g1400 g115 4.860410 4.860410
g1400 g201 7.212530 5.958560
g1400 g243 1.859680 1.859680
g243 g262 2.954500 2.954500
g243 g131 6.257830 5.121290
g243 g1470 6.257830 5.121290
g243 g1393 5.853340 5.853340
g243 g115 6.273730 6.273730
g243 g201 8.535410 7.281440
g243 g1362 2.271520 2.271520
g243 g1657 6.944200 6.944200
g243 g572 6.831920 6.831920
g1362 g1393 6.293340 6.293340
g1362 g115 6.713730 6.713730
g1362 g201 8.975410 7.721440
g1362 g237 1.859680 1.859680
g237 g261 3.160420 3.160420
g237 g127 6.463750 5.327210
g237 g1636 4.619740 4.619740
g237 g1444 6.445450 5.308910
g237 g1474 6.463750 5.327210
g237 g1393 6.554060 6.554060
g237 g115 6.974450 6.974450
g237 g201 9.236130 7.982160
g237 g1365 2.477440 2.477440
g237 g1654 6.718460 6.718460
g237 g569 6.606180 6.606180
g1365 g1393 6.713340 6.713340
g1365 g115 7.133730 7.133730
g1365 g201 9.395410 8.141440
g1365 g231 1.859680 1.859680
g231 g260 3.160420 3.160420
g231 g170 6.463750 5.327210
g231 g1633 4.619740 4.619740
g231 g1440 6.445450 5.308910
g231 g1478 6.379570 5.243030
g231 g1393 6.066860 6.066860
g231 g115 6.487250 6.487250
g231 g201 8.748930 7.494960
g231 g1368 2.477440 2.477440
g231 g1687 6.364520 6.364520
g231 g566 6.364520 6.364520
g1368 g1393 6.506860 6.506860
g1368 g115 6.927250 6.927250
g1368 g201 9.188930 7.934960
g1368 g225 1.859680 1.859680
g225 g259 3.160420 3.160420
g225 g174 6.463750 5.327210
g225 g1630 4.619740 4.619740
g225 g1436 6.445450 5.308910
g225 g1482 6.471070 5.334530
g225 g1393 6.767640 6.767640
g225 g115 7.188030 7.188030
g225 g201 9.449710 8.195740
g225 g1371 2.477440 2.477440
g225 g1684 5.653240 5.653240
g225 g563 5.653240 5.653240
g1371 g1393 6.926860 6.926860
g1371 g115 7.347250 7.347250
g1371 g201 9.608930 8.354960
g1371 g219 1.859680 1.859680
g219 g258 3.160420 3.160420
g219 g162 6.463750 5.327210
g219 g1627 4.619740 4.619740
g219 g1432 6.445450 5.308910
g219 g1486 6.379570 5.243030
g219 g1393 5.494740 5.494740
g219 g115 5.915130 5.915130
g219 g201 8.176810 6.922840
g219 g1377 2.477440 2.477440
g219 g1681 6.364520 6.364520
g219 g560 6.364520 6.364520
g1377 g1393 5.934740 5.934740
g1377 g115 6.355130 6.355130
g1377 g201 8.616810 7.362840
g1377 g213 1.859680 1.859680
g213 g257 3.160420 3.160420
g213 g158 6.463750 5.327210
g213 g1624 4.619740 4.619740
g213 g1403 6.445450 5.308910
g213 g1490 6.379570 5.243030
g213 g1393 6.195460 6.195460
g213 g115 6.615850 6.615850
g213 g201 8.877530 7.623560
g213 g1380 2.477440 2.477440
g213 g1678 6.364520 6.364520
g213 g557 6.364520 6.364520
g1380 g1393 6.354740 6.354740
g1380 g115 6.775130 6.775130
g1380 g201 9.036810 7.782840
g1380 g207 1.859680 1.859680
g207 g256 3.160420 3.160420
g207 g153 6.463750 5.327210
g207 g1621 4.619740 4.619740
g207 g1428 6.445450 5.308910
g207 g1494 6.471070 5.334530
g207 g1393 5.708720 5.708720
g207 g115 6.129110 6.129110
g207 g201 8.390790 7.136820
g207 g1383 2.477440 2.477440
g207 g1675 5.653240 5.653240
g207 g554 5.653240 5.653240
g1383 g1393 6.148720 6.148720
g1383 g115 6.569110 6.569110
g1383 g201 8.830790 7.576820
g1383 g186 1.859680 1.859680
g186 g253 3.160420 3.160420
g186 g148 6.463750 5.327210
g186 g1615 4.619740 4.619740
g186 g1407 6.445450 5.308910
g186 g1499 6.379570 5.243030
g186 g1393 6.409500 6.409500
g186 g115 6.829890 6.829890
g186 g201 9.091570 7.837600
g186 g1386 2.477440 2.477440
g186 g1672 6.364520 6.364520
g186 g546 6.364520 6.364520
g1386 g1393 6.568720 6.568720
g1386 g115 6.989110 6.989110
g1386 g201 13.879610 7.996820
g4 g32 24.268880 17.680300
g4 g34 11.392750 9.218000
g4 g971 52.323840 50.100960
g4 g976 52.403840 50.100960
g4 g981 52.403840 50.100960
g4 g986 52.403840 50.100960
g4 g944 57.182140 54.079300
g4 g947 57.182140 54.079300
g4 g950 57.182140 54.079300
g4 g953 57.182140 54.079300
g4 g956 57.182140 54.079300
g4 g959 57.182140 54.079300
g4 g962 57.182140 54.079300
g4 g965 57.182140 54.079300
g4 g968 57.182140 54.079300
g4 g757 50.372780 48.892820
g4 g481 46.724910 44.961700
g4 g486 46.724910 45.140640
g4 g491 46.724910 45.140640
g4 g496 46.724910 45.140640
g4 g501 46.724910 45.140640
g4 g506 46.724910 45.140640
g4 g511 46.724910 45.140640
g4 g516 46.724910 45.140640
g4 g476 46.724910 45.140640
g4 g542 46.724910 45.140640
g4 g538 46.724910 45.140640
g4 g534 46.724910 45.140640
g4 g530 46.724910 45.140640
g4 g525 46.724910 45.140640
g4 g521 46.724910 45.140640
g4 g456 49.526340 47.303460
g4 g461 49.606340 47.303460
g4 g466 49.606340 47.303460
g4 g471 49.606340 47.303460
g4 g426 46.724910 44.961700
g4 g386 46.724910 45.140640
g4 g391 46.724910 45.140640
g4 g396 46.724910 45.140640
g4 g401 46.724910 45.140640
g4 g406 46.724910 45.140640
g4 g411 46.724910 45.140640
g4 g416 46.724910 45.140640
g4 g421 46.724910 45.140640
g4 g452 46.724910 45.140640
g4 g448 46.724910 45.140640
g4 g444 46.724910 45.140640
g4 g440 46.724910 45.140640
g4 g435 46.724910 45.140640
g4 g431 46.724910 45.140640
g4 g369 51.342440 49.119560
g4 g374 51.422440 49.119560
g4 g378 51.422440 49.119560
g4 g382 51.422440 49.119560
g4 g336 62.294920 48.466610
g4 g348 48.392420 46.659740
g4 g351 48.380120 46.636100
g4 g354 48.392420 46.659740
g4 g357 48.380120 46.636100
g4 g360 48.392420 46.659740
g4 g363 48.380120 46.636100
g4 g366 48.392420 46.659740
g4 g342 48.380120 46.636100
g4 g339 48.392420 46.659740
g4 g345 65.292650 48.754550
g4 g1857 11.963660 11.963660
g4 g1651 11.988070 11.988070
g4 g1811 12.383780 12.383780
g4 g1724 10.371250 10.371250
g4 g4 1.796980 1.796980
g4 g1663 12.179630 12.179630
g4 g1675 11.971500 11.971500
g4 g554 11.971500 11.971500
g4 g549 12.067350 12.067350
g4 OUTPUT 9.415150 9.415150
g4 OUTPUT 10.640550 10.640550
g4 OUTPUT 22.291280 17.840800
g4 OUTPUT 25.331250 19.423510
g4 OUTPUT 10.838210 10.838210
g12 g32 25.204280 18.615700
g12 g34 12.328150 10.153400
g12 g971 53.259240 51.036360
g12 g976 53.339240 51.036360
g12 g981 53.339240 51.036360
g12 g986 53.339240 51.036360
g12 g944 58.117540 55.014700
g12 g947 58.117540 55.014700
g12 g950 58.117540 55.014700
g12 g953 58.117540 55.014700
g12 g956 58.117540 55.014700
g12 g959 58.117540 55.014700
g12 g962 58.117540 55.014700
g12 g965 58.117540 55.014700
g12 g968 58.117540 55.014700
g12 g757 51.308180 49.828220
g12 g481 47.660310 45.897100
g12 g486 47.660310 46.076040
g12 g491 47.660310 46.076040
g12 g496 47.660310 46.076040
g12 g501 47.660310 46.076040
g12 g506 47.660310 46.076040
g12 g511 47.660310 46.076040
g12 g516 47.660310 46.076040
g12 g476 47.660310 46.076040
g12 g542 47.660310 46.076040
g12 g538 47.660310 46.076040
g12 g534 47.660310 46.076040
g12 g530 47.660310 46.076040
g12 g525 47.660310 46.076040
g12 g521 47.660310 46.076040
g12 g456 50.461740 48.238860
g12 g461 50.541740 48.238860
g12 g466 50.541740 48.238860
g12 g471 50.541740 48.238860
g12 g426 47.660310 45.897100
g12 g386 47.660310 46.076040
g12 g391 47.660310 46.076040
g12 g396 47.660310 46.076040
g12 g401 47.660310 46.076040
g12 g406 47.660310 46.076040
g12 g411 47.660310 46.076040
g12 g416 47.660310 46.076040
g12 g421 47.660310 46.076040
g12 g452 47.660310 46.076040
g12 g448 47.660310 46.076040
g12 g444 47.660310 46.076040
g12 g440 47.660310 46.076040
g12 g435 47.660310 46.076040
g12 g431 47.660310 46.076040
g12 g369 52.277840 50.054960
g12 g374 52.357840 50.054960
g12 g378 52.357840 50.054960
g12 g382 52.357840 50.054960
g12 g336 63.230320 49.402010
g12 g348 49.327820 47.595140
g12 g351 49.315520 47.571500
g12 g354 49.327820 47.595140
g12 g357 49.315520 47.571500
g12 g360 49.327820 47.595140
g12 g363 49.315520 47.571500
g12 g366 49.327820 47.595140
g12 g342 49.315520 47.571500
g12 g339 49.327820 47.595140
g12 g345 66.228050 49.689950
g12 g1857 12.899060 12.899060
g12 g1651 12.923470 12.923470
g12 g1811 13.319180 13.319180
g12 g1724 11.306650 11.306650
g12 g4 3.295860 3.295860
g12 g12 2.317340 2.317340
g12 g1 3.295860 3.295860
g12 g1524 11.513720 8.018160
g12 g1528 11.513720 8.018160
g12 g1531 11.513720 8.018160
g12 g1534 11.513720 8.018160
g12 g1537 11.513720 8.018160
g12 g1540 11.513720 8.018160
g12 g1543 11.513720 8.018160
g12 g1546 11.513720 8.018160
g12 g1549 11.513720 8.018160
g12 g1552 11.513720 8.018160
g12 g1555 11.513720 8.018160
g12 g1558 11.513720 8.018160
g12 g1561 11.513720 8.018160
g12 g1564 11.513720 8.018160
g12 g1567 11.513720 8.018160
g12 g1571 11.513720 8.018160
g12 g1574 11.513720 8.018160
g12 g1577 11.513720 8.018160
g12 g1580 11.513720 8.018160
g12 g1583 11.513720 8.018160
g12 g1586 11.513720 8.018160
g12 g1589 11.513720 8.018160
g12 g1592 11.513720 8.018160
g12 g1595 11.513720 8.018160
g12 g1598 11.513720 8.018160
g12 g1601 11.513720 8.018160
g12 g1604 11.513720 8.018160
g12 g1607 11.513720 8.018160
g12 g1663 13.115030 13.115030
g12 g1675 12.906900 12.906900
g12 g554 12.906900 12.906900
g12 g549 13.002750 13.002750
g12 OUTPUT 10.350550 10.350550
g12 OUTPUT 11.575950 11.575950
g12 OUTPUT 23.226680 18.776200
g12 OUTPUT 26.266650 20.358910
g12 OUTPUT 11.773610 11.773610
g1 g32 24.076640 17.666560
g1 g35 11.403610 9.228860
g1 g971 51.698010 49.465170
g1 g976 51.778010 49.465170
g1 g981 51.778010 49.465170
g1 g986 51.778010 49.465170
g1 g944 56.556310 53.443510
g1 g947 56.556310 53.443510
g1 g950 56.556310 53.443510
g1 g953 56.556310 53.443510
g1 g956 56.556310 53.443510
g1 g959 56.556310 53.443510
g1 g962 56.556310 53.443510
g1 g965 56.556310 53.443510
g1 g968 56.556310 53.443510
g1 g757 49.746950 48.257030
g1 g481 46.099080 44.325910
g1 g486 46.099080 44.504850
g1 g491 46.099080 44.504850
g1 g496 46.099080 44.504850
g1 g501 46.099080 44.504850
g1 g506 46.099080 44.504850
g1 g511 46.099080 44.504850
g1 g516 46.099080 44.504850
g1 g476 46.099080 44.504850
g1 g542 46.099080 44.504850
g1 g538 46.099080 44.504850
g1 g534 46.099080 44.504850
g1 g530 46.099080 44.504850
g1 g525 46.099080 44.504850
g1 g521 46.099080 44.504850
g1 g456 48.900510 46.667670
g1 g461 48.980510 46.667670
g1 g466 48.980510 46.667670
g1 g471 48.980510 46.667670
g1 g426 46.099080 44.325910
g1 g386 46.099080 44.504850
g1 g391 46.099080 44.504850
g1 g396 46.099080 44.504850
g1 g401 46.099080 44.504850
g1 g406 46.099080 44.504850
g1 g411 46.099080 44.504850
g1 g416 46.099080 44.504850
g1 g421 46.099080 44.504850
g1 g452 46.099080 44.504850
g1 g448 46.099080 44.504850
g1 g444 46.099080 44.504850
g1 g440 46.099080 44.504850
g1 g435 46.099080 44.504850
g1 g431 46.099080 44.504850
g1 g369 50.716610 48.483770
g1 g374 50.796610 48.483770
g1 g378 50.796610 48.483770
g1 g382 50.796610 48.483770
g1 g336 61.669090 47.830820
g1 g348 47.766590 46.023950
g1 g351 47.754290 46.000310
g1 g354 47.766590 46.023950
g1 g357 47.754290 46.000310
g1 g360 47.766590 46.023950
g1 g363 47.754290 46.000310
g1 g366 47.766590 46.023950
g1 g342 47.754290 46.000310
g1 g339 47.766590 46.023950
g1 g345 64.666820 48.118760
g1 g1857 12.490000 12.490000
g1 g1642 11.974390 11.974390
g1 g1811 12.190930 12.190930
g1 g1727 10.357570 10.357570
g1 g1 1.796980 1.796980
g1 g1666 10.325320 10.325320
g1 g1678 11.838990 11.838990
g1 g557 11.838990 11.838990
g1 OUTPUT 9.426010 9.426010
g1 OUTPUT 9.866640 9.866640
g1 OUTPUT 22.099040 17.827060
g1 OUTPUT 25.139010 19.409770
g1 OUTPUT 10.064300 10.064300
g9 g32 25.012040 18.601960
g9 g35 12.339010 10.164260
g9 g971 52.633410 50.400570
g9 g976 52.713410 50.400570
g9 g981 52.713410 50.400570
g9 g986 52.713410 50.400570
g9 g944 57.491710 54.378910
g9 g947 57.491710 54.378910
g9 g950 57.491710 54.378910
g9 g953 57.491710 54.378910
g9 g956 57.491710 54.378910
g9 g959 57.491710 54.378910
g9 g962 57.491710 54.378910
g9 g965 57.491710 54.378910
g9 g968 57.491710 54.378910
g9 g757 50.682350 49.192430
g9 g481 47.034480 45.261310
g9 g486 47.034480 45.440250
g9 g491 47.034480 45.440250
g9 g496 47.034480 45.440250
g9 g501 47.034480 45.440250
g9 g506 47.034480 45.440250
g9 g511 47.034480 45.440250
g9 g516 47.034480 45.440250
g9 g476 47.034480 45.440250
g9 g542 47.034480 45.440250
g9 g538 47.034480 45.440250
g9 g534 47.034480 45.440250
g9 g530 47.034480 45.440250
g9 g525 47.034480 45.440250
g9 g521 47.034480 45.440250
g9 g456 49.835910 47.603070
g9 g461 49.915910 47.603070
g9 g466 49.915910 47.603070
g9 g471 49.915910 47.603070
g9 g426 47.034480 45.261310
g9 g386 47.034480 45.440250
g9 g391 47.034480 45.440250
g9 g396 47.034480 45.440250
g9 g401 47.034480 45.440250
g9 g406 47.034480 45.440250
g9 g411 47.034480 45.440250
g9 g416 47.034480 45.440250
g9 g421 47.034480 45.440250
g9 g452 47.034480 45.440250
g9 g448 47.034480 45.440250
g9 g444 47.034480 45.440250
g9 g440 47.034480 45.440250
g9 g435 47.034480 45.440250
g9 g431 47.034480 45.440250
g9 g369 51.652010 49.419170
g9 g374 51.732010 49.419170
g9 g378 51.732010 49.419170
g9 g382 51.732010 49.419170
g9 g336 62.604490 48.766220
g9 g348 48.701990 46.959350
g9 g351 48.689690 46.935710
g9 g354 48.701990 46.959350
g9 g357 48.689690 46.935710
g9 g360 48.701990 46.959350
g9 g363 48.689690 46.935710
g9 g366 48.701990 46.959350
g9 g342 48.689690 46.935710
g9 g339 48.701990 46.959350
g9 g345 65.602220 49.054160
g9 g1857 13.425400 13.425400
g9 g1642 12.909790 12.909790
g9 g1811 13.126330 13.126330
g9 g1727 11.292970 11.292970
g9 g9 2.317340 2.317340
g9 g1666 11.260720 11.260720
g9 g1678 12.774390 12.774390
g9 g557 12.774390 12.774390
g9 OUTPUT 10.361410 10.361410
g9 OUTPUT 10.802040 10.802040
g9 OUTPUT 23.034440 18.762460
g9 OUTPUT 26.074410 20.345170
g9 OUTPUT 10.999700 10.999700
g1524 g32 26.183800 19.213680
g1524 g33 13.129110 10.954360
g1524 g971 53.589750 48.234400
g1524 g976 53.669750 48.234400
g1524 g981 53.669750 48.234400
g1524 g986 53.669750 48.234400
g1524 g944 58.448050 52.212740
g1524 g947 58.448050 52.212740
g1524 g950 58.448050 52.212740
g1524 g953 58.448050 52.212740
g1524 g956 58.448050 52.212740
g1524 g959 58.448050 52.212740
g1524 g962 58.448050 52.212740
g1524 g965 58.448050 52.212740
g1524 g968 58.448050 52.212740
g1524 g757 51.638690 47.026260
g1524 g481 47.990820 43.095140
g1524 g486 47.990820 43.274080
g1524 g491 47.990820 43.274080
g1524 g496 47.990820 43.274080
g1524 g501 47.990820 43.274080
g1524 g506 47.990820 43.274080
g1524 g511 47.990820 43.274080
g1524 g516 47.990820 43.274080
g1524 g476 47.990820 43.274080
g1524 g542 47.990820 43.274080
g1524 g538 47.990820 43.274080
g1524 g534 47.990820 43.274080
g1524 g530 47.990820 43.274080
g1524 g525 47.990820 43.274080
g1524 g521 47.990820 43.274080
g1524 g456 50.792250 45.436900
g1524 g461 50.872250 45.436900
g1524 g466 50.872250 45.436900
g1524 g471 50.872250 45.436900
g1524 g426 47.990820 43.095140
g1524 g386 47.990820 43.274080
g1524 g391 47.990820 43.274080
g1524 g396 47.990820 43.274080
g1524 g401 47.990820 43.274080
g1524 g406 47.990820 43.274080
g1524 g411 47.990820 43.274080
g1524 g416 47.990820 43.274080
g1524 g421 47.990820 43.274080
g1524 g452 47.990820 43.274080
g1524 g448 47.990820 43.274080
g1524 g444 47.990820 43.274080
g1524 g440 47.990820 43.274080
g1524 g435 47.990820 43.274080
g1524 g431 47.990820 43.274080
g1524 g369 52.608350 47.253000
g1524 g374 52.688350 47.253000
g1524 g378 52.688350 47.253000
g1524 g382 52.688350 47.253000
g1524 g336 63.560830 46.600050
g1524 g348 49.658330 44.793180
g1524 g351 49.646030 44.769540
g1524 g354 49.658330 44.793180
g1524 g357 49.646030 44.769540
g1524 g360 49.658330 44.793180
g1524 g363 49.646030 44.769540
g1524 g366 49.658330 44.793180
g1524 g342 49.646030 44.769540
g1524 g339 49.658330 44.793180
g1524 g345 66.558560 46.887990
g1524 g1854 12.666090 12.666090
g1524 g1857 13.750900 13.750900
g1524 g1648 13.834860 13.834860
g1524 g1811 14.265300 14.265300
g1524 g1721 12.218040 12.218040
g1524 g1524 2.510020 2.510020
g1524 g1660 13.757980 13.757980
g1524 g1672 13.564490 13.564490
g1524 g546 13.564490 13.564490
g1524 g575 13.729700 13.729700
g1524 OUTPUT 11.151510 11.151510
g1524 OUTPUT 11.827340 11.827340
g1524 OUTPUT 24.206200 19.374180
g1524 OUTPUT 27.246170 20.956890
g1524 OUTPUT 12.025000 12.025000
g1528 g32 25.313820 18.725240
g1528 g34 12.437690 10.262940
g1528 g971 53.368780 51.145900
g1528 g976 53.448780 51.145900
g1528 g981 53.448780 51.145900
g1528 g986 53.448780 51.145900
g1528 g944 58.227080 55.124240
g1528 g947 58.227080 55.124240
g1528 g950 58.227080 55.124240
g1528 g953 58.227080 55.124240
g1528 g956 58.227080 55.124240
g1528 g959 58.227080 55.124240
g1528 g962 58.227080 55.124240
g1528 g965 58.227080 55.124240
g1528 g968 58.227080 55.124240
g1528 g757 51.417720 49.937760
g1528 g481 47.769850 46.006640
g1528 g486 47.769850 46.185580
g1528 g491 47.769850 46.185580
g1528 g496 47.769850 46.185580
g1528 g501 47.769850 46.185580
g1528 g506 47.769850 46.185580
g1528 g511 47.769850 46.185580
g1528 g516 47.769850 46.185580
g1528 g476 47.769850 46.185580
g1528 g542 47.769850 46.185580
g1528 g538 47.769850 46.185580
g1528 g534 47.769850 46.185580
g1528 g530 47.769850 46.185580
g1528 g525 47.769850 46.185580
g1528 g521 47.769850 46.185580
g1528 g456 50.571280 48.348400
g1528 g461 50.651280 48.348400
g1528 g466 50.651280 48.348400
g1528 g471 50.651280 48.348400
g1528 g426 47.769850 46.006640
g1528 g386 47.769850 46.185580
g1528 g391 47.769850 46.185580
g1528 g396 47.769850 46.185580
g1528 g401 47.769850 46.185580
g1528 g406 47.769850 46.185580
g1528 g411 47.769850 46.185580
g1528 g416 47.769850 46.185580
g1528 g421 47.769850 46.185580
g1528 g452 47.769850 46.185580
g1528 g448 47.769850 46.185580
g1528 g444 47.769850 46.185580
g1528 g440 47.769850 46.185580
g1528 g435 47.769850 46.185580
g1528 g431 47.769850 46.185580
g1528 g369 52.387380 50.164500
g1528 g374 52.467380 50.164500
g1528 g378 52.467380 50.164500
g1528 g382 52.467380 50.164500
g1528 g336 63.339860 49.511550
g1528 g348 49.437360 47.704680
g1528 g351 49.425060 47.681040
g1528 g354 49.437360 47.704680
g1528 g357 49.425060 47.681040
g1528 g360 49.437360 47.704680
g1528 g363 49.425060 47.681040
g1528 g366 49.437360 47.704680
g1528 g342 49.425060 47.681040
g1528 g339 49.437360 47.704680
g1528 g345 66.337590 49.799490
g1528 g1857 13.008600 13.008600
g1528 g1651 13.033010 13.033010
g1528 g1811 13.428720 13.428720
g1528 g1724 11.416190 11.416190
g1528 g1528 2.510020 2.510020
g1528 g1663 13.224570 13.224570
g1528 g1675 13.016440 13.016440
g1528 g554 13.016440 13.016440
g1528 g549 13.112290 13.112290
g1528 OUTPUT 10.460090 10.460090
g1528 OUTPUT 11.685490 11.685490
g1528 OUTPUT 23.336220 18.885740
g1528 OUTPUT 26.376190 20.468450
g1528 OUTPUT 11.883150 11.883150
g1531 g32 25.121580 18.711500
g1531 g35 12.448550 10.273800
g1531 g971 52.742950 50.510110
g1531 g976 52.822950 50.510110
g1531 g981 52.822950 50.510110
g1531 g986 52.822950 50.510110
g1531 g944 57.601250 54.488450
g1531 g947 57.601250 54.488450
g1531 g950 57.601250 54.488450
g1531 g953 57.601250 54.488450
g1531 g956 57.601250 54.488450
g1531 g959 57.601250 54.488450
g1531 g962 57.601250 54.488450
g1531 g965 57.601250 54.488450
g1531 g968 57.601250 54.488450
g1531 g757 50.791890 49.301970
g1531 g481 47.144020 45.370850
g1531 g486 47.144020 45.549790
g1531 g491 47.144020 45.549790
g1531 g496 47.144020 45.549790
g1531 g501 47.144020 45.549790
g1531 g506 47.144020 45.549790
g1531 g511 47.144020 45.549790
g1531 g516 47.144020 45.549790
g1531 g476 47.144020 45.549790
g1531 g542 47.144020 45.549790
g1531 g538 47.144020 45.549790
g1531 g534 47.144020 45.549790
g1531 g530 47.144020 45.549790
g1531 g525 47.144020 45.549790
g1531 g521 47.144020 45.549790
g1531 g456 49.945450 47.712610
g1531 g461 50.025450 47.712610
g1531 g466 50.025450 47.712610
g1531 g471 50.025450 47.712610
g1531 g426 47.144020 45.370850
g1531 g386 47.144020 45.549790
g1531 g391 47.144020 45.549790
g1531 g396 47.144020 45.549790
g1531 g401 47.144020 45.549790
g1531 g406 47.144020 45.549790
g1531 g411 47.144020 45.549790
g1531 g416 47.144020 45.549790
g1531 g421 47.144020 45.549790
g1531 g452 47.144020 45.549790
g1531 g448 47.144020 45.549790
g1531 g444 47.144020 45.549790
g1531 g440 47.144020 45.549790
g1531 g435 47.144020 45.549790
g1531 g431 47.144020 45.549790
g1531 g369 51.761550 49.528710
g1531 g374 51.841550 49.528710
g1531 g378 51.841550 49.528710
g1531 g382 51.841550 49.528710
g1531 g336 62.714030 48.875760
g1531 g348 48.811530 47.068890
g1531 g351 48.799230 47.045250
g1531 g354 48.811530 47.068890
g1531 g357 48.799230 47.045250
g1531 g360 48.811530 47.068890
g1531 g363 48.799230 47.045250
g1531 g366 48.811530 47.068890
g1531 g342 48.799230 47.045250
g1531 g339 48.811530 47.068890
g1531 g345 65.711760 49.163700
g1531 g1857 13.534940 13.534940
g1531 g1642 13.019330 13.019330
g1531 g1811 13.235870 13.235870
g1531 g1727 11.402510 11.402510
g1531 g1531 2.510020 2.510020
g1531 g1666 11.370260 11.370260
g1531 g1678 12.883930 12.883930
g1531 g557 12.883930 12.883930
g1531 OUTPUT 10.470950 10.470950
g1531 OUTPUT 10.911580 10.911580
g1531 OUTPUT 23.143980 18.872000
g1531 OUTPUT 26.183950 20.454710
g1531 OUTPUT 11.109240 11.109240
g1534 g32 25.495620 19.110020
g1534 g36 12.644030 10.469280
g1534 g971 53.408880 51.186020
g1534 g976 53.488880 51.186020
g1534 g981 53.488880 51.186020
g1534 g986 53.488880 51.186020
g1534 g944 58.267180 55.164360
g1534 g947 58.267180 55.164360
g1534 g950 58.267180 55.164360
g1534 g953 58.267180 55.164360
g1534 g956 58.267180 55.164360
g1534 g959 58.267180 55.164360
g1534 g962 58.267180 55.164360
g1534 g965 58.267180 55.164360
g1534 g968 58.267180 55.164360
g1534 g757 51.457820 49.977880
g1534 g481 47.809950 46.046760
g1534 g486 47.809950 46.225700
g1534 g491 47.809950 46.225700
g1534 g496 47.809950 46.225700
g1534 g501 47.809950 46.225700
g1534 g506 47.809950 46.225700
g1534 g511 47.809950 46.225700
g1534 g516 47.809950 46.225700
g1534 g476 47.809950 46.225700
g1534 g542 47.809950 46.225700
g1534 g538 47.809950 46.225700
g1534 g534 47.809950 46.225700
g1534 g530 47.809950 46.225700
g1534 g525 47.809950 46.225700
g1534 g521 47.809950 46.225700
g1534 g456 50.611380 48.388520
g1534 g461 50.691380 48.388520
g1534 g466 50.691380 48.388520
g1534 g471 50.691380 48.388520
g1534 g426 47.809950 46.046760
g1534 g386 47.809950 46.225700
g1534 g391 47.809950 46.225700
g1534 g396 47.809950 46.225700
g1534 g401 47.809950 46.225700
g1534 g406 47.809950 46.225700
g1534 g411 47.809950 46.225700
g1534 g416 47.809950 46.225700
g1534 g421 47.809950 46.225700
g1534 g452 47.809950 46.225700
g1534 g448 47.809950 46.225700
g1534 g444 47.809950 46.225700
g1534 g440 47.809950 46.225700
g1534 g435 47.809950 46.225700
g1534 g431 47.809950 46.225700
g1534 g369 52.427480 50.204620
g1534 g374 52.507480 50.204620
g1534 g378 52.507480 50.204620
g1534 g382 52.507480 50.204620
g1534 g336 63.379960 49.551670
g1534 g348 49.477460 47.744800
g1534 g351 49.465160 47.721160
g1534 g354 49.477460 47.744800
g1534 g357 49.465160 47.721160
g1534 g360 49.477460 47.744800
g1534 g363 49.465160 47.721160
g1534 g366 49.477460 47.744800
g1534 g342 49.465160 47.721160
g1534 g339 49.477460 47.744800
g1534 g345 66.377690 49.839610
g1534 g1857 13.627700 13.627700
g1534 g1645 13.251620 13.251620
g1534 g1811 12.927860 12.927860
g1534 g1730 11.634800 11.634800
g1534 g1534 2.510020 2.510020
g1534 g1669 11.206830 11.206830
g1534 g1681 13.079410 13.079410
g1534 g560 13.079410 13.079410
g1534 OUTPUT 10.666430 10.666430
g1534 OUTPUT 13.057460 13.057460
g1534 OUTPUT 23.518020 19.270520
g1534 OUTPUT 26.557990 13.701950
g1534 OUTPUT 13.255120 12.355170
g1537 g32 23.811940 17.401860
g1537 g37 11.163450 8.988700
g1537 g971 51.196850 48.964010
g1537 g976 51.276850 48.964010
g1537 g981 51.276850 48.964010
g1537 g986 51.276850 48.964010
g1537 g944 56.055150 52.942350
g1537 g947 56.055150 52.942350
g1537 g950 56.055150 52.942350
g1537 g953 56.055150 52.942350
g1537 g956 56.055150 52.942350
g1537 g959 56.055150 52.942350
g1537 g962 56.055150 52.942350
g1537 g965 56.055150 52.942350
g1537 g968 56.055150 52.942350
g1537 g757 49.245790 47.755870
g1537 g481 45.597920 43.824750
g1537 g486 45.597920 44.003690
g1537 g491 45.597920 44.003690
g1537 g496 45.597920 44.003690
g1537 g501 45.597920 44.003690
g1537 g506 45.597920 44.003690
g1537 g511 45.597920 44.003690
g1537 g516 45.597920 44.003690
g1537 g476 45.597920 44.003690
g1537 g542 45.597920 44.003690
g1537 g538 45.597920 44.003690
g1537 g534 45.597920 44.003690
g1537 g530 45.597920 44.003690
g1537 g525 45.597920 44.003690
g1537 g521 45.597920 44.003690
g1537 g456 48.399350 46.166510
g1537 g461 48.479350 46.166510
g1537 g466 48.479350 46.166510
g1537 g471 48.479350 46.166510
g1537 g426 45.597920 43.824750
g1537 g386 45.597920 44.003690
g1537 g391 45.597920 44.003690
g1537 g396 45.597920 44.003690
g1537 g401 45.597920 44.003690
g1537 g406 45.597920 44.003690
g1537 g411 45.597920 44.003690
g1537 g416 45.597920 44.003690
g1537 g421 45.597920 44.003690
g1537 g452 45.597920 44.003690
g1537 g448 45.597920 44.003690
g1537 g444 45.597920 44.003690
g1537 g440 45.597920 44.003690
g1537 g435 45.597920 44.003690
g1537 g431 45.597920 44.003690
g1537 g369 50.215450 47.982610
g1537 g374 50.295450 47.982610
g1537 g378 50.295450 47.982610
g1537 g382 50.295450 47.982610
g1537 g336 61.167930 47.329660
g1537 g348 47.265430 45.522790
g1537 g351 47.253130 45.499150
g1537 g354 47.265430 45.522790
g1537 g357 47.253130 45.499150
g1537 g360 47.265430 45.522790
g1537 g363 47.253130 45.499150
g1537 g366 47.265430 45.522790
g1537 g342 47.253130 45.499150
g1537 g339 47.265430 45.522790
g1537 g345 64.165660 47.617600
g1537 g1854 18.230600 17.180860
g1537 g1857 14.202720 14.202720
g1537 g1811 13.670510 12.804560
g1537 g1733 12.164950 12.164950
g1537 g1537 2.510020 2.510020
g1537 g1684 12.876370 12.876370
g1537 g563 12.876370 12.876370
g1537 OUTPUT 9.185850 9.185850
g1537 OUTPUT 12.770050 12.770050
g1537 OUTPUT 21.834340 17.562360
g1537 OUTPUT 24.874310 13.623710
g1537 OUTPUT 12.967710 12.276930
g1540 g32 25.006280 18.977800
g1540 g38 12.536350 10.361600
g1540 g971 53.040200 50.817340
g1540 g976 53.120200 50.817340
g1540 g981 53.120200 50.817340
g1540 g986 53.120200 50.817340
g1540 g944 57.898500 54.795680
g1540 g947 57.898500 54.795680
g1540 g950 57.898500 54.795680
g1540 g953 57.898500 54.795680
g1540 g956 57.898500 54.795680
g1540 g959 57.898500 54.795680
g1540 g962 57.898500 54.795680
g1540 g965 57.898500 54.795680
g1540 g968 57.898500 54.795680
g1540 g757 51.089140 49.609200
g1540 g481 47.441270 45.678080
g1540 g486 47.441270 45.857020
g1540 g491 47.441270 45.857020
g1540 g496 47.441270 45.857020
g1540 g501 47.441270 45.857020
g1540 g506 47.441270 45.857020
g1540 g511 47.441270 45.857020
g1540 g516 47.441270 45.857020
g1540 g476 47.441270 45.857020
g1540 g542 47.441270 45.857020
g1540 g538 47.441270 45.857020
g1540 g534 47.441270 45.857020
g1540 g530 47.441270 45.857020
g1540 g525 47.441270 45.857020
g1540 g521 47.441270 45.857020
g1540 g456 50.242700 48.019840
g1540 g461 50.322700 48.019840
g1540 g466 50.322700 48.019840
g1540 g471 50.322700 48.019840
g1540 g426 47.441270 45.678080
g1540 g386 47.441270 45.857020
g1540 g391 47.441270 45.857020
g1540 g396 47.441270 45.857020
g1540 g401 47.441270 45.857020
g1540 g406 47.441270 45.857020
g1540 g411 47.441270 45.857020
g1540 g416 47.441270 45.857020
g1540 g421 47.441270 45.857020
g1540 g452 47.441270 45.857020
g1540 g448 47.441270 45.857020
g1540 g444 47.441270 45.857020
g1540 g440 47.441270 45.857020
g1540 g435 47.441270 45.857020
g1540 g431 47.441270 45.857020
g1540 g369 52.058800 49.835940
g1540 g374 52.138800 49.835940
g1540 g378 52.138800 49.835940
g1540 g382 52.138800 49.835940
g1540 g336 63.011280 49.182990
g1540 g348 49.108780 47.376120
g1540 g351 49.096480 47.352480
g1540 g354 49.108780 47.376120
g1540 g357 49.096480 47.352480
g1540 g360 49.108780 47.376120
g1540 g363 49.096480 47.352480
g1540 g366 49.108780 47.376120
g1540 g342 49.096480 47.352480
g1540 g339 49.108780 47.376120
g1540 g345 66.009010 49.470930
g1540 g1857 13.217860 13.217860
g1540 g1618 23.353050 20.465630
g1540 g1448 18.722860 16.892030
g1540 g1540 2.510020 2.510020
g1540 g1687 12.612680 12.612680
g1540 g566 12.612680 12.612680
g1540 OUTPUT 10.558750 10.558750
g1540 OUTPUT 23.028680 19.138300
g1540 OUTPUT 26.068650 13.830380
g1540 OUTPUT 12.483600 12.483600
g1543 g32 25.362980 18.977440
g1543 g39 12.511390 10.336640
g1543 g971 52.112030 49.879190
g1543 g976 52.192030 49.879190
g1543 g981 52.192030 49.879190
g1543 g986 52.192030 49.879190
g1543 g944 56.970330 53.857530
g1543 g947 56.970330 53.857530
g1543 g950 56.970330 53.857530
g1543 g953 56.970330 53.857530
g1543 g956 56.970330 53.857530
g1543 g959 56.970330 53.857530
g1543 g962 56.970330 53.857530
g1543 g965 56.970330 53.857530
g1543 g968 56.970330 53.857530
g1543 g757 50.160970 48.671050
g1543 g481 46.513100 44.739930
g1543 g486 46.513100 44.918870
g1543 g491 46.513100 44.918870
g1543 g496 46.513100 44.918870
g1543 g501 46.513100 44.918870
g1543 g506 46.513100 44.918870
g1543 g511 46.513100 44.918870
g1543 g516 46.513100 44.918870
g1543 g476 46.513100 44.918870
g1543 g542 46.513100 44.918870
g1543 g538 46.513100 44.918870
g1543 g534 46.513100 44.918870
g1543 g530 46.513100 44.918870
g1543 g525 46.513100 44.918870
g1543 g521 46.513100 44.918870
g1543 g456 49.314530 47.081690
g1543 g461 49.394530 47.081690
g1543 g466 49.394530 47.081690
g1543 g471 49.394530 47.081690
g1543 g426 46.513100 44.739930
g1543 g386 46.513100 44.918870
g1543 g391 46.513100 44.918870
g1543 g396 46.513100 44.918870
g1543 g401 46.513100 44.918870
g1543 g406 46.513100 44.918870
g1543 g411 46.513100 44.918870
g1543 g416 46.513100 44.918870
g1543 g421 46.513100 44.918870
g1543 g452 46.513100 44.918870
g1543 g448 46.513100 44.918870
g1543 g444 46.513100 44.918870
g1543 g440 46.513100 44.918870
g1543 g435 46.513100 44.918870
g1543 g431 46.513100 44.918870
g1543 g369 51.130630 48.897790
g1543 g374 51.210630 48.897790
g1543 g378 51.210630 48.897790
g1543 g382 51.210630 48.897790
g1543 g336 62.083110 14.927610
g1543 g348 48.180610 46.437970
g1543 g351 48.168310 46.414330
g1543 g354 48.180610 46.437970
g1543 g357 48.168310 46.414330
g1543 g360 48.180610 46.437970
g1543 g363 48.168310 46.414330
g1543 g366 48.180610 46.437970
g1543 g342 48.168310 46.414330
g1543 g339 48.180610 46.437970
g1543 g345 65.080840 48.532780
g1543 g1857 13.713180 13.713180
g1543 g108 23.521260 21.161440
g1543 g1336 25.802300 22.798440
g1543 g1341 25.802300 22.798440
g1543 g1346 25.802300 22.798440
g1543 g1351 25.802300 22.798440
g1543 g1275 16.700860 16.297120
g1543 g1314 28.967670 26.248730
g1543 g1318 28.967670 26.248730
g1543 g1321 28.967670 26.248730
g1543 g1324 28.967670 26.248730
g1543 g1327 28.967670 26.248730
g1543 g1330 28.967670 26.248730
g1543 g1333 28.967670 26.248730
g1543 g1308 28.967670 26.248730
g1543 g1311 28.967670 26.248730
g1543 g105 15.023640 14.986020
g1543 g1543 2.510020 2.510020
g1543 g1654 12.529770 12.529770
g1543 g569 12.417490 12.417490
g1543 OUTPUT 10.533790 10.533790
g1543 OUTPUT 23.385380 19.137940
g1543 OUTPUT 26.425350 14.218000
g1543 OUTPUT 12.871220 12.871220
g1546 g32 23.240670 17.236670
g1546 g40 10.567640 8.392890
g1546 g971 50.638730 48.415850
g1546 g976 50.718730 48.415850
g1546 g981 50.718730 48.415850
g1546 g986 50.718730 48.415850
g1546 g944 55.497030 52.394190
g1546 g947 55.497030 52.394190
g1546 g950 55.497030 52.394190
g1546 g953 55.497030 52.394190
g1546 g956 55.497030 52.394190
g1546 g959 55.497030 52.394190
g1546 g962 55.497030 52.394190
g1546 g965 55.497030 52.394190
g1546 g968 55.497030 52.394190
g1546 g757 48.687670 47.207710
g1546 g481 45.039800 43.276590
g1546 g486 45.039800 43.455530
g1546 g491 45.039800 43.455530
g1546 g496 45.039800 43.455530
g1546 g501 45.039800 43.455530
g1546 g506 45.039800 43.455530
g1546 g511 45.039800 43.455530
g1546 g516 45.039800 43.455530
g1546 g476 45.039800 43.455530
g1546 g542 45.039800 43.455530
g1546 g538 45.039800 43.455530
g1546 g534 45.039800 43.455530
g1546 g530 45.039800 43.455530
g1546 g525 45.039800 43.455530
g1546 g521 45.039800 43.455530
g1546 g456 47.841230 45.618350
g1546 g461 47.921230 45.618350
g1546 g466 47.921230 45.618350
g1546 g471 47.921230 45.618350
g1546 g426 45.039800 43.276590
g1546 g386 45.039800 43.455530
g1546 g391 45.039800 43.455530
g1546 g396 45.039800 43.455530
g1546 g401 45.039800 43.455530
g1546 g406 45.039800 43.455530
g1546 g411 45.039800 43.455530
g1546 g416 45.039800 43.455530
g1546 g421 45.039800 43.455530
g1546 g452 45.039800 43.455530
g1546 g448 45.039800 43.455530
g1546 g444 45.039800 43.455530
g1546 g440 45.039800 43.455530
g1546 g435 45.039800 43.455530
g1546 g431 45.039800 43.455530
g1546 g369 49.657330 47.434450
g1546 g374 49.737330 47.434450
g1546 g378 49.737330 47.434450
g1546 g382 49.737330 47.434450
g1546 g336 60.609810 46.781500
g1546 g348 46.707310 44.974630
g1546 g351 46.695010 44.950990
g1546 g354 46.707310 44.974630
g1546 g357 46.695010 44.950990
g1546 g360 46.707310 44.974630
g1546 g363 46.695010 44.950990
g1546 g366 46.707310 44.974630
g1546 g342 46.695010 44.950990
g1546 g339 46.707310 44.974630
g1546 g345 63.607540 47.069440
g1546 g1857 11.666710 11.666710
g1546 g1546 2.510020 2.510020
g1546 g1657 11.064910 11.064910
g1546 g572 10.952630 10.952630
g1546 OUTPUT 8.590040 8.590040
g1546 OUTPUT 21.263070 17.397170
g1546 OUTPUT 24.303040 11.036890
g1546 OUTPUT 9.690110 9.690110
g1549 g32 26.693940 19.723820
g1549 g33 13.639250 11.464500
g1549 g971 54.099890 48.744540
g1549 g976 54.179890 48.744540
g1549 g981 54.179890 48.744540
g1549 g986 54.179890 48.744540
g1549 g944 58.958190 52.722880
g1549 g947 58.958190 52.722880
g1549 g950 58.958190 52.722880
g1549 g953 58.958190 52.722880
g1549 g956 58.958190 52.722880
g1549 g959 58.958190 52.722880
g1549 g962 58.958190 52.722880
g1549 g965 58.958190 52.722880
g1549 g968 58.958190 52.722880
g1549 g757 52.148830 47.536400
g1549 g481 48.500960 43.605280
g1549 g486 48.500960 43.784220
g1549 g491 48.500960 43.784220
g1549 g496 48.500960 43.784220
g1549 g501 48.500960 43.784220
g1549 g506 48.500960 43.784220
g1549 g511 48.500960 43.784220
g1549 g516 48.500960 43.784220
g1549 g476 48.500960 43.784220
g1549 g542 48.500960 43.784220
g1549 g538 48.500960 43.784220
g1549 g534 48.500960 43.784220
g1549 g530 48.500960 43.784220
g1549 g525 48.500960 43.784220
g1549 g521 48.500960 43.784220
g1549 g456 51.302390 45.947040
g1549 g461 51.382390 45.947040
g1549 g466 51.382390 45.947040
g1549 g471 51.382390 45.947040
g1549 g426 48.500960 43.605280
g1549 g386 48.500960 43.784220
g1549 g391 48.500960 43.784220
g1549 g396 48.500960 43.784220
g1549 g401 48.500960 43.784220
g1549 g406 48.500960 43.784220
g1549 g411 48.500960 43.784220
g1549 g416 48.500960 43.784220
g1549 g421 48.500960 43.784220
g1549 g452 48.500960 43.784220
g1549 g448 48.500960 43.784220
g1549 g444 48.500960 43.784220
g1549 g440 48.500960 43.784220
g1549 g435 48.500960 43.784220
g1549 g431 48.500960 43.784220
g1549 g369 53.118490 47.763140
g1549 g374 53.198490 47.763140
g1549 g378 53.198490 47.763140
g1549 g382 53.198490 47.763140
g1549 g336 64.070970 47.110190
g1549 g348 50.168470 45.303320
g1549 g351 50.156170 45.279680
g1549 g354 50.168470 45.303320
g1549 g357 50.156170 45.279680
g1549 g360 50.168470 45.303320
g1549 g363 50.156170 45.279680
g1549 g366 50.168470 45.303320
g1549 g342 50.156170 45.279680
g1549 g339 50.168470 45.303320
g1549 g345 67.068700 47.398130
g1549 g1854 13.176230 13.176230
g1549 g1857 14.261040 14.261040
g1549 g1648 14.345000 14.345000
g1549 g1811 14.775440 14.775440
g1549 g1721 12.728180 12.728180
g1549 g1549 2.704060 2.704060
g1549 g1660 14.268120 14.268120
g1549 g1672 14.074630 14.074630
g1549 g546 14.074630 14.074630
g1549 g575 14.239840 14.239840
g1549 OUTPUT 11.661650 11.661650
g1549 OUTPUT 12.337480 12.337480
g1549 OUTPUT 24.716340 19.884320
g1549 OUTPUT 27.756310 21.467030
g1549 OUTPUT 12.535140 12.535140
g1552 g32 25.823960 19.235380
g1552 g34 12.947830 10.773080
g1552 g971 53.878920 51.656040
g1552 g976 53.958920 51.656040
g1552 g981 53.958920 51.656040
g1552 g986 53.958920 51.656040
g1552 g944 58.737220 55.634380
g1552 g947 58.737220 55.634380
g1552 g950 58.737220 55.634380
g1552 g953 58.737220 55.634380
g1552 g956 58.737220 55.634380
g1552 g959 58.737220 55.634380
g1552 g962 58.737220 55.634380
g1552 g965 58.737220 55.634380
g1552 g968 58.737220 55.634380
g1552 g757 51.927860 50.447900
g1552 g481 48.279990 46.516780
g1552 g486 48.279990 46.695720
g1552 g491 48.279990 46.695720
g1552 g496 48.279990 46.695720
g1552 g501 48.279990 46.695720
g1552 g506 48.279990 46.695720
g1552 g511 48.279990 46.695720
g1552 g516 48.279990 46.695720
g1552 g476 48.279990 46.695720
g1552 g542 48.279990 46.695720
g1552 g538 48.279990 46.695720
g1552 g534 48.279990 46.695720
g1552 g530 48.279990 46.695720
g1552 g525 48.279990 46.695720
g1552 g521 48.279990 46.695720
g1552 g456 51.081420 48.858540
g1552 g461 51.161420 48.858540
g1552 g466 51.161420 48.858540
g1552 g471 51.161420 48.858540
g1552 g426 48.279990 46.516780
g1552 g386 48.279990 46.695720
g1552 g391 48.279990 46.695720
g1552 g396 48.279990 46.695720
g1552 g401 48.279990 46.695720
g1552 g406 48.279990 46.695720
g1552 g411 48.279990 46.695720
g1552 g416 48.279990 46.695720
g1552 g421 48.279990 46.695720
g1552 g452 48.279990 46.695720
g1552 g448 48.279990 46.695720
g1552 g444 48.279990 46.695720
g1552 g440 48.279990 46.695720
g1552 g435 48.279990 46.695720
g1552 g431 48.279990 46.695720
g1552 g369 52.897520 50.674640
g1552 g374 52.977520 50.674640
g1552 g378 52.977520 50.674640
g1552 g382 52.977520 50.674640
g1552 g336 63.850000 50.021690
g1552 g348 49.947500 48.214820
g1552 g351 49.935200 48.191180
g1552 g354 49.947500 48.214820
g1552 g357 49.935200 48.191180
g1552 g360 49.947500 48.214820
g1552 g363 49.935200 48.191180
g1552 g366 49.947500 48.214820
g1552 g342 49.935200 48.191180
g1552 g339 49.947500 48.214820
g1552 g345 66.847730 50.309630
g1552 g1857 13.518740 13.518740
g1552 g1651 13.543150 13.543150
g1552 g1811 13.938860 13.938860
g1552 g1724 11.926330 11.926330
g1552 g1552 2.704060 2.704060
g1552 g1663 13.734710 13.734710
g1552 g1675 13.526580 13.526580
g1552 g554 13.526580 13.526580
g1552 g549 13.622430 13.622430
g1552 OUTPUT 10.970230 10.970230
g1552 OUTPUT 12.195630 12.195630
g1552 OUTPUT 23.846360 19.395880
g1552 OUTPUT 26.886330 20.978590
g1552 OUTPUT 12.393290 12.393290
g1555 g32 25.631720 19.221640
g1555 g35 12.958690 10.783940
g1555 g971 53.253090 51.020250
g1555 g976 53.333090 51.020250
g1555 g981 53.333090 51.020250
g1555 g986 53.333090 51.020250
g1555 g944 58.111390 54.998590
g1555 g947 58.111390 54.998590
g1555 g950 58.111390 54.998590
g1555 g953 58.111390 54.998590
g1555 g956 58.111390 54.998590
g1555 g959 58.111390 54.998590
g1555 g962 58.111390 54.998590
g1555 g965 58.111390 54.998590
g1555 g968 58.111390 54.998590
g1555 g757 51.302030 49.812110
g1555 g481 47.654160 45.880990
g1555 g486 47.654160 46.059930
g1555 g491 47.654160 46.059930
g1555 g496 47.654160 46.059930
g1555 g501 47.654160 46.059930
g1555 g506 47.654160 46.059930
g1555 g511 47.654160 46.059930
g1555 g516 47.654160 46.059930
g1555 g476 47.654160 46.059930
g1555 g542 47.654160 46.059930
g1555 g538 47.654160 46.059930
g1555 g534 47.654160 46.059930
g1555 g530 47.654160 46.059930
g1555 g525 47.654160 46.059930
g1555 g521 47.654160 46.059930
g1555 g456 50.455590 48.222750
g1555 g461 50.535590 48.222750
g1555 g466 50.535590 48.222750
g1555 g471 50.535590 48.222750
g1555 g426 47.654160 45.880990
g1555 g386 47.654160 46.059930
g1555 g391 47.654160 46.059930
g1555 g396 47.654160 46.059930
g1555 g401 47.654160 46.059930
g1555 g406 47.654160 46.059930
g1555 g411 47.654160 46.059930
g1555 g416 47.654160 46.059930
g1555 g421 47.654160 46.059930
g1555 g452 47.654160 46.059930
g1555 g448 47.654160 46.059930
g1555 g444 47.654160 46.059930
g1555 g440 47.654160 46.059930
g1555 g435 47.654160 46.059930
g1555 g431 47.654160 46.059930
g1555 g369 52.271690 50.038850
g1555 g374 52.351690 50.038850
g1555 g378 52.351690 50.038850
g1555 g382 52.351690 50.038850
g1555 g336 63.224170 49.385900
g1555 g348 49.321670 47.579030
g1555 g351 49.309370 47.555390
g1555 g354 49.321670 47.579030
g1555 g357 49.309370 47.555390
g1555 g360 49.321670 47.579030
g1555 g363 49.309370 47.555390
g1555 g366 49.321670 47.579030
g1555 g342 49.309370 47.555390
g1555 g339 49.321670 47.579030
g1555 g345 66.221900 49.673840
g1555 g1857 14.045080 14.045080
g1555 g1642 13.529470 13.529470
g1555 g1811 13.746010 13.746010
g1555 g1727 11.912650 11.912650
g1555 g1555 2.704060 2.704060
g1555 g1666 11.880400 11.880400
g1555 g1678 13.394070 13.394070
g1555 g557 13.394070 13.394070
g1555 OUTPUT 10.981090 10.981090
g1555 OUTPUT 11.421720 11.421720
g1555 OUTPUT 23.654120 19.382140
g1555 OUTPUT 26.694090 20.964850
g1555 OUTPUT 11.619380 11.619380
g1558 g32 26.005760 19.620160
g1558 g36 13.154170 10.979420
g1558 g971 53.919020 51.696160
g1558 g976 53.999020 51.696160
g1558 g981 53.999020 51.696160
g1558 g986 53.999020 51.696160
g1558 g944 58.777320 55.674500
g1558 g947 58.777320 55.674500
g1558 g950 58.777320 55.674500
g1558 g953 58.777320 55.674500
g1558 g956 58.777320 55.674500
g1558 g959 58.777320 55.674500
g1558 g962 58.777320 55.674500
g1558 g965 58.777320 55.674500
g1558 g968 58.777320 55.674500
g1558 g757 51.967960 50.488020
g1558 g481 48.320090 46.556900
g1558 g486 48.320090 46.735840
g1558 g491 48.320090 46.735840
g1558 g496 48.320090 46.735840
g1558 g501 48.320090 46.735840
g1558 g506 48.320090 46.735840
g1558 g511 48.320090 46.735840
g1558 g516 48.320090 46.735840
g1558 g476 48.320090 46.735840
g1558 g542 48.320090 46.735840
g1558 g538 48.320090 46.735840
g1558 g534 48.320090 46.735840
g1558 g530 48.320090 46.735840
g1558 g525 48.320090 46.735840
g1558 g521 48.320090 46.735840
g1558 g456 51.121520 48.898660
g1558 g461 51.201520 48.898660
g1558 g466 51.201520 48.898660
g1558 g471 51.201520 48.898660
g1558 g426 48.320090 46.556900
g1558 g386 48.320090 46.735840
g1558 g391 48.320090 46.735840
g1558 g396 48.320090 46.735840
g1558 g401 48.320090 46.735840
g1558 g406 48.320090 46.735840
g1558 g411 48.320090 46.735840
g1558 g416 48.320090 46.735840
g1558 g421 48.320090 46.735840
g1558 g452 48.320090 46.735840
g1558 g448 48.320090 46.735840
g1558 g444 48.320090 46.735840
g1558 g440 48.320090 46.735840
g1558 g435 48.320090 46.735840
g1558 g431 48.320090 46.735840
g1558 g369 52.937620 50.714760
g1558 g374 53.017620 50.714760
g1558 g378 53.017620 50.714760
g1558 g382 53.017620 50.714760
g1558 g336 63.890100 50.061810
g1558 g348 49.987600 48.254940
g1558 g351 49.975300 48.231300
g1558 g354 49.987600 48.254940
g1558 g357 49.975300 48.231300
g1558 g360 49.987600 48.254940
g1558 g363 49.975300 48.231300
g1558 g366 49.987600 48.254940
g1558 g342 49.975300 48.231300
g1558 g339 49.987600 48.254940
g1558 g345 66.887830 50.349750
g1558 g1857 14.137840 14.137840
g1558 g1645 13.761760 13.761760
g1558 g1811 13.438000 13.438000
g1558 g1730 12.144940 12.144940
g1558 g1558 2.704060 2.704060
g1558 g1669 11.716970 11.716970
g1558 g1681 13.589550 13.589550
g1558 g560 13.589550 13.589550
g1558 OUTPUT 11.176570 11.176570
g1558 OUTPUT 13.567600 13.567600
g1558 OUTPUT 24.028160 19.780660
g1558 OUTPUT 27.068130 14.212090
g1558 OUTPUT 13.765260 12.865310
g1561 g32 24.322080 17.912000
g1561 g37 11.673590 9.498840
g1561 g971 51.706990 49.474150
g1561 g976 51.786990 49.474150
g1561 g981 51.786990 49.474150
g1561 g986 51.786990 49.474150
g1561 g944 56.565290 53.452490
g1561 g947 56.565290 53.452490
g1561 g950 56.565290 53.452490
g1561 g953 56.565290 53.452490
g1561 g956 56.565290 53.452490
g1561 g959 56.565290 53.452490
g1561 g962 56.565290 53.452490
g1561 g965 56.565290 53.452490
g1561 g968 56.565290 53.452490
g1561 g757 49.755930 48.266010
g1561 g481 46.108060 44.334890
g1561 g486 46.108060 44.513830
g1561 g491 46.108060 44.513830
g1561 g496 46.108060 44.513830
g1561 g501 46.108060 44.513830
g1561 g506 46.108060 44.513830
g1561 g511 46.108060 44.513830
g1561 g516 46.108060 44.513830
g1561 g476 46.108060 44.513830
g1561 g542 46.108060 44.513830
g1561 g538 46.108060 44.513830
g1561 g534 46.108060 44.513830
g1561 g530 46.108060 44.513830
g1561 g525 46.108060 44.513830
g1561 g521 46.108060 44.513830
g1561 g456 48.909490 46.676650
g1561 g461 48.989490 46.676650
g1561 g466 48.989490 46.676650
g1561 g471 48.989490 46.676650
g1561 g426 46.108060 44.334890
g1561 g386 46.108060 44.513830
g1561 g391 46.108060 44.513830
g1561 g396 46.108060 44.513830
g1561 g401 46.108060 44.513830
g1561 g406 46.108060 44.513830
g1561 g411 46.108060 44.513830
g1561 g416 46.108060 44.513830
g1561 g421 46.108060 44.513830
g1561 g452 46.108060 44.513830
g1561 g448 46.108060 44.513830
g1561 g444 46.108060 44.513830
g1561 g440 46.108060 44.513830
g1561 g435 46.108060 44.513830
g1561 g431 46.108060 44.513830
g1561 g369 50.725590 48.492750
g1561 g374 50.805590 48.492750
g1561 g378 50.805590 48.492750
g1561 g382 50.805590 48.492750
g1561 g336 61.678070 47.839800
g1561 g348 47.775570 46.032930
g1561 g351 47.763270 46.009290
g1561 g354 47.775570 46.032930
g1561 g357 47.763270 46.009290
g1561 g360 47.775570 46.032930
g1561 g363 47.763270 46.009290
g1561 g366 47.775570 46.032930
g1561 g342 47.763270 46.009290
g1561 g339 47.775570 46.032930
g1561 g345 64.675800 48.127740
g1561 g1854 18.740740 17.691000
g1561 g1857 14.712860 14.712860
g1561 g1811 14.180650 13.314700
g1561 g1733 12.675090 12.675090
g1561 g1561 2.704060 2.704060
g1561 g1684 13.386510 13.386510
g1561 g563 13.386510 13.386510
g1561 OUTPUT 9.695990 9.695990
g1561 OUTPUT 13.280190 13.280190
g1561 OUTPUT 22.344480 18.072500
g1561 OUTPUT 25.384450 14.133850
g1561 OUTPUT 13.477850 12.787070
g1564 g32 25.516420 19.487940
g1564 g38 13.046490 10.871740
g1564 g971 53.550340 51.327480
g1564 g976 53.630340 51.327480
g1564 g981 53.630340 51.327480
g1564 g986 53.630340 51.327480
g1564 g944 58.408640 55.305820
g1564 g947 58.408640 55.305820
g1564 g950 58.408640 55.305820
g1564 g953 58.408640 55.305820
g1564 g956 58.408640 55.305820
g1564 g959 58.408640 55.305820
g1564 g962 58.408640 55.305820
g1564 g965 58.408640 55.305820
g1564 g968 58.408640 55.305820
g1564 g757 51.599280 50.119340
g1564 g481 47.951410 46.188220
g1564 g486 47.951410 46.367160
g1564 g491 47.951410 46.367160
g1564 g496 47.951410 46.367160
g1564 g501 47.951410 46.367160
g1564 g506 47.951410 46.367160
g1564 g511 47.951410 46.367160
g1564 g516 47.951410 46.367160
g1564 g476 47.951410 46.367160
g1564 g542 47.951410 46.367160
g1564 g538 47.951410 46.367160
g1564 g534 47.951410 46.367160
g1564 g530 47.951410 46.367160
g1564 g525 47.951410 46.367160
g1564 g521 47.951410 46.367160
g1564 g456 50.752840 48.529980
g1564 g461 50.832840 48.529980
g1564 g466 50.832840 48.529980
g1564 g471 50.832840 48.529980
g1564 g426 47.951410 46.188220
g1564 g386 47.951410 46.367160
g1564 g391 47.951410 46.367160
g1564 g396 47.951410 46.367160
g1564 g401 47.951410 46.367160
g1564 g406 47.951410 46.367160
g1564 g411 47.951410 46.367160
g1564 g416 47.951410 46.367160
g1564 g421 47.951410 46.367160
g1564 g452 47.951410 46.367160
g1564 g448 47.951410 46.367160
g1564 g444 47.951410 46.367160
g1564 g440 47.951410 46.367160
g1564 g435 47.951410 46.367160
g1564 g431 47.951410 46.367160
g1564 g369 52.568940 50.346080
g1564 g374 52.648940 50.346080
g1564 g378 52.648940 50.346080
g1564 g382 52.648940 50.346080
g1564 g336 63.521420 49.693130
g1564 g348 49.618920 47.886260
g1564 g351 49.606620 47.862620
g1564 g354 49.618920 47.886260
g1564 g357 49.606620 47.862620
g1564 g360 49.618920 47.886260
g1564 g363 49.606620 47.862620
g1564 g366 49.618920 47.886260
g1564 g342 49.606620 47.862620
g1564 g339 49.618920 47.886260
g1564 g345 66.519150 49.981070
g1564 g1857 13.728000 13.728000
g1564 g1618 23.863190 20.975770
g1564 g1448 19.233000 17.402170
g1564 g1564 2.704060 2.704060
g1564 g1687 13.122820 13.122820
g1564 g566 13.122820 13.122820
g1564 OUTPUT 11.068890 11.068890
g1564 OUTPUT 23.538820 19.648440
g1564 OUTPUT 26.578790 14.340520
g1564 OUTPUT 12.993740 12.993740
g1567 g32 26.307400 19.337280
g1567 g33 13.252710 11.077960
g1567 g971 53.713350 48.358000
g1567 g976 53.793350 48.358000
g1567 g981 53.793350 48.358000
g1567 g986 53.793350 48.358000
g1567 g944 58.571650 52.336340
g1567 g947 58.571650 52.336340
g1567 g950 58.571650 52.336340
g1567 g953 58.571650 52.336340
g1567 g956 58.571650 52.336340
g1567 g959 58.571650 52.336340
g1567 g962 58.571650 52.336340
g1567 g965 58.571650 52.336340
g1567 g968 58.571650 52.336340
g1567 g757 51.762290 47.149860
g1567 g481 48.114420 43.218740
g1567 g486 48.114420 43.397680
g1567 g491 48.114420 43.397680
g1567 g496 48.114420 43.397680
g1567 g501 48.114420 43.397680
g1567 g506 48.114420 43.397680
g1567 g511 48.114420 43.397680
g1567 g516 48.114420 43.397680
g1567 g476 48.114420 43.397680
g1567 g542 48.114420 43.397680
g1567 g538 48.114420 43.397680
g1567 g534 48.114420 43.397680
g1567 g530 48.114420 43.397680
g1567 g525 48.114420 43.397680
g1567 g521 48.114420 43.397680
g1567 g456 50.915850 45.560500
g1567 g461 50.995850 45.560500
g1567 g466 50.995850 45.560500
g1567 g471 50.995850 45.560500
g1567 g426 48.114420 43.218740
g1567 g386 48.114420 43.397680
g1567 g391 48.114420 43.397680
g1567 g396 48.114420 43.397680
g1567 g401 48.114420 43.397680
g1567 g406 48.114420 43.397680
g1567 g411 48.114420 43.397680
g1567 g416 48.114420 43.397680
g1567 g421 48.114420 43.397680
g1567 g452 48.114420 43.397680
g1567 g448 48.114420 43.397680
g1567 g444 48.114420 43.397680
g1567 g440 48.114420 43.397680
g1567 g435 48.114420 43.397680
g1567 g431 48.114420 43.397680
g1567 g369 52.731950 47.376600
g1567 g374 52.811950 47.376600
g1567 g378 52.811950 47.376600
g1567 g382 52.811950 47.376600
g1567 g336 63.684430 46.723650
g1567 g348 49.781930 44.916780
g1567 g351 49.769630 44.893140
g1567 g354 49.781930 44.916780
g1567 g357 49.769630 44.893140
g1567 g360 49.781930 44.916780
g1567 g363 49.769630 44.893140
g1567 g366 49.781930 44.916780
g1567 g342 49.769630 44.893140
g1567 g339 49.781930 44.916780
g1567 g345 66.682160 47.011590
g1567 g1854 12.789690 12.789690
g1567 g1857 13.874500 13.874500
g1567 g1648 13.958460 13.958460
g1567 g1811 14.388900 14.388900
g1567 g1721 12.341640 12.341640
g1567 g1567 2.510020 2.510020
g1567 g1660 13.881580 13.881580
g1567 g1672 13.688090 13.688090
g1567 g546 13.688090 13.688090
g1567 g575 13.853300 13.853300
g1567 OUTPUT 11.275110 11.275110
g1567 OUTPUT 11.950940 11.950940
g1567 OUTPUT 24.329800 19.497780
g1567 OUTPUT 27.369770 21.080490
g1567 OUTPUT 12.148600 12.148600
g1571 g32 25.437420 18.848840
g1571 g34 12.561290 10.386540
g1571 g971 53.492380 51.269500
g1571 g976 53.572380 51.269500
g1571 g981 53.572380 51.269500
g1571 g986 53.572380 51.269500
g1571 g944 58.350680 55.247840
g1571 g947 58.350680 55.247840
g1571 g950 58.350680 55.247840
g1571 g953 58.350680 55.247840
g1571 g956 58.350680 55.247840
g1571 g959 58.350680 55.247840
g1571 g962 58.350680 55.247840
g1571 g965 58.350680 55.247840
g1571 g968 58.350680 55.247840
g1571 g757 51.541320 50.061360
g1571 g481 47.893450 46.130240
g1571 g486 47.893450 46.309180
g1571 g491 47.893450 46.309180
g1571 g496 47.893450 46.309180
g1571 g501 47.893450 46.309180
g1571 g506 47.893450 46.309180
g1571 g511 47.893450 46.309180
g1571 g516 47.893450 46.309180
g1571 g476 47.893450 46.309180
g1571 g542 47.893450 46.309180
g1571 g538 47.893450 46.309180
g1571 g534 47.893450 46.309180
g1571 g530 47.893450 46.309180
g1571 g525 47.893450 46.309180
g1571 g521 47.893450 46.309180
g1571 g456 50.694880 48.472000
g1571 g461 50.774880 48.472000
g1571 g466 50.774880 48.472000
g1571 g471 50.774880 48.472000
g1571 g426 47.893450 46.130240
g1571 g386 47.893450 46.309180
g1571 g391 47.893450 46.309180
g1571 g396 47.893450 46.309180
g1571 g401 47.893450 46.309180
g1571 g406 47.893450 46.309180
g1571 g411 47.893450 46.309180
g1571 g416 47.893450 46.309180
g1571 g421 47.893450 46.309180
g1571 g452 47.893450 46.309180
g1571 g448 47.893450 46.309180
g1571 g444 47.893450 46.309180
g1571 g440 47.893450 46.309180
g1571 g435 47.893450 46.309180
g1571 g431 47.893450 46.309180
g1571 g369 52.510980 50.288100
g1571 g374 52.590980 50.288100
g1571 g378 52.590980 50.288100
g1571 g382 52.590980 50.288100
g1571 g336 63.463460 49.635150
g1571 g348 49.560960 47.828280
g1571 g351 49.548660 47.804640
g1571 g354 49.560960 47.828280
g1571 g357 49.548660 47.804640
g1571 g360 49.560960 47.828280
g1571 g363 49.548660 47.804640
g1571 g366 49.560960 47.828280
g1571 g342 49.548660 47.804640
g1571 g339 49.560960 47.828280
g1571 g345 66.461190 49.923090
g1571 g1857 13.132200 13.132200
g1571 g1651 13.156610 13.156610
g1571 g1811 13.552320 13.552320
g1571 g1724 11.539790 11.539790
g1571 g1571 2.510020 2.510020
g1571 g1663 13.348170 13.348170
g1571 g1675 13.140040 13.140040
g1571 g554 13.140040 13.140040
g1571 g549 13.235890 13.235890
g1571 OUTPUT 10.583690 10.583690
g1571 OUTPUT 11.809090 11.809090
g1571 OUTPUT 23.459820 19.009340
g1571 OUTPUT 26.499790 20.592050
g1571 OUTPUT 12.006750 12.006750
g1574 g32 25.245180 18.835100
g1574 g35 12.572150 10.397400
g1574 g971 52.866550 50.633710
g1574 g976 52.946550 50.633710
g1574 g981 52.946550 50.633710
g1574 g986 52.946550 50.633710
g1574 g944 57.724850 54.612050
g1574 g947 57.724850 54.612050
g1574 g950 57.724850 54.612050
g1574 g953 57.724850 54.612050
g1574 g956 57.724850 54.612050
g1574 g959 57.724850 54.612050
g1574 g962 57.724850 54.612050
g1574 g965 57.724850 54.612050
g1574 g968 57.724850 54.612050
g1574 g757 50.915490 49.425570
g1574 g481 47.267620 45.494450
g1574 g486 47.267620 45.673390
g1574 g491 47.267620 45.673390
g1574 g496 47.267620 45.673390
g1574 g501 47.267620 45.673390
g1574 g506 47.267620 45.673390
g1574 g511 47.267620 45.673390
g1574 g516 47.267620 45.673390
g1574 g476 47.267620 45.673390
g1574 g542 47.267620 45.673390
g1574 g538 47.267620 45.673390
g1574 g534 47.267620 45.673390
g1574 g530 47.267620 45.673390
g1574 g525 47.267620 45.673390
g1574 g521 47.267620 45.673390
g1574 g456 50.069050 47.836210
g1574 g461 50.149050 47.836210
g1574 g466 50.149050 47.836210
g1574 g471 50.149050 47.836210
g1574 g426 47.267620 45.494450
g1574 g386 47.267620 45.673390
g1574 g391 47.267620 45.673390
g1574 g396 47.267620 45.673390
g1574 g401 47.267620 45.673390
g1574 g406 47.267620 45.673390
g1574 g411 47.267620 45.673390
g1574 g416 47.267620 45.673390
g1574 g421 47.267620 45.673390
g1574 g452 47.267620 45.673390
g1574 g448 47.267620 45.673390
g1574 g444 47.267620 45.673390
g1574 g440 47.267620 45.673390
g1574 g435 47.267620 45.673390
g1574 g431 47.267620 45.673390
g1574 g369 51.885150 49.652310
g1574 g374 51.965150 49.652310
g1574 g378 51.965150 49.652310
g1574 g382 51.965150 49.652310
g1574 g336 62.837630 48.999360
g1574 g348 48.935130 47.192490
g1574 g351 48.922830 47.168850
g1574 g354 48.935130 47.192490
g1574 g357 48.922830 47.168850
g1574 g360 48.935130 47.192490
g1574 g363 48.922830 47.168850
g1574 g366 48.935130 47.192490
g1574 g342 48.922830 47.168850
g1574 g339 48.935130 47.192490
g1574 g345 65.835360 49.287300
g1574 g1857 13.658540 13.658540
g1574 g1642 13.142930 13.142930
g1574 g1811 13.359470 13.359470
g1574 g1727 11.526110 11.526110
g1574 g1574 2.510020 2.510020
g1574 g1666 11.493860 11.493860
g1574 g1678 13.007530 13.007530
g1574 g557 13.007530 13.007530
g1574 OUTPUT 10.594550 10.594550
g1574 OUTPUT 11.035180 11.035180
g1574 OUTPUT 23.267580 18.995600
g1574 OUTPUT 26.307550 20.578310
g1574 OUTPUT 11.232840 11.232840
g1577 g32 25.619220 19.233620
g1577 g36 12.767630 10.592880
g1577 g971 53.532480 51.309620
g1577 g976 53.612480 51.309620
g1577 g981 53.612480 51.309620
g1577 g986 53.612480 51.309620
g1577 g944 58.390780 55.287960
g1577 g947 58.390780 55.287960
g1577 g950 58.390780 55.287960
g1577 g953 58.390780 55.287960
g1577 g956 58.390780 55.287960
g1577 g959 58.390780 55.287960
g1577 g962 58.390780 55.287960
g1577 g965 58.390780 55.287960
g1577 g968 58.390780 55.287960
g1577 g757 51.581420 50.101480
g1577 g481 47.933550 46.170360
g1577 g486 47.933550 46.349300
g1577 g491 47.933550 46.349300
g1577 g496 47.933550 46.349300
g1577 g501 47.933550 46.349300
g1577 g506 47.933550 46.349300
g1577 g511 47.933550 46.349300
g1577 g516 47.933550 46.349300
g1577 g476 47.933550 46.349300
g1577 g542 47.933550 46.349300
g1577 g538 47.933550 46.349300
g1577 g534 47.933550 46.349300
g1577 g530 47.933550 46.349300
g1577 g525 47.933550 46.349300
g1577 g521 47.933550 46.349300
g1577 g456 50.734980 48.512120
g1577 g461 50.814980 48.512120
g1577 g466 50.814980 48.512120
g1577 g471 50.814980 48.512120
g1577 g426 47.933550 46.170360
g1577 g386 47.933550 46.349300
g1577 g391 47.933550 46.349300
g1577 g396 47.933550 46.349300
g1577 g401 47.933550 46.349300
g1577 g406 47.933550 46.349300
g1577 g411 47.933550 46.349300
g1577 g416 47.933550 46.349300
g1577 g421 47.933550 46.349300
g1577 g452 47.933550 46.349300
g1577 g448 47.933550 46.349300
g1577 g444 47.933550 46.349300
g1577 g440 47.933550 46.349300
g1577 g435 47.933550 46.349300
g1577 g431 47.933550 46.349300
g1577 g369 52.551080 50.328220
g1577 g374 52.631080 50.328220
g1577 g378 52.631080 50.328220
g1577 g382 52.631080 50.328220
g1577 g336 63.503560 49.675270
g1577 g348 49.601060 47.868400
g1577 g351 49.588760 47.844760
g1577 g354 49.601060 47.868400
g1577 g357 49.588760 47.844760
g1577 g360 49.601060 47.868400
g1577 g363 49.588760 47.844760
g1577 g366 49.601060 47.868400
g1577 g342 49.588760 47.844760
g1577 g339 49.601060 47.868400
g1577 g345 66.501290 49.963210
g1577 g1857 13.751300 13.751300
g1577 g1645 13.375220 13.375220
g1577 g1811 13.051460 13.051460
g1577 g1730 11.758400 11.758400
g1577 g1577 2.510020 2.510020
g1577 g1669 11.330430 11.330430
g1577 g1681 13.203010 13.203010
g1577 g560 13.203010 13.203010
g1577 OUTPUT 10.790030 10.790030
g1577 OUTPUT 13.181060 13.181060
g1577 OUTPUT 23.641620 19.394120
g1577 OUTPUT 26.681590 13.825550
g1577 OUTPUT 13.378720 12.478770
g1580 g32 23.935540 17.525460
g1580 g37 11.287050 9.112300
g1580 g971 51.320450 49.087610
g1580 g976 51.400450 49.087610
g1580 g981 51.400450 49.087610
g1580 g986 51.400450 49.087610
g1580 g944 56.178750 53.065950
g1580 g947 56.178750 53.065950
g1580 g950 56.178750 53.065950
g1580 g953 56.178750 53.065950
g1580 g956 56.178750 53.065950
g1580 g959 56.178750 53.065950
g1580 g962 56.178750 53.065950
g1580 g965 56.178750 53.065950
g1580 g968 56.178750 53.065950
g1580 g757 49.369390 47.879470
g1580 g481 45.721520 43.948350
g1580 g486 45.721520 44.127290
g1580 g491 45.721520 44.127290
g1580 g496 45.721520 44.127290
g1580 g501 45.721520 44.127290
g1580 g506 45.721520 44.127290
g1580 g511 45.721520 44.127290
g1580 g516 45.721520 44.127290
g1580 g476 45.721520 44.127290
g1580 g542 45.721520 44.127290
g1580 g538 45.721520 44.127290
g1580 g534 45.721520 44.127290
g1580 g530 45.721520 44.127290
g1580 g525 45.721520 44.127290
g1580 g521 45.721520 44.127290
g1580 g456 48.522950 46.290110
g1580 g461 48.602950 46.290110
g1580 g466 48.602950 46.290110
g1580 g471 48.602950 46.290110
g1580 g426 45.721520 43.948350
g1580 g386 45.721520 44.127290
g1580 g391 45.721520 44.127290
g1580 g396 45.721520 44.127290
g1580 g401 45.721520 44.127290
g1580 g406 45.721520 44.127290
g1580 g411 45.721520 44.127290
g1580 g416 45.721520 44.127290
g1580 g421 45.721520 44.127290
g1580 g452 45.721520 44.127290
g1580 g448 45.721520 44.127290
g1580 g444 45.721520 44.127290
g1580 g440 45.721520 44.127290
g1580 g435 45.721520 44.127290
g1580 g431 45.721520 44.127290
g1580 g369 50.339050 48.106210
g1580 g374 50.419050 48.106210
g1580 g378 50.419050 48.106210
g1580 g382 50.419050 48.106210
g1580 g336 61.291530 47.453260
g1580 g348 47.389030 45.646390
g1580 g351 47.376730 45.622750
g1580 g354 47.389030 45.646390
g1580 g357 47.376730 45.622750
g1580 g360 47.389030 45.646390
g1580 g363 47.376730 45.622750
g1580 g366 47.389030 45.646390
g1580 g342 47.376730 45.622750
g1580 g339 47.389030 45.646390
g1580 g345 64.289260 47.741200
g1580 g1854 18.354200 17.304460
g1580 g1857 14.326320 14.326320
g1580 g1811 13.794110 12.928160
g1580 g1733 12.288550 12.288550
g1580 g1580 2.510020 2.510020
g1580 g1684 12.999970 12.999970
g1580 g563 12.999970 12.999970
g1580 OUTPUT 9.309450 9.309450
g1580 OUTPUT 12.893650 12.893650
g1580 OUTPUT 21.957940 17.685960
g1580 OUTPUT 24.997910 13.747310
g1580 OUTPUT 13.091310 12.400530
g1583 g32 25.129880 19.101400
g1583 g38 12.659950 10.485200
g1583 g971 53.163800 50.940940
g1583 g976 53.243800 50.940940
g1583 g981 53.243800 50.940940
g1583 g986 53.243800 50.940940
g1583 g944 58.022100 54.919280
g1583 g947 58.022100 54.919280
g1583 g950 58.022100 54.919280
g1583 g953 58.022100 54.919280
g1583 g956 58.022100 54.919280
g1583 g959 58.022100 54.919280
g1583 g962 58.022100 54.919280
g1583 g965 58.022100 54.919280
g1583 g968 58.022100 54.919280
g1583 g757 51.212740 49.732800
g1583 g481 47.564870 45.801680
g1583 g486 47.564870 45.980620
g1583 g491 47.564870 45.980620
g1583 g496 47.564870 45.980620
g1583 g501 47.564870 45.980620
g1583 g506 47.564870 45.980620
g1583 g511 47.564870 45.980620
g1583 g516 47.564870 45.980620
g1583 g476 47.564870 45.980620
g1583 g542 47.564870 45.980620
g1583 g538 47.564870 45.980620
g1583 g534 47.564870 45.980620
g1583 g530 47.564870 45.980620
g1583 g525 47.564870 45.980620
g1583 g521 47.564870 45.980620
g1583 g456 50.366300 48.143440
g1583 g461 50.446300 48.143440
g1583 g466 50.446300 48.143440
g1583 g471 50.446300 48.143440
g1583 g426 47.564870 45.801680
g1583 g386 47.564870 45.980620
g1583 g391 47.564870 45.980620
g1583 g396 47.564870 45.980620
g1583 g401 47.564870 45.980620
g1583 g406 47.564870 45.980620
g1583 g411 47.564870 45.980620
g1583 g416 47.564870 45.980620
g1583 g421 47.564870 45.980620
g1583 g452 47.564870 45.980620
g1583 g448 47.564870 45.980620
g1583 g444 47.564870 45.980620
g1583 g440 47.564870 45.980620
g1583 g435 47.564870 45.980620
g1583 g431 47.564870 45.980620
g1583 g369 52.182400 49.959540
g1583 g374 52.262400 49.959540
g1583 g378 52.262400 49.959540
g1583 g382 52.262400 49.959540
g1583 g336 63.134880 49.306590
g1583 g348 49.232380 47.499720
g1583 g351 49.220080 47.476080
g1583 g354 49.232380 47.499720
g1583 g357 49.220080 47.476080
g1583 g360 49.232380 47.499720
g1583 g363 49.220080 47.476080
g1583 g366 49.232380 47.499720
g1583 g342 49.220080 47.476080
g1583 g339 49.232380 47.499720
g1583 g345 66.132610 49.594530
g1583 g1857 13.341460 13.341460
g1583 g1618 23.476650 20.589230
g1583 g1448 18.846460 17.015630
g1583 g1583 2.510020 2.510020
g1583 g1687 12.736280 12.736280
g1583 g566 12.736280 12.736280
g1583 OUTPUT 10.682350 10.682350
g1583 OUTPUT 23.152280 19.261900
g1583 OUTPUT 26.192250 13.953980
g1583 OUTPUT 12.607200 12.607200
g1586 g32 25.999980 19.614440
g1586 g39 13.148390 10.973640
g1586 g971 52.749030 50.516190
g1586 g976 52.829030 50.516190
g1586 g981 52.829030 50.516190
g1586 g986 52.829030 50.516190
g1586 g944 57.607330 54.494530
g1586 g947 57.607330 54.494530
g1586 g950 57.607330 54.494530
g1586 g953 57.607330 54.494530
g1586 g956 57.607330 54.494530
g1586 g959 57.607330 54.494530
g1586 g962 57.607330 54.494530
g1586 g965 57.607330 54.494530
g1586 g968 57.607330 54.494530
g1586 g757 50.797970 49.308050
g1586 g481 47.150100 45.376930
g1586 g486 47.150100 45.555870
g1586 g491 47.150100 45.555870
g1586 g496 47.150100 45.555870
g1586 g501 47.150100 45.555870
g1586 g506 47.150100 45.555870
g1586 g511 47.150100 45.555870
g1586 g516 47.150100 45.555870
g1586 g476 47.150100 45.555870
g1586 g542 47.150100 45.555870
g1586 g538 47.150100 45.555870
g1586 g534 47.150100 45.555870
g1586 g530 47.150100 45.555870
g1586 g525 47.150100 45.555870
g1586 g521 47.150100 45.555870
g1586 g456 49.951530 47.718690
g1586 g461 50.031530 47.718690
g1586 g466 50.031530 47.718690
g1586 g471 50.031530 47.718690
g1586 g426 47.150100 45.376930
g1586 g386 47.150100 45.555870
g1586 g391 47.150100 45.555870
g1586 g396 47.150100 45.555870
g1586 g401 47.150100 45.555870
g1586 g406 47.150100 45.555870
g1586 g411 47.150100 45.555870
g1586 g416 47.150100 45.555870
g1586 g421 47.150100 45.555870
g1586 g452 47.150100 45.555870
g1586 g448 47.150100 45.555870
g1586 g444 47.150100 45.555870
g1586 g440 47.150100 45.555870
g1586 g435 47.150100 45.555870
g1586 g431 47.150100 45.555870
g1586 g369 51.767630 49.534790
g1586 g374 51.847630 49.534790
g1586 g378 51.847630 49.534790
g1586 g382 51.847630 49.534790
g1586 g336 62.720110 15.564610
g1586 g348 48.817610 47.074970
g1586 g351 48.805310 47.051330
g1586 g354 48.817610 47.074970
g1586 g357 48.805310 47.051330
g1586 g360 48.817610 47.074970
g1586 g363 48.805310 47.051330
g1586 g366 48.817610 47.074970
g1586 g342 48.805310 47.051330
g1586 g339 48.817610 47.074970
g1586 g345 65.717840 49.169780
g1586 g1857 14.350180 14.350180
g1586 g108 24.158260 21.798440
g1586 g1336 26.439300 23.435440
g1586 g1341 26.439300 23.435440
g1586 g1346 26.439300 23.435440
g1586 g1351 26.439300 23.435440
g1586 g1275 17.337860 16.934120
g1586 g1314 29.604670 26.885730
g1586 g1318 29.604670 26.885730
g1586 g1321 29.604670 26.885730
g1586 g1324 29.604670 26.885730
g1586 g1327 29.604670 26.885730
g1586 g1330 29.604670 26.885730
g1586 g1333 29.604670 26.885730
g1586 g1308 29.604670 26.885730
g1586 g1311 29.604670 26.885730
g1586 g105 15.660640 15.623020
g1586 g1586 2.510020 2.510020
g1586 g1654 13.166770 13.166770
g1586 g569 13.054490 13.054490
g1586 OUTPUT 11.170790 11.170790
g1586 OUTPUT 24.022380 19.774940
g1586 OUTPUT 27.062350 14.855000
g1586 OUTPUT 13.508220 13.508220
g1589 g32 23.877670 17.873670
g1589 g40 11.204640 9.029890
g1589 g971 51.275730 49.052850
g1589 g976 51.355730 49.052850
g1589 g981 51.355730 49.052850
g1589 g986 51.355730 49.052850
g1589 g944 56.134030 53.031190
g1589 g947 56.134030 53.031190
g1589 g950 56.134030 53.031190
g1589 g953 56.134030 53.031190
g1589 g956 56.134030 53.031190
g1589 g959 56.134030 53.031190
g1589 g962 56.134030 53.031190
g1589 g965 56.134030 53.031190
g1589 g968 56.134030 53.031190
g1589 g757 49.324670 47.844710
g1589 g481 45.676800 43.913590
g1589 g486 45.676800 44.092530
g1589 g491 45.676800 44.092530
g1589 g496 45.676800 44.092530
g1589 g501 45.676800 44.092530
g1589 g506 45.676800 44.092530
g1589 g511 45.676800 44.092530
g1589 g516 45.676800 44.092530
g1589 g476 45.676800 44.092530
g1589 g542 45.676800 44.092530
g1589 g538 45.676800 44.092530
g1589 g534 45.676800 44.092530
g1589 g530 45.676800 44.092530
g1589 g525 45.676800 44.092530
g1589 g521 45.676800 44.092530
g1589 g456 48.478230 46.255350
g1589 g461 48.558230 46.255350
g1589 g466 48.558230 46.255350
g1589 g471 48.558230 46.255350
g1589 g426 45.676800 43.913590
g1589 g386 45.676800 44.092530
g1589 g391 45.676800 44.092530
g1589 g396 45.676800 44.092530
g1589 g401 45.676800 44.092530
g1589 g406 45.676800 44.092530
g1589 g411 45.676800 44.092530
g1589 g416 45.676800 44.092530
g1589 g421 45.676800 44.092530
g1589 g452 45.676800 44.092530
g1589 g448 45.676800 44.092530
g1589 g444 45.676800 44.092530
g1589 g440 45.676800 44.092530
g1589 g435 45.676800 44.092530
g1589 g431 45.676800 44.092530
g1589 g369 50.294330 48.071450
g1589 g374 50.374330 48.071450
g1589 g378 50.374330 48.071450
g1589 g382 50.374330 48.071450
g1589 g336 61.246810 47.418500
g1589 g348 47.344310 45.611630
g1589 g351 47.332010 45.587990
g1589 g354 47.344310 45.611630
g1589 g357 47.332010 45.587990
g1589 g360 47.344310 45.611630
g1589 g363 47.332010 45.587990
g1589 g366 47.344310 45.611630
g1589 g342 47.332010 45.587990
g1589 g339 47.344310 45.611630
g1589 g345 64.244540 47.706440
g1589 g1857 12.303710 12.303710
g1589 g1589 2.510020 2.510020
g1589 g1657 11.701910 11.701910
g1589 g572 11.589630 11.589630
g1589 OUTPUT 9.227040 9.227040
g1589 OUTPUT 21.900070 18.034170
g1589 OUTPUT 24.940040 11.673890
g1589 OUTPUT 10.327110 10.327110
g1592 g32 26.802500 19.832380
g1592 g33 13.747810 11.573060
g1592 g971 54.208450 48.853100
g1592 g976 54.288450 48.853100
g1592 g981 54.288450 48.853100
g1592 g986 54.288450 48.853100
g1592 g944 59.066750 52.831440
g1592 g947 59.066750 52.831440
g1592 g950 59.066750 52.831440
g1592 g953 59.066750 52.831440
g1592 g956 59.066750 52.831440
g1592 g959 59.066750 52.831440
g1592 g962 59.066750 52.831440
g1592 g965 59.066750 52.831440
g1592 g968 59.066750 52.831440
g1592 g757 52.257390 47.644960
g1592 g481 48.609520 43.713840
g1592 g486 48.609520 43.892780
g1592 g491 48.609520 43.892780
g1592 g496 48.609520 43.892780
g1592 g501 48.609520 43.892780
g1592 g506 48.609520 43.892780
g1592 g511 48.609520 43.892780
g1592 g516 48.609520 43.892780
g1592 g476 48.609520 43.892780
g1592 g542 48.609520 43.892780
g1592 g538 48.609520 43.892780
g1592 g534 48.609520 43.892780
g1592 g530 48.609520 43.892780
g1592 g525 48.609520 43.892780
g1592 g521 48.609520 43.892780
g1592 g456 51.410950 46.055600
g1592 g461 51.490950 46.055600
g1592 g466 51.490950 46.055600
g1592 g471 51.490950 46.055600
g1592 g426 48.609520 43.713840
g1592 g386 48.609520 43.892780
g1592 g391 48.609520 43.892780
g1592 g396 48.609520 43.892780
g1592 g401 48.609520 43.892780
g1592 g406 48.609520 43.892780
g1592 g411 48.609520 43.892780
g1592 g416 48.609520 43.892780
g1592 g421 48.609520 43.892780
g1592 g452 48.609520 43.892780
g1592 g448 48.609520 43.892780
g1592 g444 48.609520 43.892780
g1592 g440 48.609520 43.892780
g1592 g435 48.609520 43.892780
g1592 g431 48.609520 43.892780
g1592 g369 53.227050 47.871700
g1592 g374 53.307050 47.871700
g1592 g378 53.307050 47.871700
g1592 g382 53.307050 47.871700
g1592 g336 64.179530 47.218750
g1592 g348 50.277030 45.411880
g1592 g351 50.264730 45.388240
g1592 g354 50.277030 45.411880
g1592 g357 50.264730 45.388240
g1592 g360 50.277030 45.411880
g1592 g363 50.264730 45.388240
g1592 g366 50.277030 45.411880
g1592 g342 50.264730 45.388240
g1592 g339 50.277030 45.411880
g1592 g345 67.177260 47.506690
g1592 g1854 13.284790 13.284790
g1592 g1857 14.369600 14.369600
g1592 g1648 14.453560 14.453560
g1592 g1811 14.884000 14.884000
g1592 g1721 12.836740 12.836740
g1592 g1592 2.704060 2.704060
g1592 g1660 14.376680 14.376680
g1592 g1672 14.183190 14.183190
g1592 g546 14.183190 14.183190
g1592 g575 14.348400 14.348400
g1592 OUTPUT 11.770210 11.770210
g1592 OUTPUT 12.446040 12.446040
g1592 OUTPUT 24.824900 19.992880
g1592 OUTPUT 27.864870 21.575590
g1592 OUTPUT 12.643700 12.643700
g1595 g32 25.932520 19.343940
g1595 g34 13.056390 10.881640
g1595 g971 53.987480 51.764600
g1595 g976 54.067480 51.764600
g1595 g981 54.067480 51.764600
g1595 g986 54.067480 51.764600
g1595 g944 58.845780 55.742940
g1595 g947 58.845780 55.742940
g1595 g950 58.845780 55.742940
g1595 g953 58.845780 55.742940
g1595 g956 58.845780 55.742940
g1595 g959 58.845780 55.742940
g1595 g962 58.845780 55.742940
g1595 g965 58.845780 55.742940
g1595 g968 58.845780 55.742940
g1595 g757 52.036420 50.556460
g1595 g481 48.388550 46.625340
g1595 g486 48.388550 46.804280
g1595 g491 48.388550 46.804280
g1595 g496 48.388550 46.804280
g1595 g501 48.388550 46.804280
g1595 g506 48.388550 46.804280
g1595 g511 48.388550 46.804280
g1595 g516 48.388550 46.804280
g1595 g476 48.388550 46.804280
g1595 g542 48.388550 46.804280
g1595 g538 48.388550 46.804280
g1595 g534 48.388550 46.804280
g1595 g530 48.388550 46.804280
g1595 g525 48.388550 46.804280
g1595 g521 48.388550 46.804280
g1595 g456 51.189980 48.967100
g1595 g461 51.269980 48.967100
g1595 g466 51.269980 48.967100
g1595 g471 51.269980 48.967100
g1595 g426 48.388550 46.625340
g1595 g386 48.388550 46.804280
g1595 g391 48.388550 46.804280
g1595 g396 48.388550 46.804280
g1595 g401 48.388550 46.804280
g1595 g406 48.388550 46.804280
g1595 g411 48.388550 46.804280
g1595 g416 48.388550 46.804280
g1595 g421 48.388550 46.804280
g1595 g452 48.388550 46.804280
g1595 g448 48.388550 46.804280
g1595 g444 48.388550 46.804280
g1595 g440 48.388550 46.804280
g1595 g435 48.388550 46.804280
g1595 g431 48.388550 46.804280
g1595 g369 53.006080 50.783200
g1595 g374 53.086080 50.783200
g1595 g378 53.086080 50.783200
g1595 g382 53.086080 50.783200
g1595 g336 63.958560 50.130250
g1595 g348 50.056060 48.323380
g1595 g351 50.043760 48.299740
g1595 g354 50.056060 48.323380
g1595 g357 50.043760 48.299740
g1595 g360 50.056060 48.323380
g1595 g363 50.043760 48.299740
g1595 g366 50.056060 48.323380
g1595 g342 50.043760 48.299740
g1595 g339 50.056060 48.323380
g1595 g345 66.956290 50.418190
g1595 g1857 13.627300 13.627300
g1595 g1651 13.651710 13.651710
g1595 g1811 14.047420 14.047420
g1595 g1724 12.034890 12.034890
g1595 g1595 2.704060 2.704060
g1595 g1663 13.843270 13.843270
g1595 g1675 13.635140 13.635140
g1595 g554 13.635140 13.635140
g1595 g549 13.730990 13.730990
g1595 OUTPUT 11.078790 11.078790
g1595 OUTPUT 12.304190 12.304190
g1595 OUTPUT 23.954920 19.504440
g1595 OUTPUT 26.994890 21.087150
g1595 OUTPUT 12.501850 12.501850
g1598 g32 25.740280 19.330200
g1598 g35 13.067250 10.892500
g1598 g971 53.361650 51.128810
g1598 g976 53.441650 51.128810
g1598 g981 53.441650 51.128810
g1598 g986 53.441650 51.128810
g1598 g944 58.219950 55.107150
g1598 g947 58.219950 55.107150
g1598 g950 58.219950 55.107150
g1598 g953 58.219950 55.107150
g1598 g956 58.219950 55.107150
g1598 g959 58.219950 55.107150
g1598 g962 58.219950 55.107150
g1598 g965 58.219950 55.107150
g1598 g968 58.219950 55.107150
g1598 g757 51.410590 49.920670
g1598 g481 47.762720 45.989550
g1598 g486 47.762720 46.168490
g1598 g491 47.762720 46.168490
g1598 g496 47.762720 46.168490
g1598 g501 47.762720 46.168490
g1598 g506 47.762720 46.168490
g1598 g511 47.762720 46.168490
g1598 g516 47.762720 46.168490
g1598 g476 47.762720 46.168490
g1598 g542 47.762720 46.168490
g1598 g538 47.762720 46.168490
g1598 g534 47.762720 46.168490
g1598 g530 47.762720 46.168490
g1598 g525 47.762720 46.168490
g1598 g521 47.762720 46.168490
g1598 g456 50.564150 48.331310
g1598 g461 50.644150 48.331310
g1598 g466 50.644150 48.331310
g1598 g471 50.644150 48.331310
g1598 g426 47.762720 45.989550
g1598 g386 47.762720 46.168490
g1598 g391 47.762720 46.168490
g1598 g396 47.762720 46.168490
g1598 g401 47.762720 46.168490
g1598 g406 47.762720 46.168490
g1598 g411 47.762720 46.168490
g1598 g416 47.762720 46.168490
g1598 g421 47.762720 46.168490
g1598 g452 47.762720 46.168490
g1598 g448 47.762720 46.168490
g1598 g444 47.762720 46.168490
g1598 g440 47.762720 46.168490
g1598 g435 47.762720 46.168490
g1598 g431 47.762720 46.168490
g1598 g369 52.380250 50.147410
g1598 g374 52.460250 50.147410
g1598 g378 52.460250 50.147410
g1598 g382 52.460250 50.147410
g1598 g336 63.332730 49.494460
g1598 g348 49.430230 47.687590
g1598 g351 49.417930 47.663950
g1598 g354 49.430230 47.687590
g1598 g357 49.417930 47.663950
g1598 g360 49.430230 47.687590
g1598 g363 49.417930 47.663950
g1598 g366 49.430230 47.687590
g1598 g342 49.417930 47.663950
g1598 g339 49.430230 47.687590
g1598 g345 66.330460 49.782400
g1598 g1857 14.153640 14.153640
g1598 g1642 13.638030 13.638030
g1598 g1811 13.854570 13.854570
g1598 g1727 12.021210 12.021210
g1598 g1598 2.704060 2.704060
g1598 g1666 11.988960 11.988960
g1598 g1678 13.502630 13.502630
g1598 g557 13.502630 13.502630
g1598 OUTPUT 11.089650 11.089650
g1598 OUTPUT 11.530280 11.530280
g1598 OUTPUT 23.762680 19.490700
g1598 OUTPUT 26.802650 21.073410
g1598 OUTPUT 11.727940 11.727940
g1601 g32 26.114320 19.728720
g1601 g36 13.262730 11.087980
g1601 g971 54.027580 51.804720
g1601 g976 54.107580 51.804720
g1601 g981 54.107580 51.804720
g1601 g986 54.107580 51.804720
g1601 g944 58.885880 55.783060
g1601 g947 58.885880 55.783060
g1601 g950 58.885880 55.783060
g1601 g953 58.885880 55.783060
g1601 g956 58.885880 55.783060
g1601 g959 58.885880 55.783060
g1601 g962 58.885880 55.783060
g1601 g965 58.885880 55.783060
g1601 g968 58.885880 55.783060
g1601 g757 52.076520 50.596580
g1601 g481 48.428650 46.665460
g1601 g486 48.428650 46.844400
g1601 g491 48.428650 46.844400
g1601 g496 48.428650 46.844400
g1601 g501 48.428650 46.844400
g1601 g506 48.428650 46.844400
g1601 g511 48.428650 46.844400
g1601 g516 48.428650 46.844400
g1601 g476 48.428650 46.844400
g1601 g542 48.428650 46.844400
g1601 g538 48.428650 46.844400
g1601 g534 48.428650 46.844400
g1601 g530 48.428650 46.844400
g1601 g525 48.428650 46.844400
g1601 g521 48.428650 46.844400
g1601 g456 51.230080 49.007220
g1601 g461 51.310080 49.007220
g1601 g466 51.310080 49.007220
g1601 g471 51.310080 49.007220
g1601 g426 48.428650 46.665460
g1601 g386 48.428650 46.844400
g1601 g391 48.428650 46.844400
g1601 g396 48.428650 46.844400
g1601 g401 48.428650 46.844400
g1601 g406 48.428650 46.844400
g1601 g411 48.428650 46.844400
g1601 g416 48.428650 46.844400
g1601 g421 48.428650 46.844400
g1601 g452 48.428650 46.844400
g1601 g448 48.428650 46.844400
g1601 g444 48.428650 46.844400
g1601 g440 48.428650 46.844400
g1601 g435 48.428650 46.844400
g1601 g431 48.428650 46.844400
g1601 g369 53.046180 50.823320
g1601 g374 53.126180 50.823320
g1601 g378 53.126180 50.823320
g1601 g382 53.126180 50.823320
g1601 g336 63.998660 50.170370
g1601 g348 50.096160 48.363500
g1601 g351 50.083860 48.339860
g1601 g354 50.096160 48.363500
g1601 g357 50.083860 48.339860
g1601 g360 50.096160 48.363500
g1601 g363 50.083860 48.339860
g1601 g366 50.096160 48.363500
g1601 g342 50.083860 48.339860
g1601 g339 50.096160 48.363500
g1601 g345 66.996390 50.458310
g1601 g1857 14.246400 14.246400
g1601 g1645 13.870320 13.870320
g1601 g1811 13.546560 13.546560
g1601 g1730 12.253500 12.253500
g1601 g1601 2.704060 2.704060
g1601 g1669 11.825530 11.825530
g1601 g1681 13.698110 13.698110
g1601 g560 13.698110 13.698110
g1601 OUTPUT 11.285130 11.285130
g1601 OUTPUT 13.676160 13.676160
g1601 OUTPUT 24.136720 19.889220
g1601 OUTPUT 27.176690 14.320650
g1601 OUTPUT 13.873820 12.973870
g1604 g32 24.430640 18.020560
g1604 g37 11.782150 9.607400
g1604 g971 51.815550 49.582710
g1604 g976 51.895550 49.582710
g1604 g981 51.895550 49.582710
g1604 g986 51.895550 49.582710
g1604 g944 56.673850 53.561050
g1604 g947 56.673850 53.561050
g1604 g950 56.673850 53.561050
g1604 g953 56.673850 53.561050
g1604 g956 56.673850 53.561050
g1604 g959 56.673850 53.561050
g1604 g962 56.673850 53.561050
g1604 g965 56.673850 53.561050
g1604 g968 56.673850 53.561050
g1604 g757 49.864490 48.374570
g1604 g481 46.216620 44.443450
g1604 g486 46.216620 44.622390
g1604 g491 46.216620 44.622390
g1604 g496 46.216620 44.622390
g1604 g501 46.216620 44.622390
g1604 g506 46.216620 44.622390
g1604 g511 46.216620 44.622390
g1604 g516 46.216620 44.622390
g1604 g476 46.216620 44.622390
g1604 g542 46.216620 44.622390
g1604 g538 46.216620 44.622390
g1604 g534 46.216620 44.622390
g1604 g530 46.216620 44.622390
g1604 g525 46.216620 44.622390
g1604 g521 46.216620 44.622390
g1604 g456 49.018050 46.785210
g1604 g461 49.098050 46.785210
g1604 g466 49.098050 46.785210
g1604 g471 49.098050 46.785210
g1604 g426 46.216620 44.443450
g1604 g386 46.216620 44.622390
g1604 g391 46.216620 44.622390
g1604 g396 46.216620 44.622390
g1604 g401 46.216620 44.622390
g1604 g406 46.216620 44.622390
g1604 g411 46.216620 44.622390
g1604 g416 46.216620 44.622390
g1604 g421 46.216620 44.622390
g1604 g452 46.216620 44.622390
g1604 g448 46.216620 44.622390
g1604 g444 46.216620 44.622390
g1604 g440 46.216620 44.622390
g1604 g435 46.216620 44.622390
g1604 g431 46.216620 44.622390
g1604 g369 50.834150 48.601310
g1604 g374 50.914150 48.601310
g1604 g378 50.914150 48.601310
g1604 g382 50.914150 48.601310
g1604 g336 61.786630 47.948360
g1604 g348 47.884130 46.141490
g1604 g351 47.871830 46.117850
g1604 g354 47.884130 46.141490
g1604 g357 47.871830 46.117850
g1604 g360 47.884130 46.141490
g1604 g363 47.871830 46.117850
g1604 g366 47.884130 46.141490
g1604 g342 47.871830 46.117850
g1604 g339 47.884130 46.141490
g1604 g345 64.784360 48.236300
g1604 g1854 18.849300 17.799560
g1604 g1857 14.821420 14.821420
g1604 g1811 14.289210 13.423260
g1604 g1733 12.783650 12.783650
g1604 g1604 2.704060 2.704060
g1604 g1684 13.495070 13.495070
g1604 g563 13.495070 13.495070
g1604 OUTPUT 9.804550 9.804550
g1604 OUTPUT 13.388750 13.388750
g1604 OUTPUT 22.453040 18.181060
g1604 OUTPUT 25.493010 14.242410
g1604 OUTPUT 13.586410 12.895630
g1607 g32 25.624980 19.596500
g1607 g38 13.155050 10.980300
g1607 g971 53.658900 51.436040
g1607 g976 53.738900 51.436040
g1607 g981 53.738900 51.436040
g1607 g986 53.738900 51.436040
g1607 g944 58.517200 55.414380
g1607 g947 58.517200 55.414380
g1607 g950 58.517200 55.414380
g1607 g953 58.517200 55.414380
g1607 g956 58.517200 55.414380
g1607 g959 58.517200 55.414380
g1607 g962 58.517200 55.414380
g1607 g965 58.517200 55.414380
g1607 g968 58.517200 55.414380
g1607 g757 51.707840 50.227900
g1607 g481 48.059970 46.296780
g1607 g486 48.059970 46.475720
g1607 g491 48.059970 46.475720
g1607 g496 48.059970 46.475720
g1607 g501 48.059970 46.475720
g1607 g506 48.059970 46.475720
g1607 g511 48.059970 46.475720
g1607 g516 48.059970 46.475720
g1607 g476 48.059970 46.475720
g1607 g542 48.059970 46.475720
g1607 g538 48.059970 46.475720
g1607 g534 48.059970 46.475720
g1607 g530 48.059970 46.475720
g1607 g525 48.059970 46.475720
g1607 g521 48.059970 46.475720
g1607 g456 50.861400 48.638540
g1607 g461 50.941400 48.638540
g1607 g466 50.941400 48.638540
g1607 g471 50.941400 48.638540
g1607 g426 48.059970 46.296780
g1607 g386 48.059970 46.475720
g1607 g391 48.059970 46.475720
g1607 g396 48.059970 46.475720
g1607 g401 48.059970 46.475720
g1607 g406 48.059970 46.475720
g1607 g411 48.059970 46.475720
g1607 g416 48.059970 46.475720
g1607 g421 48.059970 46.475720
g1607 g452 48.059970 46.475720
g1607 g448 48.059970 46.475720
g1607 g444 48.059970 46.475720
g1607 g440 48.059970 46.475720
g1607 g435 48.059970 46.475720
g1607 g431 48.059970 46.475720
g1607 g369 52.677500 50.454640
g1607 g374 52.757500 50.454640
g1607 g378 52.757500 50.454640
g1607 g382 52.757500 50.454640
g1607 g336 63.629980 49.801690
g1607 g348 49.727480 47.994820
g1607 g351 49.715180 47.971180
g1607 g354 49.727480 47.994820
g1607 g357 49.715180 47.971180
g1607 g360 49.727480 47.994820
g1607 g363 49.715180 47.971180
g1607 g366 49.727480 47.994820
g1607 g342 49.715180 47.971180
g1607 g339 49.727480 47.994820
g1607 g345 66.627710 50.089630
g1607 g1857 13.836560 13.836560
g1607 g1618 23.971750 21.084330
g1607 g1448 19.341560 17.510730
g1607 g1607 2.704060 2.704060
g1607 g1687 13.231380 13.231380
g1607 g566 13.231380 13.231380
g1607 OUTPUT 11.177450 11.177450
g1607 OUTPUT 23.647380 19.757000
g1607 OUTPUT 26.687350 14.449080
g1607 OUTPUT 13.102300 13.102300
g1654 g1654 1.947030 1.947030
g1654 OUTPUT 1.767600 1.767600
g1654 OUTPUT 1.767600 1.767600
g1657 g1657 1.947030 1.947030
g1657 OUTPUT 1.767600 1.767600
g1657 OUTPUT 1.767600 1.767600
g1660 g1660 1.947030 1.947030
g1660 OUTPUT 1.767600 1.767600
g1660 OUTPUT 1.767600 1.767600
g1663 g1663 1.947030 1.947030
g1663 OUTPUT 1.767600 1.767600
g1663 OUTPUT 1.767600 1.767600
g1666 g1666 1.962440 1.962440
g1666 OUTPUT 1.767600 1.767600
g1666 OUTPUT 1.767600 1.767600
g1669 g1669 1.962440 1.962440
g1669 OUTPUT 1.767600 1.767600
g1669 OUTPUT 1.767600 1.767600
g1672 g1672 2.207600 2.207600
g1672 OUTPUT 1.907600 1.907600
g1672 OUTPUT 1.907600 1.907600
g1675 g1675 2.403980 2.403980
g1675 OUTPUT 1.907600 1.907600
g1675 OUTPUT 1.907600 1.907600
g1678 g1678 2.207600 2.207600
g1678 OUTPUT 1.907600 1.907600
g1678 OUTPUT 1.907600 1.907600
g1681 g1681 2.207600 2.207600
g1681 OUTPUT 1.907600 1.907600
g1681 OUTPUT 1.907600 1.907600
g1684 g1684 2.403980 2.403980
g1684 OUTPUT 1.907600 1.907600
g1684 OUTPUT 1.907600 1.907600
g1687 g1687 2.207600 2.207600
g1687 OUTPUT 1.907600 1.907600
g1687 OUTPUT 1.907600 1.907600
g546 g253 3.037340 3.037340
g546 g148 6.340670 5.204130
g546 g546 2.207600 2.207600
g554 g256 3.241280 3.241280
g554 g153 6.544610 5.408070
g554 g554 2.607920 2.607920
g557 g257 3.037340 3.037340
g557 g158 6.340670 5.204130
g557 g557 2.207600 2.207600
g560 g258 3.037340 3.037340
g560 g162 6.340670 5.204130
g560 g560 2.207600 2.207600
g563 g259 3.241280 3.241280
g563 g174 6.544610 5.408070
g563 g563 2.607920 2.607920
g566 g260 3.037340 3.037340
g566 g170 6.340670 5.204130
g566 g566 2.207600 2.207600
g569 g261 3.037340 3.037340
g569 g127 6.340670 5.204130
g569 g569 2.207600 2.207600
g572 g262 3.037340 3.037340
g572 g131 6.340670 5.204130
g572 g572 2.207600 2.207600
g575 g254 3.241280 3.241280
g575 g135 6.544610 5.408070
g575 g575 2.607920 2.607920
g549 g255 3.037340 3.037340
g549 g139 6.340670 5.204130
g549 g549 2.207600 2.207600
