Network ../DATA/s35932.bench
latch latch max_delay min_delay
INPUT latch max_delay min_delay
latch OUTPUT max_delay min_delay
INPUT WX10989 4.259120 4.259120
INPUT WX10991 4.259120 4.259120
INPUT WX10993 4.259120 4.259120
INPUT WX10995 4.259120 4.259120
INPUT WX10997 4.259120 4.259120
INPUT WX10999 4.259120 4.259120
INPUT WX11001 4.259120 4.259120
INPUT WX11003 4.259120 4.259120
INPUT WX11005 4.259120 4.259120
INPUT WX11007 4.259120 4.259120
INPUT WX11009 4.259120 4.259120
INPUT WX11011 4.259120 4.259120
INPUT WX11013 4.259120 4.259120
INPUT WX11015 4.259120 4.259120
INPUT WX11017 4.259120 4.259120
INPUT WX11019 4.259120 4.259120
INPUT WX11021 4.259120 4.259120
INPUT WX11023 4.259120 4.259120
INPUT WX11025 4.259120 4.259120
INPUT WX11027 4.259120 4.259120
INPUT WX11029 4.259120 4.259120
INPUT WX11031 4.259120 4.259120
INPUT WX11033 4.259120 4.259120
INPUT WX11035 4.259120 4.259120
INPUT WX11037 4.259120 4.259120
INPUT WX11039 4.259120 4.259120
INPUT WX11041 4.259120 4.259120
INPUT WX11043 4.259120 4.259120
INPUT WX11045 4.259120 4.259120
INPUT WX11047 4.259120 4.259120
INPUT WX11049 4.259120 4.259120
INPUT WX11051 4.259120 4.259120
INPUT WX485 289.308440 289.308440
INPUT WX487 289.308440 289.308440
INPUT WX489 289.308440 289.308440
INPUT WX491 289.308440 289.308440
INPUT WX493 289.308440 289.308440
INPUT WX495 289.308440 289.308440
INPUT WX497 289.308440 289.308440
INPUT WX499 289.308440 289.308440
INPUT WX501 289.308440 289.308440
INPUT WX503 289.308440 289.308440
INPUT WX505 289.308440 289.308440
INPUT WX507 289.308440 289.308440
INPUT WX509 289.308440 289.308440
INPUT WX511 289.308440 289.308440
INPUT WX513 289.308440 289.308440
INPUT WX515 289.308440 289.308440
INPUT WX517 289.308440 289.308440
INPUT WX519 289.308440 289.308440
INPUT WX521 289.308440 289.308440
INPUT WX523 289.308440 289.308440
INPUT WX525 289.308440 289.308440
INPUT WX527 289.308440 289.308440
INPUT WX529 289.308440 289.308440
INPUT WX531 289.308440 289.308440
INPUT WX533 289.308440 289.308440
INPUT WX535 289.308440 289.308440
INPUT WX537 289.308440 289.308440
INPUT WX539 289.308440 289.308440
INPUT WX541 289.308440 289.308440
INPUT WX543 289.308440 289.308440
INPUT WX545 289.308440 289.308440
INPUT WX547 289.478440 289.478440
INPUT WX645 289.478440 289.478440
INPUT WX647 289.478440 289.478440
INPUT WX649 289.478440 289.478440
INPUT WX651 289.478440 289.478440
INPUT WX653 289.478440 289.478440
INPUT WX655 289.478440 289.478440
INPUT WX657 289.478440 289.478440
INPUT WX659 289.478440 289.478440
INPUT WX661 289.478440 289.478440
INPUT WX663 289.478440 289.478440
INPUT WX665 289.478440 289.478440
INPUT WX667 289.478440 289.478440
INPUT WX669 289.478440 289.478440
INPUT WX671 289.478440 289.478440
INPUT WX673 289.478440 289.478440
INPUT WX675 289.478440 289.478440
INPUT WX677 289.478440 289.478440
INPUT WX679 289.478440 289.478440
INPUT WX681 289.478440 289.478440
INPUT WX683 289.478440 289.478440
INPUT WX685 289.478440 289.478440
INPUT WX687 289.478440 289.478440
INPUT WX689 289.478440 289.478440
INPUT WX691 289.478440 289.478440
INPUT WX693 289.478440 289.478440
INPUT WX695 289.478440 289.478440
INPUT WX697 289.478440 289.478440
INPUT WX699 289.478440 289.478440
INPUT WX701 289.478440 289.478440
INPUT WX703 289.478440 289.478440
INPUT WX705 289.478440 289.478440
INPUT WX707 289.478440 289.478440
INPUT WX709 289.308440 289.308440
INPUT WX711 289.308440 289.308440
INPUT WX713 289.308440 289.308440
INPUT WX715 289.308440 289.308440
INPUT WX717 289.308440 289.308440
INPUT WX719 289.308440 289.308440
INPUT WX721 289.308440 289.308440
INPUT WX723 289.308440 289.308440
INPUT WX725 289.308440 289.308440
INPUT WX727 289.308440 289.308440
INPUT WX729 289.308440 289.308440
INPUT WX731 289.308440 289.308440
INPUT WX733 289.308440 289.308440
INPUT WX735 289.308440 289.308440
INPUT WX737 289.308440 289.308440
INPUT WX739 289.308440 289.308440
INPUT WX741 289.308440 289.308440
INPUT WX743 289.308440 289.308440
INPUT WX745 289.308440 289.308440
INPUT WX747 289.308440 289.308440
INPUT WX749 289.308440 289.308440
INPUT WX751 289.308440 289.308440
INPUT WX753 289.308440 289.308440
INPUT WX755 289.308440 289.308440
INPUT WX757 289.308440 289.308440
INPUT WX759 289.308440 289.308440
INPUT WX761 289.308440 289.308440
INPUT WX763 289.308440 289.308440
INPUT WX765 289.308440 289.308440
INPUT WX767 289.308440 289.308440
INPUT WX769 289.308440 289.308440
INPUT WX771 289.308440 289.308440
INPUT WX773 289.308440 289.308440
INPUT WX775 289.308440 289.308440
INPUT WX777 289.308440 289.308440
INPUT WX779 289.308440 289.308440
INPUT WX781 289.308440 289.308440
INPUT WX783 289.308440 289.308440
INPUT WX785 289.308440 289.308440
INPUT WX787 289.308440 289.308440
INPUT WX789 289.308440 289.308440
INPUT WX791 289.308440 289.308440
INPUT WX793 289.308440 289.308440
INPUT WX795 289.308440 289.308440
INPUT WX797 289.308440 289.308440
INPUT WX799 289.308440 289.308440
INPUT WX801 289.308440 289.308440
INPUT WX803 289.308440 289.308440
INPUT WX805 289.308440 289.308440
INPUT WX807 289.308440 289.308440
INPUT WX809 289.308440 289.308440
INPUT WX811 289.308440 289.308440
INPUT WX813 289.308440 289.308440
INPUT WX815 289.308440 289.308440
INPUT WX817 289.308440 289.308440
INPUT WX819 289.308440 289.308440
INPUT WX821 289.308440 289.308440
INPUT WX823 289.308440 289.308440
INPUT WX825 289.308440 289.308440
INPUT WX827 289.308440 289.308440
INPUT WX829 289.308440 289.308440
INPUT WX831 289.308440 289.308440
INPUT WX833 289.308440 289.308440
INPUT WX835 289.308440 289.308440
INPUT WX837 289.308440 289.308440
INPUT WX839 289.308440 289.308440
INPUT WX841 289.308440 289.308440
INPUT WX843 289.308440 289.308440
INPUT WX845 289.308440 289.308440
INPUT WX847 289.308440 289.308440
INPUT WX849 289.308440 289.308440
INPUT WX851 289.308440 289.308440
INPUT WX853 289.308440 289.308440
INPUT WX855 289.308440 289.308440
INPUT WX857 289.308440 289.308440
INPUT WX859 289.308440 289.308440
INPUT WX861 289.308440 289.308440
INPUT WX863 289.308440 289.308440
INPUT WX865 289.308440 289.308440
INPUT WX867 289.308440 289.308440
INPUT WX869 289.308440 289.308440
INPUT WX871 289.308440 289.308440
INPUT WX873 289.308440 289.308440
INPUT WX875 289.308440 289.308440
INPUT WX877 289.308440 289.308440
INPUT WX879 289.308440 289.308440
INPUT WX881 289.308440 289.308440
INPUT WX883 289.308440 289.308440
INPUT WX885 289.308440 289.308440
INPUT WX887 289.308440 289.308440
INPUT WX889 289.308440 289.308440
INPUT WX891 289.308440 289.308440
INPUT WX893 289.308440 289.308440
INPUT WX895 289.308440 289.308440
INPUT WX897 289.308440 289.308440
INPUT WX899 289.308440 289.308440
INPUT [2077] 289.558440 289.558440
INPUT [2078] 289.558440 289.558440
INPUT [2079] 289.558440 289.558440
INPUT [2080] 289.558440 289.558440
INPUT [2081] 289.558440 289.558440
INPUT [2082] 289.558440 289.558440
INPUT [2083] 289.558440 289.558440
INPUT [2084] 289.558440 289.558440
INPUT [2085] 289.558440 289.558440
INPUT [2086] 289.558440 289.558440
INPUT [2087] 289.558440 289.558440
INPUT [2088] 289.558440 289.558440
INPUT [2089] 289.558440 289.558440
INPUT [2090] 289.558440 289.558440
INPUT [2091] 289.558440 289.558440
INPUT [2092] 289.558440 289.558440
INPUT [2093] 289.558440 289.558440
INPUT [2094] 289.558440 289.558440
INPUT [2095] 289.558440 289.558440
INPUT [2096] 289.558440 289.558440
INPUT [2097] 289.558440 289.558440
INPUT [2098] 289.558440 289.558440
INPUT [2099] 289.558440 289.558440
INPUT [2100] 289.558440 289.558440
INPUT [2101] 289.558440 289.558440
INPUT [2102] 289.558440 289.558440
INPUT [2103] 289.558440 289.558440
INPUT [2104] 289.558440 289.558440
INPUT [2105] 289.558440 289.558440
INPUT [2106] 289.558440 289.558440
INPUT [2107] 289.558440 289.558440
INPUT [2108] 289.558440 289.558440
INPUT WX1778 289.308440 289.308440
INPUT WX1780 289.308440 289.308440
INPUT WX1782 289.308440 289.308440
INPUT WX1784 289.308440 289.308440
INPUT WX1786 289.308440 289.308440
INPUT WX1788 289.308440 289.308440
INPUT WX1790 289.308440 289.308440
INPUT WX1792 289.308440 289.308440
INPUT WX1794 289.308440 289.308440
INPUT WX1796 289.308440 289.308440
INPUT WX1798 289.308440 289.308440
INPUT WX1800 289.308440 289.308440
INPUT WX1802 289.308440 289.308440
INPUT WX1804 289.308440 289.308440
INPUT WX1806 289.308440 289.308440
INPUT WX1808 289.308440 289.308440
INPUT WX1810 289.308440 289.308440
INPUT WX1812 289.308440 289.308440
INPUT WX1814 289.308440 289.308440
INPUT WX1816 289.308440 289.308440
INPUT WX1818 289.308440 289.308440
INPUT WX1820 289.308440 289.308440
INPUT WX1822 289.308440 289.308440
INPUT WX1824 289.308440 289.308440
INPUT WX1826 289.308440 289.308440
INPUT WX1828 289.308440 289.308440
INPUT WX1830 289.308440 289.308440
INPUT WX1832 289.308440 289.308440
INPUT WX1834 289.308440 289.308440
INPUT WX1836 289.308440 289.308440
INPUT WX1838 289.308440 289.308440
INPUT WX1840 289.478440 289.478440
INPUT WX1938 289.478440 289.478440
INPUT WX1940 289.478440 289.478440
INPUT WX1942 289.478440 289.478440
INPUT WX1944 289.478440 289.478440
INPUT WX1946 289.478440 289.478440
INPUT WX1948 289.478440 289.478440
INPUT WX1950 289.478440 289.478440
INPUT WX1952 289.478440 289.478440
INPUT WX1954 289.478440 289.478440
INPUT WX1956 289.478440 289.478440
INPUT WX1958 289.478440 289.478440
INPUT WX1960 289.478440 289.478440
INPUT WX1962 289.478440 289.478440
INPUT WX1964 289.478440 289.478440
INPUT WX1966 289.478440 289.478440
INPUT WX1968 289.478440 289.478440
INPUT WX1970 289.478440 289.478440
INPUT WX1972 289.478440 289.478440
INPUT WX1974 289.478440 289.478440
INPUT WX1976 289.478440 289.478440
INPUT WX1978 289.478440 289.478440
INPUT WX1980 289.478440 289.478440
INPUT WX1982 289.478440 289.478440
INPUT WX1984 289.478440 289.478440
INPUT WX1986 289.478440 289.478440
INPUT WX1988 289.478440 289.478440
INPUT WX1990 289.478440 289.478440
INPUT WX1992 289.478440 289.478440
INPUT WX1994 289.478440 289.478440
INPUT WX1996 289.478440 289.478440
INPUT WX1998 289.478440 289.478440
INPUT WX2000 289.478440 289.478440
INPUT WX2002 289.308440 289.308440
INPUT WX2004 289.308440 289.308440
INPUT WX2006 289.308440 289.308440
INPUT WX2008 289.308440 289.308440
INPUT WX2010 289.308440 289.308440
INPUT WX2012 289.308440 289.308440
INPUT WX2014 289.308440 289.308440
INPUT WX2016 289.308440 289.308440
INPUT WX2018 289.308440 289.308440
INPUT WX2020 289.308440 289.308440
INPUT WX2022 289.308440 289.308440
INPUT WX2024 289.308440 289.308440
INPUT WX2026 289.308440 289.308440
INPUT WX2028 289.308440 289.308440
INPUT WX2030 289.308440 289.308440
INPUT WX2032 289.308440 289.308440
INPUT WX2034 289.308440 289.308440
INPUT WX2036 289.308440 289.308440
INPUT WX2038 289.308440 289.308440
INPUT WX2040 289.308440 289.308440
INPUT WX2042 289.308440 289.308440
INPUT WX2044 289.308440 289.308440
INPUT WX2046 289.308440 289.308440
INPUT WX2048 289.308440 289.308440
INPUT WX2050 289.308440 289.308440
INPUT WX2052 289.308440 289.308440
INPUT WX2054 289.308440 289.308440
INPUT WX2056 289.308440 289.308440
INPUT WX2058 289.308440 289.308440
INPUT WX2060 289.308440 289.308440
INPUT WX2062 289.308440 289.308440
INPUT WX2064 289.308440 289.308440
INPUT WX2066 289.308440 289.308440
INPUT WX2068 289.308440 289.308440
INPUT WX2070 289.308440 289.308440
INPUT WX2072 289.308440 289.308440
INPUT WX2074 289.308440 289.308440
INPUT WX2076 289.308440 289.308440
INPUT WX2078 289.308440 289.308440
INPUT WX2080 289.308440 289.308440
INPUT WX2082 289.308440 289.308440
INPUT WX2084 289.308440 289.308440
INPUT WX2086 289.308440 289.308440
INPUT WX2088 289.308440 289.308440
INPUT WX2090 289.308440 289.308440
INPUT WX2092 289.308440 289.308440
INPUT WX2094 289.308440 289.308440
INPUT WX2096 289.308440 289.308440
INPUT WX2098 289.308440 289.308440
INPUT WX2100 289.308440 289.308440
INPUT WX2102 289.308440 289.308440
INPUT WX2104 289.308440 289.308440
INPUT WX2106 289.308440 289.308440
INPUT WX2108 289.308440 289.308440
INPUT WX2110 289.308440 289.308440
INPUT WX2112 289.308440 289.308440
INPUT WX2114 289.308440 289.308440
INPUT WX2116 289.308440 289.308440
INPUT WX2118 289.308440 289.308440
INPUT WX2120 289.308440 289.308440
INPUT WX2122 289.308440 289.308440
INPUT WX2124 289.308440 289.308440
INPUT WX2126 289.308440 289.308440
INPUT WX2128 289.308440 289.308440
INPUT WX2130 289.308440 289.308440
INPUT WX2132 289.308440 289.308440
INPUT WX2134 289.308440 289.308440
INPUT WX2136 289.308440 289.308440
INPUT WX2138 289.308440 289.308440
INPUT WX2140 289.308440 289.308440
INPUT WX2142 289.308440 289.308440
INPUT WX2144 289.308440 289.308440
INPUT WX2146 289.308440 289.308440
INPUT WX2148 289.308440 289.308440
INPUT WX2150 289.308440 289.308440
INPUT WX2152 289.308440 289.308440
INPUT WX2154 289.308440 289.308440
INPUT WX2156 289.308440 289.308440
INPUT WX2158 289.308440 289.308440
INPUT WX2160 289.308440 289.308440
INPUT WX2162 289.308440 289.308440
INPUT WX2164 289.308440 289.308440
INPUT WX2166 289.308440 289.308440
INPUT WX2168 289.308440 289.308440
INPUT WX2170 289.308440 289.308440
INPUT WX2172 289.308440 289.308440
INPUT WX2174 289.308440 289.308440
INPUT WX2176 289.308440 289.308440
INPUT WX2178 289.308440 289.308440
INPUT WX2180 289.308440 289.308440
INPUT WX2182 289.308440 289.308440
INPUT WX2184 289.308440 289.308440
INPUT WX2186 289.308440 289.308440
INPUT WX2188 289.308440 289.308440
INPUT WX2190 289.308440 289.308440
INPUT WX2192 289.308440 289.308440
INPUT [2109] 289.558440 289.558440
INPUT [2110] 289.558440 289.558440
INPUT [2111] 289.558440 289.558440
INPUT [2112] 289.558440 289.558440
INPUT [2113] 289.558440 289.558440
INPUT [2114] 289.558440 289.558440
INPUT [2115] 289.558440 289.558440
INPUT [2116] 289.558440 289.558440
INPUT [2117] 289.558440 289.558440
INPUT [2118] 289.558440 289.558440
INPUT [2119] 289.558440 289.558440
INPUT [2120] 289.558440 289.558440
INPUT [2121] 289.558440 289.558440
INPUT [2122] 289.558440 289.558440
INPUT [2123] 289.558440 289.558440
INPUT [2124] 289.558440 289.558440
INPUT [2125] 289.558440 289.558440
INPUT [2126] 289.558440 289.558440
INPUT [2127] 289.558440 289.558440
INPUT [2128] 289.558440 289.558440
INPUT [2129] 289.558440 289.558440
INPUT [2130] 289.558440 289.558440
INPUT [2131] 289.558440 289.558440
INPUT [2132] 289.558440 289.558440
INPUT [2133] 289.558440 289.558440
INPUT [2134] 289.558440 289.558440
INPUT [2135] 289.558440 289.558440
INPUT [2136] 289.558440 289.558440
INPUT [2137] 289.558440 289.558440
INPUT [2138] 289.558440 289.558440
INPUT [2139] 289.558440 289.558440
INPUT [2140] 289.558440 289.558440
INPUT WX3071 289.308440 289.308440
INPUT WX3073 289.308440 289.308440
INPUT WX3075 289.308440 289.308440
INPUT WX3077 289.308440 289.308440
INPUT WX3079 289.308440 289.308440
INPUT WX3081 289.308440 289.308440
INPUT WX3083 289.308440 289.308440
INPUT WX3085 289.308440 289.308440
INPUT WX3087 289.308440 289.308440
INPUT WX3089 289.308440 289.308440
INPUT WX3091 289.308440 289.308440
INPUT WX3093 289.308440 289.308440
INPUT WX3095 289.308440 289.308440
INPUT WX3097 289.308440 289.308440
INPUT WX3099 289.308440 289.308440
INPUT WX3101 289.308440 289.308440
INPUT WX3103 289.308440 289.308440
INPUT WX3105 289.308440 289.308440
INPUT WX3107 289.308440 289.308440
INPUT WX3109 289.308440 289.308440
INPUT WX3111 289.308440 289.308440
INPUT WX3113 289.308440 289.308440
INPUT WX3115 289.308440 289.308440
INPUT WX3117 289.308440 289.308440
INPUT WX3119 289.308440 289.308440
INPUT WX3121 289.308440 289.308440
INPUT WX3123 289.308440 289.308440
INPUT WX3125 289.308440 289.308440
INPUT WX3127 289.308440 289.308440
INPUT WX3129 289.308440 289.308440
INPUT WX3131 289.308440 289.308440
INPUT WX3133 289.478440 289.478440
INPUT WX3231 289.478440 289.478440
INPUT WX3233 289.478440 289.478440
INPUT WX3235 289.478440 289.478440
INPUT WX3237 289.478440 289.478440
INPUT WX3239 289.478440 289.478440
INPUT WX3241 289.478440 289.478440
INPUT WX3243 289.478440 289.478440
INPUT WX3245 289.478440 289.478440
INPUT WX3247 289.478440 289.478440
INPUT WX3249 289.478440 289.478440
INPUT WX3251 289.478440 289.478440
INPUT WX3253 289.478440 289.478440
INPUT WX3255 289.478440 289.478440
INPUT WX3257 289.478440 289.478440
INPUT WX3259 289.478440 289.478440
INPUT WX3261 289.478440 289.478440
INPUT WX3263 289.478440 289.478440
INPUT WX3265 289.478440 289.478440
INPUT WX3267 289.478440 289.478440
INPUT WX3269 289.478440 289.478440
INPUT WX3271 289.478440 289.478440
INPUT WX3273 289.478440 289.478440
INPUT WX3275 289.478440 289.478440
INPUT WX3277 289.478440 289.478440
INPUT WX3279 289.478440 289.478440
INPUT WX3281 289.478440 289.478440
INPUT WX3283 289.478440 289.478440
INPUT WX3285 289.478440 289.478440
INPUT WX3287 289.478440 289.478440
INPUT WX3289 289.478440 289.478440
INPUT WX3291 289.478440 289.478440
INPUT WX3293 289.478440 289.478440
INPUT WX3295 289.308440 289.308440
INPUT WX3297 289.308440 289.308440
INPUT WX3299 289.308440 289.308440
INPUT WX3301 289.308440 289.308440
INPUT WX3303 289.308440 289.308440
INPUT WX3305 289.308440 289.308440
INPUT WX3307 289.308440 289.308440
INPUT WX3309 289.308440 289.308440
INPUT WX3311 289.308440 289.308440
INPUT WX3313 289.308440 289.308440
INPUT WX3315 289.308440 289.308440
INPUT WX3317 289.308440 289.308440
INPUT WX3319 289.308440 289.308440
INPUT WX3321 289.308440 289.308440
INPUT WX3323 289.308440 289.308440
INPUT WX3325 289.308440 289.308440
INPUT WX3327 289.308440 289.308440
INPUT WX3329 289.308440 289.308440
INPUT WX3331 289.308440 289.308440
INPUT WX3333 289.308440 289.308440
INPUT WX3335 289.308440 289.308440
INPUT WX3337 289.308440 289.308440
INPUT WX3339 289.308440 289.308440
INPUT WX3341 289.308440 289.308440
INPUT WX3343 289.308440 289.308440
INPUT WX3345 289.308440 289.308440
INPUT WX3347 289.308440 289.308440
INPUT WX3349 289.308440 289.308440
INPUT WX3351 289.308440 289.308440
INPUT WX3353 289.308440 289.308440
INPUT WX3355 289.308440 289.308440
INPUT WX3357 289.308440 289.308440
INPUT WX3359 289.308440 289.308440
INPUT WX3361 289.308440 289.308440
INPUT WX3363 289.308440 289.308440
INPUT WX3365 289.308440 289.308440
INPUT WX3367 289.308440 289.308440
INPUT WX3369 289.308440 289.308440
INPUT WX3371 289.308440 289.308440
INPUT WX3373 289.308440 289.308440
INPUT WX3375 289.308440 289.308440
INPUT WX3377 289.308440 289.308440
INPUT WX3379 289.308440 289.308440
INPUT WX3381 289.308440 289.308440
INPUT WX3383 289.308440 289.308440
INPUT WX3385 289.308440 289.308440
INPUT WX3387 289.308440 289.308440
INPUT WX3389 289.308440 289.308440
INPUT WX3391 289.308440 289.308440
INPUT WX3393 289.308440 289.308440
INPUT WX3395 289.308440 289.308440
INPUT WX3397 289.308440 289.308440
INPUT WX3399 289.308440 289.308440
INPUT WX3401 289.308440 289.308440
INPUT WX3403 289.308440 289.308440
INPUT WX3405 289.308440 289.308440
INPUT WX3407 289.308440 289.308440
INPUT WX3409 289.308440 289.308440
INPUT WX3411 289.308440 289.308440
INPUT WX3413 289.308440 289.308440
INPUT WX3415 289.308440 289.308440
INPUT WX3417 289.308440 289.308440
INPUT WX3419 289.308440 289.308440
INPUT WX3421 289.308440 289.308440
INPUT WX3423 289.308440 289.308440
INPUT WX3425 289.308440 289.308440
INPUT WX3427 289.308440 289.308440
INPUT WX3429 289.308440 289.308440
INPUT WX3431 289.308440 289.308440
INPUT WX3433 289.308440 289.308440
INPUT WX3435 289.308440 289.308440
INPUT WX3437 289.308440 289.308440
INPUT WX3439 289.308440 289.308440
INPUT WX3441 289.308440 289.308440
INPUT WX3443 289.308440 289.308440
INPUT WX3445 289.308440 289.308440
INPUT WX3447 289.308440 289.308440
INPUT WX3449 289.308440 289.308440
INPUT WX3451 289.308440 289.308440
INPUT WX3453 289.308440 289.308440
INPUT WX3455 289.308440 289.308440
INPUT WX3457 289.308440 289.308440
INPUT WX3459 289.308440 289.308440
INPUT WX3461 289.308440 289.308440
INPUT WX3463 289.308440 289.308440
INPUT WX3465 289.308440 289.308440
INPUT WX3467 289.308440 289.308440
INPUT WX3469 289.308440 289.308440
INPUT WX3471 289.308440 289.308440
INPUT WX3473 289.308440 289.308440
INPUT WX3475 289.308440 289.308440
INPUT WX3477 289.308440 289.308440
INPUT WX3479 289.308440 289.308440
INPUT WX3481 289.308440 289.308440
INPUT WX3483 289.308440 289.308440
INPUT WX3485 289.308440 289.308440
INPUT [2141] 289.558440 289.558440
INPUT [2142] 289.558440 289.558440
INPUT [2143] 289.558440 289.558440
INPUT [2144] 289.558440 289.558440
INPUT [2145] 289.558440 289.558440
INPUT [2146] 289.558440 289.558440
INPUT [2147] 289.558440 289.558440
INPUT [2148] 289.558440 289.558440
INPUT [2149] 289.558440 289.558440
INPUT [2150] 289.558440 289.558440
INPUT [2151] 289.558440 289.558440
INPUT [2152] 289.558440 289.558440
INPUT [2153] 289.558440 289.558440
INPUT [2154] 289.558440 289.558440
INPUT [2155] 289.558440 289.558440
INPUT [2156] 289.558440 289.558440
INPUT [2157] 289.558440 289.558440
INPUT [2158] 289.558440 289.558440
INPUT [2159] 289.558440 289.558440
INPUT [2160] 289.558440 289.558440
INPUT [2161] 289.558440 289.558440
INPUT [2162] 289.558440 289.558440
INPUT [2163] 289.558440 289.558440
INPUT [2164] 289.558440 289.558440
INPUT [2165] 289.558440 289.558440
INPUT [2166] 289.558440 289.558440
INPUT [2167] 289.558440 289.558440
INPUT [2168] 289.558440 289.558440
INPUT [2169] 289.558440 289.558440
INPUT [2170] 289.558440 289.558440
INPUT [2171] 289.558440 289.558440
INPUT [2172] 289.558440 289.558440
INPUT WX4364 289.308440 289.308440
INPUT WX4366 289.308440 289.308440
INPUT WX4368 289.308440 289.308440
INPUT WX4370 289.308440 289.308440
INPUT WX4372 289.308440 289.308440
INPUT WX4374 289.308440 289.308440
INPUT WX4376 289.308440 289.308440
INPUT WX4378 289.308440 289.308440
INPUT WX4380 289.308440 289.308440
INPUT WX4382 289.308440 289.308440
INPUT WX4384 289.308440 289.308440
INPUT WX4386 289.308440 289.308440
INPUT WX4388 289.308440 289.308440
INPUT WX4390 289.308440 289.308440
INPUT WX4392 289.308440 289.308440
INPUT WX4394 289.308440 289.308440
INPUT WX4396 289.308440 289.308440
INPUT WX4398 289.308440 289.308440
INPUT WX4400 289.308440 289.308440
INPUT WX4402 289.308440 289.308440
INPUT WX4404 289.308440 289.308440
INPUT WX4406 289.308440 289.308440
INPUT WX4408 289.308440 289.308440
INPUT WX4410 289.308440 289.308440
INPUT WX4412 289.308440 289.308440
INPUT WX4414 289.308440 289.308440
INPUT WX4416 289.308440 289.308440
INPUT WX4418 289.308440 289.308440
INPUT WX4420 289.308440 289.308440
INPUT WX4422 289.308440 289.308440
INPUT WX4424 289.308440 289.308440
INPUT WX4426 289.478440 289.478440
INPUT WX4524 289.478440 289.478440
INPUT WX4526 289.478440 289.478440
INPUT WX4528 289.478440 289.478440
INPUT WX4530 289.478440 289.478440
INPUT WX4532 289.478440 289.478440
INPUT WX4534 289.478440 289.478440
INPUT WX4536 289.478440 289.478440
INPUT WX4538 289.478440 289.478440
INPUT WX4540 289.478440 289.478440
INPUT WX4542 289.478440 289.478440
INPUT WX4544 289.478440 289.478440
INPUT WX4546 289.478440 289.478440
INPUT WX4548 289.478440 289.478440
INPUT WX4550 289.478440 289.478440
INPUT WX4552 289.478440 289.478440
INPUT WX4554 289.478440 289.478440
INPUT WX4556 289.478440 289.478440
INPUT WX4558 289.478440 289.478440
INPUT WX4560 289.478440 289.478440
INPUT WX4562 289.478440 289.478440
INPUT WX4564 289.478440 289.478440
INPUT WX4566 289.478440 289.478440
INPUT WX4568 289.478440 289.478440
INPUT WX4570 289.478440 289.478440
INPUT WX4572 289.478440 289.478440
INPUT WX4574 289.478440 289.478440
INPUT WX4576 289.478440 289.478440
INPUT WX4578 289.478440 289.478440
INPUT WX4580 289.478440 289.478440
INPUT WX4582 289.478440 289.478440
INPUT WX4584 289.478440 289.478440
INPUT WX4586 289.478440 289.478440
INPUT WX4588 289.308440 289.308440
INPUT WX4590 289.308440 289.308440
INPUT WX4592 289.308440 289.308440
INPUT WX4594 289.308440 289.308440
INPUT WX4596 289.308440 289.308440
INPUT WX4598 289.308440 289.308440
INPUT WX4600 289.308440 289.308440
INPUT WX4602 289.308440 289.308440
INPUT WX4604 289.308440 289.308440
INPUT WX4606 289.308440 289.308440
INPUT WX4608 289.308440 289.308440
INPUT WX4610 289.308440 289.308440
INPUT WX4612 289.308440 289.308440
INPUT WX4614 289.308440 289.308440
INPUT WX4616 289.308440 289.308440
INPUT WX4618 289.308440 289.308440
INPUT WX4620 289.308440 289.308440
INPUT WX4622 289.308440 289.308440
INPUT WX4624 289.308440 289.308440
INPUT WX4626 289.308440 289.308440
INPUT WX4628 289.308440 289.308440
INPUT WX4630 289.308440 289.308440
INPUT WX4632 289.308440 289.308440
INPUT WX4634 289.308440 289.308440
INPUT WX4636 289.308440 289.308440
INPUT WX4638 289.308440 289.308440
INPUT WX4640 289.308440 289.308440
INPUT WX4642 289.308440 289.308440
INPUT WX4644 289.308440 289.308440
INPUT WX4646 289.308440 289.308440
INPUT WX4648 289.308440 289.308440
INPUT WX4650 289.308440 289.308440
INPUT WX4652 289.308440 289.308440
INPUT WX4654 289.308440 289.308440
INPUT WX4656 289.308440 289.308440
INPUT WX4658 289.308440 289.308440
INPUT WX4660 289.308440 289.308440
INPUT WX4662 289.308440 289.308440
INPUT WX4664 289.308440 289.308440
INPUT WX4666 289.308440 289.308440
INPUT WX4668 289.308440 289.308440
INPUT WX4670 289.308440 289.308440
INPUT WX4672 289.308440 289.308440
INPUT WX4674 289.308440 289.308440
INPUT WX4676 289.308440 289.308440
INPUT WX4678 289.308440 289.308440
INPUT WX4680 289.308440 289.308440
INPUT WX4682 289.308440 289.308440
INPUT WX4684 289.308440 289.308440
INPUT WX4686 289.308440 289.308440
INPUT WX4688 289.308440 289.308440
INPUT WX4690 289.308440 289.308440
INPUT WX4692 289.308440 289.308440
INPUT WX4694 289.308440 289.308440
INPUT WX4696 289.308440 289.308440
INPUT WX4698 289.308440 289.308440
INPUT WX4700 289.308440 289.308440
INPUT WX4702 289.308440 289.308440
INPUT WX4704 289.308440 289.308440
INPUT WX4706 289.308440 289.308440
INPUT WX4708 289.308440 289.308440
INPUT WX4710 289.308440 289.308440
INPUT WX4712 289.308440 289.308440
INPUT WX4714 289.308440 289.308440
INPUT WX4716 289.308440 289.308440
INPUT WX4718 289.308440 289.308440
INPUT WX4720 289.308440 289.308440
INPUT WX4722 289.308440 289.308440
INPUT WX4724 289.308440 289.308440
INPUT WX4726 289.308440 289.308440
INPUT WX4728 289.308440 289.308440
INPUT WX4730 289.308440 289.308440
INPUT WX4732 289.308440 289.308440
INPUT WX4734 289.308440 289.308440
INPUT WX4736 289.308440 289.308440
INPUT WX4738 289.308440 289.308440
INPUT WX4740 289.308440 289.308440
INPUT WX4742 289.308440 289.308440
INPUT WX4744 289.308440 289.308440
INPUT WX4746 289.308440 289.308440
INPUT WX4748 289.308440 289.308440
INPUT WX4750 289.308440 289.308440
INPUT WX4752 289.308440 289.308440
INPUT WX4754 289.308440 289.308440
INPUT WX4756 289.308440 289.308440
INPUT WX4758 289.308440 289.308440
INPUT WX4760 289.308440 289.308440
INPUT WX4762 289.308440 289.308440
INPUT WX4764 289.308440 289.308440
INPUT WX4766 289.308440 289.308440
INPUT WX4768 289.308440 289.308440
INPUT WX4770 289.308440 289.308440
INPUT WX4772 289.308440 289.308440
INPUT WX4774 289.308440 289.308440
INPUT WX4776 289.308440 289.308440
INPUT WX4778 289.308440 289.308440
INPUT [2173] 289.558440 289.558440
INPUT [2174] 289.558440 289.558440
INPUT [2175] 289.558440 289.558440
INPUT [2176] 289.558440 289.558440
INPUT [2177] 289.558440 289.558440
INPUT [2178] 289.558440 289.558440
INPUT [2179] 289.558440 289.558440
INPUT [2180] 289.558440 289.558440
INPUT [2181] 289.558440 289.558440
INPUT [2182] 289.558440 289.558440
INPUT [2183] 289.558440 289.558440
INPUT [2184] 289.558440 289.558440
INPUT [2185] 289.558440 289.558440
INPUT [2186] 289.558440 289.558440
INPUT [2187] 289.558440 289.558440
INPUT [2188] 289.558440 289.558440
INPUT [2189] 289.558440 289.558440
INPUT [2190] 289.558440 289.558440
INPUT [2191] 289.558440 289.558440
INPUT [2192] 289.558440 289.558440
INPUT [2193] 289.558440 289.558440
INPUT [2194] 289.558440 289.558440
INPUT [2195] 289.558440 289.558440
INPUT [2196] 289.558440 289.558440
INPUT [2197] 289.558440 289.558440
INPUT [2198] 289.558440 289.558440
INPUT [2199] 289.558440 289.558440
INPUT [2200] 289.558440 289.558440
INPUT [2201] 289.558440 289.558440
INPUT [2202] 289.558440 289.558440
INPUT [2203] 289.558440 289.558440
INPUT [2204] 289.558440 289.558440
INPUT WX5657 289.308440 289.308440
INPUT WX5659 289.308440 289.308440
INPUT WX5661 289.308440 289.308440
INPUT WX5663 289.308440 289.308440
INPUT WX5665 289.308440 289.308440
INPUT WX5667 289.308440 289.308440
INPUT WX5669 289.308440 289.308440
INPUT WX5671 289.308440 289.308440
INPUT WX5673 289.308440 289.308440
INPUT WX5675 289.308440 289.308440
INPUT WX5677 289.308440 289.308440
INPUT WX5679 289.308440 289.308440
INPUT WX5681 289.308440 289.308440
INPUT WX5683 289.308440 289.308440
INPUT WX5685 289.308440 289.308440
INPUT WX5687 289.308440 289.308440
INPUT WX5689 289.308440 289.308440
INPUT WX5691 289.308440 289.308440
INPUT WX5693 289.308440 289.308440
INPUT WX5695 289.308440 289.308440
INPUT WX5697 289.308440 289.308440
INPUT WX5699 289.308440 289.308440
INPUT WX5701 289.308440 289.308440
INPUT WX5703 289.308440 289.308440
INPUT WX5705 289.308440 289.308440
INPUT WX5707 289.308440 289.308440
INPUT WX5709 289.308440 289.308440
INPUT WX5711 289.308440 289.308440
INPUT WX5713 289.308440 289.308440
INPUT WX5715 289.308440 289.308440
INPUT WX5717 289.308440 289.308440
INPUT WX5719 289.478440 289.478440
INPUT WX5817 289.478440 289.478440
INPUT WX5819 289.478440 289.478440
INPUT WX5821 289.478440 289.478440
INPUT WX5823 289.478440 289.478440
INPUT WX5825 289.478440 289.478440
INPUT WX5827 289.478440 289.478440
INPUT WX5829 289.478440 289.478440
INPUT WX5831 289.478440 289.478440
INPUT WX5833 289.478440 289.478440
INPUT WX5835 289.478440 289.478440
INPUT WX5837 289.478440 289.478440
INPUT WX5839 289.478440 289.478440
INPUT WX5841 289.478440 289.478440
INPUT WX5843 289.478440 289.478440
INPUT WX5845 289.478440 289.478440
INPUT WX5847 289.478440 289.478440
INPUT WX5849 289.478440 289.478440
INPUT WX5851 289.478440 289.478440
INPUT WX5853 289.478440 289.478440
INPUT WX5855 289.478440 289.478440
INPUT WX5857 289.478440 289.478440
INPUT WX5859 289.478440 289.478440
INPUT WX5861 289.478440 289.478440
INPUT WX5863 289.478440 289.478440
INPUT WX5865 289.478440 289.478440
INPUT WX5867 289.478440 289.478440
INPUT WX5869 289.478440 289.478440
INPUT WX5871 289.478440 289.478440
INPUT WX5873 289.478440 289.478440
INPUT WX5875 289.478440 289.478440
INPUT WX5877 289.478440 289.478440
INPUT WX5879 289.478440 289.478440
INPUT WX5881 289.308440 289.308440
INPUT WX5883 289.308440 289.308440
INPUT WX5885 289.308440 289.308440
INPUT WX5887 289.308440 289.308440
INPUT WX5889 289.308440 289.308440
INPUT WX5891 289.308440 289.308440
INPUT WX5893 289.308440 289.308440
INPUT WX5895 289.308440 289.308440
INPUT WX5897 289.308440 289.308440
INPUT WX5899 289.308440 289.308440
INPUT WX5901 289.308440 289.308440
INPUT WX5903 289.308440 289.308440
INPUT WX5905 289.308440 289.308440
INPUT WX5907 289.308440 289.308440
INPUT WX5909 289.308440 289.308440
INPUT WX5911 289.308440 289.308440
INPUT WX5913 289.308440 289.308440
INPUT WX5915 289.308440 289.308440
INPUT WX5917 289.308440 289.308440
INPUT WX5919 289.308440 289.308440
INPUT WX5921 289.308440 289.308440
INPUT WX5923 289.308440 289.308440
INPUT WX5925 289.308440 289.308440
INPUT WX5927 289.308440 289.308440
INPUT WX5929 289.308440 289.308440
INPUT WX5931 289.308440 289.308440
INPUT WX5933 289.308440 289.308440
INPUT WX5935 289.308440 289.308440
INPUT WX5937 289.308440 289.308440
INPUT WX5939 289.308440 289.308440
INPUT WX5941 289.308440 289.308440
INPUT WX5943 289.308440 289.308440
INPUT WX5945 289.308440 289.308440
INPUT WX5947 289.308440 289.308440
INPUT WX5949 289.308440 289.308440
INPUT WX5951 289.308440 289.308440
INPUT WX5953 289.308440 289.308440
INPUT WX5955 289.308440 289.308440
INPUT WX5957 289.308440 289.308440
INPUT WX5959 289.308440 289.308440
INPUT WX5961 289.308440 289.308440
INPUT WX5963 289.308440 289.308440
INPUT WX5965 289.308440 289.308440
INPUT WX5967 289.308440 289.308440
INPUT WX5969 289.308440 289.308440
INPUT WX5971 289.308440 289.308440
INPUT WX5973 289.308440 289.308440
INPUT WX5975 289.308440 289.308440
INPUT WX5977 289.308440 289.308440
INPUT WX5979 289.308440 289.308440
INPUT WX5981 289.308440 289.308440
INPUT WX5983 289.308440 289.308440
INPUT WX5985 289.308440 289.308440
INPUT WX5987 289.308440 289.308440
INPUT WX5989 289.308440 289.308440
INPUT WX5991 289.308440 289.308440
INPUT WX5993 289.308440 289.308440
INPUT WX5995 289.308440 289.308440
INPUT WX5997 289.308440 289.308440
INPUT WX5999 289.308440 289.308440
INPUT WX6001 289.308440 289.308440
INPUT WX6003 289.308440 289.308440
INPUT WX6005 289.308440 289.308440
INPUT WX6007 289.308440 289.308440
INPUT WX6009 289.308440 289.308440
INPUT WX6011 289.308440 289.308440
INPUT WX6013 289.308440 289.308440
INPUT WX6015 289.308440 289.308440
INPUT WX6017 289.308440 289.308440
INPUT WX6019 289.308440 289.308440
INPUT WX6021 289.308440 289.308440
INPUT WX6023 289.308440 289.308440
INPUT WX6025 289.308440 289.308440
INPUT WX6027 289.308440 289.308440
INPUT WX6029 289.308440 289.308440
INPUT WX6031 289.308440 289.308440
INPUT WX6033 289.308440 289.308440
INPUT WX6035 289.308440 289.308440
INPUT WX6037 289.308440 289.308440
INPUT WX6039 289.308440 289.308440
INPUT WX6041 289.308440 289.308440
INPUT WX6043 289.308440 289.308440
INPUT WX6045 289.308440 289.308440
INPUT WX6047 289.308440 289.308440
INPUT WX6049 289.308440 289.308440
INPUT WX6051 289.308440 289.308440
INPUT WX6053 289.308440 289.308440
INPUT WX6055 289.308440 289.308440
INPUT WX6057 289.308440 289.308440
INPUT WX6059 289.308440 289.308440
INPUT WX6061 289.308440 289.308440
INPUT WX6063 289.308440 289.308440
INPUT WX6065 289.308440 289.308440
INPUT WX6067 289.308440 289.308440
INPUT WX6069 289.308440 289.308440
INPUT WX6071 289.308440 289.308440
INPUT [2205] 289.558440 289.558440
INPUT [2206] 289.558440 289.558440
INPUT [2207] 289.558440 289.558440
INPUT [2208] 289.558440 289.558440
INPUT [2209] 289.558440 289.558440
INPUT [2210] 289.558440 289.558440
INPUT [2211] 289.558440 289.558440
INPUT [2212] 289.558440 289.558440
INPUT [2213] 289.558440 289.558440
INPUT [2214] 289.558440 289.558440
INPUT [2215] 289.558440 289.558440
INPUT [2216] 289.558440 289.558440
INPUT [2217] 289.558440 289.558440
INPUT [2218] 289.558440 289.558440
INPUT [2219] 289.558440 289.558440
INPUT [2220] 289.558440 289.558440
INPUT [2221] 289.558440 289.558440
INPUT [2222] 289.558440 289.558440
INPUT [2223] 289.558440 289.558440
INPUT [2224] 289.558440 289.558440
INPUT [2225] 289.558440 289.558440
INPUT [2226] 289.558440 289.558440
INPUT [2227] 289.558440 289.558440
INPUT [2228] 289.558440 289.558440
INPUT [2229] 289.558440 289.558440
INPUT [2230] 289.558440 289.558440
INPUT [2231] 289.558440 289.558440
INPUT [2232] 289.558440 289.558440
INPUT [2233] 289.558440 289.558440
INPUT [2234] 289.558440 289.558440
INPUT [2235] 289.558440 289.558440
INPUT [2236] 289.558440 289.558440
INPUT WX6950 289.308440 289.308440
INPUT WX6952 289.308440 289.308440
INPUT WX6954 289.308440 289.308440
INPUT WX6956 289.308440 289.308440
INPUT WX6958 289.308440 289.308440
INPUT WX6960 289.308440 289.308440
INPUT WX6962 289.308440 289.308440
INPUT WX6964 289.308440 289.308440
INPUT WX6966 289.308440 289.308440
INPUT WX6968 289.308440 289.308440
INPUT WX6970 289.308440 289.308440
INPUT WX6972 289.308440 289.308440
INPUT WX6974 289.308440 289.308440
INPUT WX6976 289.308440 289.308440
INPUT WX6978 289.308440 289.308440
INPUT WX6980 289.308440 289.308440
INPUT WX6982 289.308440 289.308440
INPUT WX6984 289.308440 289.308440
INPUT WX6986 289.308440 289.308440
INPUT WX6988 289.308440 289.308440
INPUT WX6990 289.308440 289.308440
INPUT WX6992 289.308440 289.308440
INPUT WX6994 289.308440 289.308440
INPUT WX6996 289.308440 289.308440
INPUT WX6998 289.308440 289.308440
INPUT WX7000 289.308440 289.308440
INPUT WX7002 289.308440 289.308440
INPUT WX7004 289.308440 289.308440
INPUT WX7006 289.308440 289.308440
INPUT WX7008 289.308440 289.308440
INPUT WX7010 289.308440 289.308440
INPUT WX7012 289.478440 289.478440
INPUT WX7110 289.478440 289.478440
INPUT WX7112 289.478440 289.478440
INPUT WX7114 289.478440 289.478440
INPUT WX7116 289.478440 289.478440
INPUT WX7118 289.478440 289.478440
INPUT WX7120 289.478440 289.478440
INPUT WX7122 289.478440 289.478440
INPUT WX7124 289.478440 289.478440
INPUT WX7126 289.478440 289.478440
INPUT WX7128 289.478440 289.478440
INPUT WX7130 289.478440 289.478440
INPUT WX7132 289.478440 289.478440
INPUT WX7134 289.478440 289.478440
INPUT WX7136 289.478440 289.478440
INPUT WX7138 289.478440 289.478440
INPUT WX7140 289.478440 289.478440
INPUT WX7142 289.478440 289.478440
INPUT WX7144 289.478440 289.478440
INPUT WX7146 289.478440 289.478440
INPUT WX7148 289.478440 289.478440
INPUT WX7150 289.478440 289.478440
INPUT WX7152 289.478440 289.478440
INPUT WX7154 289.478440 289.478440
INPUT WX7156 289.478440 289.478440
INPUT WX7158 289.478440 289.478440
INPUT WX7160 289.478440 289.478440
INPUT WX7162 289.478440 289.478440
INPUT WX7164 289.478440 289.478440
INPUT WX7166 289.478440 289.478440
INPUT WX7168 289.478440 289.478440
INPUT WX7170 289.478440 289.478440
INPUT WX7172 289.478440 289.478440
INPUT WX7174 289.308440 289.308440
INPUT WX7176 289.308440 289.308440
INPUT WX7178 289.308440 289.308440
INPUT WX7180 289.308440 289.308440
INPUT WX7182 289.308440 289.308440
INPUT WX7184 289.308440 289.308440
INPUT WX7186 289.308440 289.308440
INPUT WX7188 289.308440 289.308440
INPUT WX7190 289.308440 289.308440
INPUT WX7192 289.308440 289.308440
INPUT WX7194 289.308440 289.308440
INPUT WX7196 289.308440 289.308440
INPUT WX7198 289.308440 289.308440
INPUT WX7200 289.308440 289.308440
INPUT WX7202 289.308440 289.308440
INPUT WX7204 289.308440 289.308440
INPUT WX7206 289.308440 289.308440
INPUT WX7208 289.308440 289.308440
INPUT WX7210 289.308440 289.308440
INPUT WX7212 289.308440 289.308440
INPUT WX7214 289.308440 289.308440
INPUT WX7216 289.308440 289.308440
INPUT WX7218 289.308440 289.308440
INPUT WX7220 289.308440 289.308440
INPUT WX7222 289.308440 289.308440
INPUT WX7224 289.308440 289.308440
INPUT WX7226 289.308440 289.308440
INPUT WX7228 289.308440 289.308440
INPUT WX7230 289.308440 289.308440
INPUT WX7232 289.308440 289.308440
INPUT WX7234 289.308440 289.308440
INPUT WX7236 289.308440 289.308440
INPUT WX7238 289.308440 289.308440
INPUT WX7240 289.308440 289.308440
INPUT WX7242 289.308440 289.308440
INPUT WX7244 289.308440 289.308440
INPUT WX7246 289.308440 289.308440
INPUT WX7248 289.308440 289.308440
INPUT WX7250 289.308440 289.308440
INPUT WX7252 289.308440 289.308440
INPUT WX7254 289.308440 289.308440
INPUT WX7256 289.308440 289.308440
INPUT WX7258 289.308440 289.308440
INPUT WX7260 289.308440 289.308440
INPUT WX7262 289.308440 289.308440
INPUT WX7264 289.308440 289.308440
INPUT WX7266 289.308440 289.308440
INPUT WX7268 289.308440 289.308440
INPUT WX7270 289.308440 289.308440
INPUT WX7272 289.308440 289.308440
INPUT WX7274 289.308440 289.308440
INPUT WX7276 289.308440 289.308440
INPUT WX7278 289.308440 289.308440
INPUT WX7280 289.308440 289.308440
INPUT WX7282 289.308440 289.308440
INPUT WX7284 289.308440 289.308440
INPUT WX7286 289.308440 289.308440
INPUT WX7288 289.308440 289.308440
INPUT WX7290 289.308440 289.308440
INPUT WX7292 289.308440 289.308440
INPUT WX7294 289.308440 289.308440
INPUT WX7296 289.308440 289.308440
INPUT WX7298 289.308440 289.308440
INPUT WX7300 289.308440 289.308440
INPUT WX7302 289.308440 289.308440
INPUT WX7304 289.308440 289.308440
INPUT WX7306 289.308440 289.308440
INPUT WX7308 289.308440 289.308440
INPUT WX7310 289.308440 289.308440
INPUT WX7312 289.308440 289.308440
INPUT WX7314 289.308440 289.308440
INPUT WX7316 289.308440 289.308440
INPUT WX7318 289.308440 289.308440
INPUT WX7320 289.308440 289.308440
INPUT WX7322 289.308440 289.308440
INPUT WX7324 289.308440 289.308440
INPUT WX7326 289.308440 289.308440
INPUT WX7328 289.308440 289.308440
INPUT WX7330 289.308440 289.308440
INPUT WX7332 289.308440 289.308440
INPUT WX7334 289.308440 289.308440
INPUT WX7336 289.308440 289.308440
INPUT WX7338 289.308440 289.308440
INPUT WX7340 289.308440 289.308440
INPUT WX7342 289.308440 289.308440
INPUT WX7344 289.308440 289.308440
INPUT WX7346 289.308440 289.308440
INPUT WX7348 289.308440 289.308440
INPUT WX7350 289.308440 289.308440
INPUT WX7352 289.308440 289.308440
INPUT WX7354 289.308440 289.308440
INPUT WX7356 289.308440 289.308440
INPUT WX7358 289.308440 289.308440
INPUT WX7360 289.308440 289.308440
INPUT WX7362 289.308440 289.308440
INPUT WX7364 289.308440 289.308440
INPUT [2237] 289.558440 289.558440
INPUT [2238] 289.558440 289.558440
INPUT [2239] 289.558440 289.558440
INPUT [2240] 289.558440 289.558440
INPUT [2241] 289.558440 289.558440
INPUT [2242] 289.558440 289.558440
INPUT [2243] 289.558440 289.558440
INPUT [2244] 289.558440 289.558440
INPUT [2245] 289.558440 289.558440
INPUT [2246] 289.558440 289.558440
INPUT [2247] 289.558440 289.558440
INPUT [2248] 289.558440 289.558440
INPUT [2249] 289.558440 289.558440
INPUT [2250] 289.558440 289.558440
INPUT [2251] 289.558440 289.558440
INPUT [2252] 289.558440 289.558440
INPUT [2253] 289.558440 289.558440
INPUT [2254] 289.558440 289.558440
INPUT [2255] 289.558440 289.558440
INPUT [2256] 289.558440 289.558440
INPUT [2257] 289.558440 289.558440
INPUT [2258] 289.558440 289.558440
INPUT [2259] 289.558440 289.558440
INPUT [2260] 289.558440 289.558440
INPUT [2261] 289.558440 289.558440
INPUT [2262] 289.558440 289.558440
INPUT [2263] 289.558440 289.558440
INPUT [2264] 289.558440 289.558440
INPUT [2265] 289.558440 289.558440
INPUT [2266] 289.558440 289.558440
INPUT [2267] 289.558440 289.558440
INPUT [2268] 289.558440 289.558440
INPUT WX8243 289.308440 289.308440
INPUT WX8245 289.308440 289.308440
INPUT WX8247 289.308440 289.308440
INPUT WX8249 289.308440 289.308440
INPUT WX8251 289.308440 289.308440
INPUT WX8253 289.308440 289.308440
INPUT WX8255 289.308440 289.308440
INPUT WX8257 289.308440 289.308440
INPUT WX8259 289.308440 289.308440
INPUT WX8261 289.308440 289.308440
INPUT WX8263 289.308440 289.308440
INPUT WX8265 289.308440 289.308440
INPUT WX8267 289.308440 289.308440
INPUT WX8269 289.308440 289.308440
INPUT WX8271 289.308440 289.308440
INPUT WX8273 289.308440 289.308440
INPUT WX8275 289.308440 289.308440
INPUT WX8277 289.308440 289.308440
INPUT WX8279 289.308440 289.308440
INPUT WX8281 289.308440 289.308440
INPUT WX8283 289.308440 289.308440
INPUT WX8285 289.308440 289.308440
INPUT WX8287 289.308440 289.308440
INPUT WX8289 289.308440 289.308440
INPUT WX8291 289.308440 289.308440
INPUT WX8293 289.308440 289.308440
INPUT WX8295 289.308440 289.308440
INPUT WX8297 289.308440 289.308440
INPUT WX8299 289.308440 289.308440
INPUT WX8301 289.308440 289.308440
INPUT WX8303 289.308440 289.308440
INPUT WX8305 289.478440 289.478440
INPUT WX8403 289.478440 289.478440
INPUT WX8405 289.478440 289.478440
INPUT WX8407 289.478440 289.478440
INPUT WX8409 289.478440 289.478440
INPUT WX8411 289.478440 289.478440
INPUT WX8413 289.478440 289.478440
INPUT WX8415 289.478440 289.478440
INPUT WX8417 289.478440 289.478440
INPUT WX8419 289.478440 289.478440
INPUT WX8421 289.478440 289.478440
INPUT WX8423 289.478440 289.478440
INPUT WX8425 289.478440 289.478440
INPUT WX8427 289.478440 289.478440
INPUT WX8429 289.478440 289.478440
INPUT WX8431 289.478440 289.478440
INPUT WX8433 289.478440 289.478440
INPUT WX8435 289.478440 289.478440
INPUT WX8437 289.478440 289.478440
INPUT WX8439 289.478440 289.478440
INPUT WX8441 289.478440 289.478440
INPUT WX8443 289.478440 289.478440
INPUT WX8445 289.478440 289.478440
INPUT WX8447 289.478440 289.478440
INPUT WX8449 289.478440 289.478440
INPUT WX8451 289.478440 289.478440
INPUT WX8453 289.478440 289.478440
INPUT WX8455 289.478440 289.478440
INPUT WX8457 289.478440 289.478440
INPUT WX8459 289.478440 289.478440
INPUT WX8461 289.478440 289.478440
INPUT WX8463 289.478440 289.478440
INPUT WX8465 289.478440 289.478440
INPUT WX8467 289.308440 289.308440
INPUT WX8469 289.308440 289.308440
INPUT WX8471 289.308440 289.308440
INPUT WX8473 289.308440 289.308440
INPUT WX8475 289.308440 289.308440
INPUT WX8477 289.308440 289.308440
INPUT WX8479 289.308440 289.308440
INPUT WX8481 289.308440 289.308440
INPUT WX8483 289.308440 289.308440
INPUT WX8485 289.308440 289.308440
INPUT WX8487 289.308440 289.308440
INPUT WX8489 289.308440 289.308440
INPUT WX8491 289.308440 289.308440
INPUT WX8493 289.308440 289.308440
INPUT WX8495 289.308440 289.308440
INPUT WX8497 289.308440 289.308440
INPUT WX8499 289.308440 289.308440
INPUT WX8501 289.308440 289.308440
INPUT WX8503 289.308440 289.308440
INPUT WX8505 289.308440 289.308440
INPUT WX8507 289.308440 289.308440
INPUT WX8509 289.308440 289.308440
INPUT WX8511 289.308440 289.308440
INPUT WX8513 289.308440 289.308440
INPUT WX8515 289.308440 289.308440
INPUT WX8517 289.308440 289.308440
INPUT WX8519 289.308440 289.308440
INPUT WX8521 289.308440 289.308440
INPUT WX8523 289.308440 289.308440
INPUT WX8525 289.308440 289.308440
INPUT WX8527 289.308440 289.308440
INPUT WX8529 289.308440 289.308440
INPUT WX8531 289.308440 289.308440
INPUT WX8533 289.308440 289.308440
INPUT WX8535 289.308440 289.308440
INPUT WX8537 289.308440 289.308440
INPUT WX8539 289.308440 289.308440
INPUT WX8541 289.308440 289.308440
INPUT WX8543 289.308440 289.308440
INPUT WX8545 289.308440 289.308440
INPUT WX8547 289.308440 289.308440
INPUT WX8549 289.308440 289.308440
INPUT WX8551 289.308440 289.308440
INPUT WX8553 289.308440 289.308440
INPUT WX8555 289.308440 289.308440
INPUT WX8557 289.308440 289.308440
INPUT WX8559 289.308440 289.308440
INPUT WX8561 289.308440 289.308440
INPUT WX8563 289.308440 289.308440
INPUT WX8565 289.308440 289.308440
INPUT WX8567 289.308440 289.308440
INPUT WX8569 289.308440 289.308440
INPUT WX8571 289.308440 289.308440
INPUT WX8573 289.308440 289.308440
INPUT WX8575 289.308440 289.308440
INPUT WX8577 289.308440 289.308440
INPUT WX8579 289.308440 289.308440
INPUT WX8581 289.308440 289.308440
INPUT WX8583 289.308440 289.308440
INPUT WX8585 289.308440 289.308440
INPUT WX8587 289.308440 289.308440
INPUT WX8589 289.308440 289.308440
INPUT WX8591 289.308440 289.308440
INPUT WX8593 289.308440 289.308440
INPUT WX8595 289.308440 289.308440
INPUT WX8597 289.308440 289.308440
INPUT WX8599 289.308440 289.308440
INPUT WX8601 289.308440 289.308440
INPUT WX8603 289.308440 289.308440
INPUT WX8605 289.308440 289.308440
INPUT WX8607 289.308440 289.308440
INPUT WX8609 289.308440 289.308440
INPUT WX8611 289.308440 289.308440
INPUT WX8613 289.308440 289.308440
INPUT WX8615 289.308440 289.308440
INPUT WX8617 289.308440 289.308440
INPUT WX8619 289.308440 289.308440
INPUT WX8621 289.308440 289.308440
INPUT WX8623 289.308440 289.308440
INPUT WX8625 289.308440 289.308440
INPUT WX8627 289.308440 289.308440
INPUT WX8629 289.308440 289.308440
INPUT WX8631 289.308440 289.308440
INPUT WX8633 289.308440 289.308440
INPUT WX8635 289.308440 289.308440
INPUT WX8637 289.308440 289.308440
INPUT WX8639 289.308440 289.308440
INPUT WX8641 289.308440 289.308440
INPUT WX8643 289.308440 289.308440
INPUT WX8645 289.308440 289.308440
INPUT WX8647 289.308440 289.308440
INPUT WX8649 289.308440 289.308440
INPUT WX8651 289.308440 289.308440
INPUT WX8653 289.308440 289.308440
INPUT WX8655 289.308440 289.308440
INPUT WX8657 289.308440 289.308440
INPUT [2269] 289.558440 289.558440
INPUT [2270] 289.558440 289.558440
INPUT [2271] 289.558440 289.558440
INPUT [2272] 289.558440 289.558440
INPUT [2273] 289.558440 289.558440
INPUT [2274] 289.558440 289.558440
INPUT [2275] 289.558440 289.558440
INPUT [2276] 289.558440 289.558440
INPUT [2277] 289.558440 289.558440
INPUT [2278] 289.558440 289.558440
INPUT [2279] 289.558440 289.558440
INPUT [2280] 289.558440 289.558440
INPUT [2281] 289.558440 289.558440
INPUT [2282] 289.558440 289.558440
INPUT [2283] 289.558440 289.558440
INPUT [2284] 289.558440 289.558440
INPUT [2285] 289.558440 289.558440
INPUT [2286] 289.558440 289.558440
INPUT [2287] 289.558440 289.558440
INPUT [2288] 289.558440 289.558440
INPUT [2289] 289.558440 289.558440
INPUT [2290] 289.558440 289.558440
INPUT [2291] 289.558440 289.558440
INPUT [2292] 289.558440 289.558440
INPUT [2293] 289.558440 289.558440
INPUT [2294] 289.558440 289.558440
INPUT [2295] 289.558440 289.558440
INPUT [2296] 289.558440 289.558440
INPUT [2297] 289.558440 289.558440
INPUT [2298] 289.558440 289.558440
INPUT [2299] 289.558440 289.558440
INPUT [2300] 289.558440 289.558440
INPUT WX9536 289.308440 289.308440
INPUT WX9538 289.308440 289.308440
INPUT WX9540 289.308440 289.308440
INPUT WX9542 289.308440 289.308440
INPUT WX9544 289.308440 289.308440
INPUT WX9546 289.308440 289.308440
INPUT WX9548 289.308440 289.308440
INPUT WX9550 289.308440 289.308440
INPUT WX9552 289.308440 289.308440
INPUT WX9554 289.308440 289.308440
INPUT WX9556 289.308440 289.308440
INPUT WX9558 289.308440 289.308440
INPUT WX9560 289.308440 289.308440
INPUT WX9562 289.308440 289.308440
INPUT WX9564 289.308440 289.308440
INPUT WX9566 289.308440 289.308440
INPUT WX9568 289.308440 289.308440
INPUT WX9570 289.308440 289.308440
INPUT WX9572 289.308440 289.308440
INPUT WX9574 289.308440 289.308440
INPUT WX9576 289.308440 289.308440
INPUT WX9578 289.308440 289.308440
INPUT WX9580 289.308440 289.308440
INPUT WX9582 289.308440 289.308440
INPUT WX9584 289.308440 289.308440
INPUT WX9586 289.308440 289.308440
INPUT WX9588 289.308440 289.308440
INPUT WX9590 289.308440 289.308440
INPUT WX9592 289.308440 289.308440
INPUT WX9594 289.308440 289.308440
INPUT WX9596 289.308440 289.308440
INPUT WX9598 289.478440 289.478440
INPUT WX9696 289.478440 289.478440
INPUT WX9698 289.478440 289.478440
INPUT WX9700 289.478440 289.478440
INPUT WX9702 289.478440 289.478440
INPUT WX9704 289.478440 289.478440
INPUT WX9706 289.478440 289.478440
INPUT WX9708 289.478440 289.478440
INPUT WX9710 289.478440 289.478440
INPUT WX9712 289.478440 289.478440
INPUT WX9714 289.478440 289.478440
INPUT WX9716 289.478440 289.478440
INPUT WX9718 289.478440 289.478440
INPUT WX9720 289.478440 289.478440
INPUT WX9722 289.478440 289.478440
INPUT WX9724 289.478440 289.478440
INPUT WX9726 289.478440 289.478440
INPUT WX9728 289.478440 289.478440
INPUT WX9730 289.478440 289.478440
INPUT WX9732 289.478440 289.478440
INPUT WX9734 289.478440 289.478440
INPUT WX9736 289.478440 289.478440
INPUT WX9738 289.478440 289.478440
INPUT WX9740 289.478440 289.478440
INPUT WX9742 289.478440 289.478440
INPUT WX9744 289.478440 289.478440
INPUT WX9746 289.478440 289.478440
INPUT WX9748 289.478440 289.478440
INPUT WX9750 289.478440 289.478440
INPUT WX9752 289.478440 289.478440
INPUT WX9754 289.478440 289.478440
INPUT WX9756 289.478440 289.478440
INPUT WX9758 289.478440 289.478440
INPUT WX9760 289.308440 289.308440
INPUT WX9762 289.308440 289.308440
INPUT WX9764 289.308440 289.308440
INPUT WX9766 289.308440 289.308440
INPUT WX9768 289.308440 289.308440
INPUT WX9770 289.308440 289.308440
INPUT WX9772 289.308440 289.308440
INPUT WX9774 289.308440 289.308440
INPUT WX9776 289.308440 289.308440
INPUT WX9778 289.308440 289.308440
INPUT WX9780 289.308440 289.308440
INPUT WX9782 289.308440 289.308440
INPUT WX9784 289.308440 289.308440
INPUT WX9786 289.308440 289.308440
INPUT WX9788 289.308440 289.308440
INPUT WX9790 289.308440 289.308440
INPUT WX9792 289.308440 289.308440
INPUT WX9794 289.308440 289.308440
INPUT WX9796 289.308440 289.308440
INPUT WX9798 289.308440 289.308440
INPUT WX9800 289.308440 289.308440
INPUT WX9802 289.308440 289.308440
INPUT WX9804 289.308440 289.308440
INPUT WX9806 289.308440 289.308440
INPUT WX9808 289.308440 289.308440
INPUT WX9810 289.308440 289.308440
INPUT WX9812 289.308440 289.308440
INPUT WX9814 289.308440 289.308440
INPUT WX9816 289.308440 289.308440
INPUT WX9818 289.308440 289.308440
INPUT WX9820 289.308440 289.308440
INPUT WX9822 289.308440 289.308440
INPUT WX9824 289.308440 289.308440
INPUT WX9826 289.308440 289.308440
INPUT WX9828 289.308440 289.308440
INPUT WX9830 289.308440 289.308440
INPUT WX9832 289.308440 289.308440
INPUT WX9834 289.308440 289.308440
INPUT WX9836 289.308440 289.308440
INPUT WX9838 289.308440 289.308440
INPUT WX9840 289.308440 289.308440
INPUT WX9842 289.308440 289.308440
INPUT WX9844 289.308440 289.308440
INPUT WX9846 289.308440 289.308440
INPUT WX9848 289.308440 289.308440
INPUT WX9850 289.308440 289.308440
INPUT WX9852 289.308440 289.308440
INPUT WX9854 289.308440 289.308440
INPUT WX9856 289.308440 289.308440
INPUT WX9858 289.308440 289.308440
INPUT WX9860 289.308440 289.308440
INPUT WX9862 289.308440 289.308440
INPUT WX9864 289.308440 289.308440
INPUT WX9866 289.308440 289.308440
INPUT WX9868 289.308440 289.308440
INPUT WX9870 289.308440 289.308440
INPUT WX9872 289.308440 289.308440
INPUT WX9874 289.308440 289.308440
INPUT WX9876 289.308440 289.308440
INPUT WX9878 289.308440 289.308440
INPUT WX9880 289.308440 289.308440
INPUT WX9882 289.308440 289.308440
INPUT WX9884 289.308440 289.308440
INPUT WX9886 289.308440 289.308440
INPUT WX9888 289.308440 289.308440
INPUT WX9890 289.308440 289.308440
INPUT WX9892 289.308440 289.308440
INPUT WX9894 289.308440 289.308440
INPUT WX9896 289.308440 289.308440
INPUT WX9898 289.308440 289.308440
INPUT WX9900 289.308440 289.308440
INPUT WX9902 289.308440 289.308440
INPUT WX9904 289.308440 289.308440
INPUT WX9906 289.308440 289.308440
INPUT WX9908 289.308440 289.308440
INPUT WX9910 289.308440 289.308440
INPUT WX9912 289.308440 289.308440
INPUT WX9914 289.308440 289.308440
INPUT WX9916 289.308440 289.308440
INPUT WX9918 289.308440 289.308440
INPUT WX9920 289.308440 289.308440
INPUT WX9922 289.308440 289.308440
INPUT WX9924 289.308440 289.308440
INPUT WX9926 289.308440 289.308440
INPUT WX9928 289.308440 289.308440
INPUT WX9930 289.308440 289.308440
INPUT WX9932 289.308440 289.308440
INPUT WX9934 289.308440 289.308440
INPUT WX9936 289.308440 289.308440
INPUT WX9938 289.308440 289.308440
INPUT WX9940 289.308440 289.308440
INPUT WX9942 289.308440 289.308440
INPUT WX9944 289.308440 289.308440
INPUT WX9946 289.308440 289.308440
INPUT WX9948 289.308440 289.308440
INPUT WX9950 289.308440 289.308440
INPUT [2301] 289.558440 289.558440
INPUT [2302] 289.558440 289.558440
INPUT [2303] 289.558440 289.558440
INPUT [2304] 289.558440 289.558440
INPUT [2305] 289.558440 289.558440
INPUT [2306] 289.558440 289.558440
INPUT [2307] 289.558440 289.558440
INPUT [2308] 289.558440 289.558440
INPUT [2309] 289.558440 289.558440
INPUT [2310] 289.558440 289.558440
INPUT [2311] 289.558440 289.558440
INPUT [2312] 289.558440 289.558440
INPUT [2313] 289.558440 289.558440
INPUT [2314] 289.558440 289.558440
INPUT [2315] 289.558440 289.558440
INPUT [2316] 289.558440 289.558440
INPUT [2317] 289.558440 289.558440
INPUT [2318] 289.558440 289.558440
INPUT [2319] 289.558440 289.558440
INPUT [2320] 289.558440 289.558440
INPUT [2321] 289.558440 289.558440
INPUT [2322] 289.558440 289.558440
INPUT [2323] 289.558440 289.558440
INPUT [2324] 289.558440 289.558440
INPUT [2325] 289.558440 289.558440
INPUT [2326] 289.558440 289.558440
INPUT [2327] 289.558440 289.558440
INPUT [2328] 289.558440 289.558440
INPUT [2329] 289.558440 289.558440
INPUT [2330] 289.558440 289.558440
INPUT [2331] 289.558440 289.558440
INPUT [2332] 289.558440 289.558440
INPUT WX10829 289.308440 289.308440
INPUT WX10831 289.308440 289.308440
INPUT WX10833 289.308440 289.308440
INPUT WX10835 289.308440 289.308440
INPUT WX10837 289.308440 289.308440
INPUT WX10839 289.308440 289.308440
INPUT WX10841 289.308440 289.308440
INPUT WX10843 289.308440 289.308440
INPUT WX10845 289.308440 289.308440
INPUT WX10847 289.308440 289.308440
INPUT WX10849 289.308440 289.308440
INPUT WX10851 289.308440 289.308440
INPUT WX10853 289.308440 289.308440
INPUT WX10855 289.308440 289.308440
INPUT WX10857 289.308440 289.308440
INPUT WX10859 289.308440 289.308440
INPUT WX10861 289.308440 289.308440
INPUT WX10863 289.308440 289.308440
INPUT WX10865 289.308440 289.308440
INPUT WX10867 289.308440 289.308440
INPUT WX10869 289.308440 289.308440
INPUT WX10871 289.308440 289.308440
INPUT WX10873 289.308440 289.308440
INPUT WX10875 289.308440 289.308440
INPUT WX10877 289.308440 289.308440
INPUT WX10879 289.308440 289.308440
INPUT WX10881 289.308440 289.308440
INPUT WX10883 289.308440 289.308440
INPUT WX10885 289.308440 289.308440
INPUT WX10887 289.308440 289.308440
INPUT WX10889 289.308440 289.308440
INPUT WX10891 289.478440 289.478440
INPUT WX10989 289.478440 289.478440
INPUT WX10991 289.478440 289.478440
INPUT WX10993 289.478440 289.478440
INPUT WX10995 289.478440 289.478440
INPUT WX10997 289.478440 289.478440
INPUT WX10999 289.478440 289.478440
INPUT WX11001 289.478440 289.478440
INPUT WX11003 289.478440 289.478440
INPUT WX11005 289.478440 289.478440
INPUT WX11007 289.478440 289.478440
INPUT WX11009 289.478440 289.478440
INPUT WX11011 289.478440 289.478440
INPUT WX11013 289.478440 289.478440
INPUT WX11015 289.478440 289.478440
INPUT WX11017 289.478440 289.478440
INPUT WX11019 289.478440 289.478440
INPUT WX11021 289.478440 289.478440
INPUT WX11023 289.478440 289.478440
INPUT WX11025 289.478440 289.478440
INPUT WX11027 289.478440 289.478440
INPUT WX11029 289.478440 289.478440
INPUT WX11031 289.478440 289.478440
INPUT WX11033 289.478440 289.478440
INPUT WX11035 289.478440 289.478440
INPUT WX11037 289.478440 289.478440
INPUT WX11039 289.478440 289.478440
INPUT WX11041 289.478440 289.478440
INPUT WX11043 289.478440 289.478440
INPUT WX11045 289.478440 289.478440
INPUT WX11047 289.478440 289.478440
INPUT WX11049 289.478440 289.478440
INPUT WX11051 289.478440 289.478440
INPUT WX11053 289.308440 289.308440
INPUT WX11055 289.308440 289.308440
INPUT WX11057 289.308440 289.308440
INPUT WX11059 289.308440 289.308440
INPUT WX11061 289.308440 289.308440
INPUT WX11063 289.308440 289.308440
INPUT WX11065 289.308440 289.308440
INPUT WX11067 289.308440 289.308440
INPUT WX11069 289.308440 289.308440
INPUT WX11071 289.308440 289.308440
INPUT WX11073 289.308440 289.308440
INPUT WX11075 289.308440 289.308440
INPUT WX11077 289.308440 289.308440
INPUT WX11079 289.308440 289.308440
INPUT WX11081 289.308440 289.308440
INPUT WX11083 289.308440 289.308440
INPUT WX11085 289.308440 289.308440
INPUT WX11087 289.308440 289.308440
INPUT WX11089 289.308440 289.308440
INPUT WX11091 289.308440 289.308440
INPUT WX11093 289.308440 289.308440
INPUT WX11095 289.308440 289.308440
INPUT WX11097 289.308440 289.308440
INPUT WX11099 289.308440 289.308440
INPUT WX11101 289.308440 289.308440
INPUT WX11103 289.308440 289.308440
INPUT WX11105 289.308440 289.308440
INPUT WX11107 289.308440 289.308440
INPUT WX11109 289.308440 289.308440
INPUT WX11111 289.308440 289.308440
INPUT WX11113 289.308440 289.308440
INPUT WX11115 289.308440 289.308440
INPUT WX11117 289.308440 289.308440
INPUT WX11119 289.308440 289.308440
INPUT WX11121 289.308440 289.308440
INPUT WX11123 289.308440 289.308440
INPUT WX11125 289.308440 289.308440
INPUT WX11127 289.308440 289.308440
INPUT WX11129 289.308440 289.308440
INPUT WX11131 289.308440 289.308440
INPUT WX11133 289.308440 289.308440
INPUT WX11135 289.308440 289.308440
INPUT WX11137 289.308440 289.308440
INPUT WX11139 289.308440 289.308440
INPUT WX11141 289.308440 289.308440
INPUT WX11143 289.308440 289.308440
INPUT WX11145 289.308440 289.308440
INPUT WX11147 289.308440 289.308440
INPUT WX11149 289.308440 289.308440
INPUT WX11151 289.308440 289.308440
INPUT WX11153 289.308440 289.308440
INPUT WX11155 289.308440 289.308440
INPUT WX11157 289.308440 289.308440
INPUT WX11159 289.308440 289.308440
INPUT WX11161 289.308440 289.308440
INPUT WX11163 289.308440 289.308440
INPUT WX11165 289.308440 289.308440
INPUT WX11167 289.308440 289.308440
INPUT WX11169 289.308440 289.308440
INPUT WX11171 289.308440 289.308440
INPUT WX11173 289.308440 289.308440
INPUT WX11175 289.308440 289.308440
INPUT WX11177 289.308440 289.308440
INPUT WX11179 289.308440 289.308440
INPUT WX11181 289.308440 289.308440
INPUT WX11183 289.308440 289.308440
INPUT WX11185 289.308440 289.308440
INPUT WX11187 289.308440 289.308440
INPUT WX11189 289.308440 289.308440
INPUT WX11191 289.308440 289.308440
INPUT WX11193 289.308440 289.308440
INPUT WX11195 289.308440 289.308440
INPUT WX11197 289.308440 289.308440
INPUT WX11199 289.308440 289.308440
INPUT WX11201 289.308440 289.308440
INPUT WX11203 289.308440 289.308440
INPUT WX11205 289.308440 289.308440
INPUT WX11207 289.308440 289.308440
INPUT WX11209 289.308440 289.308440
INPUT WX11211 289.308440 289.308440
INPUT WX11213 289.308440 289.308440
INPUT WX11215 289.308440 289.308440
INPUT WX11217 289.308440 289.308440
INPUT WX11219 289.308440 289.308440
INPUT WX11221 289.308440 289.308440
INPUT WX11223 289.308440 289.308440
INPUT WX11225 289.308440 289.308440
INPUT WX11227 289.308440 289.308440
INPUT WX11229 289.308440 289.308440
INPUT WX11231 289.308440 289.308440
INPUT WX11233 289.308440 289.308440
INPUT WX11235 289.308440 289.308440
INPUT WX11237 289.308440 289.308440
INPUT WX11239 289.308440 289.308440
INPUT WX11241 289.308440 289.308440
INPUT WX11243 289.308440 289.308440
INPUT [2333] 289.558440 289.558440
INPUT [2334] 289.558440 289.558440
INPUT [2335] 289.558440 289.558440
INPUT [2336] 289.558440 289.558440
INPUT [2337] 289.558440 289.558440
INPUT [2338] 289.558440 289.558440
INPUT [2339] 289.558440 289.558440
INPUT [2340] 289.558440 289.558440
INPUT [2341] 289.558440 289.558440
INPUT [2342] 289.558440 289.558440
INPUT [2343] 289.558440 289.558440
INPUT [2344] 289.558440 289.558440
INPUT [2345] 289.558440 289.558440
INPUT [2346] 289.558440 289.558440
INPUT [2347] 289.558440 289.558440
INPUT [2348] 289.558440 289.558440
INPUT [2349] 289.558440 289.558440
INPUT [2350] 289.558440 289.558440
INPUT [2351] 289.558440 289.558440
INPUT [2352] 289.558440 289.558440
INPUT [2353] 289.558440 289.558440
INPUT [2354] 289.558440 289.558440
INPUT [2355] 289.558440 289.558440
INPUT [2356] 289.558440 289.558440
INPUT [2357] 289.558440 289.558440
INPUT [2358] 289.558440 289.558440
INPUT [2359] 289.558440 289.558440
INPUT [2360] 289.558440 289.558440
INPUT [2361] 289.558440 289.558440
INPUT [2362] 289.558440 289.558440
INPUT [2363] 289.558440 289.558440
INPUT [2364] 289.558440 289.558440
INPUT WX645 62.228760 3.154200
INPUT WX647 62.228760 3.154200
INPUT WX649 62.228760 3.154200
INPUT WX651 62.228760 3.154200
INPUT WX653 62.228760 3.154200
INPUT WX655 62.228760 3.154200
INPUT WX657 62.228760 3.154200
INPUT WX659 62.228760 3.154200
INPUT WX661 62.228760 3.154200
INPUT WX663 62.228760 3.154200
INPUT WX665 62.228760 3.154200
INPUT WX667 62.228760 3.154200
INPUT WX669 62.228760 3.154200
INPUT WX671 62.228760 3.154200
INPUT WX673 62.228760 3.154200
INPUT WX675 62.228760 3.154200
INPUT WX677 62.228760 3.154200
INPUT WX679 62.228760 3.154200
INPUT WX681 62.228760 3.154200
INPUT WX683 62.228760 3.154200
INPUT WX685 62.228760 3.154200
INPUT WX687 62.228760 3.154200
INPUT WX689 62.228760 3.154200
INPUT WX691 62.228760 3.154200
INPUT WX693 62.228760 3.154200
INPUT WX695 62.228760 3.154200
INPUT WX697 62.228760 3.154200
INPUT WX699 62.228760 3.154200
INPUT WX701 62.228760 3.154200
INPUT WX703 62.228760 3.154200
INPUT WX705 62.228760 3.154200
INPUT WX707 62.228760 3.154200
INPUT WX1938 62.228760 3.154200
INPUT WX1940 62.228760 3.154200
INPUT WX1942 62.228760 3.154200
INPUT WX1944 62.228760 3.154200
INPUT WX1946 62.228760 3.154200
INPUT WX1948 62.228760 3.154200
INPUT WX1950 62.228760 3.154200
INPUT WX1952 62.228760 3.154200
INPUT WX1954 62.228760 3.154200
INPUT WX1956 62.228760 3.154200
INPUT WX1958 62.228760 3.154200
INPUT WX1960 62.228760 3.154200
INPUT WX1962 62.228760 3.154200
INPUT WX1964 62.228760 3.154200
INPUT WX1966 62.228760 3.154200
INPUT WX1968 62.228760 3.154200
INPUT WX1970 62.228760 3.154200
INPUT WX1972 62.228760 3.154200
INPUT WX1974 62.228760 3.154200
INPUT WX1976 62.228760 3.154200
INPUT WX1978 62.228760 3.154200
INPUT WX1980 62.228760 3.154200
INPUT WX1982 62.228760 3.154200
INPUT WX1984 62.228760 3.154200
INPUT WX1986 62.228760 3.154200
INPUT WX1988 62.228760 3.154200
INPUT WX1990 62.228760 3.154200
INPUT WX1992 62.228760 3.154200
INPUT WX1994 62.228760 3.154200
INPUT WX1996 62.228760 3.154200
INPUT WX1998 62.228760 3.154200
INPUT WX2000 62.228760 3.154200
INPUT WX3231 62.228760 3.154200
INPUT WX3233 62.228760 3.154200
INPUT WX3235 62.228760 3.154200
INPUT WX3237 62.228760 3.154200
INPUT WX3239 62.228760 3.154200
INPUT WX3241 62.228760 3.154200
INPUT WX3243 62.228760 3.154200
INPUT WX3245 62.228760 3.154200
INPUT WX3247 62.228760 3.154200
INPUT WX3249 62.228760 3.154200
INPUT WX3251 62.228760 3.154200
INPUT WX3253 62.228760 3.154200
INPUT WX3255 62.228760 3.154200
INPUT WX3257 62.228760 3.154200
INPUT WX3259 62.228760 3.154200
INPUT WX3261 62.228760 3.154200
INPUT WX3263 62.228760 3.154200
INPUT WX3265 62.228760 3.154200
INPUT WX3267 62.228760 3.154200
INPUT WX3269 62.228760 3.154200
INPUT WX3271 62.228760 3.154200
INPUT WX3273 62.228760 3.154200
INPUT WX3275 62.228760 3.154200
INPUT WX3277 62.228760 3.154200
INPUT WX3279 62.228760 3.154200
INPUT WX3281 62.228760 3.154200
INPUT WX3283 62.228760 3.154200
INPUT WX3285 62.228760 3.154200
INPUT WX3287 62.228760 3.154200
INPUT WX3289 62.228760 3.154200
INPUT WX3291 62.228760 3.154200
INPUT WX3293 62.228760 3.154200
INPUT WX4524 62.228760 3.154200
INPUT WX4526 62.228760 3.154200
INPUT WX4528 62.228760 3.154200
INPUT WX4530 62.228760 3.154200
INPUT WX4532 62.228760 3.154200
INPUT WX4534 62.228760 3.154200
INPUT WX4536 62.228760 3.154200
INPUT WX4538 62.228760 3.154200
INPUT WX4540 62.228760 3.154200
INPUT WX4542 62.228760 3.154200
INPUT WX4544 62.228760 3.154200
INPUT WX4546 62.228760 3.154200
INPUT WX4548 62.228760 3.154200
INPUT WX4550 62.228760 3.154200
INPUT WX4552 62.228760 3.154200
INPUT WX4554 62.228760 3.154200
INPUT WX4556 62.228760 3.154200
INPUT WX4558 62.228760 3.154200
INPUT WX4560 62.228760 3.154200
INPUT WX4562 62.228760 3.154200
INPUT WX4564 62.228760 3.154200
INPUT WX4566 62.228760 3.154200
INPUT WX4568 62.228760 3.154200
INPUT WX4570 62.228760 3.154200
INPUT WX4572 62.228760 3.154200
INPUT WX4574 62.228760 3.154200
INPUT WX4576 62.228760 3.154200
INPUT WX4578 62.228760 3.154200
INPUT WX4580 62.228760 3.154200
INPUT WX4582 62.228760 3.154200
INPUT WX4584 62.228760 3.154200
INPUT WX4586 62.228760 3.154200
INPUT WX5817 62.228760 3.154200
INPUT WX5819 62.228760 3.154200
INPUT WX5821 62.228760 3.154200
INPUT WX5823 62.228760 3.154200
INPUT WX5825 62.228760 3.154200
INPUT WX5827 62.228760 3.154200
INPUT WX5829 62.228760 3.154200
INPUT WX5831 62.228760 3.154200
INPUT WX5833 62.228760 3.154200
INPUT WX5835 62.228760 3.154200
INPUT WX5837 62.228760 3.154200
INPUT WX5839 62.228760 3.154200
INPUT WX5841 62.228760 3.154200
INPUT WX5843 62.228760 3.154200
INPUT WX5845 62.228760 3.154200
INPUT WX5847 62.228760 3.154200
INPUT WX5849 62.228760 3.154200
INPUT WX5851 62.228760 3.154200
INPUT WX5853 62.228760 3.154200
INPUT WX5855 62.228760 3.154200
INPUT WX5857 62.228760 3.154200
INPUT WX5859 62.228760 3.154200
INPUT WX5861 62.228760 3.154200
INPUT WX5863 62.228760 3.154200
INPUT WX5865 62.228760 3.154200
INPUT WX5867 62.228760 3.154200
INPUT WX5869 62.228760 3.154200
INPUT WX5871 62.228760 3.154200
INPUT WX5873 62.228760 3.154200
INPUT WX5875 62.228760 3.154200
INPUT WX5877 62.228760 3.154200
INPUT WX5879 62.228760 3.154200
INPUT WX7110 62.228760 3.154200
INPUT WX7112 62.228760 3.154200
INPUT WX7114 62.228760 3.154200
INPUT WX7116 62.228760 3.154200
INPUT WX7118 62.228760 3.154200
INPUT WX7120 62.228760 3.154200
INPUT WX7122 62.228760 3.154200
INPUT WX7124 62.228760 3.154200
INPUT WX7126 62.228760 3.154200
INPUT WX7128 62.228760 3.154200
INPUT WX7130 62.228760 3.154200
INPUT WX7132 62.228760 3.154200
INPUT WX7134 62.228760 3.154200
INPUT WX7136 62.228760 3.154200
INPUT WX7138 62.228760 3.154200
INPUT WX7140 62.228760 3.154200
INPUT WX7142 62.228760 3.154200
INPUT WX7144 62.228760 3.154200
INPUT WX7146 62.228760 3.154200
INPUT WX7148 62.228760 3.154200
INPUT WX7150 62.228760 3.154200
INPUT WX7152 62.228760 3.154200
INPUT WX7154 62.228760 3.154200
INPUT WX7156 62.228760 3.154200
INPUT WX7158 62.228760 3.154200
INPUT WX7160 62.228760 3.154200
INPUT WX7162 62.228760 3.154200
INPUT WX7164 62.228760 3.154200
INPUT WX7166 62.228760 3.154200
INPUT WX7168 62.228760 3.154200
INPUT WX7170 62.228760 3.154200
INPUT WX7172 62.228760 3.154200
INPUT WX8403 62.228760 3.154200
INPUT WX8405 62.228760 3.154200
INPUT WX8407 62.228760 3.154200
INPUT WX8409 62.228760 3.154200
INPUT WX8411 62.228760 3.154200
INPUT WX8413 62.228760 3.154200
INPUT WX8415 62.228760 3.154200
INPUT WX8417 62.228760 3.154200
INPUT WX8419 62.228760 3.154200
INPUT WX8421 62.228760 3.154200
INPUT WX8423 62.228760 3.154200
INPUT WX8425 62.228760 3.154200
INPUT WX8427 62.228760 3.154200
INPUT WX8429 62.228760 3.154200
INPUT WX8431 62.228760 3.154200
INPUT WX8433 62.228760 3.154200
INPUT WX8435 62.228760 3.154200
INPUT WX8437 62.228760 3.154200
INPUT WX8439 62.228760 3.154200
INPUT WX8441 62.228760 3.154200
INPUT WX8443 62.228760 3.154200
INPUT WX8445 62.228760 3.154200
INPUT WX8447 62.228760 3.154200
INPUT WX8449 62.228760 3.154200
INPUT WX8451 62.228760 3.154200
INPUT WX8453 62.228760 3.154200
INPUT WX8455 62.228760 3.154200
INPUT WX8457 62.228760 3.154200
INPUT WX8459 62.228760 3.154200
INPUT WX8461 62.228760 3.154200
INPUT WX8463 62.228760 3.154200
INPUT WX8465 62.228760 3.154200
INPUT WX9696 62.228760 3.154200
INPUT WX9698 62.228760 3.154200
INPUT WX9700 62.228760 3.154200
INPUT WX9702 62.228760 3.154200
INPUT WX9704 62.228760 3.154200
INPUT WX9706 62.228760 3.154200
INPUT WX9708 62.228760 3.154200
INPUT WX9710 62.228760 3.154200
INPUT WX9712 62.228760 3.154200
INPUT WX9714 62.228760 3.154200
INPUT WX9716 62.228760 3.154200
INPUT WX9718 62.228760 3.154200
INPUT WX9720 62.228760 3.154200
INPUT WX9722 62.228760 3.154200
INPUT WX9724 62.228760 3.154200
INPUT WX9726 62.228760 3.154200
INPUT WX9728 62.228760 3.154200
INPUT WX9730 62.228760 3.154200
INPUT WX9732 62.228760 3.154200
INPUT WX9734 62.228760 3.154200
INPUT WX9736 62.228760 3.154200
INPUT WX9738 62.228760 3.154200
INPUT WX9740 62.228760 3.154200
INPUT WX9742 62.228760 3.154200
INPUT WX9744 62.228760 3.154200
INPUT WX9746 62.228760 3.154200
INPUT WX9748 62.228760 3.154200
INPUT WX9750 62.228760 3.154200
INPUT WX9752 62.228760 3.154200
INPUT WX9754 62.228760 3.154200
INPUT WX9756 62.228760 3.154200
INPUT WX9758 62.228760 3.154200
INPUT WX10989 62.228760 3.154200
INPUT WX10991 62.228760 3.154200
INPUT WX10993 62.228760 3.154200
INPUT WX10995 62.228760 3.154200
INPUT WX10997 62.228760 3.154200
INPUT WX10999 62.228760 3.154200
INPUT WX11001 62.228760 3.154200
INPUT WX11003 62.228760 3.154200
INPUT WX11005 62.228760 3.154200
INPUT WX11007 62.228760 3.154200
INPUT WX11009 62.228760 3.154200
INPUT WX11011 62.228760 3.154200
INPUT WX11013 62.228760 3.154200
INPUT WX11015 62.228760 3.154200
INPUT WX11017 62.228760 3.154200
INPUT WX11019 62.228760 3.154200
INPUT WX11021 62.228760 3.154200
INPUT WX11023 62.228760 3.154200
INPUT WX11025 62.228760 3.154200
INPUT WX11027 62.228760 3.154200
INPUT WX11029 62.228760 3.154200
INPUT WX11031 62.228760 3.154200
INPUT WX11033 62.228760 3.154200
INPUT WX11035 62.228760 3.154200
INPUT WX11037 62.228760 3.154200
INPUT WX11039 62.228760 3.154200
INPUT WX11041 62.228760 3.154200
INPUT WX11043 62.228760 3.154200
INPUT WX11045 62.228760 3.154200
INPUT WX11047 62.228760 3.154200
INPUT WX11049 62.228760 3.154200
INPUT WX11051 62.228760 3.154200
INPUT OUTPUT 15.777340 9.015530
INPUT OUTPUT 15.777340 9.015530
INPUT OUTPUT 15.777340 9.015530
INPUT OUTPUT 15.777340 9.015530
INPUT OUTPUT 15.777340 9.015530
INPUT OUTPUT 15.777340 9.015530
INPUT OUTPUT 15.777340 9.015530
INPUT OUTPUT 15.777340 9.015530
INPUT OUTPUT 15.777340 9.015530
INPUT OUTPUT 15.777340 9.015530
INPUT OUTPUT 15.777340 9.015530
INPUT OUTPUT 15.777340 9.015530
INPUT OUTPUT 15.777340 9.015530
INPUT OUTPUT 15.777340 9.015530
INPUT OUTPUT 15.777340 9.015530
INPUT OUTPUT 15.777340 9.015530
INPUT WX645 181.469160 3.753240
INPUT WX647 181.469160 3.753240
INPUT WX649 181.469160 3.753240
INPUT WX651 181.469160 3.753240
INPUT WX653 181.469160 3.753240
INPUT WX655 181.469160 3.753240
INPUT WX657 181.469160 3.753240
INPUT WX659 181.469160 3.753240
INPUT WX661 181.469160 3.753240
INPUT WX663 181.469160 3.753240
INPUT WX665 181.469160 3.753240
INPUT WX667 181.469160 3.753240
INPUT WX669 181.469160 3.753240
INPUT WX671 181.469160 3.753240
INPUT WX673 181.469160 3.753240
INPUT WX675 181.469160 3.753240
INPUT WX677 181.469160 3.753240
INPUT WX679 181.469160 3.753240
INPUT WX681 181.469160 3.753240
INPUT WX683 181.469160 3.753240
INPUT WX685 181.469160 3.753240
INPUT WX687 181.469160 3.753240
INPUT WX689 181.469160 3.753240
INPUT WX691 181.469160 3.753240
INPUT WX693 181.469160 3.753240
INPUT WX695 181.469160 3.753240
INPUT WX697 181.469160 3.753240
INPUT WX699 181.469160 3.753240
INPUT WX701 181.469160 3.753240
INPUT WX703 181.469160 3.753240
INPUT WX705 181.469160 3.753240
INPUT WX707 181.469160 3.753240
INPUT WX1938 181.469160 3.663240
INPUT WX1940 181.469160 3.663240
INPUT WX1942 181.469160 3.663240
INPUT WX1944 181.469160 3.663240
INPUT WX1946 181.469160 3.663240
INPUT WX1948 181.469160 3.663240
INPUT WX1950 181.469160 3.663240
INPUT WX1952 181.469160 3.663240
INPUT WX1954 181.469160 3.663240
INPUT WX1956 181.469160 3.663240
INPUT WX1958 181.469160 3.663240
INPUT WX1960 181.469160 3.663240
INPUT WX1962 181.469160 3.663240
INPUT WX1964 181.469160 3.663240
INPUT WX1966 181.469160 3.663240
INPUT WX1968 181.469160 3.663240
INPUT WX1970 181.469160 3.663240
INPUT WX1972 181.469160 3.663240
INPUT WX1974 181.469160 3.663240
INPUT WX1976 181.469160 3.663240
INPUT WX1978 181.469160 3.663240
INPUT WX1980 181.469160 3.663240
INPUT WX1982 181.469160 3.663240
INPUT WX1984 181.469160 3.663240
INPUT WX1986 181.469160 3.663240
INPUT WX1988 181.469160 3.663240
INPUT WX1990 181.469160 3.663240
INPUT WX1992 181.469160 3.663240
INPUT WX1994 181.469160 3.663240
INPUT WX1996 181.469160 3.663240
INPUT WX1998 181.469160 3.663240
INPUT WX2000 181.469160 3.663240
INPUT WX3231 181.469160 3.663240
INPUT WX3233 181.469160 3.663240
INPUT WX3235 181.469160 3.663240
INPUT WX3237 181.469160 3.663240
INPUT WX3239 181.469160 3.663240
INPUT WX3241 181.469160 3.663240
INPUT WX3243 181.469160 3.663240
INPUT WX3245 181.469160 3.663240
INPUT WX3247 181.469160 3.663240
INPUT WX3249 181.469160 3.663240
INPUT WX3251 181.469160 3.663240
INPUT WX3253 181.469160 3.663240
INPUT WX3255 181.469160 3.663240
INPUT WX3257 181.469160 3.663240
INPUT WX3259 181.469160 3.663240
INPUT WX3261 181.469160 3.663240
INPUT WX3263 181.469160 3.663240
INPUT WX3265 181.469160 3.663240
INPUT WX3267 181.469160 3.663240
INPUT WX3269 181.469160 3.663240
INPUT WX3271 181.469160 3.663240
INPUT WX3273 181.469160 3.663240
INPUT WX3275 181.469160 3.663240
INPUT WX3277 181.469160 3.663240
INPUT WX3279 181.469160 3.663240
INPUT WX3281 181.469160 3.663240
INPUT WX3283 181.469160 3.663240
INPUT WX3285 181.469160 3.663240
INPUT WX3287 181.469160 3.663240
INPUT WX3289 181.469160 3.663240
INPUT WX3291 181.469160 3.663240
INPUT WX3293 181.469160 3.663240
INPUT WX4524 181.469160 3.663240
INPUT WX4526 181.469160 3.663240
INPUT WX4528 181.469160 3.663240
INPUT WX4530 181.469160 3.663240
INPUT WX4532 181.469160 3.663240
INPUT WX4534 181.469160 3.663240
INPUT WX4536 181.469160 3.663240
INPUT WX4538 181.469160 3.663240
INPUT WX4540 181.469160 3.663240
INPUT WX4542 181.469160 3.663240
INPUT WX4544 181.469160 3.663240
INPUT WX4546 181.469160 3.663240
INPUT WX4548 181.469160 3.663240
INPUT WX4550 181.469160 3.663240
INPUT WX4552 181.469160 3.663240
INPUT WX4554 181.469160 3.663240
INPUT WX4556 181.469160 3.663240
INPUT WX4558 181.469160 3.663240
INPUT WX4560 181.469160 3.663240
INPUT WX4562 181.469160 3.663240
INPUT WX4564 181.469160 3.663240
INPUT WX4566 181.469160 3.663240
INPUT WX4568 181.469160 3.663240
INPUT WX4570 181.469160 3.663240
INPUT WX4572 181.469160 3.663240
INPUT WX4574 181.469160 3.663240
INPUT WX4576 181.469160 3.663240
INPUT WX4578 181.469160 3.663240
INPUT WX4580 181.469160 3.663240
INPUT WX4582 181.469160 3.663240
INPUT WX4584 181.469160 3.663240
INPUT WX4586 181.469160 3.663240
INPUT WX5817 181.469160 3.663240
INPUT WX5819 181.469160 3.663240
INPUT WX5821 181.469160 3.663240
INPUT WX5823 181.469160 3.663240
INPUT WX5825 181.469160 3.663240
INPUT WX5827 181.469160 3.663240
INPUT WX5829 181.469160 3.663240
INPUT WX5831 181.469160 3.663240
INPUT WX5833 181.469160 3.663240
INPUT WX5835 181.469160 3.663240
INPUT WX5837 181.469160 3.663240
INPUT WX5839 181.469160 3.663240
INPUT WX5841 181.469160 3.663240
INPUT WX5843 181.469160 3.663240
INPUT WX5845 181.469160 3.663240
INPUT WX5847 181.469160 3.663240
INPUT WX5849 181.469160 3.663240
INPUT WX5851 181.469160 3.663240
INPUT WX5853 181.469160 3.663240
INPUT WX5855 181.469160 3.663240
INPUT WX5857 181.469160 3.663240
INPUT WX5859 181.469160 3.663240
INPUT WX5861 181.469160 3.663240
INPUT WX5863 181.469160 3.663240
INPUT WX5865 181.469160 3.663240
INPUT WX5867 181.469160 3.663240
INPUT WX5869 181.469160 3.663240
INPUT WX5871 181.469160 3.663240
INPUT WX5873 181.469160 3.663240
INPUT WX5875 181.469160 3.663240
INPUT WX5877 181.469160 3.663240
INPUT WX5879 181.469160 3.663240
INPUT WX7110 181.469160 3.663240
INPUT WX7112 181.469160 3.663240
INPUT WX7114 181.469160 3.663240
INPUT WX7116 181.469160 3.663240
INPUT WX7118 181.469160 3.663240
INPUT WX7120 181.469160 3.663240
INPUT WX7122 181.469160 3.663240
INPUT WX7124 181.469160 3.663240
INPUT WX7126 181.469160 3.663240
INPUT WX7128 181.469160 3.663240
INPUT WX7130 181.469160 3.663240
INPUT WX7132 181.469160 3.663240
INPUT WX7134 181.469160 3.663240
INPUT WX7136 181.469160 3.663240
INPUT WX7138 181.469160 3.663240
INPUT WX7140 181.469160 3.663240
INPUT WX7142 181.469160 3.663240
INPUT WX7144 181.469160 3.663240
INPUT WX7146 181.469160 3.663240
INPUT WX7148 181.469160 3.663240
INPUT WX7150 181.469160 3.663240
INPUT WX7152 181.469160 3.663240
INPUT WX7154 181.469160 3.663240
INPUT WX7156 181.469160 3.663240
INPUT WX7158 181.469160 3.663240
INPUT WX7160 181.469160 3.663240
INPUT WX7162 181.469160 3.663240
INPUT WX7164 181.469160 3.663240
INPUT WX7166 181.469160 3.663240
INPUT WX7168 181.469160 3.663240
INPUT WX7170 181.469160 3.663240
INPUT WX7172 181.469160 3.663240
INPUT WX8403 181.469160 3.663240
INPUT WX8405 181.469160 3.663240
INPUT WX8407 181.469160 3.663240
INPUT WX8409 181.469160 3.663240
INPUT WX8411 181.469160 3.663240
INPUT WX8413 181.469160 3.663240
INPUT WX8415 181.469160 3.663240
INPUT WX8417 181.469160 3.663240
INPUT WX8419 181.469160 3.663240
INPUT WX8421 181.469160 3.663240
INPUT WX8423 181.469160 3.663240
INPUT WX8425 181.469160 3.663240
INPUT WX8427 181.469160 3.663240
INPUT WX8429 181.469160 3.663240
INPUT WX8431 181.469160 3.663240
INPUT WX8433 181.469160 3.663240
INPUT WX8435 181.469160 3.663240
INPUT WX8437 181.469160 3.663240
INPUT WX8439 181.469160 3.663240
INPUT WX8441 181.469160 3.663240
INPUT WX8443 181.469160 3.663240
INPUT WX8445 181.469160 3.663240
INPUT WX8447 181.469160 3.663240
INPUT WX8449 181.469160 3.663240
INPUT WX8451 181.469160 3.663240
INPUT WX8453 181.469160 3.663240
INPUT WX8455 181.469160 3.663240
INPUT WX8457 181.469160 3.663240
INPUT WX8459 181.469160 3.663240
INPUT WX8461 181.469160 3.663240
INPUT WX8463 181.469160 3.663240
INPUT WX8465 181.469160 3.663240
INPUT WX9696 181.469160 3.663240
INPUT WX9698 181.469160 3.663240
INPUT WX9700 181.469160 3.663240
INPUT WX9702 181.469160 3.663240
INPUT WX9704 181.469160 3.663240
INPUT WX9706 181.469160 3.663240
INPUT WX9708 181.469160 3.663240
INPUT WX9710 181.469160 3.663240
INPUT WX9712 181.469160 3.663240
INPUT WX9714 181.469160 3.663240
INPUT WX9716 181.469160 3.663240
INPUT WX9718 181.469160 3.663240
INPUT WX9720 181.469160 3.663240
INPUT WX9722 181.469160 3.663240
INPUT WX9724 181.469160 3.663240
INPUT WX9726 181.469160 3.663240
INPUT WX9728 181.469160 3.663240
INPUT WX9730 181.469160 3.663240
INPUT WX9732 181.469160 3.663240
INPUT WX9734 181.469160 3.663240
INPUT WX9736 181.469160 3.663240
INPUT WX9738 181.469160 3.663240
INPUT WX9740 181.469160 3.663240
INPUT WX9742 181.469160 3.663240
INPUT WX9744 181.469160 3.663240
INPUT WX9746 181.469160 3.663240
INPUT WX9748 181.469160 3.663240
INPUT WX9750 181.469160 3.663240
INPUT WX9752 181.469160 3.663240
INPUT WX9754 181.469160 3.663240
INPUT WX9756 181.469160 3.663240
INPUT WX9758 181.469160 3.663240
INPUT WX10989 181.103280 3.663240
INPUT WX10991 181.103280 3.663240
INPUT WX10993 181.103280 3.663240
INPUT WX10995 181.103280 3.663240
INPUT WX10997 181.103280 3.663240
INPUT WX10999 181.103280 3.663240
INPUT WX11001 181.103280 3.663240
INPUT WX11003 181.103280 3.663240
INPUT WX11005 181.103280 3.663240
INPUT WX11007 181.103280 3.663240
INPUT WX11009 181.103280 3.663240
INPUT WX11011 181.103280 3.663240
INPUT WX11013 181.103280 3.663240
INPUT WX11015 181.103280 3.663240
INPUT WX11017 181.103280 3.663240
INPUT WX11019 181.103280 3.663240
INPUT WX11021 181.103280 3.663240
INPUT WX11023 181.103280 3.663240
INPUT WX11025 181.103280 3.663240
INPUT WX11027 181.103280 3.663240
INPUT WX11029 181.103280 3.663240
INPUT WX11031 181.103280 3.663240
INPUT WX11033 181.103280 3.663240
INPUT WX11035 181.103280 3.663240
INPUT WX11037 181.103280 3.663240
INPUT WX11039 181.103280 3.663240
INPUT WX11041 181.103280 3.663240
INPUT WX11043 181.103280 3.663240
INPUT WX11045 181.103280 3.663240
INPUT WX11047 181.103280 3.663240
INPUT WX11049 181.103280 3.663240
INPUT WX11051 181.103280 3.663240
INPUT OUTPUT 177.246640 1.879520
INPUT OUTPUT 177.246640 1.879520
INPUT OUTPUT 177.246640 1.879520
INPUT OUTPUT 177.246640 1.879520
INPUT OUTPUT 177.246640 1.879520
INPUT OUTPUT 177.246640 1.879520
INPUT OUTPUT 177.246640 1.879520
INPUT OUTPUT 177.246640 1.879520
INPUT OUTPUT 177.246640 1.879520
INPUT OUTPUT 177.246640 1.879520
INPUT OUTPUT 177.246640 1.879520
INPUT OUTPUT 177.246640 1.879520
INPUT OUTPUT 177.246640 1.879520
INPUT OUTPUT 177.246640 1.879520
INPUT OUTPUT 177.246640 1.879520
INPUT OUTPUT 177.246640 1.879520
INPUT OUTPUT 177.246640 1.879520
INPUT OUTPUT 177.246640 1.879520
INPUT OUTPUT 177.246640 1.879520
INPUT OUTPUT 177.246640 1.879520
INPUT OUTPUT 177.246640 1.879520
INPUT OUTPUT 177.246640 1.879520
INPUT OUTPUT 177.246640 1.879520
INPUT OUTPUT 177.246640 1.879520
INPUT OUTPUT 177.246640 1.879520
INPUT OUTPUT 177.246640 1.879520
INPUT OUTPUT 177.246640 1.879520
INPUT OUTPUT 177.246640 1.879520
INPUT OUTPUT 177.246640 1.879520
INPUT OUTPUT 177.246640 1.879520
INPUT OUTPUT 177.246640 1.879520
INPUT OUTPUT 177.246640 1.879520
WX485 WX547 1.197620 1.197620
WX485 WX645 8.786780 3.663240
WX485 OUTPUT 4.893540 2.412160
WX487 WX485 1.859680 1.859680
WX487 WX647 8.786780 3.663240
WX487 OUTPUT 4.893540 2.412160
WX489 WX487 1.859680 1.859680
WX489 WX649 8.786780 3.663240
WX489 OUTPUT 4.893540 2.412160
WX491 WX489 1.859680 1.859680
WX491 WX651 8.786780 3.663240
WX491 OUTPUT 4.893540 2.412160
WX493 WX491 1.859680 1.859680
WX493 WX653 8.786780 3.663240
WX493 OUTPUT 4.893540 2.412160
WX495 WX493 1.859680 1.859680
WX495 WX655 8.786780 3.663240
WX495 OUTPUT 4.893540 2.412160
WX497 WX495 1.859680 1.859680
WX497 WX657 8.786780 3.663240
WX497 OUTPUT 4.893540 2.412160
WX499 WX497 1.859680 1.859680
WX499 WX659 8.786780 3.663240
WX499 OUTPUT 4.893540 2.412160
WX501 WX499 1.859680 1.859680
WX501 WX661 8.786780 3.663240
WX501 OUTPUT 4.893540 2.412160
WX503 WX501 1.859680 1.859680
WX503 WX663 8.786780 3.663240
WX503 OUTPUT 4.893540 2.412160
WX505 WX503 1.859680 1.859680
WX505 WX665 8.786780 3.663240
WX505 OUTPUT 4.893540 2.412160
WX507 WX505 1.859680 1.859680
WX507 WX667 8.786780 3.663240
WX507 OUTPUT 4.893540 2.412160
WX509 WX507 1.859680 1.859680
WX509 WX669 8.786780 3.663240
WX509 OUTPUT 4.893540 2.412160
WX511 WX509 1.859680 1.859680
WX511 WX671 8.786780 3.663240
WX511 OUTPUT 4.893540 2.412160
WX513 WX511 1.859680 1.859680
WX513 WX673 8.786780 3.663240
WX513 OUTPUT 4.893540 2.412160
WX515 WX513 1.859680 1.859680
WX515 WX675 8.786780 3.663240
WX515 OUTPUT 4.893540 2.412160
WX517 WX515 1.859680 1.859680
WX517 WX677 8.786780 3.663240
WX517 OUTPUT 4.893540 2.412160
WX519 WX517 1.859680 1.859680
WX519 WX679 8.786780 3.663240
WX519 OUTPUT 4.893540 2.412160
WX521 WX519 1.859680 1.859680
WX521 WX681 8.786780 3.663240
WX521 OUTPUT 4.893540 2.412160
WX523 WX521 1.859680 1.859680
WX523 WX683 8.786780 3.663240
WX523 OUTPUT 4.893540 2.412160
WX525 WX523 1.859680 1.859680
WX525 WX685 8.786780 3.663240
WX525 OUTPUT 4.893540 2.412160
WX527 WX525 1.859680 1.859680
WX527 WX687 8.786780 3.663240
WX527 OUTPUT 4.893540 2.412160
WX529 WX527 1.859680 1.859680
WX529 WX689 8.786780 3.663240
WX529 OUTPUT 4.893540 2.412160
WX531 WX529 1.859680 1.859680
WX531 WX691 8.786780 3.663240
WX531 OUTPUT 4.893540 2.412160
WX533 WX531 1.859680 1.859680
WX533 WX693 8.786780 3.663240
WX533 OUTPUT 4.893540 2.412160
WX535 WX533 1.859680 1.859680
WX535 WX695 8.786780 3.663240
WX535 OUTPUT 4.893540 2.412160
WX537 WX535 1.859680 1.859680
WX537 WX697 8.786780 3.663240
WX537 OUTPUT 4.893540 2.412160
WX539 WX537 1.859680 1.859680
WX539 WX699 8.786780 3.663240
WX539 OUTPUT 4.893540 2.412160
WX541 WX539 1.859680 1.859680
WX541 WX701 8.786780 3.663240
WX541 OUTPUT 4.893540 2.412160
WX543 WX541 1.859680 1.859680
WX543 WX703 8.786780 3.663240
WX543 OUTPUT 4.893540 2.412160
WX545 WX543 1.859680 1.859680
WX545 WX705 8.786780 3.663240
WX545 OUTPUT 4.893540 2.412160
WX547 WX545 1.859680 1.859680
WX547 WX707 8.786780 3.663240
WX547 OUTPUT 4.893540 2.412160
WX645 WX645 19.492140 12.705730
WX645 WX709 1.859680 1.859680
WX645 OUTPUT 15.598900 8.812490
WX647 WX647 19.492140 12.705730
WX647 WX711 1.859680 1.859680
WX647 OUTPUT 15.598900 8.812490
WX649 WX649 19.492140 12.705730
WX649 WX713 1.859680 1.859680
WX649 OUTPUT 15.598900 8.812490
WX651 WX651 19.492140 12.705730
WX651 WX715 1.859680 1.859680
WX651 OUTPUT 15.598900 8.812490
WX653 WX653 19.492140 12.705730
WX653 WX717 1.859680 1.859680
WX653 OUTPUT 15.598900 8.812490
WX655 WX655 19.492140 12.705730
WX655 WX719 1.859680 1.859680
WX655 OUTPUT 15.598900 8.812490
WX657 WX657 19.492140 12.705730
WX657 WX721 1.859680 1.859680
WX657 OUTPUT 15.598900 8.812490
WX659 WX659 19.492140 12.705730
WX659 WX723 1.859680 1.859680
WX659 OUTPUT 15.598900 8.812490
WX661 WX661 19.492140 12.705730
WX661 WX725 1.859680 1.859680
WX661 OUTPUT 15.598900 8.812490
WX663 WX663 19.492140 12.705730
WX663 WX727 1.859680 1.859680
WX663 OUTPUT 15.598900 8.812490
WX665 WX665 19.492140 12.705730
WX665 WX729 1.859680 1.859680
WX665 OUTPUT 15.598900 8.812490
WX667 WX667 19.492140 12.705730
WX667 WX731 1.859680 1.859680
WX667 OUTPUT 15.598900 8.812490
WX669 WX669 19.492140 12.705730
WX669 WX733 1.859680 1.859680
WX669 OUTPUT 15.598900 8.812490
WX671 WX671 19.492140 12.705730
WX671 WX735 1.859680 1.859680
WX671 OUTPUT 15.598900 8.812490
WX673 WX673 19.492140 12.705730
WX673 WX737 1.859680 1.859680
WX673 OUTPUT 15.598900 8.812490
WX675 WX675 19.492140 12.705730
WX675 WX739 1.859680 1.859680
WX675 OUTPUT 15.598900 8.812490
WX677 WX677 19.492140 12.705730
WX677 WX741 1.859680 1.859680
WX677 OUTPUT 15.598900 8.812490
WX679 WX679 19.492140 12.705730
WX679 WX743 1.859680 1.859680
WX679 OUTPUT 15.598900 8.812490
WX681 WX681 19.492140 12.705730
WX681 WX745 1.859680 1.859680
WX681 OUTPUT 15.598900 8.812490
WX683 WX683 19.492140 12.705730
WX683 WX747 1.859680 1.859680
WX683 OUTPUT 15.598900 8.812490
WX685 WX685 19.492140 12.705730
WX685 WX749 1.859680 1.859680
WX685 OUTPUT 15.598900 8.812490
WX687 WX687 19.492140 12.705730
WX687 WX751 1.859680 1.859680
WX687 OUTPUT 15.598900 8.812490
WX689 WX689 19.492140 12.705730
WX689 WX753 1.859680 1.859680
WX689 OUTPUT 15.598900 8.812490
WX691 WX691 19.492140 12.705730
WX691 WX755 1.859680 1.859680
WX691 OUTPUT 15.598900 8.812490
WX693 WX693 19.492140 12.705730
WX693 WX757 1.859680 1.859680
WX693 OUTPUT 15.598900 8.812490
WX695 WX695 19.492140 12.705730
WX695 WX759 1.859680 1.859680
WX695 OUTPUT 15.598900 8.812490
WX697 WX697 19.492140 12.705730
WX697 WX761 1.859680 1.859680
WX697 OUTPUT 15.598900 8.812490
WX699 WX699 19.492140 12.705730
WX699 WX763 1.859680 1.859680
WX699 OUTPUT 15.598900 8.812490
WX701 WX701 19.492140 12.705730
WX701 WX765 1.859680 1.859680
WX701 OUTPUT 15.598900 8.812490
WX703 WX703 19.492140 12.705730
WX703 WX767 1.859680 1.859680
WX703 OUTPUT 15.598900 8.812490
WX705 WX705 19.492140 12.705730
WX705 WX769 1.859680 1.859680
WX705 OUTPUT 15.598900 8.812490
WX707 WX707 19.492140 12.705730
WX707 WX771 1.859680 1.859680
WX707 OUTPUT 15.598900 8.812490
WX709 WX645 15.976980 10.874690
WX709 WX773 1.859680 1.859680
WX709 OUTPUT 12.083740 6.981450
WX711 WX647 15.976980 10.874690
WX711 WX775 1.859680 1.859680
WX711 OUTPUT 12.083740 6.981450
WX713 WX649 15.976980 10.874690
WX713 WX777 1.859680 1.859680
WX713 OUTPUT 12.083740 6.981450
WX715 WX651 15.976980 10.874690
WX715 WX779 1.859680 1.859680
WX715 OUTPUT 12.083740 6.981450
WX717 WX653 15.976980 10.874690
WX717 WX781 1.859680 1.859680
WX717 OUTPUT 12.083740 6.981450
WX719 WX655 15.976980 10.874690
WX719 WX783 1.859680 1.859680
WX719 OUTPUT 12.083740 6.981450
WX721 WX657 15.976980 10.874690
WX721 WX785 1.859680 1.859680
WX721 OUTPUT 12.083740 6.981450
WX723 WX659 15.976980 10.874690
WX723 WX787 1.859680 1.859680
WX723 OUTPUT 12.083740 6.981450
WX725 WX661 15.976980 10.874690
WX725 WX789 1.859680 1.859680
WX725 OUTPUT 12.083740 6.981450
WX727 WX663 15.976980 10.874690
WX727 WX791 1.859680 1.859680
WX727 OUTPUT 12.083740 6.981450
WX729 WX665 15.976980 10.874690
WX729 WX793 1.859680 1.859680
WX729 OUTPUT 12.083740 6.981450
WX731 WX667 15.976980 10.874690
WX731 WX795 1.859680 1.859680
WX731 OUTPUT 12.083740 6.981450
WX733 WX669 15.976980 10.874690
WX733 WX797 1.859680 1.859680
WX733 OUTPUT 12.083740 6.981450
WX735 WX671 15.976980 10.874690
WX735 WX799 1.859680 1.859680
WX735 OUTPUT 12.083740 6.981450
WX737 WX673 15.976980 10.874690
WX737 WX801 1.859680 1.859680
WX737 OUTPUT 12.083740 6.981450
WX739 WX675 15.976980 10.874690
WX739 WX803 1.859680 1.859680
WX739 OUTPUT 12.083740 6.981450
WX741 WX677 15.976980 10.874690
WX741 WX805 1.859680 1.859680
WX741 OUTPUT 12.083740 6.981450
WX743 WX679 15.976980 10.874690
WX743 WX807 1.859680 1.859680
WX743 OUTPUT 12.083740 6.981450
WX745 WX681 15.976980 10.874690
WX745 WX809 1.859680 1.859680
WX745 OUTPUT 12.083740 6.981450
WX747 WX683 15.976980 10.874690
WX747 WX811 1.859680 1.859680
WX747 OUTPUT 12.083740 6.981450
WX749 WX685 15.976980 10.874690
WX749 WX813 1.859680 1.859680
WX749 OUTPUT 12.083740 6.981450
WX751 WX687 15.976980 10.874690
WX751 WX815 1.859680 1.859680
WX751 OUTPUT 12.083740 6.981450
WX753 WX689 15.976980 10.874690
WX753 WX817 1.859680 1.859680
WX753 OUTPUT 12.083740 6.981450
WX755 WX691 15.976980 10.874690
WX755 WX819 1.859680 1.859680
WX755 OUTPUT 12.083740 6.981450
WX757 WX693 15.976980 10.874690
WX757 WX821 1.859680 1.859680
WX757 OUTPUT 12.083740 6.981450
WX759 WX695 15.976980 10.874690
WX759 WX823 1.859680 1.859680
WX759 OUTPUT 12.083740 6.981450
WX761 WX697 15.976980 10.874690
WX761 WX825 1.859680 1.859680
WX761 OUTPUT 12.083740 6.981450
WX763 WX699 15.976980 10.874690
WX763 WX827 1.859680 1.859680
WX763 OUTPUT 12.083740 6.981450
WX765 WX701 15.976980 10.874690
WX765 WX829 1.859680 1.859680
WX765 OUTPUT 12.083740 6.981450
WX767 WX703 15.976980 10.874690
WX767 WX831 1.859680 1.859680
WX767 OUTPUT 12.083740 6.981450
WX769 WX705 15.976980 10.874690
WX769 WX833 1.859680 1.859680
WX769 OUTPUT 12.083740 6.981450
WX771 WX707 15.976980 10.874690
WX771 WX835 1.859680 1.859680
WX771 OUTPUT 12.083740 6.981450
WX773 WX645 15.976920 10.648180
WX773 WX837 1.859680 1.859680
WX773 OUTPUT 12.083680 6.754940
WX775 WX647 15.976920 10.648180
WX775 WX839 1.859680 1.859680
WX775 OUTPUT 12.083680 6.754940
WX777 WX649 15.976920 10.648180
WX777 WX841 1.859680 1.859680
WX777 OUTPUT 12.083680 6.754940
WX779 WX651 15.976920 10.648180
WX779 WX843 1.859680 1.859680
WX779 OUTPUT 12.083680 6.754940
WX781 WX653 15.976920 10.648180
WX781 WX845 1.859680 1.859680
WX781 OUTPUT 12.083680 6.754940
WX783 WX655 15.976920 10.648180
WX783 WX847 1.859680 1.859680
WX783 OUTPUT 12.083680 6.754940
WX785 WX657 15.976920 10.648180
WX785 WX849 1.859680 1.859680
WX785 OUTPUT 12.083680 6.754940
WX787 WX659 15.976920 10.648180
WX787 WX851 1.859680 1.859680
WX787 OUTPUT 12.083680 6.754940
WX789 WX661 15.976920 10.648180
WX789 WX853 1.859680 1.859680
WX789 OUTPUT 12.083680 6.754940
WX791 WX663 15.976920 10.648180
WX791 WX855 1.859680 1.859680
WX791 OUTPUT 12.083680 6.754940
WX793 WX665 15.976920 10.648180
WX793 WX857 1.859680 1.859680
WX793 OUTPUT 12.083680 6.754940
WX795 WX667 15.976920 10.648180
WX795 WX859 1.859680 1.859680
WX795 OUTPUT 12.083680 6.754940
WX797 WX669 15.976920 10.648180
WX797 WX861 1.859680 1.859680
WX797 OUTPUT 12.083680 6.754940
WX799 WX671 15.976920 10.648180
WX799 WX863 1.859680 1.859680
WX799 OUTPUT 12.083680 6.754940
WX801 WX673 15.976920 10.648180
WX801 WX865 1.859680 1.859680
WX801 OUTPUT 12.083680 6.754940
WX803 WX675 15.976920 10.648180
WX803 WX867 1.859680 1.859680
WX803 OUTPUT 12.083680 6.754940
WX805 WX677 15.976920 10.648180
WX805 WX869 1.859680 1.859680
WX805 OUTPUT 12.083680 6.754940
WX807 WX679 15.976920 10.648180
WX807 WX871 1.859680 1.859680
WX807 OUTPUT 12.083680 6.754940
WX809 WX681 15.976920 10.648180
WX809 WX873 1.859680 1.859680
WX809 OUTPUT 12.083680 6.754940
WX811 WX683 15.976920 10.648180
WX811 WX875 1.859680 1.859680
WX811 OUTPUT 12.083680 6.754940
WX813 WX685 15.976920 10.648180
WX813 WX877 1.859680 1.859680
WX813 OUTPUT 12.083680 6.754940
WX815 WX687 15.976920 10.648180
WX815 WX879 1.859680 1.859680
WX815 OUTPUT 12.083680 6.754940
WX817 WX689 15.976920 10.648180
WX817 WX881 1.859680 1.859680
WX817 OUTPUT 12.083680 6.754940
WX819 WX691 15.976920 10.648180
WX819 WX883 1.859680 1.859680
WX819 OUTPUT 12.083680 6.754940
WX821 WX693 15.976920 10.648180
WX821 WX885 1.859680 1.859680
WX821 OUTPUT 12.083680 6.754940
WX823 WX695 15.976920 10.648180
WX823 WX887 1.859680 1.859680
WX823 OUTPUT 12.083680 6.754940
WX825 WX697 15.976920 10.648180
WX825 WX889 1.859680 1.859680
WX825 OUTPUT 12.083680 6.754940
WX827 WX699 15.976920 10.648180
WX827 WX891 1.859680 1.859680
WX827 OUTPUT 12.083680 6.754940
WX829 WX701 15.976920 10.648180
WX829 WX893 1.859680 1.859680
WX829 OUTPUT 12.083680 6.754940
WX831 WX703 15.976920 10.648180
WX831 WX895 1.859680 1.859680
WX831 OUTPUT 12.083680 6.754940
WX833 WX705 15.976920 10.648180
WX833 WX897 1.859680 1.859680
WX833 OUTPUT 12.083680 6.754940
WX835 WX707 15.976920 10.648180
WX835 WX899 1.859680 1.859680
WX835 OUTPUT 12.083680 6.754940
WX837 WX645 15.798480 10.445080
WX837 [2108] 4.412190 3.275650
WX837 OUTPUT 11.905240 6.551840
WX839 WX647 15.798480 10.445080
WX839 [2107] 4.412190 3.275650
WX839 OUTPUT 11.905240 6.551840
WX841 WX649 15.798480 10.445080
WX841 [2106] 4.412190 3.275650
WX841 OUTPUT 11.905240 6.551840
WX843 WX651 15.798480 10.445080
WX843 [2105] 4.412190 3.275650
WX843 OUTPUT 11.905240 6.551840
WX845 WX653 15.798480 10.445080
WX845 [2104] 4.412190 3.275650
WX845 OUTPUT 11.905240 6.551840
WX847 WX655 15.798480 10.445080
WX847 [2103] 4.412190 3.275650
WX847 OUTPUT 11.905240 6.551840
WX849 WX657 15.798480 10.445080
WX849 [2102] 4.412190 3.275650
WX849 OUTPUT 11.905240 6.551840
WX851 WX659 15.798480 10.445080
WX851 [2101] 4.412190 3.275650
WX851 OUTPUT 11.905240 6.551840
WX853 WX661 15.798480 10.445080
WX853 [2100] 4.412190 3.275650
WX853 OUTPUT 11.905240 6.551840
WX855 WX663 15.798480 10.445080
WX855 [2099] 4.412190 3.275650
WX855 OUTPUT 11.905240 6.551840
WX857 WX665 15.798480 10.445080
WX857 [2098] 4.412190 3.275650
WX857 OUTPUT 11.905240 6.551840
WX859 WX667 15.798480 10.445080
WX859 [2097] 4.412190 3.275650
WX859 OUTPUT 11.905240 6.551840
WX861 WX669 15.798480 10.445080
WX861 [2096] 4.412190 3.275650
WX861 OUTPUT 11.905240 6.551840
WX863 WX671 15.798480 10.445080
WX863 [2095] 4.412190 3.275650
WX863 OUTPUT 11.905240 6.551840
WX865 WX673 15.798480 10.445080
WX865 [2094] 4.412190 3.275650
WX865 OUTPUT 11.905240 6.551840
WX867 WX675 15.798480 10.445080
WX867 [2093] 6.597990 4.283170
WX867 OUTPUT 11.905240 6.551840
WX869 WX677 15.798480 10.445080
WX869 [2092] 4.412190 3.275650
WX869 OUTPUT 11.905240 6.551840
WX871 WX679 15.798480 10.445080
WX871 [2091] 4.412190 3.275650
WX871 OUTPUT 11.905240 6.551840
WX873 WX681 15.798480 10.445080
WX873 [2090] 4.412190 3.275650
WX873 OUTPUT 11.905240 6.551840
WX875 WX683 15.798480 10.445080
WX875 [2089] 4.412190 3.275650
WX875 OUTPUT 11.905240 6.551840
WX877 WX685 15.798480 10.445080
WX877 [2088] 6.597990 4.283170
WX877 OUTPUT 11.905240 6.551840
WX879 WX687 15.798480 10.445080
WX879 [2087] 4.412190 3.275650
WX879 OUTPUT 11.905240 6.551840
WX881 WX689 15.798480 10.445080
WX881 [2086] 4.412190 3.275650
WX881 OUTPUT 11.905240 6.551840
WX883 WX691 15.798480 10.445080
WX883 [2085] 4.412190 3.275650
WX883 OUTPUT 11.905240 6.551840
WX885 WX693 15.798480 10.445080
WX885 [2084] 4.412190 3.275650
WX885 OUTPUT 11.905240 6.551840
WX887 WX695 15.798480 10.445080
WX887 [2083] 4.412190 3.275650
WX887 OUTPUT 11.905240 6.551840
WX889 WX697 15.798480 10.445080
WX889 [2082] 4.412190 3.275650
WX889 OUTPUT 11.905240 6.551840
WX891 WX699 15.798480 10.445080
WX891 [2081] 6.597990 4.283170
WX891 OUTPUT 11.905240 6.551840
WX893 WX701 15.798480 10.445080
WX893 [2080] 4.412190 3.275650
WX893 OUTPUT 11.905240 6.551840
WX895 WX703 15.798480 10.445080
WX895 [2079] 4.412190 3.275650
WX895 OUTPUT 11.905240 6.551840
WX897 WX705 15.798480 10.445080
WX897 [2078] 4.412190 3.275650
WX897 OUTPUT 11.905240 6.551840
WX899 WX707 15.798480 10.445080
WX899 [2077] 4.412190 3.275650
WX899 OUTPUT 11.905240 6.551840
[2077] WX707 4.119120 4.119120
[2077] [2078] 3.624810 2.370720
[2078] WX705 4.119120 4.119120
[2078] [2079] 3.624810 2.370720
[2079] WX703 4.119120 4.119120
[2079] [2080] 3.624810 2.370720
[2080] WX701 4.119120 4.119120
[2080] [2081] 3.741770 2.487800
[2081] WX699 4.119120 4.119120
[2081] [2082] 3.624810 2.370720
[2082] WX697 4.119120 4.119120
[2082] [2083] 3.624810 2.370720
[2083] WX695 4.119120 4.119120
[2083] [2084] 3.624810 2.370720
[2084] WX693 4.119120 4.119120
[2084] [2085] 3.624810 2.370720
[2085] WX691 4.119120 4.119120
[2085] [2086] 3.624810 2.370720
[2086] WX689 4.119120 4.119120
[2086] [2087] 3.624810 2.370720
[2087] WX687 4.119120 4.119120
[2087] [2088] 3.741770 2.487800
[2088] WX685 4.119120 4.119120
[2088] [2089] 3.624810 2.370720
[2089] WX683 4.119120 4.119120
[2089] [2090] 3.624810 2.370720
[2090] WX681 4.119120 4.119120
[2090] [2091] 3.624810 2.370720
[2091] WX679 4.119120 4.119120
[2091] [2092] 3.624810 2.370720
[2092] WX677 4.119120 4.119120
[2092] [2093] 3.741770 2.487800
[2093] WX675 4.119120 4.119120
[2093] [2094] 3.624810 2.370720
[2094] WX673 4.119120 4.119120
[2094] [2095] 3.624810 2.370720
[2095] WX671 4.119120 4.119120
[2095] [2096] 3.624810 2.370720
[2096] WX669 4.119120 4.119120
[2096] [2097] 3.624810 2.370720
[2097] WX667 4.119120 4.119120
[2097] [2098] 3.624810 2.370720
[2098] WX665 4.119120 4.119120
[2098] [2099] 3.624810 2.370720
[2099] WX663 4.119120 4.119120
[2099] [2100] 3.624810 2.370720
[2100] WX661 4.119120 4.119120
[2100] [2101] 3.624810 2.370720
[2101] WX659 4.119120 4.119120
[2101] [2102] 3.624810 2.370720
[2102] WX657 4.119120 4.119120
[2102] [2103] 3.624810 2.370720
[2103] WX655 4.119120 4.119120
[2103] [2104] 3.624810 2.370720
[2104] WX653 4.119120 4.119120
[2104] [2105] 3.624810 2.370720
[2105] WX651 4.119120 4.119120
[2105] [2106] 3.624810 2.370720
[2106] WX649 4.119120 4.119120
[2106] [2107] 3.624810 2.370720
[2107] WX647 4.119120 4.119120
[2107] [2108] 3.624810 2.370720
[2108] WX645 4.119120 4.119120
[2108] [2077] 3.624810 2.370720
[2108] [2081] 8.261930 5.224710
[2108] [2088] 8.261930 5.224710
[2108] [2093] 8.261930 5.224710
WX1778 WX645 9.116060 6.634680
WX1778 WX1840 1.197620 1.197620
WX1778 WX1938 8.750180 3.753240
WX1780 WX647 9.116060 6.634680
WX1780 WX1778 1.859680 1.859680
WX1780 WX1940 8.750180 3.753240
WX1782 WX649 9.116060 6.634680
WX1782 WX1780 1.859680 1.859680
WX1782 WX1942 8.750180 3.753240
WX1784 WX651 9.116060 6.634680
WX1784 WX1782 1.859680 1.859680
WX1784 WX1944 8.750180 3.753240
WX1786 WX653 9.116060 6.634680
WX1786 WX1784 1.859680 1.859680
WX1786 WX1946 8.750180 3.753240
WX1788 WX655 9.116060 6.634680
WX1788 WX1786 1.859680 1.859680
WX1788 WX1948 8.750180 3.753240
WX1790 WX657 9.116060 6.634680
WX1790 WX1788 1.859680 1.859680
WX1790 WX1950 8.750180 3.753240
WX1792 WX659 9.116060 6.634680
WX1792 WX1790 1.859680 1.859680
WX1792 WX1952 8.750180 3.753240
WX1794 WX661 9.116060 6.634680
WX1794 WX1792 1.859680 1.859680
WX1794 WX1954 8.750180 3.753240
WX1796 WX663 9.116060 6.634680
WX1796 WX1794 1.859680 1.859680
WX1796 WX1956 8.750180 3.753240
WX1798 WX665 9.116060 6.634680
WX1798 WX1796 1.859680 1.859680
WX1798 WX1958 8.750180 3.753240
WX1800 WX667 9.116060 6.634680
WX1800 WX1798 1.859680 1.859680
WX1800 WX1960 8.750180 3.753240
WX1802 WX669 9.116060 6.634680
WX1802 WX1800 1.859680 1.859680
WX1802 WX1962 8.750180 3.753240
WX1804 WX671 9.116060 6.634680
WX1804 WX1802 1.859680 1.859680
WX1804 WX1964 8.750180 3.753240
WX1806 WX673 9.116060 6.634680
WX1806 WX1804 1.859680 1.859680
WX1806 WX1966 8.750180 3.753240
WX1808 WX675 9.116060 6.634680
WX1808 WX1806 1.859680 1.859680
WX1808 WX1968 8.750180 3.753240
WX1810 WX677 9.116060 6.634680
WX1810 WX1808 1.859680 1.859680
WX1810 WX1970 8.750180 3.753240
WX1812 WX679 9.116060 6.634680
WX1812 WX1810 1.859680 1.859680
WX1812 WX1972 8.750180 3.753240
WX1814 WX681 9.116060 6.634680
WX1814 WX1812 1.859680 1.859680
WX1814 WX1974 8.750180 3.753240
WX1816 WX683 9.116060 6.634680
WX1816 WX1814 1.859680 1.859680
WX1816 WX1976 8.750180 3.753240
WX1818 WX685 9.116060 6.634680
WX1818 WX1816 1.859680 1.859680
WX1818 WX1978 8.750180 3.753240
WX1820 WX687 9.116060 6.634680
WX1820 WX1818 1.859680 1.859680
WX1820 WX1980 8.750180 3.753240
WX1822 WX689 9.116060 6.634680
WX1822 WX1820 1.859680 1.859680
WX1822 WX1982 8.750180 3.753240
WX1824 WX691 9.116060 6.634680
WX1824 WX1822 1.859680 1.859680
WX1824 WX1984 8.750180 3.753240
WX1826 WX693 9.116060 6.634680
WX1826 WX1824 1.859680 1.859680
WX1826 WX1986 8.750180 3.753240
WX1828 WX695 9.116060 6.634680
WX1828 WX1826 1.859680 1.859680
WX1828 WX1988 8.750180 3.753240
WX1830 WX697 9.116060 6.634680
WX1830 WX1828 1.859680 1.859680
WX1830 WX1990 8.750180 3.753240
WX1832 WX699 9.116060 6.634680
WX1832 WX1830 1.859680 1.859680
WX1832 WX1992 8.750180 3.753240
WX1834 WX701 9.116060 6.634680
WX1834 WX1832 1.859680 1.859680
WX1834 WX1994 8.750180 3.753240
WX1836 WX703 9.116060 6.634680
WX1836 WX1834 1.859680 1.859680
WX1836 WX1996 8.750180 3.753240
WX1838 WX705 9.116060 6.634680
WX1838 WX1836 1.859680 1.859680
WX1838 WX1998 8.750180 3.753240
WX1840 WX707 9.116060 6.634680
WX1840 WX1838 1.859680 1.859680
WX1840 WX2000 8.750180 3.753240
WX1938 WX645 19.821420 13.031010
WX1938 WX1938 19.455540 12.665130
WX1938 WX2002 1.859680 1.859680
WX1940 WX647 19.821420 13.031010
WX1940 WX1940 19.455540 12.665130
WX1940 WX2004 1.859680 1.859680
WX1942 WX649 19.821420 13.031010
WX1942 WX1942 19.455540 12.665130
WX1942 WX2006 1.859680 1.859680
WX1944 WX651 19.821420 13.031010
WX1944 WX1944 19.455540 12.665130
WX1944 WX2008 1.859680 1.859680
WX1946 WX653 19.821420 13.031010
WX1946 WX1946 19.455540 12.665130
WX1946 WX2010 1.859680 1.859680
WX1948 WX655 19.821420 13.031010
WX1948 WX1948 19.455540 12.665130
WX1948 WX2012 1.859680 1.859680
WX1950 WX657 19.821420 13.031010
WX1950 WX1950 19.455540 12.665130
WX1950 WX2014 1.859680 1.859680
WX1952 WX659 19.821420 13.031010
WX1952 WX1952 19.455540 12.665130
WX1952 WX2016 1.859680 1.859680
WX1954 WX661 19.821420 13.031010
WX1954 WX1954 19.455540 12.665130
WX1954 WX2018 1.859680 1.859680
WX1956 WX663 19.821420 13.031010
WX1956 WX1956 19.455540 12.665130
WX1956 WX2020 1.859680 1.859680
WX1958 WX665 19.821420 13.031010
WX1958 WX1958 19.455540 12.665130
WX1958 WX2022 1.859680 1.859680
WX1960 WX667 19.821420 13.031010
WX1960 WX1960 19.455540 12.665130
WX1960 WX2024 1.859680 1.859680
WX1962 WX669 19.821420 13.031010
WX1962 WX1962 19.455540 12.665130
WX1962 WX2026 1.859680 1.859680
WX1964 WX671 19.821420 13.031010
WX1964 WX1964 19.455540 12.665130
WX1964 WX2028 1.859680 1.859680
WX1966 WX673 19.821420 13.031010
WX1966 WX1966 19.455540 12.665130
WX1966 WX2030 1.859680 1.859680
WX1968 WX675 19.821420 13.031010
WX1968 WX1968 19.455540 12.665130
WX1968 WX2032 1.859680 1.859680
WX1970 WX677 19.821420 13.031010
WX1970 WX1970 19.455540 12.665130
WX1970 WX2034 1.859680 1.859680
WX1972 WX679 19.821420 13.031010
WX1972 WX1972 19.455540 12.665130
WX1972 WX2036 1.859680 1.859680
WX1974 WX681 19.821420 13.031010
WX1974 WX1974 19.455540 12.665130
WX1974 WX2038 1.859680 1.859680
WX1976 WX683 19.821420 13.031010
WX1976 WX1976 19.455540 12.665130
WX1976 WX2040 1.859680 1.859680
WX1978 WX685 19.821420 13.031010
WX1978 WX1978 19.455540 12.665130
WX1978 WX2042 1.859680 1.859680
WX1980 WX687 19.821420 13.031010
WX1980 WX1980 19.455540 12.665130
WX1980 WX2044 1.859680 1.859680
WX1982 WX689 19.821420 13.031010
WX1982 WX1982 19.455540 12.665130
WX1982 WX2046 1.859680 1.859680
WX1984 WX691 19.821420 13.031010
WX1984 WX1984 19.455540 12.665130
WX1984 WX2048 1.859680 1.859680
WX1986 WX693 19.821420 13.031010
WX1986 WX1986 19.455540 12.665130
WX1986 WX2050 1.859680 1.859680
WX1988 WX695 19.821420 13.031010
WX1988 WX1988 19.455540 12.665130
WX1988 WX2052 1.859680 1.859680
WX1990 WX697 19.821420 13.031010
WX1990 WX1990 19.455540 12.665130
WX1990 WX2054 1.859680 1.859680
WX1992 WX699 19.821420 13.031010
WX1992 WX1992 19.455540 12.665130
WX1992 WX2056 1.859680 1.859680
WX1994 WX701 19.821420 13.031010
WX1994 WX1994 19.455540 12.665130
WX1994 WX2058 1.859680 1.859680
WX1996 WX703 19.821420 13.031010
WX1996 WX1996 19.455540 12.665130
WX1996 WX2060 1.859680 1.859680
WX1998 WX705 19.821420 13.031010
WX1998 WX1998 19.455540 12.665130
WX1998 WX2062 1.859680 1.859680
WX2000 WX707 19.821420 13.031010
WX2000 WX2000 19.455540 12.665130
WX2000 WX2064 1.859680 1.859680
WX2002 WX645 16.306260 11.199970
WX2002 WX1938 15.940380 10.834090
WX2002 WX2066 1.859680 1.859680
WX2004 WX647 16.306260 11.199970
WX2004 WX1940 15.940380 10.834090
WX2004 WX2068 1.859680 1.859680
WX2006 WX649 16.306260 11.199970
WX2006 WX1942 15.940380 10.834090
WX2006 WX2070 1.859680 1.859680
WX2008 WX651 16.306260 11.199970
WX2008 WX1944 15.940380 10.834090
WX2008 WX2072 1.859680 1.859680
WX2010 WX653 16.306260 11.199970
WX2010 WX1946 15.940380 10.834090
WX2010 WX2074 1.859680 1.859680
WX2012 WX655 16.306260 11.199970
WX2012 WX1948 15.940380 10.834090
WX2012 WX2076 1.859680 1.859680
WX2014 WX657 16.306260 11.199970
WX2014 WX1950 15.940380 10.834090
WX2014 WX2078 1.859680 1.859680
WX2016 WX659 16.306260 11.199970
WX2016 WX1952 15.940380 10.834090
WX2016 WX2080 1.859680 1.859680
WX2018 WX661 16.306260 11.199970
WX2018 WX1954 15.940380 10.834090
WX2018 WX2082 1.859680 1.859680
WX2020 WX663 16.306260 11.199970
WX2020 WX1956 15.940380 10.834090
WX2020 WX2084 1.859680 1.859680
WX2022 WX665 16.306260 11.199970
WX2022 WX1958 15.940380 10.834090
WX2022 WX2086 1.859680 1.859680
WX2024 WX667 16.306260 11.199970
WX2024 WX1960 15.940380 10.834090
WX2024 WX2088 1.859680 1.859680
WX2026 WX669 16.306260 11.199970
WX2026 WX1962 15.940380 10.834090
WX2026 WX2090 1.859680 1.859680
WX2028 WX671 16.306260 11.199970
WX2028 WX1964 15.940380 10.834090
WX2028 WX2092 1.859680 1.859680
WX2030 WX673 16.306260 11.199970
WX2030 WX1966 15.940380 10.834090
WX2030 WX2094 1.859680 1.859680
WX2032 WX675 16.306260 11.199970
WX2032 WX1968 15.940380 10.834090
WX2032 WX2096 1.859680 1.859680
WX2034 WX677 16.306260 11.199970
WX2034 WX1970 15.940380 10.834090
WX2034 WX2098 1.859680 1.859680
WX2036 WX679 16.306260 11.199970
WX2036 WX1972 15.940380 10.834090
WX2036 WX2100 1.859680 1.859680
WX2038 WX681 16.306260 11.199970
WX2038 WX1974 15.940380 10.834090
WX2038 WX2102 1.859680 1.859680
WX2040 WX683 16.306260 11.199970
WX2040 WX1976 15.940380 10.834090
WX2040 WX2104 1.859680 1.859680
WX2042 WX685 16.306260 11.199970
WX2042 WX1978 15.940380 10.834090
WX2042 WX2106 1.859680 1.859680
WX2044 WX687 16.306260 11.199970
WX2044 WX1980 15.940380 10.834090
WX2044 WX2108 1.859680 1.859680
WX2046 WX689 16.306260 11.199970
WX2046 WX1982 15.940380 10.834090
WX2046 WX2110 1.859680 1.859680
WX2048 WX691 16.306260 11.199970
WX2048 WX1984 15.940380 10.834090
WX2048 WX2112 1.859680 1.859680
WX2050 WX693 16.306260 11.199970
WX2050 WX1986 15.940380 10.834090
WX2050 WX2114 1.859680 1.859680
WX2052 WX695 16.306260 11.199970
WX2052 WX1988 15.940380 10.834090
WX2052 WX2116 1.859680 1.859680
WX2054 WX697 16.306260 11.199970
WX2054 WX1990 15.940380 10.834090
WX2054 WX2118 1.859680 1.859680
WX2056 WX699 16.306260 11.199970
WX2056 WX1992 15.940380 10.834090
WX2056 WX2120 1.859680 1.859680
WX2058 WX701 16.306260 11.199970
WX2058 WX1994 15.940380 10.834090
WX2058 WX2122 1.859680 1.859680
WX2060 WX703 16.306260 11.199970
WX2060 WX1996 15.940380 10.834090
WX2060 WX2124 1.859680 1.859680
WX2062 WX705 16.306260 11.199970
WX2062 WX1998 15.940380 10.834090
WX2062 WX2126 1.859680 1.859680
WX2064 WX707 16.306260 11.199970
WX2064 WX2000 15.940380 10.834090
WX2064 WX2128 1.859680 1.859680
WX2066 WX645 16.306200 10.973460
WX2066 WX1938 15.940320 10.607580
WX2066 WX2130 1.859680 1.859680
WX2068 WX647 16.306200 10.973460
WX2068 WX1940 15.940320 10.607580
WX2068 WX2132 1.859680 1.859680
WX2070 WX649 16.306200 10.973460
WX2070 WX1942 15.940320 10.607580
WX2070 WX2134 1.859680 1.859680
WX2072 WX651 16.306200 10.973460
WX2072 WX1944 15.940320 10.607580
WX2072 WX2136 1.859680 1.859680
WX2074 WX653 16.306200 10.973460
WX2074 WX1946 15.940320 10.607580
WX2074 WX2138 1.859680 1.859680
WX2076 WX655 16.306200 10.973460
WX2076 WX1948 15.940320 10.607580
WX2076 WX2140 1.859680 1.859680
WX2078 WX657 16.306200 10.973460
WX2078 WX1950 15.940320 10.607580
WX2078 WX2142 1.859680 1.859680
WX2080 WX659 16.306200 10.973460
WX2080 WX1952 15.940320 10.607580
WX2080 WX2144 1.859680 1.859680
WX2082 WX661 16.306200 10.973460
WX2082 WX1954 15.940320 10.607580
WX2082 WX2146 1.859680 1.859680
WX2084 WX663 16.306200 10.973460
WX2084 WX1956 15.940320 10.607580
WX2084 WX2148 1.859680 1.859680
WX2086 WX665 16.306200 10.973460
WX2086 WX1958 15.940320 10.607580
WX2086 WX2150 1.859680 1.859680
WX2088 WX667 16.306200 10.973460
WX2088 WX1960 15.940320 10.607580
WX2088 WX2152 1.859680 1.859680
WX2090 WX669 16.306200 10.973460
WX2090 WX1962 15.940320 10.607580
WX2090 WX2154 1.859680 1.859680
WX2092 WX671 16.306200 10.973460
WX2092 WX1964 15.940320 10.607580
WX2092 WX2156 1.859680 1.859680
WX2094 WX673 16.306200 10.973460
WX2094 WX1966 15.940320 10.607580
WX2094 WX2158 1.859680 1.859680
WX2096 WX675 16.306200 10.973460
WX2096 WX1968 15.940320 10.607580
WX2096 WX2160 1.859680 1.859680
WX2098 WX677 16.306200 10.973460
WX2098 WX1970 15.940320 10.607580
WX2098 WX2162 1.859680 1.859680
WX2100 WX679 16.306200 10.973460
WX2100 WX1972 15.940320 10.607580
WX2100 WX2164 1.859680 1.859680
WX2102 WX681 16.306200 10.973460
WX2102 WX1974 15.940320 10.607580
WX2102 WX2166 1.859680 1.859680
WX2104 WX683 16.306200 10.973460
WX2104 WX1976 15.940320 10.607580
WX2104 WX2168 1.859680 1.859680
WX2106 WX685 16.306200 10.973460
WX2106 WX1978 15.940320 10.607580
WX2106 WX2170 1.859680 1.859680
WX2108 WX687 16.306200 10.973460
WX2108 WX1980 15.940320 10.607580
WX2108 WX2172 1.859680 1.859680
WX2110 WX689 16.306200 10.973460
WX2110 WX1982 15.940320 10.607580
WX2110 WX2174 1.859680 1.859680
WX2112 WX691 16.306200 10.973460
WX2112 WX1984 15.940320 10.607580
WX2112 WX2176 1.859680 1.859680
WX2114 WX693 16.306200 10.973460
WX2114 WX1986 15.940320 10.607580
WX2114 WX2178 1.859680 1.859680
WX2116 WX695 16.306200 10.973460
WX2116 WX1988 15.940320 10.607580
WX2116 WX2180 1.859680 1.859680
WX2118 WX697 16.306200 10.973460
WX2118 WX1990 15.940320 10.607580
WX2118 WX2182 1.859680 1.859680
WX2120 WX699 16.306200 10.973460
WX2120 WX1992 15.940320 10.607580
WX2120 WX2184 1.859680 1.859680
WX2122 WX701 16.306200 10.973460
WX2122 WX1994 15.940320 10.607580
WX2122 WX2186 1.859680 1.859680
WX2124 WX703 16.306200 10.973460
WX2124 WX1996 15.940320 10.607580
WX2124 WX2188 1.859680 1.859680
WX2126 WX705 16.306200 10.973460
WX2126 WX1998 15.940320 10.607580
WX2126 WX2190 1.859680 1.859680
WX2128 WX707 16.306200 10.973460
WX2128 WX2000 15.940320 10.607580
WX2128 WX2192 1.859680 1.859680
WX2130 WX645 16.127760 10.770360
WX2130 WX1938 15.761880 10.404480
WX2130 [2140] 4.412190 3.275650
WX2132 WX647 16.127760 10.770360
WX2132 WX1940 15.761880 10.404480
WX2132 [2139] 4.412190 3.275650
WX2134 WX649 16.127760 10.770360
WX2134 WX1942 15.761880 10.404480
WX2134 [2138] 4.412190 3.275650
WX2136 WX651 16.127760 10.770360
WX2136 WX1944 15.761880 10.404480
WX2136 [2137] 4.412190 3.275650
WX2138 WX653 16.127760 10.770360
WX2138 WX1946 15.761880 10.404480
WX2138 [2136] 4.412190 3.275650
WX2140 WX655 16.127760 10.770360
WX2140 WX1948 15.761880 10.404480
WX2140 [2135] 4.412190 3.275650
WX2142 WX657 16.127760 10.770360
WX2142 WX1950 15.761880 10.404480
WX2142 [2134] 4.412190 3.275650
WX2144 WX659 16.127760 10.770360
WX2144 WX1952 15.761880 10.404480
WX2144 [2133] 4.412190 3.275650
WX2146 WX661 16.127760 10.770360
WX2146 WX1954 15.761880 10.404480
WX2146 [2132] 4.412190 3.275650
WX2148 WX663 16.127760 10.770360
WX2148 WX1956 15.761880 10.404480
WX2148 [2131] 4.412190 3.275650
WX2150 WX665 16.127760 10.770360
WX2150 WX1958 15.761880 10.404480
WX2150 [2130] 4.412190 3.275650
WX2152 WX667 16.127760 10.770360
WX2152 WX1960 15.761880 10.404480
WX2152 [2129] 4.412190 3.275650
WX2154 WX669 16.127760 10.770360
WX2154 WX1962 15.761880 10.404480
WX2154 [2128] 4.412190 3.275650
WX2156 WX671 16.127760 10.770360
WX2156 WX1964 15.761880 10.404480
WX2156 [2127] 4.412190 3.275650
WX2158 WX673 16.127760 10.770360
WX2158 WX1966 15.761880 10.404480
WX2158 [2126] 4.412190 3.275650
WX2160 WX675 16.127760 10.770360
WX2160 WX1968 15.761880 10.404480
WX2160 [2125] 6.597990 4.283170
WX2162 WX677 16.127760 10.770360
WX2162 WX1970 15.761880 10.404480
WX2162 [2124] 4.412190 3.275650
WX2164 WX679 16.127760 10.770360
WX2164 WX1972 15.761880 10.404480
WX2164 [2123] 4.412190 3.275650
WX2166 WX681 16.127760 10.770360
WX2166 WX1974 15.761880 10.404480
WX2166 [2122] 4.412190 3.275650
WX2168 WX683 16.127760 10.770360
WX2168 WX1976 15.761880 10.404480
WX2168 [2121] 4.412190 3.275650
WX2170 WX685 16.127760 10.770360
WX2170 WX1978 15.761880 10.404480
WX2170 [2120] 6.597990 4.283170
WX2172 WX687 16.127760 10.770360
WX2172 WX1980 15.761880 10.404480
WX2172 [2119] 4.412190 3.275650
WX2174 WX689 16.127760 10.770360
WX2174 WX1982 15.761880 10.404480
WX2174 [2118] 4.412190 3.275650
WX2176 WX691 16.127760 10.770360
WX2176 WX1984 15.761880 10.404480
WX2176 [2117] 4.412190 3.275650
WX2178 WX693 16.127760 10.770360
WX2178 WX1986 15.761880 10.404480
WX2178 [2116] 4.412190 3.275650
WX2180 WX695 16.127760 10.770360
WX2180 WX1988 15.761880 10.404480
WX2180 [2115] 4.412190 3.275650
WX2182 WX697 16.127760 10.770360
WX2182 WX1990 15.761880 10.404480
WX2182 [2114] 4.412190 3.275650
WX2184 WX699 16.127760 10.770360
WX2184 WX1992 15.761880 10.404480
WX2184 [2113] 6.597990 4.283170
WX2186 WX701 16.127760 10.770360
WX2186 WX1994 15.761880 10.404480
WX2186 [2112] 4.412190 3.275650
WX2188 WX703 16.127760 10.770360
WX2188 WX1996 15.761880 10.404480
WX2188 [2111] 4.412190 3.275650
WX2190 WX705 16.127760 10.770360
WX2190 WX1998 15.761880 10.404480
WX2190 [2110] 4.412190 3.275650
WX2192 WX707 16.127760 10.770360
WX2192 WX2000 15.761880 10.404480
WX2192 [2109] 4.412190 3.275650
[2109] WX2000 4.119120 4.119120
[2109] [2110] 3.624810 2.370720
[2110] WX1998 4.119120 4.119120
[2110] [2111] 3.624810 2.370720
[2111] WX1996 4.119120 4.119120
[2111] [2112] 3.624810 2.370720
[2112] WX1994 4.119120 4.119120
[2112] [2113] 3.741770 2.487800
[2113] WX1992 4.119120 4.119120
[2113] [2114] 3.624810 2.370720
[2114] WX1990 4.119120 4.119120
[2114] [2115] 3.624810 2.370720
[2115] WX1988 4.119120 4.119120
[2115] [2116] 3.624810 2.370720
[2116] WX1986 4.119120 4.119120
[2116] [2117] 3.624810 2.370720
[2117] WX1984 4.119120 4.119120
[2117] [2118] 3.624810 2.370720
[2118] WX1982 4.119120 4.119120
[2118] [2119] 3.624810 2.370720
[2119] WX1980 4.119120 4.119120
[2119] [2120] 3.741770 2.487800
[2120] WX1978 4.119120 4.119120
[2120] [2121] 3.624810 2.370720
[2121] WX1976 4.119120 4.119120
[2121] [2122] 3.624810 2.370720
[2122] WX1974 4.119120 4.119120
[2122] [2123] 3.624810 2.370720
[2123] WX1972 4.119120 4.119120
[2123] [2124] 3.624810 2.370720
[2124] WX1970 4.119120 4.119120
[2124] [2125] 3.741770 2.487800
[2125] WX1968 4.119120 4.119120
[2125] [2126] 3.624810 2.370720
[2126] WX1966 4.119120 4.119120
[2126] [2127] 3.624810 2.370720
[2127] WX1964 4.119120 4.119120
[2127] [2128] 3.624810 2.370720
[2128] WX1962 4.119120 4.119120
[2128] [2129] 3.624810 2.370720
[2129] WX1960 4.119120 4.119120
[2129] [2130] 3.624810 2.370720
[2130] WX1958 4.119120 4.119120
[2130] [2131] 3.624810 2.370720
[2131] WX1956 4.119120 4.119120
[2131] [2132] 3.624810 2.370720
[2132] WX1954 4.119120 4.119120
[2132] [2133] 3.624810 2.370720
[2133] WX1952 4.119120 4.119120
[2133] [2134] 3.624810 2.370720
[2134] WX1950 4.119120 4.119120
[2134] [2135] 3.624810 2.370720
[2135] WX1948 4.119120 4.119120
[2135] [2136] 3.624810 2.370720
[2136] WX1946 4.119120 4.119120
[2136] [2137] 3.624810 2.370720
[2137] WX1944 4.119120 4.119120
[2137] [2138] 3.624810 2.370720
[2138] WX1942 4.119120 4.119120
[2138] [2139] 3.624810 2.370720
[2139] WX1940 4.119120 4.119120
[2139] [2140] 3.624810 2.370720
[2140] WX1938 4.119120 4.119120
[2140] [2109] 3.624810 2.370720
[2140] [2113] 8.261930 5.224710
[2140] [2120] 8.261930 5.224710
[2140] [2125] 8.261930 5.224710
WX3071 WX1938 9.116060 6.634680
WX3071 WX3133 1.197620 1.197620
WX3071 WX3231 8.750180 3.753240
WX3073 WX1940 9.116060 6.634680
WX3073 WX3071 1.859680 1.859680
WX3073 WX3233 8.750180 3.753240
WX3075 WX1942 9.116060 6.634680
WX3075 WX3073 1.859680 1.859680
WX3075 WX3235 8.750180 3.753240
WX3077 WX1944 9.116060 6.634680
WX3077 WX3075 1.859680 1.859680
WX3077 WX3237 8.750180 3.753240
WX3079 WX1946 9.116060 6.634680
WX3079 WX3077 1.859680 1.859680
WX3079 WX3239 8.750180 3.753240
WX3081 WX1948 9.116060 6.634680
WX3081 WX3079 1.859680 1.859680
WX3081 WX3241 8.750180 3.753240
WX3083 WX1950 9.116060 6.634680
WX3083 WX3081 1.859680 1.859680
WX3083 WX3243 8.750180 3.753240
WX3085 WX1952 9.116060 6.634680
WX3085 WX3083 1.859680 1.859680
WX3085 WX3245 8.750180 3.753240
WX3087 WX1954 9.116060 6.634680
WX3087 WX3085 1.859680 1.859680
WX3087 WX3247 8.750180 3.753240
WX3089 WX1956 9.116060 6.634680
WX3089 WX3087 1.859680 1.859680
WX3089 WX3249 8.750180 3.753240
WX3091 WX1958 9.116060 6.634680
WX3091 WX3089 1.859680 1.859680
WX3091 WX3251 8.750180 3.753240
WX3093 WX1960 9.116060 6.634680
WX3093 WX3091 1.859680 1.859680
WX3093 WX3253 8.750180 3.753240
WX3095 WX1962 9.116060 6.634680
WX3095 WX3093 1.859680 1.859680
WX3095 WX3255 8.750180 3.753240
WX3097 WX1964 9.116060 6.634680
WX3097 WX3095 1.859680 1.859680
WX3097 WX3257 8.750180 3.753240
WX3099 WX1966 9.116060 6.634680
WX3099 WX3097 1.859680 1.859680
WX3099 WX3259 8.750180 3.753240
WX3101 WX1968 9.116060 6.634680
WX3101 WX3099 1.859680 1.859680
WX3101 WX3261 8.750180 3.753240
WX3103 WX1970 9.116060 6.634680
WX3103 WX3101 1.859680 1.859680
WX3103 WX3263 8.750180 3.753240
WX3105 WX1972 9.116060 6.634680
WX3105 WX3103 1.859680 1.859680
WX3105 WX3265 8.750180 3.753240
WX3107 WX1974 9.116060 6.634680
WX3107 WX3105 1.859680 1.859680
WX3107 WX3267 8.750180 3.753240
WX3109 WX1976 9.116060 6.634680
WX3109 WX3107 1.859680 1.859680
WX3109 WX3269 8.750180 3.753240
WX3111 WX1978 9.116060 6.634680
WX3111 WX3109 1.859680 1.859680
WX3111 WX3271 8.750180 3.753240
WX3113 WX1980 9.116060 6.634680
WX3113 WX3111 1.859680 1.859680
WX3113 WX3273 8.750180 3.753240
WX3115 WX1982 9.116060 6.634680
WX3115 WX3113 1.859680 1.859680
WX3115 WX3275 8.750180 3.753240
WX3117 WX1984 9.116060 6.634680
WX3117 WX3115 1.859680 1.859680
WX3117 WX3277 8.750180 3.753240
WX3119 WX1986 9.116060 6.634680
WX3119 WX3117 1.859680 1.859680
WX3119 WX3279 8.750180 3.753240
WX3121 WX1988 9.116060 6.634680
WX3121 WX3119 1.859680 1.859680
WX3121 WX3281 8.750180 3.753240
WX3123 WX1990 9.116060 6.634680
WX3123 WX3121 1.859680 1.859680
WX3123 WX3283 8.750180 3.753240
WX3125 WX1992 9.116060 6.634680
WX3125 WX3123 1.859680 1.859680
WX3125 WX3285 8.750180 3.753240
WX3127 WX1994 9.116060 6.634680
WX3127 WX3125 1.859680 1.859680
WX3127 WX3287 8.750180 3.753240
WX3129 WX1996 9.116060 6.634680
WX3129 WX3127 1.859680 1.859680
WX3129 WX3289 8.750180 3.753240
WX3131 WX1998 9.116060 6.634680
WX3131 WX3129 1.859680 1.859680
WX3131 WX3291 8.750180 3.753240
WX3133 WX2000 9.116060 6.634680
WX3133 WX3131 1.859680 1.859680
WX3133 WX3293 8.750180 3.753240
WX3231 WX1938 19.821420 13.031010
WX3231 WX3231 19.455540 12.665130
WX3231 WX3295 1.859680 1.859680
WX3233 WX1940 19.821420 13.031010
WX3233 WX3233 19.455540 12.665130
WX3233 WX3297 1.859680 1.859680
WX3235 WX1942 19.821420 13.031010
WX3235 WX3235 19.455540 12.665130
WX3235 WX3299 1.859680 1.859680
WX3237 WX1944 19.821420 13.031010
WX3237 WX3237 19.455540 12.665130
WX3237 WX3301 1.859680 1.859680
WX3239 WX1946 19.821420 13.031010
WX3239 WX3239 19.455540 12.665130
WX3239 WX3303 1.859680 1.859680
WX3241 WX1948 19.821420 13.031010
WX3241 WX3241 19.455540 12.665130
WX3241 WX3305 1.859680 1.859680
WX3243 WX1950 19.821420 13.031010
WX3243 WX3243 19.455540 12.665130
WX3243 WX3307 1.859680 1.859680
WX3245 WX1952 19.821420 13.031010
WX3245 WX3245 19.455540 12.665130
WX3245 WX3309 1.859680 1.859680
WX3247 WX1954 19.821420 13.031010
WX3247 WX3247 19.455540 12.665130
WX3247 WX3311 1.859680 1.859680
WX3249 WX1956 19.821420 13.031010
WX3249 WX3249 19.455540 12.665130
WX3249 WX3313 1.859680 1.859680
WX3251 WX1958 19.821420 13.031010
WX3251 WX3251 19.455540 12.665130
WX3251 WX3315 1.859680 1.859680
WX3253 WX1960 19.821420 13.031010
WX3253 WX3253 19.455540 12.665130
WX3253 WX3317 1.859680 1.859680
WX3255 WX1962 19.821420 13.031010
WX3255 WX3255 19.455540 12.665130
WX3255 WX3319 1.859680 1.859680
WX3257 WX1964 19.821420 13.031010
WX3257 WX3257 19.455540 12.665130
WX3257 WX3321 1.859680 1.859680
WX3259 WX1966 19.821420 13.031010
WX3259 WX3259 19.455540 12.665130
WX3259 WX3323 1.859680 1.859680
WX3261 WX1968 19.821420 13.031010
WX3261 WX3261 19.455540 12.665130
WX3261 WX3325 1.859680 1.859680
WX3263 WX1970 19.821420 13.031010
WX3263 WX3263 19.455540 12.665130
WX3263 WX3327 1.859680 1.859680
WX3265 WX1972 19.821420 13.031010
WX3265 WX3265 19.455540 12.665130
WX3265 WX3329 1.859680 1.859680
WX3267 WX1974 19.821420 13.031010
WX3267 WX3267 19.455540 12.665130
WX3267 WX3331 1.859680 1.859680
WX3269 WX1976 19.821420 13.031010
WX3269 WX3269 19.455540 12.665130
WX3269 WX3333 1.859680 1.859680
WX3271 WX1978 19.821420 13.031010
WX3271 WX3271 19.455540 12.665130
WX3271 WX3335 1.859680 1.859680
WX3273 WX1980 19.821420 13.031010
WX3273 WX3273 19.455540 12.665130
WX3273 WX3337 1.859680 1.859680
WX3275 WX1982 19.821420 13.031010
WX3275 WX3275 19.455540 12.665130
WX3275 WX3339 1.859680 1.859680
WX3277 WX1984 19.821420 13.031010
WX3277 WX3277 19.455540 12.665130
WX3277 WX3341 1.859680 1.859680
WX3279 WX1986 19.821420 13.031010
WX3279 WX3279 19.455540 12.665130
WX3279 WX3343 1.859680 1.859680
WX3281 WX1988 19.821420 13.031010
WX3281 WX3281 19.455540 12.665130
WX3281 WX3345 1.859680 1.859680
WX3283 WX1990 19.821420 13.031010
WX3283 WX3283 19.455540 12.665130
WX3283 WX3347 1.859680 1.859680
WX3285 WX1992 19.821420 13.031010
WX3285 WX3285 19.455540 12.665130
WX3285 WX3349 1.859680 1.859680
WX3287 WX1994 19.821420 13.031010
WX3287 WX3287 19.455540 12.665130
WX3287 WX3351 1.859680 1.859680
WX3289 WX1996 19.821420 13.031010
WX3289 WX3289 19.455540 12.665130
WX3289 WX3353 1.859680 1.859680
WX3291 WX1998 19.821420 13.031010
WX3291 WX3291 19.455540 12.665130
WX3291 WX3355 1.859680 1.859680
WX3293 WX2000 19.821420 13.031010
WX3293 WX3293 19.455540 12.665130
WX3293 WX3357 1.859680 1.859680
WX3295 WX1938 16.306260 11.199970
WX3295 WX3231 15.940380 10.834090
WX3295 WX3359 1.859680 1.859680
WX3297 WX1940 16.306260 11.199970
WX3297 WX3233 15.940380 10.834090
WX3297 WX3361 1.859680 1.859680
WX3299 WX1942 16.306260 11.199970
WX3299 WX3235 15.940380 10.834090
WX3299 WX3363 1.859680 1.859680
WX3301 WX1944 16.306260 11.199970
WX3301 WX3237 15.940380 10.834090
WX3301 WX3365 1.859680 1.859680
WX3303 WX1946 16.306260 11.199970
WX3303 WX3239 15.940380 10.834090
WX3303 WX3367 1.859680 1.859680
WX3305 WX1948 16.306260 11.199970
WX3305 WX3241 15.940380 10.834090
WX3305 WX3369 1.859680 1.859680
WX3307 WX1950 16.306260 11.199970
WX3307 WX3243 15.940380 10.834090
WX3307 WX3371 1.859680 1.859680
WX3309 WX1952 16.306260 11.199970
WX3309 WX3245 15.940380 10.834090
WX3309 WX3373 1.859680 1.859680
WX3311 WX1954 16.306260 11.199970
WX3311 WX3247 15.940380 10.834090
WX3311 WX3375 1.859680 1.859680
WX3313 WX1956 16.306260 11.199970
WX3313 WX3249 15.940380 10.834090
WX3313 WX3377 1.859680 1.859680
WX3315 WX1958 16.306260 11.199970
WX3315 WX3251 15.940380 10.834090
WX3315 WX3379 1.859680 1.859680
WX3317 WX1960 16.306260 11.199970
WX3317 WX3253 15.940380 10.834090
WX3317 WX3381 1.859680 1.859680
WX3319 WX1962 16.306260 11.199970
WX3319 WX3255 15.940380 10.834090
WX3319 WX3383 1.859680 1.859680
WX3321 WX1964 16.306260 11.199970
WX3321 WX3257 15.940380 10.834090
WX3321 WX3385 1.859680 1.859680
WX3323 WX1966 16.306260 11.199970
WX3323 WX3259 15.940380 10.834090
WX3323 WX3387 1.859680 1.859680
WX3325 WX1968 16.306260 11.199970
WX3325 WX3261 15.940380 10.834090
WX3325 WX3389 1.859680 1.859680
WX3327 WX1970 16.306260 11.199970
WX3327 WX3263 15.940380 10.834090
WX3327 WX3391 1.859680 1.859680
WX3329 WX1972 16.306260 11.199970
WX3329 WX3265 15.940380 10.834090
WX3329 WX3393 1.859680 1.859680
WX3331 WX1974 16.306260 11.199970
WX3331 WX3267 15.940380 10.834090
WX3331 WX3395 1.859680 1.859680
WX3333 WX1976 16.306260 11.199970
WX3333 WX3269 15.940380 10.834090
WX3333 WX3397 1.859680 1.859680
WX3335 WX1978 16.306260 11.199970
WX3335 WX3271 15.940380 10.834090
WX3335 WX3399 1.859680 1.859680
WX3337 WX1980 16.306260 11.199970
WX3337 WX3273 15.940380 10.834090
WX3337 WX3401 1.859680 1.859680
WX3339 WX1982 16.306260 11.199970
WX3339 WX3275 15.940380 10.834090
WX3339 WX3403 1.859680 1.859680
WX3341 WX1984 16.306260 11.199970
WX3341 WX3277 15.940380 10.834090
WX3341 WX3405 1.859680 1.859680
WX3343 WX1986 16.306260 11.199970
WX3343 WX3279 15.940380 10.834090
WX3343 WX3407 1.859680 1.859680
WX3345 WX1988 16.306260 11.199970
WX3345 WX3281 15.940380 10.834090
WX3345 WX3409 1.859680 1.859680
WX3347 WX1990 16.306260 11.199970
WX3347 WX3283 15.940380 10.834090
WX3347 WX3411 1.859680 1.859680
WX3349 WX1992 16.306260 11.199970
WX3349 WX3285 15.940380 10.834090
WX3349 WX3413 1.859680 1.859680
WX3351 WX1994 16.306260 11.199970
WX3351 WX3287 15.940380 10.834090
WX3351 WX3415 1.859680 1.859680
WX3353 WX1996 16.306260 11.199970
WX3353 WX3289 15.940380 10.834090
WX3353 WX3417 1.859680 1.859680
WX3355 WX1998 16.306260 11.199970
WX3355 WX3291 15.940380 10.834090
WX3355 WX3419 1.859680 1.859680
WX3357 WX2000 16.306260 11.199970
WX3357 WX3293 15.940380 10.834090
WX3357 WX3421 1.859680 1.859680
WX3359 WX1938 16.306200 10.973460
WX3359 WX3231 15.940320 10.607580
WX3359 WX3423 1.859680 1.859680
WX3361 WX1940 16.306200 10.973460
WX3361 WX3233 15.940320 10.607580
WX3361 WX3425 1.859680 1.859680
WX3363 WX1942 16.306200 10.973460
WX3363 WX3235 15.940320 10.607580
WX3363 WX3427 1.859680 1.859680
WX3365 WX1944 16.306200 10.973460
WX3365 WX3237 15.940320 10.607580
WX3365 WX3429 1.859680 1.859680
WX3367 WX1946 16.306200 10.973460
WX3367 WX3239 15.940320 10.607580
WX3367 WX3431 1.859680 1.859680
WX3369 WX1948 16.306200 10.973460
WX3369 WX3241 15.940320 10.607580
WX3369 WX3433 1.859680 1.859680
WX3371 WX1950 16.306200 10.973460
WX3371 WX3243 15.940320 10.607580
WX3371 WX3435 1.859680 1.859680
WX3373 WX1952 16.306200 10.973460
WX3373 WX3245 15.940320 10.607580
WX3373 WX3437 1.859680 1.859680
WX3375 WX1954 16.306200 10.973460
WX3375 WX3247 15.940320 10.607580
WX3375 WX3439 1.859680 1.859680
WX3377 WX1956 16.306200 10.973460
WX3377 WX3249 15.940320 10.607580
WX3377 WX3441 1.859680 1.859680
WX3379 WX1958 16.306200 10.973460
WX3379 WX3251 15.940320 10.607580
WX3379 WX3443 1.859680 1.859680
WX3381 WX1960 16.306200 10.973460
WX3381 WX3253 15.940320 10.607580
WX3381 WX3445 1.859680 1.859680
WX3383 WX1962 16.306200 10.973460
WX3383 WX3255 15.940320 10.607580
WX3383 WX3447 1.859680 1.859680
WX3385 WX1964 16.306200 10.973460
WX3385 WX3257 15.940320 10.607580
WX3385 WX3449 1.859680 1.859680
WX3387 WX1966 16.306200 10.973460
WX3387 WX3259 15.940320 10.607580
WX3387 WX3451 1.859680 1.859680
WX3389 WX1968 16.306200 10.973460
WX3389 WX3261 15.940320 10.607580
WX3389 WX3453 1.859680 1.859680
WX3391 WX1970 16.306200 10.973460
WX3391 WX3263 15.940320 10.607580
WX3391 WX3455 1.859680 1.859680
WX3393 WX1972 16.306200 10.973460
WX3393 WX3265 15.940320 10.607580
WX3393 WX3457 1.859680 1.859680
WX3395 WX1974 16.306200 10.973460
WX3395 WX3267 15.940320 10.607580
WX3395 WX3459 1.859680 1.859680
WX3397 WX1976 16.306200 10.973460
WX3397 WX3269 15.940320 10.607580
WX3397 WX3461 1.859680 1.859680
WX3399 WX1978 16.306200 10.973460
WX3399 WX3271 15.940320 10.607580
WX3399 WX3463 1.859680 1.859680
WX3401 WX1980 16.306200 10.973460
WX3401 WX3273 15.940320 10.607580
WX3401 WX3465 1.859680 1.859680
WX3403 WX1982 16.306200 10.973460
WX3403 WX3275 15.940320 10.607580
WX3403 WX3467 1.859680 1.859680
WX3405 WX1984 16.306200 10.973460
WX3405 WX3277 15.940320 10.607580
WX3405 WX3469 1.859680 1.859680
WX3407 WX1986 16.306200 10.973460
WX3407 WX3279 15.940320 10.607580
WX3407 WX3471 1.859680 1.859680
WX3409 WX1988 16.306200 10.973460
WX3409 WX3281 15.940320 10.607580
WX3409 WX3473 1.859680 1.859680
WX3411 WX1990 16.306200 10.973460
WX3411 WX3283 15.940320 10.607580
WX3411 WX3475 1.859680 1.859680
WX3413 WX1992 16.306200 10.973460
WX3413 WX3285 15.940320 10.607580
WX3413 WX3477 1.859680 1.859680
WX3415 WX1994 16.306200 10.973460
WX3415 WX3287 15.940320 10.607580
WX3415 WX3479 1.859680 1.859680
WX3417 WX1996 16.306200 10.973460
WX3417 WX3289 15.940320 10.607580
WX3417 WX3481 1.859680 1.859680
WX3419 WX1998 16.306200 10.973460
WX3419 WX3291 15.940320 10.607580
WX3419 WX3483 1.859680 1.859680
WX3421 WX2000 16.306200 10.973460
WX3421 WX3293 15.940320 10.607580
WX3421 WX3485 1.859680 1.859680
WX3423 WX1938 16.127760 10.770360
WX3423 WX3231 15.761880 10.404480
WX3423 [2172] 4.412190 3.275650
WX3425 WX1940 16.127760 10.770360
WX3425 WX3233 15.761880 10.404480
WX3425 [2171] 4.412190 3.275650
WX3427 WX1942 16.127760 10.770360
WX3427 WX3235 15.761880 10.404480
WX3427 [2170] 4.412190 3.275650
WX3429 WX1944 16.127760 10.770360
WX3429 WX3237 15.761880 10.404480
WX3429 [2169] 4.412190 3.275650
WX3431 WX1946 16.127760 10.770360
WX3431 WX3239 15.761880 10.404480
WX3431 [2168] 4.412190 3.275650
WX3433 WX1948 16.127760 10.770360
WX3433 WX3241 15.761880 10.404480
WX3433 [2167] 4.412190 3.275650
WX3435 WX1950 16.127760 10.770360
WX3435 WX3243 15.761880 10.404480
WX3435 [2166] 4.412190 3.275650
WX3437 WX1952 16.127760 10.770360
WX3437 WX3245 15.761880 10.404480
WX3437 [2165] 4.412190 3.275650
WX3439 WX1954 16.127760 10.770360
WX3439 WX3247 15.761880 10.404480
WX3439 [2164] 4.412190 3.275650
WX3441 WX1956 16.127760 10.770360
WX3441 WX3249 15.761880 10.404480
WX3441 [2163] 4.412190 3.275650
WX3443 WX1958 16.127760 10.770360
WX3443 WX3251 15.761880 10.404480
WX3443 [2162] 4.412190 3.275650
WX3445 WX1960 16.127760 10.770360
WX3445 WX3253 15.761880 10.404480
WX3445 [2161] 4.412190 3.275650
WX3447 WX1962 16.127760 10.770360
WX3447 WX3255 15.761880 10.404480
WX3447 [2160] 4.412190 3.275650
WX3449 WX1964 16.127760 10.770360
WX3449 WX3257 15.761880 10.404480
WX3449 [2159] 4.412190 3.275650
WX3451 WX1966 16.127760 10.770360
WX3451 WX3259 15.761880 10.404480
WX3451 [2158] 4.412190 3.275650
WX3453 WX1968 16.127760 10.770360
WX3453 WX3261 15.761880 10.404480
WX3453 [2157] 6.597990 4.283170
WX3455 WX1970 16.127760 10.770360
WX3455 WX3263 15.761880 10.404480
WX3455 [2156] 4.412190 3.275650
WX3457 WX1972 16.127760 10.770360
WX3457 WX3265 15.761880 10.404480
WX3457 [2155] 4.412190 3.275650
WX3459 WX1974 16.127760 10.770360
WX3459 WX3267 15.761880 10.404480
WX3459 [2154] 4.412190 3.275650
WX3461 WX1976 16.127760 10.770360
WX3461 WX3269 15.761880 10.404480
WX3461 [2153] 4.412190 3.275650
WX3463 WX1978 16.127760 10.770360
WX3463 WX3271 15.761880 10.404480
WX3463 [2152] 6.597990 4.283170
WX3465 WX1980 16.127760 10.770360
WX3465 WX3273 15.761880 10.404480
WX3465 [2151] 4.412190 3.275650
WX3467 WX1982 16.127760 10.770360
WX3467 WX3275 15.761880 10.404480
WX3467 [2150] 4.412190 3.275650
WX3469 WX1984 16.127760 10.770360
WX3469 WX3277 15.761880 10.404480
WX3469 [2149] 4.412190 3.275650
WX3471 WX1986 16.127760 10.770360
WX3471 WX3279 15.761880 10.404480
WX3471 [2148] 4.412190 3.275650
WX3473 WX1988 16.127760 10.770360
WX3473 WX3281 15.761880 10.404480
WX3473 [2147] 4.412190 3.275650
WX3475 WX1990 16.127760 10.770360
WX3475 WX3283 15.761880 10.404480
WX3475 [2146] 4.412190 3.275650
WX3477 WX1992 16.127760 10.770360
WX3477 WX3285 15.761880 10.404480
WX3477 [2145] 6.597990 4.283170
WX3479 WX1994 16.127760 10.770360
WX3479 WX3287 15.761880 10.404480
WX3479 [2144] 4.412190 3.275650
WX3481 WX1996 16.127760 10.770360
WX3481 WX3289 15.761880 10.404480
WX3481 [2143] 4.412190 3.275650
WX3483 WX1998 16.127760 10.770360
WX3483 WX3291 15.761880 10.404480
WX3483 [2142] 4.412190 3.275650
WX3485 WX2000 16.127760 10.770360
WX3485 WX3293 15.761880 10.404480
WX3485 [2141] 4.412190 3.275650
[2141] WX3293 4.119120 4.119120
[2141] [2142] 3.624810 2.370720
[2142] WX3291 4.119120 4.119120
[2142] [2143] 3.624810 2.370720
[2143] WX3289 4.119120 4.119120
[2143] [2144] 3.624810 2.370720
[2144] WX3287 4.119120 4.119120
[2144] [2145] 3.741770 2.487800
[2145] WX3285 4.119120 4.119120
[2145] [2146] 3.624810 2.370720
[2146] WX3283 4.119120 4.119120
[2146] [2147] 3.624810 2.370720
[2147] WX3281 4.119120 4.119120
[2147] [2148] 3.624810 2.370720
[2148] WX3279 4.119120 4.119120
[2148] [2149] 3.624810 2.370720
[2149] WX3277 4.119120 4.119120
[2149] [2150] 3.624810 2.370720
[2150] WX3275 4.119120 4.119120
[2150] [2151] 3.624810 2.370720
[2151] WX3273 4.119120 4.119120
[2151] [2152] 3.741770 2.487800
[2152] WX3271 4.119120 4.119120
[2152] [2153] 3.624810 2.370720
[2153] WX3269 4.119120 4.119120
[2153] [2154] 3.624810 2.370720
[2154] WX3267 4.119120 4.119120
[2154] [2155] 3.624810 2.370720
[2155] WX3265 4.119120 4.119120
[2155] [2156] 3.624810 2.370720
[2156] WX3263 4.119120 4.119120
[2156] [2157] 3.741770 2.487800
[2157] WX3261 4.119120 4.119120
[2157] [2158] 3.624810 2.370720
[2158] WX3259 4.119120 4.119120
[2158] [2159] 3.624810 2.370720
[2159] WX3257 4.119120 4.119120
[2159] [2160] 3.624810 2.370720
[2160] WX3255 4.119120 4.119120
[2160] [2161] 3.624810 2.370720
[2161] WX3253 4.119120 4.119120
[2161] [2162] 3.624810 2.370720
[2162] WX3251 4.119120 4.119120
[2162] [2163] 3.624810 2.370720
[2163] WX3249 4.119120 4.119120
[2163] [2164] 3.624810 2.370720
[2164] WX3247 4.119120 4.119120
[2164] [2165] 3.624810 2.370720
[2165] WX3245 4.119120 4.119120
[2165] [2166] 3.624810 2.370720
[2166] WX3243 4.119120 4.119120
[2166] [2167] 3.624810 2.370720
[2167] WX3241 4.119120 4.119120
[2167] [2168] 3.624810 2.370720
[2168] WX3239 4.119120 4.119120
[2168] [2169] 3.624810 2.370720
[2169] WX3237 4.119120 4.119120
[2169] [2170] 3.624810 2.370720
[2170] WX3235 4.119120 4.119120
[2170] [2171] 3.624810 2.370720
[2171] WX3233 4.119120 4.119120
[2171] [2172] 3.624810 2.370720
[2172] WX3231 4.119120 4.119120
[2172] [2141] 3.624810 2.370720
[2172] [2145] 8.261930 5.224710
[2172] [2152] 8.261930 5.224710
[2172] [2157] 8.261930 5.224710
WX4364 WX3231 9.116060 6.634680
WX4364 WX4426 1.197620 1.197620
WX4364 WX4524 8.750180 3.753240
WX4366 WX3233 9.116060 6.634680
WX4366 WX4364 1.859680 1.859680
WX4366 WX4526 8.750180 3.753240
WX4368 WX3235 9.116060 6.634680
WX4368 WX4366 1.859680 1.859680
WX4368 WX4528 8.750180 3.753240
WX4370 WX3237 9.116060 6.634680
WX4370 WX4368 1.859680 1.859680
WX4370 WX4530 8.750180 3.753240
WX4372 WX3239 9.116060 6.634680
WX4372 WX4370 1.859680 1.859680
WX4372 WX4532 8.750180 3.753240
WX4374 WX3241 9.116060 6.634680
WX4374 WX4372 1.859680 1.859680
WX4374 WX4534 8.750180 3.753240
WX4376 WX3243 9.116060 6.634680
WX4376 WX4374 1.859680 1.859680
WX4376 WX4536 8.750180 3.753240
WX4378 WX3245 9.116060 6.634680
WX4378 WX4376 1.859680 1.859680
WX4378 WX4538 8.750180 3.753240
WX4380 WX3247 9.116060 6.634680
WX4380 WX4378 1.859680 1.859680
WX4380 WX4540 8.750180 3.753240
WX4382 WX3249 9.116060 6.634680
WX4382 WX4380 1.859680 1.859680
WX4382 WX4542 8.750180 3.753240
WX4384 WX3251 9.116060 6.634680
WX4384 WX4382 1.859680 1.859680
WX4384 WX4544 8.750180 3.753240
WX4386 WX3253 9.116060 6.634680
WX4386 WX4384 1.859680 1.859680
WX4386 WX4546 8.750180 3.753240
WX4388 WX3255 9.116060 6.634680
WX4388 WX4386 1.859680 1.859680
WX4388 WX4548 8.750180 3.753240
WX4390 WX3257 9.116060 6.634680
WX4390 WX4388 1.859680 1.859680
WX4390 WX4550 8.750180 3.753240
WX4392 WX3259 9.116060 6.634680
WX4392 WX4390 1.859680 1.859680
WX4392 WX4552 8.750180 3.753240
WX4394 WX3261 9.116060 6.634680
WX4394 WX4392 1.859680 1.859680
WX4394 WX4554 8.750180 3.753240
WX4396 WX3263 9.116060 6.634680
WX4396 WX4394 1.859680 1.859680
WX4396 WX4556 8.750180 3.753240
WX4398 WX3265 9.116060 6.634680
WX4398 WX4396 1.859680 1.859680
WX4398 WX4558 8.750180 3.753240
WX4400 WX3267 9.116060 6.634680
WX4400 WX4398 1.859680 1.859680
WX4400 WX4560 8.750180 3.753240
WX4402 WX3269 9.116060 6.634680
WX4402 WX4400 1.859680 1.859680
WX4402 WX4562 8.750180 3.753240
WX4404 WX3271 9.116060 6.634680
WX4404 WX4402 1.859680 1.859680
WX4404 WX4564 8.750180 3.753240
WX4406 WX3273 9.116060 6.634680
WX4406 WX4404 1.859680 1.859680
WX4406 WX4566 8.750180 3.753240
WX4408 WX3275 9.116060 6.634680
WX4408 WX4406 1.859680 1.859680
WX4408 WX4568 8.750180 3.753240
WX4410 WX3277 9.116060 6.634680
WX4410 WX4408 1.859680 1.859680
WX4410 WX4570 8.750180 3.753240
WX4412 WX3279 9.116060 6.634680
WX4412 WX4410 1.859680 1.859680
WX4412 WX4572 8.750180 3.753240
WX4414 WX3281 9.116060 6.634680
WX4414 WX4412 1.859680 1.859680
WX4414 WX4574 8.750180 3.753240
WX4416 WX3283 9.116060 6.634680
WX4416 WX4414 1.859680 1.859680
WX4416 WX4576 8.750180 3.753240
WX4418 WX3285 9.116060 6.634680
WX4418 WX4416 1.859680 1.859680
WX4418 WX4578 8.750180 3.753240
WX4420 WX3287 9.116060 6.634680
WX4420 WX4418 1.859680 1.859680
WX4420 WX4580 8.750180 3.753240
WX4422 WX3289 9.116060 6.634680
WX4422 WX4420 1.859680 1.859680
WX4422 WX4582 8.750180 3.753240
WX4424 WX3291 9.116060 6.634680
WX4424 WX4422 1.859680 1.859680
WX4424 WX4584 8.750180 3.753240
WX4426 WX3293 9.116060 6.634680
WX4426 WX4424 1.859680 1.859680
WX4426 WX4586 8.750180 3.753240
WX4524 WX3231 19.821420 13.031010
WX4524 WX4524 19.455540 12.665130
WX4524 WX4588 1.859680 1.859680
WX4526 WX3233 19.821420 13.031010
WX4526 WX4526 19.455540 12.665130
WX4526 WX4590 1.859680 1.859680
WX4528 WX3235 19.821420 13.031010
WX4528 WX4528 19.455540 12.665130
WX4528 WX4592 1.859680 1.859680
WX4530 WX3237 19.821420 13.031010
WX4530 WX4530 19.455540 12.665130
WX4530 WX4594 1.859680 1.859680
WX4532 WX3239 19.821420 13.031010
WX4532 WX4532 19.455540 12.665130
WX4532 WX4596 1.859680 1.859680
WX4534 WX3241 19.821420 13.031010
WX4534 WX4534 19.455540 12.665130
WX4534 WX4598 1.859680 1.859680
WX4536 WX3243 19.821420 13.031010
WX4536 WX4536 19.455540 12.665130
WX4536 WX4600 1.859680 1.859680
WX4538 WX3245 19.821420 13.031010
WX4538 WX4538 19.455540 12.665130
WX4538 WX4602 1.859680 1.859680
WX4540 WX3247 19.821420 13.031010
WX4540 WX4540 19.455540 12.665130
WX4540 WX4604 1.859680 1.859680
WX4542 WX3249 19.821420 13.031010
WX4542 WX4542 19.455540 12.665130
WX4542 WX4606 1.859680 1.859680
WX4544 WX3251 19.821420 13.031010
WX4544 WX4544 19.455540 12.665130
WX4544 WX4608 1.859680 1.859680
WX4546 WX3253 19.821420 13.031010
WX4546 WX4546 19.455540 12.665130
WX4546 WX4610 1.859680 1.859680
WX4548 WX3255 19.821420 13.031010
WX4548 WX4548 19.455540 12.665130
WX4548 WX4612 1.859680 1.859680
WX4550 WX3257 19.821420 13.031010
WX4550 WX4550 19.455540 12.665130
WX4550 WX4614 1.859680 1.859680
WX4552 WX3259 19.821420 13.031010
WX4552 WX4552 19.455540 12.665130
WX4552 WX4616 1.859680 1.859680
WX4554 WX3261 19.821420 13.031010
WX4554 WX4554 19.455540 12.665130
WX4554 WX4618 1.859680 1.859680
WX4556 WX3263 19.821420 13.031010
WX4556 WX4556 19.455540 12.665130
WX4556 WX4620 1.859680 1.859680
WX4558 WX3265 19.821420 13.031010
WX4558 WX4558 19.455540 12.665130
WX4558 WX4622 1.859680 1.859680
WX4560 WX3267 19.821420 13.031010
WX4560 WX4560 19.455540 12.665130
WX4560 WX4624 1.859680 1.859680
WX4562 WX3269 19.821420 13.031010
WX4562 WX4562 19.455540 12.665130
WX4562 WX4626 1.859680 1.859680
WX4564 WX3271 19.821420 13.031010
WX4564 WX4564 19.455540 12.665130
WX4564 WX4628 1.859680 1.859680
WX4566 WX3273 19.821420 13.031010
WX4566 WX4566 19.455540 12.665130
WX4566 WX4630 1.859680 1.859680
WX4568 WX3275 19.821420 13.031010
WX4568 WX4568 19.455540 12.665130
WX4568 WX4632 1.859680 1.859680
WX4570 WX3277 19.821420 13.031010
WX4570 WX4570 19.455540 12.665130
WX4570 WX4634 1.859680 1.859680
WX4572 WX3279 19.821420 13.031010
WX4572 WX4572 19.455540 12.665130
WX4572 WX4636 1.859680 1.859680
WX4574 WX3281 19.821420 13.031010
WX4574 WX4574 19.455540 12.665130
WX4574 WX4638 1.859680 1.859680
WX4576 WX3283 19.821420 13.031010
WX4576 WX4576 19.455540 12.665130
WX4576 WX4640 1.859680 1.859680
WX4578 WX3285 19.821420 13.031010
WX4578 WX4578 19.455540 12.665130
WX4578 WX4642 1.859680 1.859680
WX4580 WX3287 19.821420 13.031010
WX4580 WX4580 19.455540 12.665130
WX4580 WX4644 1.859680 1.859680
WX4582 WX3289 19.821420 13.031010
WX4582 WX4582 19.455540 12.665130
WX4582 WX4646 1.859680 1.859680
WX4584 WX3291 19.821420 13.031010
WX4584 WX4584 19.455540 12.665130
WX4584 WX4648 1.859680 1.859680
WX4586 WX3293 19.821420 13.031010
WX4586 WX4586 19.455540 12.665130
WX4586 WX4650 1.859680 1.859680
WX4588 WX3231 16.306260 11.199970
WX4588 WX4524 15.940380 10.834090
WX4588 WX4652 1.859680 1.859680
WX4590 WX3233 16.306260 11.199970
WX4590 WX4526 15.940380 10.834090
WX4590 WX4654 1.859680 1.859680
WX4592 WX3235 16.306260 11.199970
WX4592 WX4528 15.940380 10.834090
WX4592 WX4656 1.859680 1.859680
WX4594 WX3237 16.306260 11.199970
WX4594 WX4530 15.940380 10.834090
WX4594 WX4658 1.859680 1.859680
WX4596 WX3239 16.306260 11.199970
WX4596 WX4532 15.940380 10.834090
WX4596 WX4660 1.859680 1.859680
WX4598 WX3241 16.306260 11.199970
WX4598 WX4534 15.940380 10.834090
WX4598 WX4662 1.859680 1.859680
WX4600 WX3243 16.306260 11.199970
WX4600 WX4536 15.940380 10.834090
WX4600 WX4664 1.859680 1.859680
WX4602 WX3245 16.306260 11.199970
WX4602 WX4538 15.940380 10.834090
WX4602 WX4666 1.859680 1.859680
WX4604 WX3247 16.306260 11.199970
WX4604 WX4540 15.940380 10.834090
WX4604 WX4668 1.859680 1.859680
WX4606 WX3249 16.306260 11.199970
WX4606 WX4542 15.940380 10.834090
WX4606 WX4670 1.859680 1.859680
WX4608 WX3251 16.306260 11.199970
WX4608 WX4544 15.940380 10.834090
WX4608 WX4672 1.859680 1.859680
WX4610 WX3253 16.306260 11.199970
WX4610 WX4546 15.940380 10.834090
WX4610 WX4674 1.859680 1.859680
WX4612 WX3255 16.306260 11.199970
WX4612 WX4548 15.940380 10.834090
WX4612 WX4676 1.859680 1.859680
WX4614 WX3257 16.306260 11.199970
WX4614 WX4550 15.940380 10.834090
WX4614 WX4678 1.859680 1.859680
WX4616 WX3259 16.306260 11.199970
WX4616 WX4552 15.940380 10.834090
WX4616 WX4680 1.859680 1.859680
WX4618 WX3261 16.306260 11.199970
WX4618 WX4554 15.940380 10.834090
WX4618 WX4682 1.859680 1.859680
WX4620 WX3263 16.306260 11.199970
WX4620 WX4556 15.940380 10.834090
WX4620 WX4684 1.859680 1.859680
WX4622 WX3265 16.306260 11.199970
WX4622 WX4558 15.940380 10.834090
WX4622 WX4686 1.859680 1.859680
WX4624 WX3267 16.306260 11.199970
WX4624 WX4560 15.940380 10.834090
WX4624 WX4688 1.859680 1.859680
WX4626 WX3269 16.306260 11.199970
WX4626 WX4562 15.940380 10.834090
WX4626 WX4690 1.859680 1.859680
WX4628 WX3271 16.306260 11.199970
WX4628 WX4564 15.940380 10.834090
WX4628 WX4692 1.859680 1.859680
WX4630 WX3273 16.306260 11.199970
WX4630 WX4566 15.940380 10.834090
WX4630 WX4694 1.859680 1.859680
WX4632 WX3275 16.306260 11.199970
WX4632 WX4568 15.940380 10.834090
WX4632 WX4696 1.859680 1.859680
WX4634 WX3277 16.306260 11.199970
WX4634 WX4570 15.940380 10.834090
WX4634 WX4698 1.859680 1.859680
WX4636 WX3279 16.306260 11.199970
WX4636 WX4572 15.940380 10.834090
WX4636 WX4700 1.859680 1.859680
WX4638 WX3281 16.306260 11.199970
WX4638 WX4574 15.940380 10.834090
WX4638 WX4702 1.859680 1.859680
WX4640 WX3283 16.306260 11.199970
WX4640 WX4576 15.940380 10.834090
WX4640 WX4704 1.859680 1.859680
WX4642 WX3285 16.306260 11.199970
WX4642 WX4578 15.940380 10.834090
WX4642 WX4706 1.859680 1.859680
WX4644 WX3287 16.306260 11.199970
WX4644 WX4580 15.940380 10.834090
WX4644 WX4708 1.859680 1.859680
WX4646 WX3289 16.306260 11.199970
WX4646 WX4582 15.940380 10.834090
WX4646 WX4710 1.859680 1.859680
WX4648 WX3291 16.306260 11.199970
WX4648 WX4584 15.940380 10.834090
WX4648 WX4712 1.859680 1.859680
WX4650 WX3293 16.306260 11.199970
WX4650 WX4586 15.940380 10.834090
WX4650 WX4714 1.859680 1.859680
WX4652 WX3231 16.306200 10.973460
WX4652 WX4524 15.940320 10.607580
WX4652 WX4716 1.859680 1.859680
WX4654 WX3233 16.306200 10.973460
WX4654 WX4526 15.940320 10.607580
WX4654 WX4718 1.859680 1.859680
WX4656 WX3235 16.306200 10.973460
WX4656 WX4528 15.940320 10.607580
WX4656 WX4720 1.859680 1.859680
WX4658 WX3237 16.306200 10.973460
WX4658 WX4530 15.940320 10.607580
WX4658 WX4722 1.859680 1.859680
WX4660 WX3239 16.306200 10.973460
WX4660 WX4532 15.940320 10.607580
WX4660 WX4724 1.859680 1.859680
WX4662 WX3241 16.306200 10.973460
WX4662 WX4534 15.940320 10.607580
WX4662 WX4726 1.859680 1.859680
WX4664 WX3243 16.306200 10.973460
WX4664 WX4536 15.940320 10.607580
WX4664 WX4728 1.859680 1.859680
WX4666 WX3245 16.306200 10.973460
WX4666 WX4538 15.940320 10.607580
WX4666 WX4730 1.859680 1.859680
WX4668 WX3247 16.306200 10.973460
WX4668 WX4540 15.940320 10.607580
WX4668 WX4732 1.859680 1.859680
WX4670 WX3249 16.306200 10.973460
WX4670 WX4542 15.940320 10.607580
WX4670 WX4734 1.859680 1.859680
WX4672 WX3251 16.306200 10.973460
WX4672 WX4544 15.940320 10.607580
WX4672 WX4736 1.859680 1.859680
WX4674 WX3253 16.306200 10.973460
WX4674 WX4546 15.940320 10.607580
WX4674 WX4738 1.859680 1.859680
WX4676 WX3255 16.306200 10.973460
WX4676 WX4548 15.940320 10.607580
WX4676 WX4740 1.859680 1.859680
WX4678 WX3257 16.306200 10.973460
WX4678 WX4550 15.940320 10.607580
WX4678 WX4742 1.859680 1.859680
WX4680 WX3259 16.306200 10.973460
WX4680 WX4552 15.940320 10.607580
WX4680 WX4744 1.859680 1.859680
WX4682 WX3261 16.306200 10.973460
WX4682 WX4554 15.940320 10.607580
WX4682 WX4746 1.859680 1.859680
WX4684 WX3263 16.306200 10.973460
WX4684 WX4556 15.940320 10.607580
WX4684 WX4748 1.859680 1.859680
WX4686 WX3265 16.306200 10.973460
WX4686 WX4558 15.940320 10.607580
WX4686 WX4750 1.859680 1.859680
WX4688 WX3267 16.306200 10.973460
WX4688 WX4560 15.940320 10.607580
WX4688 WX4752 1.859680 1.859680
WX4690 WX3269 16.306200 10.973460
WX4690 WX4562 15.940320 10.607580
WX4690 WX4754 1.859680 1.859680
WX4692 WX3271 16.306200 10.973460
WX4692 WX4564 15.940320 10.607580
WX4692 WX4756 1.859680 1.859680
WX4694 WX3273 16.306200 10.973460
WX4694 WX4566 15.940320 10.607580
WX4694 WX4758 1.859680 1.859680
WX4696 WX3275 16.306200 10.973460
WX4696 WX4568 15.940320 10.607580
WX4696 WX4760 1.859680 1.859680
WX4698 WX3277 16.306200 10.973460
WX4698 WX4570 15.940320 10.607580
WX4698 WX4762 1.859680 1.859680
WX4700 WX3279 16.306200 10.973460
WX4700 WX4572 15.940320 10.607580
WX4700 WX4764 1.859680 1.859680
WX4702 WX3281 16.306200 10.973460
WX4702 WX4574 15.940320 10.607580
WX4702 WX4766 1.859680 1.859680
WX4704 WX3283 16.306200 10.973460
WX4704 WX4576 15.940320 10.607580
WX4704 WX4768 1.859680 1.859680
WX4706 WX3285 16.306200 10.973460
WX4706 WX4578 15.940320 10.607580
WX4706 WX4770 1.859680 1.859680
WX4708 WX3287 16.306200 10.973460
WX4708 WX4580 15.940320 10.607580
WX4708 WX4772 1.859680 1.859680
WX4710 WX3289 16.306200 10.973460
WX4710 WX4582 15.940320 10.607580
WX4710 WX4774 1.859680 1.859680
WX4712 WX3291 16.306200 10.973460
WX4712 WX4584 15.940320 10.607580
WX4712 WX4776 1.859680 1.859680
WX4714 WX3293 16.306200 10.973460
WX4714 WX4586 15.940320 10.607580
WX4714 WX4778 1.859680 1.859680
WX4716 WX3231 16.127760 10.770360
WX4716 WX4524 15.761880 10.404480
WX4716 [2204] 4.412190 3.275650
WX4718 WX3233 16.127760 10.770360
WX4718 WX4526 15.761880 10.404480
WX4718 [2203] 4.412190 3.275650
WX4720 WX3235 16.127760 10.770360
WX4720 WX4528 15.761880 10.404480
WX4720 [2202] 4.412190 3.275650
WX4722 WX3237 16.127760 10.770360
WX4722 WX4530 15.761880 10.404480
WX4722 [2201] 4.412190 3.275650
WX4724 WX3239 16.127760 10.770360
WX4724 WX4532 15.761880 10.404480
WX4724 [2200] 4.412190 3.275650
WX4726 WX3241 16.127760 10.770360
WX4726 WX4534 15.761880 10.404480
WX4726 [2199] 4.412190 3.275650
WX4728 WX3243 16.127760 10.770360
WX4728 WX4536 15.761880 10.404480
WX4728 [2198] 4.412190 3.275650
WX4730 WX3245 16.127760 10.770360
WX4730 WX4538 15.761880 10.404480
WX4730 [2197] 4.412190 3.275650
WX4732 WX3247 16.127760 10.770360
WX4732 WX4540 15.761880 10.404480
WX4732 [2196] 4.412190 3.275650
WX4734 WX3249 16.127760 10.770360
WX4734 WX4542 15.761880 10.404480
WX4734 [2195] 4.412190 3.275650
WX4736 WX3251 16.127760 10.770360
WX4736 WX4544 15.761880 10.404480
WX4736 [2194] 4.412190 3.275650
WX4738 WX3253 16.127760 10.770360
WX4738 WX4546 15.761880 10.404480
WX4738 [2193] 4.412190 3.275650
WX4740 WX3255 16.127760 10.770360
WX4740 WX4548 15.761880 10.404480
WX4740 [2192] 4.412190 3.275650
WX4742 WX3257 16.127760 10.770360
WX4742 WX4550 15.761880 10.404480
WX4742 [2191] 4.412190 3.275650
WX4744 WX3259 16.127760 10.770360
WX4744 WX4552 15.761880 10.404480
WX4744 [2190] 4.412190 3.275650
WX4746 WX3261 16.127760 10.770360
WX4746 WX4554 15.761880 10.404480
WX4746 [2189] 6.597990 4.283170
WX4748 WX3263 16.127760 10.770360
WX4748 WX4556 15.761880 10.404480
WX4748 [2188] 4.412190 3.275650
WX4750 WX3265 16.127760 10.770360
WX4750 WX4558 15.761880 10.404480
WX4750 [2187] 4.412190 3.275650
WX4752 WX3267 16.127760 10.770360
WX4752 WX4560 15.761880 10.404480
WX4752 [2186] 4.412190 3.275650
WX4754 WX3269 16.127760 10.770360
WX4754 WX4562 15.761880 10.404480
WX4754 [2185] 4.412190 3.275650
WX4756 WX3271 16.127760 10.770360
WX4756 WX4564 15.761880 10.404480
WX4756 [2184] 6.597990 4.283170
WX4758 WX3273 16.127760 10.770360
WX4758 WX4566 15.761880 10.404480
WX4758 [2183] 4.412190 3.275650
WX4760 WX3275 16.127760 10.770360
WX4760 WX4568 15.761880 10.404480
WX4760 [2182] 4.412190 3.275650
WX4762 WX3277 16.127760 10.770360
WX4762 WX4570 15.761880 10.404480
WX4762 [2181] 4.412190 3.275650
WX4764 WX3279 16.127760 10.770360
WX4764 WX4572 15.761880 10.404480
WX4764 [2180] 4.412190 3.275650
WX4766 WX3281 16.127760 10.770360
WX4766 WX4574 15.761880 10.404480
WX4766 [2179] 4.412190 3.275650
WX4768 WX3283 16.127760 10.770360
WX4768 WX4576 15.761880 10.404480
WX4768 [2178] 4.412190 3.275650
WX4770 WX3285 16.127760 10.770360
WX4770 WX4578 15.761880 10.404480
WX4770 [2177] 6.597990 4.283170
WX4772 WX3287 16.127760 10.770360
WX4772 WX4580 15.761880 10.404480
WX4772 [2176] 4.412190 3.275650
WX4774 WX3289 16.127760 10.770360
WX4774 WX4582 15.761880 10.404480
WX4774 [2175] 4.412190 3.275650
WX4776 WX3291 16.127760 10.770360
WX4776 WX4584 15.761880 10.404480
WX4776 [2174] 4.412190 3.275650
WX4778 WX3293 16.127760 10.770360
WX4778 WX4586 15.761880 10.404480
WX4778 [2173] 4.412190 3.275650
[2173] WX4586 4.119120 4.119120
[2173] [2174] 3.624810 2.370720
[2174] WX4584 4.119120 4.119120
[2174] [2175] 3.624810 2.370720
[2175] WX4582 4.119120 4.119120
[2175] [2176] 3.624810 2.370720
[2176] WX4580 4.119120 4.119120
[2176] [2177] 3.741770 2.487800
[2177] WX4578 4.119120 4.119120
[2177] [2178] 3.624810 2.370720
[2178] WX4576 4.119120 4.119120
[2178] [2179] 3.624810 2.370720
[2179] WX4574 4.119120 4.119120
[2179] [2180] 3.624810 2.370720
[2180] WX4572 4.119120 4.119120
[2180] [2181] 3.624810 2.370720
[2181] WX4570 4.119120 4.119120
[2181] [2182] 3.624810 2.370720
[2182] WX4568 4.119120 4.119120
[2182] [2183] 3.624810 2.370720
[2183] WX4566 4.119120 4.119120
[2183] [2184] 3.741770 2.487800
[2184] WX4564 4.119120 4.119120
[2184] [2185] 3.624810 2.370720
[2185] WX4562 4.119120 4.119120
[2185] [2186] 3.624810 2.370720
[2186] WX4560 4.119120 4.119120
[2186] [2187] 3.624810 2.370720
[2187] WX4558 4.119120 4.119120
[2187] [2188] 3.624810 2.370720
[2188] WX4556 4.119120 4.119120
[2188] [2189] 3.741770 2.487800
[2189] WX4554 4.119120 4.119120
[2189] [2190] 3.624810 2.370720
[2190] WX4552 4.119120 4.119120
[2190] [2191] 3.624810 2.370720
[2191] WX4550 4.119120 4.119120
[2191] [2192] 3.624810 2.370720
[2192] WX4548 4.119120 4.119120
[2192] [2193] 3.624810 2.370720
[2193] WX4546 4.119120 4.119120
[2193] [2194] 3.624810 2.370720
[2194] WX4544 4.119120 4.119120
[2194] [2195] 3.624810 2.370720
[2195] WX4542 4.119120 4.119120
[2195] [2196] 3.624810 2.370720
[2196] WX4540 4.119120 4.119120
[2196] [2197] 3.624810 2.370720
[2197] WX4538 4.119120 4.119120
[2197] [2198] 3.624810 2.370720
[2198] WX4536 4.119120 4.119120
[2198] [2199] 3.624810 2.370720
[2199] WX4534 4.119120 4.119120
[2199] [2200] 3.624810 2.370720
[2200] WX4532 4.119120 4.119120
[2200] [2201] 3.624810 2.370720
[2201] WX4530 4.119120 4.119120
[2201] [2202] 3.624810 2.370720
[2202] WX4528 4.119120 4.119120
[2202] [2203] 3.624810 2.370720
[2203] WX4526 4.119120 4.119120
[2203] [2204] 3.624810 2.370720
[2204] WX4524 4.119120 4.119120
[2204] [2173] 3.624810 2.370720
[2204] [2177] 8.261930 5.224710
[2204] [2184] 8.261930 5.224710
[2204] [2189] 8.261930 5.224710
WX5657 WX4524 9.116060 6.634680
WX5657 WX5719 1.197620 1.197620
WX5657 WX5817 8.750180 3.753240
WX5659 WX4526 9.116060 6.634680
WX5659 WX5657 1.859680 1.859680
WX5659 WX5819 8.750180 3.753240
WX5661 WX4528 9.116060 6.634680
WX5661 WX5659 1.859680 1.859680
WX5661 WX5821 8.750180 3.753240
WX5663 WX4530 9.116060 6.634680
WX5663 WX5661 1.859680 1.859680
WX5663 WX5823 8.750180 3.753240
WX5665 WX4532 9.116060 6.634680
WX5665 WX5663 1.859680 1.859680
WX5665 WX5825 8.750180 3.753240
WX5667 WX4534 9.116060 6.634680
WX5667 WX5665 1.859680 1.859680
WX5667 WX5827 8.750180 3.753240
WX5669 WX4536 9.116060 6.634680
WX5669 WX5667 1.859680 1.859680
WX5669 WX5829 8.750180 3.753240
WX5671 WX4538 9.116060 6.634680
WX5671 WX5669 1.859680 1.859680
WX5671 WX5831 8.750180 3.753240
WX5673 WX4540 9.116060 6.634680
WX5673 WX5671 1.859680 1.859680
WX5673 WX5833 8.750180 3.753240
WX5675 WX4542 9.116060 6.634680
WX5675 WX5673 1.859680 1.859680
WX5675 WX5835 8.750180 3.753240
WX5677 WX4544 9.116060 6.634680
WX5677 WX5675 1.859680 1.859680
WX5677 WX5837 8.750180 3.753240
WX5679 WX4546 9.116060 6.634680
WX5679 WX5677 1.859680 1.859680
WX5679 WX5839 8.750180 3.753240
WX5681 WX4548 9.116060 6.634680
WX5681 WX5679 1.859680 1.859680
WX5681 WX5841 8.750180 3.753240
WX5683 WX4550 9.116060 6.634680
WX5683 WX5681 1.859680 1.859680
WX5683 WX5843 8.750180 3.753240
WX5685 WX4552 9.116060 6.634680
WX5685 WX5683 1.859680 1.859680
WX5685 WX5845 8.750180 3.753240
WX5687 WX4554 9.116060 6.634680
WX5687 WX5685 1.859680 1.859680
WX5687 WX5847 8.750180 3.753240
WX5689 WX4556 9.116060 6.634680
WX5689 WX5687 1.859680 1.859680
WX5689 WX5849 8.750180 3.753240
WX5691 WX4558 9.116060 6.634680
WX5691 WX5689 1.859680 1.859680
WX5691 WX5851 8.750180 3.753240
WX5693 WX4560 9.116060 6.634680
WX5693 WX5691 1.859680 1.859680
WX5693 WX5853 8.750180 3.753240
WX5695 WX4562 9.116060 6.634680
WX5695 WX5693 1.859680 1.859680
WX5695 WX5855 8.750180 3.753240
WX5697 WX4564 9.116060 6.634680
WX5697 WX5695 1.859680 1.859680
WX5697 WX5857 8.750180 3.753240
WX5699 WX4566 9.116060 6.634680
WX5699 WX5697 1.859680 1.859680
WX5699 WX5859 8.750180 3.753240
WX5701 WX4568 9.116060 6.634680
WX5701 WX5699 1.859680 1.859680
WX5701 WX5861 8.750180 3.753240
WX5703 WX4570 9.116060 6.634680
WX5703 WX5701 1.859680 1.859680
WX5703 WX5863 8.750180 3.753240
WX5705 WX4572 9.116060 6.634680
WX5705 WX5703 1.859680 1.859680
WX5705 WX5865 8.750180 3.753240
WX5707 WX4574 9.116060 6.634680
WX5707 WX5705 1.859680 1.859680
WX5707 WX5867 8.750180 3.753240
WX5709 WX4576 9.116060 6.634680
WX5709 WX5707 1.859680 1.859680
WX5709 WX5869 8.750180 3.753240
WX5711 WX4578 9.116060 6.634680
WX5711 WX5709 1.859680 1.859680
WX5711 WX5871 8.750180 3.753240
WX5713 WX4580 9.116060 6.634680
WX5713 WX5711 1.859680 1.859680
WX5713 WX5873 8.750180 3.753240
WX5715 WX4582 9.116060 6.634680
WX5715 WX5713 1.859680 1.859680
WX5715 WX5875 8.750180 3.753240
WX5717 WX4584 9.116060 6.634680
WX5717 WX5715 1.859680 1.859680
WX5717 WX5877 8.750180 3.753240
WX5719 WX4586 9.116060 6.634680
WX5719 WX5717 1.859680 1.859680
WX5719 WX5879 8.750180 3.753240
WX5817 WX4524 19.821420 13.031010
WX5817 WX5817 19.455540 12.665130
WX5817 WX5881 1.859680 1.859680
WX5819 WX4526 19.821420 13.031010
WX5819 WX5819 19.455540 12.665130
WX5819 WX5883 1.859680 1.859680
WX5821 WX4528 19.821420 13.031010
WX5821 WX5821 19.455540 12.665130
WX5821 WX5885 1.859680 1.859680
WX5823 WX4530 19.821420 13.031010
WX5823 WX5823 19.455540 12.665130
WX5823 WX5887 1.859680 1.859680
WX5825 WX4532 19.821420 13.031010
WX5825 WX5825 19.455540 12.665130
WX5825 WX5889 1.859680 1.859680
WX5827 WX4534 19.821420 13.031010
WX5827 WX5827 19.455540 12.665130
WX5827 WX5891 1.859680 1.859680
WX5829 WX4536 19.821420 13.031010
WX5829 WX5829 19.455540 12.665130
WX5829 WX5893 1.859680 1.859680
WX5831 WX4538 19.821420 13.031010
WX5831 WX5831 19.455540 12.665130
WX5831 WX5895 1.859680 1.859680
WX5833 WX4540 19.821420 13.031010
WX5833 WX5833 19.455540 12.665130
WX5833 WX5897 1.859680 1.859680
WX5835 WX4542 19.821420 13.031010
WX5835 WX5835 19.455540 12.665130
WX5835 WX5899 1.859680 1.859680
WX5837 WX4544 19.821420 13.031010
WX5837 WX5837 19.455540 12.665130
WX5837 WX5901 1.859680 1.859680
WX5839 WX4546 19.821420 13.031010
WX5839 WX5839 19.455540 12.665130
WX5839 WX5903 1.859680 1.859680
WX5841 WX4548 19.821420 13.031010
WX5841 WX5841 19.455540 12.665130
WX5841 WX5905 1.859680 1.859680
WX5843 WX4550 19.821420 13.031010
WX5843 WX5843 19.455540 12.665130
WX5843 WX5907 1.859680 1.859680
WX5845 WX4552 19.821420 13.031010
WX5845 WX5845 19.455540 12.665130
WX5845 WX5909 1.859680 1.859680
WX5847 WX4554 19.821420 13.031010
WX5847 WX5847 19.455540 12.665130
WX5847 WX5911 1.859680 1.859680
WX5849 WX4556 19.821420 13.031010
WX5849 WX5849 19.455540 12.665130
WX5849 WX5913 1.859680 1.859680
WX5851 WX4558 19.821420 13.031010
WX5851 WX5851 19.455540 12.665130
WX5851 WX5915 1.859680 1.859680
WX5853 WX4560 19.821420 13.031010
WX5853 WX5853 19.455540 12.665130
WX5853 WX5917 1.859680 1.859680
WX5855 WX4562 19.821420 13.031010
WX5855 WX5855 19.455540 12.665130
WX5855 WX5919 1.859680 1.859680
WX5857 WX4564 19.821420 13.031010
WX5857 WX5857 19.455540 12.665130
WX5857 WX5921 1.859680 1.859680
WX5859 WX4566 19.821420 13.031010
WX5859 WX5859 19.455540 12.665130
WX5859 WX5923 1.859680 1.859680
WX5861 WX4568 19.821420 13.031010
WX5861 WX5861 19.455540 12.665130
WX5861 WX5925 1.859680 1.859680
WX5863 WX4570 19.821420 13.031010
WX5863 WX5863 19.455540 12.665130
WX5863 WX5927 1.859680 1.859680
WX5865 WX4572 19.821420 13.031010
WX5865 WX5865 19.455540 12.665130
WX5865 WX5929 1.859680 1.859680
WX5867 WX4574 19.821420 13.031010
WX5867 WX5867 19.455540 12.665130
WX5867 WX5931 1.859680 1.859680
WX5869 WX4576 19.821420 13.031010
WX5869 WX5869 19.455540 12.665130
WX5869 WX5933 1.859680 1.859680
WX5871 WX4578 19.821420 13.031010
WX5871 WX5871 19.455540 12.665130
WX5871 WX5935 1.859680 1.859680
WX5873 WX4580 19.821420 13.031010
WX5873 WX5873 19.455540 12.665130
WX5873 WX5937 1.859680 1.859680
WX5875 WX4582 19.821420 13.031010
WX5875 WX5875 19.455540 12.665130
WX5875 WX5939 1.859680 1.859680
WX5877 WX4584 19.821420 13.031010
WX5877 WX5877 19.455540 12.665130
WX5877 WX5941 1.859680 1.859680
WX5879 WX4586 19.821420 13.031010
WX5879 WX5879 19.455540 12.665130
WX5879 WX5943 1.859680 1.859680
WX5881 WX4524 16.306260 11.199970
WX5881 WX5817 15.940380 10.834090
WX5881 WX5945 1.859680 1.859680
WX5883 WX4526 16.306260 11.199970
WX5883 WX5819 15.940380 10.834090
WX5883 WX5947 1.859680 1.859680
WX5885 WX4528 16.306260 11.199970
WX5885 WX5821 15.940380 10.834090
WX5885 WX5949 1.859680 1.859680
WX5887 WX4530 16.306260 11.199970
WX5887 WX5823 15.940380 10.834090
WX5887 WX5951 1.859680 1.859680
WX5889 WX4532 16.306260 11.199970
WX5889 WX5825 15.940380 10.834090
WX5889 WX5953 1.859680 1.859680
WX5891 WX4534 16.306260 11.199970
WX5891 WX5827 15.940380 10.834090
WX5891 WX5955 1.859680 1.859680
WX5893 WX4536 16.306260 11.199970
WX5893 WX5829 15.940380 10.834090
WX5893 WX5957 1.859680 1.859680
WX5895 WX4538 16.306260 11.199970
WX5895 WX5831 15.940380 10.834090
WX5895 WX5959 1.859680 1.859680
WX5897 WX4540 16.306260 11.199970
WX5897 WX5833 15.940380 10.834090
WX5897 WX5961 1.859680 1.859680
WX5899 WX4542 16.306260 11.199970
WX5899 WX5835 15.940380 10.834090
WX5899 WX5963 1.859680 1.859680
WX5901 WX4544 16.306260 11.199970
WX5901 WX5837 15.940380 10.834090
WX5901 WX5965 1.859680 1.859680
WX5903 WX4546 16.306260 11.199970
WX5903 WX5839 15.940380 10.834090
WX5903 WX5967 1.859680 1.859680
WX5905 WX4548 16.306260 11.199970
WX5905 WX5841 15.940380 10.834090
WX5905 WX5969 1.859680 1.859680
WX5907 WX4550 16.306260 11.199970
WX5907 WX5843 15.940380 10.834090
WX5907 WX5971 1.859680 1.859680
WX5909 WX4552 16.306260 11.199970
WX5909 WX5845 15.940380 10.834090
WX5909 WX5973 1.859680 1.859680
WX5911 WX4554 16.306260 11.199970
WX5911 WX5847 15.940380 10.834090
WX5911 WX5975 1.859680 1.859680
WX5913 WX4556 16.306260 11.199970
WX5913 WX5849 15.940380 10.834090
WX5913 WX5977 1.859680 1.859680
WX5915 WX4558 16.306260 11.199970
WX5915 WX5851 15.940380 10.834090
WX5915 WX5979 1.859680 1.859680
WX5917 WX4560 16.306260 11.199970
WX5917 WX5853 15.940380 10.834090
WX5917 WX5981 1.859680 1.859680
WX5919 WX4562 16.306260 11.199970
WX5919 WX5855 15.940380 10.834090
WX5919 WX5983 1.859680 1.859680
WX5921 WX4564 16.306260 11.199970
WX5921 WX5857 15.940380 10.834090
WX5921 WX5985 1.859680 1.859680
WX5923 WX4566 16.306260 11.199970
WX5923 WX5859 15.940380 10.834090
WX5923 WX5987 1.859680 1.859680
WX5925 WX4568 16.306260 11.199970
WX5925 WX5861 15.940380 10.834090
WX5925 WX5989 1.859680 1.859680
WX5927 WX4570 16.306260 11.199970
WX5927 WX5863 15.940380 10.834090
WX5927 WX5991 1.859680 1.859680
WX5929 WX4572 16.306260 11.199970
WX5929 WX5865 15.940380 10.834090
WX5929 WX5993 1.859680 1.859680
WX5931 WX4574 16.306260 11.199970
WX5931 WX5867 15.940380 10.834090
WX5931 WX5995 1.859680 1.859680
WX5933 WX4576 16.306260 11.199970
WX5933 WX5869 15.940380 10.834090
WX5933 WX5997 1.859680 1.859680
WX5935 WX4578 16.306260 11.199970
WX5935 WX5871 15.940380 10.834090
WX5935 WX5999 1.859680 1.859680
WX5937 WX4580 16.306260 11.199970
WX5937 WX5873 15.940380 10.834090
WX5937 WX6001 1.859680 1.859680
WX5939 WX4582 16.306260 11.199970
WX5939 WX5875 15.940380 10.834090
WX5939 WX6003 1.859680 1.859680
WX5941 WX4584 16.306260 11.199970
WX5941 WX5877 15.940380 10.834090
WX5941 WX6005 1.859680 1.859680
WX5943 WX4586 16.306260 11.199970
WX5943 WX5879 15.940380 10.834090
WX5943 WX6007 1.859680 1.859680
WX5945 WX4524 16.306200 10.973460
WX5945 WX5817 15.940320 10.607580
WX5945 WX6009 1.859680 1.859680
WX5947 WX4526 16.306200 10.973460
WX5947 WX5819 15.940320 10.607580
WX5947 WX6011 1.859680 1.859680
WX5949 WX4528 16.306200 10.973460
WX5949 WX5821 15.940320 10.607580
WX5949 WX6013 1.859680 1.859680
WX5951 WX4530 16.306200 10.973460
WX5951 WX5823 15.940320 10.607580
WX5951 WX6015 1.859680 1.859680
WX5953 WX4532 16.306200 10.973460
WX5953 WX5825 15.940320 10.607580
WX5953 WX6017 1.859680 1.859680
WX5955 WX4534 16.306200 10.973460
WX5955 WX5827 15.940320 10.607580
WX5955 WX6019 1.859680 1.859680
WX5957 WX4536 16.306200 10.973460
WX5957 WX5829 15.940320 10.607580
WX5957 WX6021 1.859680 1.859680
WX5959 WX4538 16.306200 10.973460
WX5959 WX5831 15.940320 10.607580
WX5959 WX6023 1.859680 1.859680
WX5961 WX4540 16.306200 10.973460
WX5961 WX5833 15.940320 10.607580
WX5961 WX6025 1.859680 1.859680
WX5963 WX4542 16.306200 10.973460
WX5963 WX5835 15.940320 10.607580
WX5963 WX6027 1.859680 1.859680
WX5965 WX4544 16.306200 10.973460
WX5965 WX5837 15.940320 10.607580
WX5965 WX6029 1.859680 1.859680
WX5967 WX4546 16.306200 10.973460
WX5967 WX5839 15.940320 10.607580
WX5967 WX6031 1.859680 1.859680
WX5969 WX4548 16.306200 10.973460
WX5969 WX5841 15.940320 10.607580
WX5969 WX6033 1.859680 1.859680
WX5971 WX4550 16.306200 10.973460
WX5971 WX5843 15.940320 10.607580
WX5971 WX6035 1.859680 1.859680
WX5973 WX4552 16.306200 10.973460
WX5973 WX5845 15.940320 10.607580
WX5973 WX6037 1.859680 1.859680
WX5975 WX4554 16.306200 10.973460
WX5975 WX5847 15.940320 10.607580
WX5975 WX6039 1.859680 1.859680
WX5977 WX4556 16.306200 10.973460
WX5977 WX5849 15.940320 10.607580
WX5977 WX6041 1.859680 1.859680
WX5979 WX4558 16.306200 10.973460
WX5979 WX5851 15.940320 10.607580
WX5979 WX6043 1.859680 1.859680
WX5981 WX4560 16.306200 10.973460
WX5981 WX5853 15.940320 10.607580
WX5981 WX6045 1.859680 1.859680
WX5983 WX4562 16.306200 10.973460
WX5983 WX5855 15.940320 10.607580
WX5983 WX6047 1.859680 1.859680
WX5985 WX4564 16.306200 10.973460
WX5985 WX5857 15.940320 10.607580
WX5985 WX6049 1.859680 1.859680
WX5987 WX4566 16.306200 10.973460
WX5987 WX5859 15.940320 10.607580
WX5987 WX6051 1.859680 1.859680
WX5989 WX4568 16.306200 10.973460
WX5989 WX5861 15.940320 10.607580
WX5989 WX6053 1.859680 1.859680
WX5991 WX4570 16.306200 10.973460
WX5991 WX5863 15.940320 10.607580
WX5991 WX6055 1.859680 1.859680
WX5993 WX4572 16.306200 10.973460
WX5993 WX5865 15.940320 10.607580
WX5993 WX6057 1.859680 1.859680
WX5995 WX4574 16.306200 10.973460
WX5995 WX5867 15.940320 10.607580
WX5995 WX6059 1.859680 1.859680
WX5997 WX4576 16.306200 10.973460
WX5997 WX5869 15.940320 10.607580
WX5997 WX6061 1.859680 1.859680
WX5999 WX4578 16.306200 10.973460
WX5999 WX5871 15.940320 10.607580
WX5999 WX6063 1.859680 1.859680
WX6001 WX4580 16.306200 10.973460
WX6001 WX5873 15.940320 10.607580
WX6001 WX6065 1.859680 1.859680
WX6003 WX4582 16.306200 10.973460
WX6003 WX5875 15.940320 10.607580
WX6003 WX6067 1.859680 1.859680
WX6005 WX4584 16.306200 10.973460
WX6005 WX5877 15.940320 10.607580
WX6005 WX6069 1.859680 1.859680
WX6007 WX4586 16.306200 10.973460
WX6007 WX5879 15.940320 10.607580
WX6007 WX6071 1.859680 1.859680
WX6009 WX4524 16.127760 10.770360
WX6009 WX5817 15.761880 10.404480
WX6009 [2236] 4.412190 3.275650
WX6011 WX4526 16.127760 10.770360
WX6011 WX5819 15.761880 10.404480
WX6011 [2235] 4.412190 3.275650
WX6013 WX4528 16.127760 10.770360
WX6013 WX5821 15.761880 10.404480
WX6013 [2234] 4.412190 3.275650
WX6015 WX4530 16.127760 10.770360
WX6015 WX5823 15.761880 10.404480
WX6015 [2233] 4.412190 3.275650
WX6017 WX4532 16.127760 10.770360
WX6017 WX5825 15.761880 10.404480
WX6017 [2232] 4.412190 3.275650
WX6019 WX4534 16.127760 10.770360
WX6019 WX5827 15.761880 10.404480
WX6019 [2231] 4.412190 3.275650
WX6021 WX4536 16.127760 10.770360
WX6021 WX5829 15.761880 10.404480
WX6021 [2230] 4.412190 3.275650
WX6023 WX4538 16.127760 10.770360
WX6023 WX5831 15.761880 10.404480
WX6023 [2229] 4.412190 3.275650
WX6025 WX4540 16.127760 10.770360
WX6025 WX5833 15.761880 10.404480
WX6025 [2228] 4.412190 3.275650
WX6027 WX4542 16.127760 10.770360
WX6027 WX5835 15.761880 10.404480
WX6027 [2227] 4.412190 3.275650
WX6029 WX4544 16.127760 10.770360
WX6029 WX5837 15.761880 10.404480
WX6029 [2226] 4.412190 3.275650
WX6031 WX4546 16.127760 10.770360
WX6031 WX5839 15.761880 10.404480
WX6031 [2225] 4.412190 3.275650
WX6033 WX4548 16.127760 10.770360
WX6033 WX5841 15.761880 10.404480
WX6033 [2224] 4.412190 3.275650
WX6035 WX4550 16.127760 10.770360
WX6035 WX5843 15.761880 10.404480
WX6035 [2223] 4.412190 3.275650
WX6037 WX4552 16.127760 10.770360
WX6037 WX5845 15.761880 10.404480
WX6037 [2222] 4.412190 3.275650
WX6039 WX4554 16.127760 10.770360
WX6039 WX5847 15.761880 10.404480
WX6039 [2221] 6.597990 4.283170
WX6041 WX4556 16.127760 10.770360
WX6041 WX5849 15.761880 10.404480
WX6041 [2220] 4.412190 3.275650
WX6043 WX4558 16.127760 10.770360
WX6043 WX5851 15.761880 10.404480
WX6043 [2219] 4.412190 3.275650
WX6045 WX4560 16.127760 10.770360
WX6045 WX5853 15.761880 10.404480
WX6045 [2218] 4.412190 3.275650
WX6047 WX4562 16.127760 10.770360
WX6047 WX5855 15.761880 10.404480
WX6047 [2217] 4.412190 3.275650
WX6049 WX4564 16.127760 10.770360
WX6049 WX5857 15.761880 10.404480
WX6049 [2216] 6.597990 4.283170
WX6051 WX4566 16.127760 10.770360
WX6051 WX5859 15.761880 10.404480
WX6051 [2215] 4.412190 3.275650
WX6053 WX4568 16.127760 10.770360
WX6053 WX5861 15.761880 10.404480
WX6053 [2214] 4.412190 3.275650
WX6055 WX4570 16.127760 10.770360
WX6055 WX5863 15.761880 10.404480
WX6055 [2213] 4.412190 3.275650
WX6057 WX4572 16.127760 10.770360
WX6057 WX5865 15.761880 10.404480
WX6057 [2212] 4.412190 3.275650
WX6059 WX4574 16.127760 10.770360
WX6059 WX5867 15.761880 10.404480
WX6059 [2211] 4.412190 3.275650
WX6061 WX4576 16.127760 10.770360
WX6061 WX5869 15.761880 10.404480
WX6061 [2210] 4.412190 3.275650
WX6063 WX4578 16.127760 10.770360
WX6063 WX5871 15.761880 10.404480
WX6063 [2209] 6.597990 4.283170
WX6065 WX4580 16.127760 10.770360
WX6065 WX5873 15.761880 10.404480
WX6065 [2208] 4.412190 3.275650
WX6067 WX4582 16.127760 10.770360
WX6067 WX5875 15.761880 10.404480
WX6067 [2207] 4.412190 3.275650
WX6069 WX4584 16.127760 10.770360
WX6069 WX5877 15.761880 10.404480
WX6069 [2206] 4.412190 3.275650
WX6071 WX4586 16.127760 10.770360
WX6071 WX5879 15.761880 10.404480
WX6071 [2205] 4.412190 3.275650
[2205] WX5879 4.119120 4.119120
[2205] [2206] 3.624810 2.370720
[2206] WX5877 4.119120 4.119120
[2206] [2207] 3.624810 2.370720
[2207] WX5875 4.119120 4.119120
[2207] [2208] 3.624810 2.370720
[2208] WX5873 4.119120 4.119120
[2208] [2209] 3.741770 2.487800
[2209] WX5871 4.119120 4.119120
[2209] [2210] 3.624810 2.370720
[2210] WX5869 4.119120 4.119120
[2210] [2211] 3.624810 2.370720
[2211] WX5867 4.119120 4.119120
[2211] [2212] 3.624810 2.370720
[2212] WX5865 4.119120 4.119120
[2212] [2213] 3.624810 2.370720
[2213] WX5863 4.119120 4.119120
[2213] [2214] 3.624810 2.370720
[2214] WX5861 4.119120 4.119120
[2214] [2215] 3.624810 2.370720
[2215] WX5859 4.119120 4.119120
[2215] [2216] 3.741770 2.487800
[2216] WX5857 4.119120 4.119120
[2216] [2217] 3.624810 2.370720
[2217] WX5855 4.119120 4.119120
[2217] [2218] 3.624810 2.370720
[2218] WX5853 4.119120 4.119120
[2218] [2219] 3.624810 2.370720
[2219] WX5851 4.119120 4.119120
[2219] [2220] 3.624810 2.370720
[2220] WX5849 4.119120 4.119120
[2220] [2221] 3.741770 2.487800
[2221] WX5847 4.119120 4.119120
[2221] [2222] 3.624810 2.370720
[2222] WX5845 4.119120 4.119120
[2222] [2223] 3.624810 2.370720
[2223] WX5843 4.119120 4.119120
[2223] [2224] 3.624810 2.370720
[2224] WX5841 4.119120 4.119120
[2224] [2225] 3.624810 2.370720
[2225] WX5839 4.119120 4.119120
[2225] [2226] 3.624810 2.370720
[2226] WX5837 4.119120 4.119120
[2226] [2227] 3.624810 2.370720
[2227] WX5835 4.119120 4.119120
[2227] [2228] 3.624810 2.370720
[2228] WX5833 4.119120 4.119120
[2228] [2229] 3.624810 2.370720
[2229] WX5831 4.119120 4.119120
[2229] [2230] 3.624810 2.370720
[2230] WX5829 4.119120 4.119120
[2230] [2231] 3.624810 2.370720
[2231] WX5827 4.119120 4.119120
[2231] [2232] 3.624810 2.370720
[2232] WX5825 4.119120 4.119120
[2232] [2233] 3.624810 2.370720
[2233] WX5823 4.119120 4.119120
[2233] [2234] 3.624810 2.370720
[2234] WX5821 4.119120 4.119120
[2234] [2235] 3.624810 2.370720
[2235] WX5819 4.119120 4.119120
[2235] [2236] 3.624810 2.370720
[2236] WX5817 4.119120 4.119120
[2236] [2205] 3.624810 2.370720
[2236] [2209] 8.261930 5.224710
[2236] [2216] 8.261930 5.224710
[2236] [2221] 8.261930 5.224710
WX6950 WX5817 9.116060 6.634680
WX6950 WX7012 1.197620 1.197620
WX6950 WX7110 8.750180 3.753240
WX6952 WX5819 9.116060 6.634680
WX6952 WX6950 1.859680 1.859680
WX6952 WX7112 8.750180 3.753240
WX6954 WX5821 9.116060 6.634680
WX6954 WX6952 1.859680 1.859680
WX6954 WX7114 8.750180 3.753240
WX6956 WX5823 9.116060 6.634680
WX6956 WX6954 1.859680 1.859680
WX6956 WX7116 8.750180 3.753240
WX6958 WX5825 9.116060 6.634680
WX6958 WX6956 1.859680 1.859680
WX6958 WX7118 8.750180 3.753240
WX6960 WX5827 9.116060 6.634680
WX6960 WX6958 1.859680 1.859680
WX6960 WX7120 8.750180 3.753240
WX6962 WX5829 9.116060 6.634680
WX6962 WX6960 1.859680 1.859680
WX6962 WX7122 8.750180 3.753240
WX6964 WX5831 9.116060 6.634680
WX6964 WX6962 1.859680 1.859680
WX6964 WX7124 8.750180 3.753240
WX6966 WX5833 9.116060 6.634680
WX6966 WX6964 1.859680 1.859680
WX6966 WX7126 8.750180 3.753240
WX6968 WX5835 9.116060 6.634680
WX6968 WX6966 1.859680 1.859680
WX6968 WX7128 8.750180 3.753240
WX6970 WX5837 9.116060 6.634680
WX6970 WX6968 1.859680 1.859680
WX6970 WX7130 8.750180 3.753240
WX6972 WX5839 9.116060 6.634680
WX6972 WX6970 1.859680 1.859680
WX6972 WX7132 8.750180 3.753240
WX6974 WX5841 9.116060 6.634680
WX6974 WX6972 1.859680 1.859680
WX6974 WX7134 8.750180 3.753240
WX6976 WX5843 9.116060 6.634680
WX6976 WX6974 1.859680 1.859680
WX6976 WX7136 8.750180 3.753240
WX6978 WX5845 9.116060 6.634680
WX6978 WX6976 1.859680 1.859680
WX6978 WX7138 8.750180 3.753240
WX6980 WX5847 9.116060 6.634680
WX6980 WX6978 1.859680 1.859680
WX6980 WX7140 8.750180 3.753240
WX6982 WX5849 9.116060 6.634680
WX6982 WX6980 1.859680 1.859680
WX6982 WX7142 8.750180 3.753240
WX6984 WX5851 9.116060 6.634680
WX6984 WX6982 1.859680 1.859680
WX6984 WX7144 8.750180 3.753240
WX6986 WX5853 9.116060 6.634680
WX6986 WX6984 1.859680 1.859680
WX6986 WX7146 8.750180 3.753240
WX6988 WX5855 9.116060 6.634680
WX6988 WX6986 1.859680 1.859680
WX6988 WX7148 8.750180 3.753240
WX6990 WX5857 9.116060 6.634680
WX6990 WX6988 1.859680 1.859680
WX6990 WX7150 8.750180 3.753240
WX6992 WX5859 9.116060 6.634680
WX6992 WX6990 1.859680 1.859680
WX6992 WX7152 8.750180 3.753240
WX6994 WX5861 9.116060 6.634680
WX6994 WX6992 1.859680 1.859680
WX6994 WX7154 8.750180 3.753240
WX6996 WX5863 9.116060 6.634680
WX6996 WX6994 1.859680 1.859680
WX6996 WX7156 8.750180 3.753240
WX6998 WX5865 9.116060 6.634680
WX6998 WX6996 1.859680 1.859680
WX6998 WX7158 8.750180 3.753240
WX7000 WX5867 9.116060 6.634680
WX7000 WX6998 1.859680 1.859680
WX7000 WX7160 8.750180 3.753240
WX7002 WX5869 9.116060 6.634680
WX7002 WX7000 1.859680 1.859680
WX7002 WX7162 8.750180 3.753240
WX7004 WX5871 9.116060 6.634680
WX7004 WX7002 1.859680 1.859680
WX7004 WX7164 8.750180 3.753240
WX7006 WX5873 9.116060 6.634680
WX7006 WX7004 1.859680 1.859680
WX7006 WX7166 8.750180 3.753240
WX7008 WX5875 9.116060 6.634680
WX7008 WX7006 1.859680 1.859680
WX7008 WX7168 8.750180 3.753240
WX7010 WX5877 9.116060 6.634680
WX7010 WX7008 1.859680 1.859680
WX7010 WX7170 8.750180 3.753240
WX7012 WX5879 9.116060 6.634680
WX7012 WX7010 1.859680 1.859680
WX7012 WX7172 8.750180 3.753240
WX7110 WX5817 19.821420 13.031010
WX7110 WX7110 19.455540 12.665130
WX7110 WX7174 1.859680 1.859680
WX7112 WX5819 19.821420 13.031010
WX7112 WX7112 19.455540 12.665130
WX7112 WX7176 1.859680 1.859680
WX7114 WX5821 19.821420 13.031010
WX7114 WX7114 19.455540 12.665130
WX7114 WX7178 1.859680 1.859680
WX7116 WX5823 19.821420 13.031010
WX7116 WX7116 19.455540 12.665130
WX7116 WX7180 1.859680 1.859680
WX7118 WX5825 19.821420 13.031010
WX7118 WX7118 19.455540 12.665130
WX7118 WX7182 1.859680 1.859680
WX7120 WX5827 19.821420 13.031010
WX7120 WX7120 19.455540 12.665130
WX7120 WX7184 1.859680 1.859680
WX7122 WX5829 19.821420 13.031010
WX7122 WX7122 19.455540 12.665130
WX7122 WX7186 1.859680 1.859680
WX7124 WX5831 19.821420 13.031010
WX7124 WX7124 19.455540 12.665130
WX7124 WX7188 1.859680 1.859680
WX7126 WX5833 19.821420 13.031010
WX7126 WX7126 19.455540 12.665130
WX7126 WX7190 1.859680 1.859680
WX7128 WX5835 19.821420 13.031010
WX7128 WX7128 19.455540 12.665130
WX7128 WX7192 1.859680 1.859680
WX7130 WX5837 19.821420 13.031010
WX7130 WX7130 19.455540 12.665130
WX7130 WX7194 1.859680 1.859680
WX7132 WX5839 19.821420 13.031010
WX7132 WX7132 19.455540 12.665130
WX7132 WX7196 1.859680 1.859680
WX7134 WX5841 19.821420 13.031010
WX7134 WX7134 19.455540 12.665130
WX7134 WX7198 1.859680 1.859680
WX7136 WX5843 19.821420 13.031010
WX7136 WX7136 19.455540 12.665130
WX7136 WX7200 1.859680 1.859680
WX7138 WX5845 19.821420 13.031010
WX7138 WX7138 19.455540 12.665130
WX7138 WX7202 1.859680 1.859680
WX7140 WX5847 19.821420 13.031010
WX7140 WX7140 19.455540 12.665130
WX7140 WX7204 1.859680 1.859680
WX7142 WX5849 19.821420 13.031010
WX7142 WX7142 19.455540 12.665130
WX7142 WX7206 1.859680 1.859680
WX7144 WX5851 19.821420 13.031010
WX7144 WX7144 19.455540 12.665130
WX7144 WX7208 1.859680 1.859680
WX7146 WX5853 19.821420 13.031010
WX7146 WX7146 19.455540 12.665130
WX7146 WX7210 1.859680 1.859680
WX7148 WX5855 19.821420 13.031010
WX7148 WX7148 19.455540 12.665130
WX7148 WX7212 1.859680 1.859680
WX7150 WX5857 19.821420 13.031010
WX7150 WX7150 19.455540 12.665130
WX7150 WX7214 1.859680 1.859680
WX7152 WX5859 19.821420 13.031010
WX7152 WX7152 19.455540 12.665130
WX7152 WX7216 1.859680 1.859680
WX7154 WX5861 19.821420 13.031010
WX7154 WX7154 19.455540 12.665130
WX7154 WX7218 1.859680 1.859680
WX7156 WX5863 19.821420 13.031010
WX7156 WX7156 19.455540 12.665130
WX7156 WX7220 1.859680 1.859680
WX7158 WX5865 19.821420 13.031010
WX7158 WX7158 19.455540 12.665130
WX7158 WX7222 1.859680 1.859680
WX7160 WX5867 19.821420 13.031010
WX7160 WX7160 19.455540 12.665130
WX7160 WX7224 1.859680 1.859680
WX7162 WX5869 19.821420 13.031010
WX7162 WX7162 19.455540 12.665130
WX7162 WX7226 1.859680 1.859680
WX7164 WX5871 19.821420 13.031010
WX7164 WX7164 19.455540 12.665130
WX7164 WX7228 1.859680 1.859680
WX7166 WX5873 19.821420 13.031010
WX7166 WX7166 19.455540 12.665130
WX7166 WX7230 1.859680 1.859680
WX7168 WX5875 19.821420 13.031010
WX7168 WX7168 19.455540 12.665130
WX7168 WX7232 1.859680 1.859680
WX7170 WX5877 19.821420 13.031010
WX7170 WX7170 19.455540 12.665130
WX7170 WX7234 1.859680 1.859680
WX7172 WX5879 19.821420 13.031010
WX7172 WX7172 19.455540 12.665130
WX7172 WX7236 1.859680 1.859680
WX7174 WX5817 16.306260 11.199970
WX7174 WX7110 15.940380 10.834090
WX7174 WX7238 1.859680 1.859680
WX7176 WX5819 16.306260 11.199970
WX7176 WX7112 15.940380 10.834090
WX7176 WX7240 1.859680 1.859680
WX7178 WX5821 16.306260 11.199970
WX7178 WX7114 15.940380 10.834090
WX7178 WX7242 1.859680 1.859680
WX7180 WX5823 16.306260 11.199970
WX7180 WX7116 15.940380 10.834090
WX7180 WX7244 1.859680 1.859680
WX7182 WX5825 16.306260 11.199970
WX7182 WX7118 15.940380 10.834090
WX7182 WX7246 1.859680 1.859680
WX7184 WX5827 16.306260 11.199970
WX7184 WX7120 15.940380 10.834090
WX7184 WX7248 1.859680 1.859680
WX7186 WX5829 16.306260 11.199970
WX7186 WX7122 15.940380 10.834090
WX7186 WX7250 1.859680 1.859680
WX7188 WX5831 16.306260 11.199970
WX7188 WX7124 15.940380 10.834090
WX7188 WX7252 1.859680 1.859680
WX7190 WX5833 16.306260 11.199970
WX7190 WX7126 15.940380 10.834090
WX7190 WX7254 1.859680 1.859680
WX7192 WX5835 16.306260 11.199970
WX7192 WX7128 15.940380 10.834090
WX7192 WX7256 1.859680 1.859680
WX7194 WX5837 16.306260 11.199970
WX7194 WX7130 15.940380 10.834090
WX7194 WX7258 1.859680 1.859680
WX7196 WX5839 16.306260 11.199970
WX7196 WX7132 15.940380 10.834090
WX7196 WX7260 1.859680 1.859680
WX7198 WX5841 16.306260 11.199970
WX7198 WX7134 15.940380 10.834090
WX7198 WX7262 1.859680 1.859680
WX7200 WX5843 16.306260 11.199970
WX7200 WX7136 15.940380 10.834090
WX7200 WX7264 1.859680 1.859680
WX7202 WX5845 16.306260 11.199970
WX7202 WX7138 15.940380 10.834090
WX7202 WX7266 1.859680 1.859680
WX7204 WX5847 16.306260 11.199970
WX7204 WX7140 15.940380 10.834090
WX7204 WX7268 1.859680 1.859680
WX7206 WX5849 16.306260 11.199970
WX7206 WX7142 15.940380 10.834090
WX7206 WX7270 1.859680 1.859680
WX7208 WX5851 16.306260 11.199970
WX7208 WX7144 15.940380 10.834090
WX7208 WX7272 1.859680 1.859680
WX7210 WX5853 16.306260 11.199970
WX7210 WX7146 15.940380 10.834090
WX7210 WX7274 1.859680 1.859680
WX7212 WX5855 16.306260 11.199970
WX7212 WX7148 15.940380 10.834090
WX7212 WX7276 1.859680 1.859680
WX7214 WX5857 16.306260 11.199970
WX7214 WX7150 15.940380 10.834090
WX7214 WX7278 1.859680 1.859680
WX7216 WX5859 16.306260 11.199970
WX7216 WX7152 15.940380 10.834090
WX7216 WX7280 1.859680 1.859680
WX7218 WX5861 16.306260 11.199970
WX7218 WX7154 15.940380 10.834090
WX7218 WX7282 1.859680 1.859680
WX7220 WX5863 16.306260 11.199970
WX7220 WX7156 15.940380 10.834090
WX7220 WX7284 1.859680 1.859680
WX7222 WX5865 16.306260 11.199970
WX7222 WX7158 15.940380 10.834090
WX7222 WX7286 1.859680 1.859680
WX7224 WX5867 16.306260 11.199970
WX7224 WX7160 15.940380 10.834090
WX7224 WX7288 1.859680 1.859680
WX7226 WX5869 16.306260 11.199970
WX7226 WX7162 15.940380 10.834090
WX7226 WX7290 1.859680 1.859680
WX7228 WX5871 16.306260 11.199970
WX7228 WX7164 15.940380 10.834090
WX7228 WX7292 1.859680 1.859680
WX7230 WX5873 16.306260 11.199970
WX7230 WX7166 15.940380 10.834090
WX7230 WX7294 1.859680 1.859680
WX7232 WX5875 16.306260 11.199970
WX7232 WX7168 15.940380 10.834090
WX7232 WX7296 1.859680 1.859680
WX7234 WX5877 16.306260 11.199970
WX7234 WX7170 15.940380 10.834090
WX7234 WX7298 1.859680 1.859680
WX7236 WX5879 16.306260 11.199970
WX7236 WX7172 15.940380 10.834090
WX7236 WX7300 1.859680 1.859680
WX7238 WX5817 16.306200 10.973460
WX7238 WX7110 15.940320 10.607580
WX7238 WX7302 1.859680 1.859680
WX7240 WX5819 16.306200 10.973460
WX7240 WX7112 15.940320 10.607580
WX7240 WX7304 1.859680 1.859680
WX7242 WX5821 16.306200 10.973460
WX7242 WX7114 15.940320 10.607580
WX7242 WX7306 1.859680 1.859680
WX7244 WX5823 16.306200 10.973460
WX7244 WX7116 15.940320 10.607580
WX7244 WX7308 1.859680 1.859680
WX7246 WX5825 16.306200 10.973460
WX7246 WX7118 15.940320 10.607580
WX7246 WX7310 1.859680 1.859680
WX7248 WX5827 16.306200 10.973460
WX7248 WX7120 15.940320 10.607580
WX7248 WX7312 1.859680 1.859680
WX7250 WX5829 16.306200 10.973460
WX7250 WX7122 15.940320 10.607580
WX7250 WX7314 1.859680 1.859680
WX7252 WX5831 16.306200 10.973460
WX7252 WX7124 15.940320 10.607580
WX7252 WX7316 1.859680 1.859680
WX7254 WX5833 16.306200 10.973460
WX7254 WX7126 15.940320 10.607580
WX7254 WX7318 1.859680 1.859680
WX7256 WX5835 16.306200 10.973460
WX7256 WX7128 15.940320 10.607580
WX7256 WX7320 1.859680 1.859680
WX7258 WX5837 16.306200 10.973460
WX7258 WX7130 15.940320 10.607580
WX7258 WX7322 1.859680 1.859680
WX7260 WX5839 16.306200 10.973460
WX7260 WX7132 15.940320 10.607580
WX7260 WX7324 1.859680 1.859680
WX7262 WX5841 16.306200 10.973460
WX7262 WX7134 15.940320 10.607580
WX7262 WX7326 1.859680 1.859680
WX7264 WX5843 16.306200 10.973460
WX7264 WX7136 15.940320 10.607580
WX7264 WX7328 1.859680 1.859680
WX7266 WX5845 16.306200 10.973460
WX7266 WX7138 15.940320 10.607580
WX7266 WX7330 1.859680 1.859680
WX7268 WX5847 16.306200 10.973460
WX7268 WX7140 15.940320 10.607580
WX7268 WX7332 1.859680 1.859680
WX7270 WX5849 16.306200 10.973460
WX7270 WX7142 15.940320 10.607580
WX7270 WX7334 1.859680 1.859680
WX7272 WX5851 16.306200 10.973460
WX7272 WX7144 15.940320 10.607580
WX7272 WX7336 1.859680 1.859680
WX7274 WX5853 16.306200 10.973460
WX7274 WX7146 15.940320 10.607580
WX7274 WX7338 1.859680 1.859680
WX7276 WX5855 16.306200 10.973460
WX7276 WX7148 15.940320 10.607580
WX7276 WX7340 1.859680 1.859680
WX7278 WX5857 16.306200 10.973460
WX7278 WX7150 15.940320 10.607580
WX7278 WX7342 1.859680 1.859680
WX7280 WX5859 16.306200 10.973460
WX7280 WX7152 15.940320 10.607580
WX7280 WX7344 1.859680 1.859680
WX7282 WX5861 16.306200 10.973460
WX7282 WX7154 15.940320 10.607580
WX7282 WX7346 1.859680 1.859680
WX7284 WX5863 16.306200 10.973460
WX7284 WX7156 15.940320 10.607580
WX7284 WX7348 1.859680 1.859680
WX7286 WX5865 16.306200 10.973460
WX7286 WX7158 15.940320 10.607580
WX7286 WX7350 1.859680 1.859680
WX7288 WX5867 16.306200 10.973460
WX7288 WX7160 15.940320 10.607580
WX7288 WX7352 1.859680 1.859680
WX7290 WX5869 16.306200 10.973460
WX7290 WX7162 15.940320 10.607580
WX7290 WX7354 1.859680 1.859680
WX7292 WX5871 16.306200 10.973460
WX7292 WX7164 15.940320 10.607580
WX7292 WX7356 1.859680 1.859680
WX7294 WX5873 16.306200 10.973460
WX7294 WX7166 15.940320 10.607580
WX7294 WX7358 1.859680 1.859680
WX7296 WX5875 16.306200 10.973460
WX7296 WX7168 15.940320 10.607580
WX7296 WX7360 1.859680 1.859680
WX7298 WX5877 16.306200 10.973460
WX7298 WX7170 15.940320 10.607580
WX7298 WX7362 1.859680 1.859680
WX7300 WX5879 16.306200 10.973460
WX7300 WX7172 15.940320 10.607580
WX7300 WX7364 1.859680 1.859680
WX7302 WX5817 16.127760 10.770360
WX7302 WX7110 15.761880 10.404480
WX7302 [2268] 4.412190 3.275650
WX7304 WX5819 16.127760 10.770360
WX7304 WX7112 15.761880 10.404480
WX7304 [2267] 4.412190 3.275650
WX7306 WX5821 16.127760 10.770360
WX7306 WX7114 15.761880 10.404480
WX7306 [2266] 4.412190 3.275650
WX7308 WX5823 16.127760 10.770360
WX7308 WX7116 15.761880 10.404480
WX7308 [2265] 4.412190 3.275650
WX7310 WX5825 16.127760 10.770360
WX7310 WX7118 15.761880 10.404480
WX7310 [2264] 4.412190 3.275650
WX7312 WX5827 16.127760 10.770360
WX7312 WX7120 15.761880 10.404480
WX7312 [2263] 4.412190 3.275650
WX7314 WX5829 16.127760 10.770360
WX7314 WX7122 15.761880 10.404480
WX7314 [2262] 4.412190 3.275650
WX7316 WX5831 16.127760 10.770360
WX7316 WX7124 15.761880 10.404480
WX7316 [2261] 4.412190 3.275650
WX7318 WX5833 16.127760 10.770360
WX7318 WX7126 15.761880 10.404480
WX7318 [2260] 4.412190 3.275650
WX7320 WX5835 16.127760 10.770360
WX7320 WX7128 15.761880 10.404480
WX7320 [2259] 4.412190 3.275650
WX7322 WX5837 16.127760 10.770360
WX7322 WX7130 15.761880 10.404480
WX7322 [2258] 4.412190 3.275650
WX7324 WX5839 16.127760 10.770360
WX7324 WX7132 15.761880 10.404480
WX7324 [2257] 4.412190 3.275650
WX7326 WX5841 16.127760 10.770360
WX7326 WX7134 15.761880 10.404480
WX7326 [2256] 4.412190 3.275650
WX7328 WX5843 16.127760 10.770360
WX7328 WX7136 15.761880 10.404480
WX7328 [2255] 4.412190 3.275650
WX7330 WX5845 16.127760 10.770360
WX7330 WX7138 15.761880 10.404480
WX7330 [2254] 4.412190 3.275650
WX7332 WX5847 16.127760 10.770360
WX7332 WX7140 15.761880 10.404480
WX7332 [2253] 6.597990 4.283170
WX7334 WX5849 16.127760 10.770360
WX7334 WX7142 15.761880 10.404480
WX7334 [2252] 4.412190 3.275650
WX7336 WX5851 16.127760 10.770360
WX7336 WX7144 15.761880 10.404480
WX7336 [2251] 4.412190 3.275650
WX7338 WX5853 16.127760 10.770360
WX7338 WX7146 15.761880 10.404480
WX7338 [2250] 4.412190 3.275650
WX7340 WX5855 16.127760 10.770360
WX7340 WX7148 15.761880 10.404480
WX7340 [2249] 4.412190 3.275650
WX7342 WX5857 16.127760 10.770360
WX7342 WX7150 15.761880 10.404480
WX7342 [2248] 6.597990 4.283170
WX7344 WX5859 16.127760 10.770360
WX7344 WX7152 15.761880 10.404480
WX7344 [2247] 4.412190 3.275650
WX7346 WX5861 16.127760 10.770360
WX7346 WX7154 15.761880 10.404480
WX7346 [2246] 4.412190 3.275650
WX7348 WX5863 16.127760 10.770360
WX7348 WX7156 15.761880 10.404480
WX7348 [2245] 4.412190 3.275650
WX7350 WX5865 16.127760 10.770360
WX7350 WX7158 15.761880 10.404480
WX7350 [2244] 4.412190 3.275650
WX7352 WX5867 16.127760 10.770360
WX7352 WX7160 15.761880 10.404480
WX7352 [2243] 4.412190 3.275650
WX7354 WX5869 16.127760 10.770360
WX7354 WX7162 15.761880 10.404480
WX7354 [2242] 4.412190 3.275650
WX7356 WX5871 16.127760 10.770360
WX7356 WX7164 15.761880 10.404480
WX7356 [2241] 6.597990 4.283170
WX7358 WX5873 16.127760 10.770360
WX7358 WX7166 15.761880 10.404480
WX7358 [2240] 4.412190 3.275650
WX7360 WX5875 16.127760 10.770360
WX7360 WX7168 15.761880 10.404480
WX7360 [2239] 4.412190 3.275650
WX7362 WX5877 16.127760 10.770360
WX7362 WX7170 15.761880 10.404480
WX7362 [2238] 4.412190 3.275650
WX7364 WX5879 16.127760 10.770360
WX7364 WX7172 15.761880 10.404480
WX7364 [2237] 4.412190 3.275650
[2237] WX7172 4.119120 4.119120
[2237] [2238] 3.624810 2.370720
[2238] WX7170 4.119120 4.119120
[2238] [2239] 3.624810 2.370720
[2239] WX7168 4.119120 4.119120
[2239] [2240] 3.624810 2.370720
[2240] WX7166 4.119120 4.119120
[2240] [2241] 3.741770 2.487800
[2241] WX7164 4.119120 4.119120
[2241] [2242] 3.624810 2.370720
[2242] WX7162 4.119120 4.119120
[2242] [2243] 3.624810 2.370720
[2243] WX7160 4.119120 4.119120
[2243] [2244] 3.624810 2.370720
[2244] WX7158 4.119120 4.119120
[2244] [2245] 3.624810 2.370720
[2245] WX7156 4.119120 4.119120
[2245] [2246] 3.624810 2.370720
[2246] WX7154 4.119120 4.119120
[2246] [2247] 3.624810 2.370720
[2247] WX7152 4.119120 4.119120
[2247] [2248] 3.741770 2.487800
[2248] WX7150 4.119120 4.119120
[2248] [2249] 3.624810 2.370720
[2249] WX7148 4.119120 4.119120
[2249] [2250] 3.624810 2.370720
[2250] WX7146 4.119120 4.119120
[2250] [2251] 3.624810 2.370720
[2251] WX7144 4.119120 4.119120
[2251] [2252] 3.624810 2.370720
[2252] WX7142 4.119120 4.119120
[2252] [2253] 3.741770 2.487800
[2253] WX7140 4.119120 4.119120
[2253] [2254] 3.624810 2.370720
[2254] WX7138 4.119120 4.119120
[2254] [2255] 3.624810 2.370720
[2255] WX7136 4.119120 4.119120
[2255] [2256] 3.624810 2.370720
[2256] WX7134 4.119120 4.119120
[2256] [2257] 3.624810 2.370720
[2257] WX7132 4.119120 4.119120
[2257] [2258] 3.624810 2.370720
[2258] WX7130 4.119120 4.119120
[2258] [2259] 3.624810 2.370720
[2259] WX7128 4.119120 4.119120
[2259] [2260] 3.624810 2.370720
[2260] WX7126 4.119120 4.119120
[2260] [2261] 3.624810 2.370720
[2261] WX7124 4.119120 4.119120
[2261] [2262] 3.624810 2.370720
[2262] WX7122 4.119120 4.119120
[2262] [2263] 3.624810 2.370720
[2263] WX7120 4.119120 4.119120
[2263] [2264] 3.624810 2.370720
[2264] WX7118 4.119120 4.119120
[2264] [2265] 3.624810 2.370720
[2265] WX7116 4.119120 4.119120
[2265] [2266] 3.624810 2.370720
[2266] WX7114 4.119120 4.119120
[2266] [2267] 3.624810 2.370720
[2267] WX7112 4.119120 4.119120
[2267] [2268] 3.624810 2.370720
[2268] WX7110 4.119120 4.119120
[2268] [2237] 3.624810 2.370720
[2268] [2241] 8.261930 5.224710
[2268] [2248] 8.261930 5.224710
[2268] [2253] 8.261930 5.224710
WX8243 WX7110 9.116060 6.634680
WX8243 WX8305 1.197620 1.197620
WX8243 WX8403 8.750180 3.753240
WX8245 WX7112 9.116060 6.634680
WX8245 WX8243 1.859680 1.859680
WX8245 WX8405 8.750180 3.753240
WX8247 WX7114 9.116060 6.634680
WX8247 WX8245 1.859680 1.859680
WX8247 WX8407 8.750180 3.753240
WX8249 WX7116 9.116060 6.634680
WX8249 WX8247 1.859680 1.859680
WX8249 WX8409 8.750180 3.753240
WX8251 WX7118 9.116060 6.634680
WX8251 WX8249 1.859680 1.859680
WX8251 WX8411 8.750180 3.753240
WX8253 WX7120 9.116060 6.634680
WX8253 WX8251 1.859680 1.859680
WX8253 WX8413 8.750180 3.753240
WX8255 WX7122 9.116060 6.634680
WX8255 WX8253 1.859680 1.859680
WX8255 WX8415 8.750180 3.753240
WX8257 WX7124 9.116060 6.634680
WX8257 WX8255 1.859680 1.859680
WX8257 WX8417 8.750180 3.753240
WX8259 WX7126 9.116060 6.634680
WX8259 WX8257 1.859680 1.859680
WX8259 WX8419 8.750180 3.753240
WX8261 WX7128 9.116060 6.634680
WX8261 WX8259 1.859680 1.859680
WX8261 WX8421 8.750180 3.753240
WX8263 WX7130 9.116060 6.634680
WX8263 WX8261 1.859680 1.859680
WX8263 WX8423 8.750180 3.753240
WX8265 WX7132 9.116060 6.634680
WX8265 WX8263 1.859680 1.859680
WX8265 WX8425 8.750180 3.753240
WX8267 WX7134 9.116060 6.634680
WX8267 WX8265 1.859680 1.859680
WX8267 WX8427 8.750180 3.753240
WX8269 WX7136 9.116060 6.634680
WX8269 WX8267 1.859680 1.859680
WX8269 WX8429 8.750180 3.753240
WX8271 WX7138 9.116060 6.634680
WX8271 WX8269 1.859680 1.859680
WX8271 WX8431 8.750180 3.753240
WX8273 WX7140 9.116060 6.634680
WX8273 WX8271 1.859680 1.859680
WX8273 WX8433 8.750180 3.753240
WX8275 WX7142 9.116060 6.634680
WX8275 WX8273 1.859680 1.859680
WX8275 WX8435 8.750180 3.753240
WX8277 WX7144 9.116060 6.634680
WX8277 WX8275 1.859680 1.859680
WX8277 WX8437 8.750180 3.753240
WX8279 WX7146 9.116060 6.634680
WX8279 WX8277 1.859680 1.859680
WX8279 WX8439 8.750180 3.753240
WX8281 WX7148 9.116060 6.634680
WX8281 WX8279 1.859680 1.859680
WX8281 WX8441 8.750180 3.753240
WX8283 WX7150 9.116060 6.634680
WX8283 WX8281 1.859680 1.859680
WX8283 WX8443 8.750180 3.753240
WX8285 WX7152 9.116060 6.634680
WX8285 WX8283 1.859680 1.859680
WX8285 WX8445 8.750180 3.753240
WX8287 WX7154 9.116060 6.634680
WX8287 WX8285 1.859680 1.859680
WX8287 WX8447 8.750180 3.753240
WX8289 WX7156 9.116060 6.634680
WX8289 WX8287 1.859680 1.859680
WX8289 WX8449 8.750180 3.753240
WX8291 WX7158 9.116060 6.634680
WX8291 WX8289 1.859680 1.859680
WX8291 WX8451 8.750180 3.753240
WX8293 WX7160 9.116060 6.634680
WX8293 WX8291 1.859680 1.859680
WX8293 WX8453 8.750180 3.753240
WX8295 WX7162 9.116060 6.634680
WX8295 WX8293 1.859680 1.859680
WX8295 WX8455 8.750180 3.753240
WX8297 WX7164 9.116060 6.634680
WX8297 WX8295 1.859680 1.859680
WX8297 WX8457 8.750180 3.753240
WX8299 WX7166 9.116060 6.634680
WX8299 WX8297 1.859680 1.859680
WX8299 WX8459 8.750180 3.753240
WX8301 WX7168 9.116060 6.634680
WX8301 WX8299 1.859680 1.859680
WX8301 WX8461 8.750180 3.753240
WX8303 WX7170 9.116060 6.634680
WX8303 WX8301 1.859680 1.859680
WX8303 WX8463 8.750180 3.753240
WX8305 WX7172 9.116060 6.634680
WX8305 WX8303 1.859680 1.859680
WX8305 WX8465 8.750180 3.753240
WX8403 WX7110 19.821420 13.031010
WX8403 WX8403 19.455540 12.665130
WX8403 WX8467 1.859680 1.859680
WX8405 WX7112 19.821420 13.031010
WX8405 WX8405 19.455540 12.665130
WX8405 WX8469 1.859680 1.859680
WX8407 WX7114 19.821420 13.031010
WX8407 WX8407 19.455540 12.665130
WX8407 WX8471 1.859680 1.859680
WX8409 WX7116 19.821420 13.031010
WX8409 WX8409 19.455540 12.665130
WX8409 WX8473 1.859680 1.859680
WX8411 WX7118 19.821420 13.031010
WX8411 WX8411 19.455540 12.665130
WX8411 WX8475 1.859680 1.859680
WX8413 WX7120 19.821420 13.031010
WX8413 WX8413 19.455540 12.665130
WX8413 WX8477 1.859680 1.859680
WX8415 WX7122 19.821420 13.031010
WX8415 WX8415 19.455540 12.665130
WX8415 WX8479 1.859680 1.859680
WX8417 WX7124 19.821420 13.031010
WX8417 WX8417 19.455540 12.665130
WX8417 WX8481 1.859680 1.859680
WX8419 WX7126 19.821420 13.031010
WX8419 WX8419 19.455540 12.665130
WX8419 WX8483 1.859680 1.859680
WX8421 WX7128 19.821420 13.031010
WX8421 WX8421 19.455540 12.665130
WX8421 WX8485 1.859680 1.859680
WX8423 WX7130 19.821420 13.031010
WX8423 WX8423 19.455540 12.665130
WX8423 WX8487 1.859680 1.859680
WX8425 WX7132 19.821420 13.031010
WX8425 WX8425 19.455540 12.665130
WX8425 WX8489 1.859680 1.859680
WX8427 WX7134 19.821420 13.031010
WX8427 WX8427 19.455540 12.665130
WX8427 WX8491 1.859680 1.859680
WX8429 WX7136 19.821420 13.031010
WX8429 WX8429 19.455540 12.665130
WX8429 WX8493 1.859680 1.859680
WX8431 WX7138 19.821420 13.031010
WX8431 WX8431 19.455540 12.665130
WX8431 WX8495 1.859680 1.859680
WX8433 WX7140 19.821420 13.031010
WX8433 WX8433 19.455540 12.665130
WX8433 WX8497 1.859680 1.859680
WX8435 WX7142 19.821420 13.031010
WX8435 WX8435 19.455540 12.665130
WX8435 WX8499 1.859680 1.859680
WX8437 WX7144 19.821420 13.031010
WX8437 WX8437 19.455540 12.665130
WX8437 WX8501 1.859680 1.859680
WX8439 WX7146 19.821420 13.031010
WX8439 WX8439 19.455540 12.665130
WX8439 WX8503 1.859680 1.859680
WX8441 WX7148 19.821420 13.031010
WX8441 WX8441 19.455540 12.665130
WX8441 WX8505 1.859680 1.859680
WX8443 WX7150 19.821420 13.031010
WX8443 WX8443 19.455540 12.665130
WX8443 WX8507 1.859680 1.859680
WX8445 WX7152 19.821420 13.031010
WX8445 WX8445 19.455540 12.665130
WX8445 WX8509 1.859680 1.859680
WX8447 WX7154 19.821420 13.031010
WX8447 WX8447 19.455540 12.665130
WX8447 WX8511 1.859680 1.859680
WX8449 WX7156 19.821420 13.031010
WX8449 WX8449 19.455540 12.665130
WX8449 WX8513 1.859680 1.859680
WX8451 WX7158 19.821420 13.031010
WX8451 WX8451 19.455540 12.665130
WX8451 WX8515 1.859680 1.859680
WX8453 WX7160 19.821420 13.031010
WX8453 WX8453 19.455540 12.665130
WX8453 WX8517 1.859680 1.859680
WX8455 WX7162 19.821420 13.031010
WX8455 WX8455 19.455540 12.665130
WX8455 WX8519 1.859680 1.859680
WX8457 WX7164 19.821420 13.031010
WX8457 WX8457 19.455540 12.665130
WX8457 WX8521 1.859680 1.859680
WX8459 WX7166 19.821420 13.031010
WX8459 WX8459 19.455540 12.665130
WX8459 WX8523 1.859680 1.859680
WX8461 WX7168 19.821420 13.031010
WX8461 WX8461 19.455540 12.665130
WX8461 WX8525 1.859680 1.859680
WX8463 WX7170 19.821420 13.031010
WX8463 WX8463 19.455540 12.665130
WX8463 WX8527 1.859680 1.859680
WX8465 WX7172 19.821420 13.031010
WX8465 WX8465 19.455540 12.665130
WX8465 WX8529 1.859680 1.859680
WX8467 WX7110 16.306260 11.199970
WX8467 WX8403 15.940380 10.834090
WX8467 WX8531 1.859680 1.859680
WX8469 WX7112 16.306260 11.199970
WX8469 WX8405 15.940380 10.834090
WX8469 WX8533 1.859680 1.859680
WX8471 WX7114 16.306260 11.199970
WX8471 WX8407 15.940380 10.834090
WX8471 WX8535 1.859680 1.859680
WX8473 WX7116 16.306260 11.199970
WX8473 WX8409 15.940380 10.834090
WX8473 WX8537 1.859680 1.859680
WX8475 WX7118 16.306260 11.199970
WX8475 WX8411 15.940380 10.834090
WX8475 WX8539 1.859680 1.859680
WX8477 WX7120 16.306260 11.199970
WX8477 WX8413 15.940380 10.834090
WX8477 WX8541 1.859680 1.859680
WX8479 WX7122 16.306260 11.199970
WX8479 WX8415 15.940380 10.834090
WX8479 WX8543 1.859680 1.859680
WX8481 WX7124 16.306260 11.199970
WX8481 WX8417 15.940380 10.834090
WX8481 WX8545 1.859680 1.859680
WX8483 WX7126 16.306260 11.199970
WX8483 WX8419 15.940380 10.834090
WX8483 WX8547 1.859680 1.859680
WX8485 WX7128 16.306260 11.199970
WX8485 WX8421 15.940380 10.834090
WX8485 WX8549 1.859680 1.859680
WX8487 WX7130 16.306260 11.199970
WX8487 WX8423 15.940380 10.834090
WX8487 WX8551 1.859680 1.859680
WX8489 WX7132 16.306260 11.199970
WX8489 WX8425 15.940380 10.834090
WX8489 WX8553 1.859680 1.859680
WX8491 WX7134 16.306260 11.199970
WX8491 WX8427 15.940380 10.834090
WX8491 WX8555 1.859680 1.859680
WX8493 WX7136 16.306260 11.199970
WX8493 WX8429 15.940380 10.834090
WX8493 WX8557 1.859680 1.859680
WX8495 WX7138 16.306260 11.199970
WX8495 WX8431 15.940380 10.834090
WX8495 WX8559 1.859680 1.859680
WX8497 WX7140 16.306260 11.199970
WX8497 WX8433 15.940380 10.834090
WX8497 WX8561 1.859680 1.859680
WX8499 WX7142 16.306260 11.199970
WX8499 WX8435 15.940380 10.834090
WX8499 WX8563 1.859680 1.859680
WX8501 WX7144 16.306260 11.199970
WX8501 WX8437 15.940380 10.834090
WX8501 WX8565 1.859680 1.859680
WX8503 WX7146 16.306260 11.199970
WX8503 WX8439 15.940380 10.834090
WX8503 WX8567 1.859680 1.859680
WX8505 WX7148 16.306260 11.199970
WX8505 WX8441 15.940380 10.834090
WX8505 WX8569 1.859680 1.859680
WX8507 WX7150 16.306260 11.199970
WX8507 WX8443 15.940380 10.834090
WX8507 WX8571 1.859680 1.859680
WX8509 WX7152 16.306260 11.199970
WX8509 WX8445 15.940380 10.834090
WX8509 WX8573 1.859680 1.859680
WX8511 WX7154 16.306260 11.199970
WX8511 WX8447 15.940380 10.834090
WX8511 WX8575 1.859680 1.859680
WX8513 WX7156 16.306260 11.199970
WX8513 WX8449 15.940380 10.834090
WX8513 WX8577 1.859680 1.859680
WX8515 WX7158 16.306260 11.199970
WX8515 WX8451 15.940380 10.834090
WX8515 WX8579 1.859680 1.859680
WX8517 WX7160 16.306260 11.199970
WX8517 WX8453 15.940380 10.834090
WX8517 WX8581 1.859680 1.859680
WX8519 WX7162 16.306260 11.199970
WX8519 WX8455 15.940380 10.834090
WX8519 WX8583 1.859680 1.859680
WX8521 WX7164 16.306260 11.199970
WX8521 WX8457 15.940380 10.834090
WX8521 WX8585 1.859680 1.859680
WX8523 WX7166 16.306260 11.199970
WX8523 WX8459 15.940380 10.834090
WX8523 WX8587 1.859680 1.859680
WX8525 WX7168 16.306260 11.199970
WX8525 WX8461 15.940380 10.834090
WX8525 WX8589 1.859680 1.859680
WX8527 WX7170 16.306260 11.199970
WX8527 WX8463 15.940380 10.834090
WX8527 WX8591 1.859680 1.859680
WX8529 WX7172 16.306260 11.199970
WX8529 WX8465 15.940380 10.834090
WX8529 WX8593 1.859680 1.859680
WX8531 WX7110 16.306200 10.973460
WX8531 WX8403 15.940320 10.607580
WX8531 WX8595 1.859680 1.859680
WX8533 WX7112 16.306200 10.973460
WX8533 WX8405 15.940320 10.607580
WX8533 WX8597 1.859680 1.859680
WX8535 WX7114 16.306200 10.973460
WX8535 WX8407 15.940320 10.607580
WX8535 WX8599 1.859680 1.859680
WX8537 WX7116 16.306200 10.973460
WX8537 WX8409 15.940320 10.607580
WX8537 WX8601 1.859680 1.859680
WX8539 WX7118 16.306200 10.973460
WX8539 WX8411 15.940320 10.607580
WX8539 WX8603 1.859680 1.859680
WX8541 WX7120 16.306200 10.973460
WX8541 WX8413 15.940320 10.607580
WX8541 WX8605 1.859680 1.859680
WX8543 WX7122 16.306200 10.973460
WX8543 WX8415 15.940320 10.607580
WX8543 WX8607 1.859680 1.859680
WX8545 WX7124 16.306200 10.973460
WX8545 WX8417 15.940320 10.607580
WX8545 WX8609 1.859680 1.859680
WX8547 WX7126 16.306200 10.973460
WX8547 WX8419 15.940320 10.607580
WX8547 WX8611 1.859680 1.859680
WX8549 WX7128 16.306200 10.973460
WX8549 WX8421 15.940320 10.607580
WX8549 WX8613 1.859680 1.859680
WX8551 WX7130 16.306200 10.973460
WX8551 WX8423 15.940320 10.607580
WX8551 WX8615 1.859680 1.859680
WX8553 WX7132 16.306200 10.973460
WX8553 WX8425 15.940320 10.607580
WX8553 WX8617 1.859680 1.859680
WX8555 WX7134 16.306200 10.973460
WX8555 WX8427 15.940320 10.607580
WX8555 WX8619 1.859680 1.859680
WX8557 WX7136 16.306200 10.973460
WX8557 WX8429 15.940320 10.607580
WX8557 WX8621 1.859680 1.859680
WX8559 WX7138 16.306200 10.973460
WX8559 WX8431 15.940320 10.607580
WX8559 WX8623 1.859680 1.859680
WX8561 WX7140 16.306200 10.973460
WX8561 WX8433 15.940320 10.607580
WX8561 WX8625 1.859680 1.859680
WX8563 WX7142 16.306200 10.973460
WX8563 WX8435 15.940320 10.607580
WX8563 WX8627 1.859680 1.859680
WX8565 WX7144 16.306200 10.973460
WX8565 WX8437 15.940320 10.607580
WX8565 WX8629 1.859680 1.859680
WX8567 WX7146 16.306200 10.973460
WX8567 WX8439 15.940320 10.607580
WX8567 WX8631 1.859680 1.859680
WX8569 WX7148 16.306200 10.973460
WX8569 WX8441 15.940320 10.607580
WX8569 WX8633 1.859680 1.859680
WX8571 WX7150 16.306200 10.973460
WX8571 WX8443 15.940320 10.607580
WX8571 WX8635 1.859680 1.859680
WX8573 WX7152 16.306200 10.973460
WX8573 WX8445 15.940320 10.607580
WX8573 WX8637 1.859680 1.859680
WX8575 WX7154 16.306200 10.973460
WX8575 WX8447 15.940320 10.607580
WX8575 WX8639 1.859680 1.859680
WX8577 WX7156 16.306200 10.973460
WX8577 WX8449 15.940320 10.607580
WX8577 WX8641 1.859680 1.859680
WX8579 WX7158 16.306200 10.973460
WX8579 WX8451 15.940320 10.607580
WX8579 WX8643 1.859680 1.859680
WX8581 WX7160 16.306200 10.973460
WX8581 WX8453 15.940320 10.607580
WX8581 WX8645 1.859680 1.859680
WX8583 WX7162 16.306200 10.973460
WX8583 WX8455 15.940320 10.607580
WX8583 WX8647 1.859680 1.859680
WX8585 WX7164 16.306200 10.973460
WX8585 WX8457 15.940320 10.607580
WX8585 WX8649 1.859680 1.859680
WX8587 WX7166 16.306200 10.973460
WX8587 WX8459 15.940320 10.607580
WX8587 WX8651 1.859680 1.859680
WX8589 WX7168 16.306200 10.973460
WX8589 WX8461 15.940320 10.607580
WX8589 WX8653 1.859680 1.859680
WX8591 WX7170 16.306200 10.973460
WX8591 WX8463 15.940320 10.607580
WX8591 WX8655 1.859680 1.859680
WX8593 WX7172 16.306200 10.973460
WX8593 WX8465 15.940320 10.607580
WX8593 WX8657 1.859680 1.859680
WX8595 WX7110 16.127760 10.770360
WX8595 WX8403 15.761880 10.404480
WX8595 [2300] 4.412190 3.275650
WX8597 WX7112 16.127760 10.770360
WX8597 WX8405 15.761880 10.404480
WX8597 [2299] 4.412190 3.275650
WX8599 WX7114 16.127760 10.770360
WX8599 WX8407 15.761880 10.404480
WX8599 [2298] 4.412190 3.275650
WX8601 WX7116 16.127760 10.770360
WX8601 WX8409 15.761880 10.404480
WX8601 [2297] 4.412190 3.275650
WX8603 WX7118 16.127760 10.770360
WX8603 WX8411 15.761880 10.404480
WX8603 [2296] 4.412190 3.275650
WX8605 WX7120 16.127760 10.770360
WX8605 WX8413 15.761880 10.404480
WX8605 [2295] 4.412190 3.275650
WX8607 WX7122 16.127760 10.770360
WX8607 WX8415 15.761880 10.404480
WX8607 [2294] 4.412190 3.275650
WX8609 WX7124 16.127760 10.770360
WX8609 WX8417 15.761880 10.404480
WX8609 [2293] 4.412190 3.275650
WX8611 WX7126 16.127760 10.770360
WX8611 WX8419 15.761880 10.404480
WX8611 [2292] 4.412190 3.275650
WX8613 WX7128 16.127760 10.770360
WX8613 WX8421 15.761880 10.404480
WX8613 [2291] 4.412190 3.275650
WX8615 WX7130 16.127760 10.770360
WX8615 WX8423 15.761880 10.404480
WX8615 [2290] 4.412190 3.275650
WX8617 WX7132 16.127760 10.770360
WX8617 WX8425 15.761880 10.404480
WX8617 [2289] 4.412190 3.275650
WX8619 WX7134 16.127760 10.770360
WX8619 WX8427 15.761880 10.404480
WX8619 [2288] 4.412190 3.275650
WX8621 WX7136 16.127760 10.770360
WX8621 WX8429 15.761880 10.404480
WX8621 [2287] 4.412190 3.275650
WX8623 WX7138 16.127760 10.770360
WX8623 WX8431 15.761880 10.404480
WX8623 [2286] 4.412190 3.275650
WX8625 WX7140 16.127760 10.770360
WX8625 WX8433 15.761880 10.404480
WX8625 [2285] 6.597990 4.283170
WX8627 WX7142 16.127760 10.770360
WX8627 WX8435 15.761880 10.404480
WX8627 [2284] 4.412190 3.275650
WX8629 WX7144 16.127760 10.770360
WX8629 WX8437 15.761880 10.404480
WX8629 [2283] 4.412190 3.275650
WX8631 WX7146 16.127760 10.770360
WX8631 WX8439 15.761880 10.404480
WX8631 [2282] 4.412190 3.275650
WX8633 WX7148 16.127760 10.770360
WX8633 WX8441 15.761880 10.404480
WX8633 [2281] 4.412190 3.275650
WX8635 WX7150 16.127760 10.770360
WX8635 WX8443 15.761880 10.404480
WX8635 [2280] 6.597990 4.283170
WX8637 WX7152 16.127760 10.770360
WX8637 WX8445 15.761880 10.404480
WX8637 [2279] 4.412190 3.275650
WX8639 WX7154 16.127760 10.770360
WX8639 WX8447 15.761880 10.404480
WX8639 [2278] 4.412190 3.275650
WX8641 WX7156 16.127760 10.770360
WX8641 WX8449 15.761880 10.404480
WX8641 [2277] 4.412190 3.275650
WX8643 WX7158 16.127760 10.770360
WX8643 WX8451 15.761880 10.404480
WX8643 [2276] 4.412190 3.275650
WX8645 WX7160 16.127760 10.770360
WX8645 WX8453 15.761880 10.404480
WX8645 [2275] 4.412190 3.275650
WX8647 WX7162 16.127760 10.770360
WX8647 WX8455 15.761880 10.404480
WX8647 [2274] 4.412190 3.275650
WX8649 WX7164 16.127760 10.770360
WX8649 WX8457 15.761880 10.404480
WX8649 [2273] 6.597990 4.283170
WX8651 WX7166 16.127760 10.770360
WX8651 WX8459 15.761880 10.404480
WX8651 [2272] 4.412190 3.275650
WX8653 WX7168 16.127760 10.770360
WX8653 WX8461 15.761880 10.404480
WX8653 [2271] 4.412190 3.275650
WX8655 WX7170 16.127760 10.770360
WX8655 WX8463 15.761880 10.404480
WX8655 [2270] 4.412190 3.275650
WX8657 WX7172 16.127760 10.770360
WX8657 WX8465 15.761880 10.404480
WX8657 [2269] 4.412190 3.275650
[2269] WX8465 4.119120 4.119120
[2269] [2270] 3.624810 2.370720
[2270] WX8463 4.119120 4.119120
[2270] [2271] 3.624810 2.370720
[2271] WX8461 4.119120 4.119120
[2271] [2272] 3.624810 2.370720
[2272] WX8459 4.119120 4.119120
[2272] [2273] 3.741770 2.487800
[2273] WX8457 4.119120 4.119120
[2273] [2274] 3.624810 2.370720
[2274] WX8455 4.119120 4.119120
[2274] [2275] 3.624810 2.370720
[2275] WX8453 4.119120 4.119120
[2275] [2276] 3.624810 2.370720
[2276] WX8451 4.119120 4.119120
[2276] [2277] 3.624810 2.370720
[2277] WX8449 4.119120 4.119120
[2277] [2278] 3.624810 2.370720
[2278] WX8447 4.119120 4.119120
[2278] [2279] 3.624810 2.370720
[2279] WX8445 4.119120 4.119120
[2279] [2280] 3.741770 2.487800
[2280] WX8443 4.119120 4.119120
[2280] [2281] 3.624810 2.370720
[2281] WX8441 4.119120 4.119120
[2281] [2282] 3.624810 2.370720
[2282] WX8439 4.119120 4.119120
[2282] [2283] 3.624810 2.370720
[2283] WX8437 4.119120 4.119120
[2283] [2284] 3.624810 2.370720
[2284] WX8435 4.119120 4.119120
[2284] [2285] 3.741770 2.487800
[2285] WX8433 4.119120 4.119120
[2285] [2286] 3.624810 2.370720
[2286] WX8431 4.119120 4.119120
[2286] [2287] 3.624810 2.370720
[2287] WX8429 4.119120 4.119120
[2287] [2288] 3.624810 2.370720
[2288] WX8427 4.119120 4.119120
[2288] [2289] 3.624810 2.370720
[2289] WX8425 4.119120 4.119120
[2289] [2290] 3.624810 2.370720
[2290] WX8423 4.119120 4.119120
[2290] [2291] 3.624810 2.370720
[2291] WX8421 4.119120 4.119120
[2291] [2292] 3.624810 2.370720
[2292] WX8419 4.119120 4.119120
[2292] [2293] 3.624810 2.370720
[2293] WX8417 4.119120 4.119120
[2293] [2294] 3.624810 2.370720
[2294] WX8415 4.119120 4.119120
[2294] [2295] 3.624810 2.370720
[2295] WX8413 4.119120 4.119120
[2295] [2296] 3.624810 2.370720
[2296] WX8411 4.119120 4.119120
[2296] [2297] 3.624810 2.370720
[2297] WX8409 4.119120 4.119120
[2297] [2298] 3.624810 2.370720
[2298] WX8407 4.119120 4.119120
[2298] [2299] 3.624810 2.370720
[2299] WX8405 4.119120 4.119120
[2299] [2300] 3.624810 2.370720
[2300] WX8403 4.119120 4.119120
[2300] [2269] 3.624810 2.370720
[2300] [2273] 8.261930 5.224710
[2300] [2280] 8.261930 5.224710
[2300] [2285] 8.261930 5.224710
WX9536 WX8403 9.116060 6.634680
WX9536 WX9598 1.197620 1.197620
WX9536 WX9696 8.750180 3.753240
WX9538 WX8405 9.116060 6.634680
WX9538 WX9536 1.859680 1.859680
WX9538 WX9698 8.750180 3.753240
WX9540 WX8407 9.116060 6.634680
WX9540 WX9538 1.859680 1.859680
WX9540 WX9700 8.750180 3.753240
WX9542 WX8409 9.116060 6.634680
WX9542 WX9540 1.859680 1.859680
WX9542 WX9702 8.750180 3.753240
WX9544 WX8411 9.116060 6.634680
WX9544 WX9542 1.859680 1.859680
WX9544 WX9704 8.750180 3.753240
WX9546 WX8413 9.116060 6.634680
WX9546 WX9544 1.859680 1.859680
WX9546 WX9706 8.750180 3.753240
WX9548 WX8415 9.116060 6.634680
WX9548 WX9546 1.859680 1.859680
WX9548 WX9708 8.750180 3.753240
WX9550 WX8417 9.116060 6.634680
WX9550 WX9548 1.859680 1.859680
WX9550 WX9710 8.750180 3.753240
WX9552 WX8419 9.116060 6.634680
WX9552 WX9550 1.859680 1.859680
WX9552 WX9712 8.750180 3.753240
WX9554 WX8421 9.116060 6.634680
WX9554 WX9552 1.859680 1.859680
WX9554 WX9714 8.750180 3.753240
WX9556 WX8423 9.116060 6.634680
WX9556 WX9554 1.859680 1.859680
WX9556 WX9716 8.750180 3.753240
WX9558 WX8425 9.116060 6.634680
WX9558 WX9556 1.859680 1.859680
WX9558 WX9718 8.750180 3.753240
WX9560 WX8427 9.116060 6.634680
WX9560 WX9558 1.859680 1.859680
WX9560 WX9720 8.750180 3.753240
WX9562 WX8429 9.116060 6.634680
WX9562 WX9560 1.859680 1.859680
WX9562 WX9722 8.750180 3.753240
WX9564 WX8431 9.116060 6.634680
WX9564 WX9562 1.859680 1.859680
WX9564 WX9724 8.750180 3.753240
WX9566 WX8433 9.116060 6.634680
WX9566 WX9564 1.859680 1.859680
WX9566 WX9726 8.750180 3.753240
WX9568 WX8435 9.116060 6.634680
WX9568 WX9566 1.859680 1.859680
WX9568 WX9728 8.750180 3.753240
WX9570 WX8437 9.116060 6.634680
WX9570 WX9568 1.859680 1.859680
WX9570 WX9730 8.750180 3.753240
WX9572 WX8439 9.116060 6.634680
WX9572 WX9570 1.859680 1.859680
WX9572 WX9732 8.750180 3.753240
WX9574 WX8441 9.116060 6.634680
WX9574 WX9572 1.859680 1.859680
WX9574 WX9734 8.750180 3.753240
WX9576 WX8443 9.116060 6.634680
WX9576 WX9574 1.859680 1.859680
WX9576 WX9736 8.750180 3.753240
WX9578 WX8445 9.116060 6.634680
WX9578 WX9576 1.859680 1.859680
WX9578 WX9738 8.750180 3.753240
WX9580 WX8447 9.116060 6.634680
WX9580 WX9578 1.859680 1.859680
WX9580 WX9740 8.750180 3.753240
WX9582 WX8449 9.116060 6.634680
WX9582 WX9580 1.859680 1.859680
WX9582 WX9742 8.750180 3.753240
WX9584 WX8451 9.116060 6.634680
WX9584 WX9582 1.859680 1.859680
WX9584 WX9744 8.750180 3.753240
WX9586 WX8453 9.116060 6.634680
WX9586 WX9584 1.859680 1.859680
WX9586 WX9746 8.750180 3.753240
WX9588 WX8455 9.116060 6.634680
WX9588 WX9586 1.859680 1.859680
WX9588 WX9748 8.750180 3.753240
WX9590 WX8457 9.116060 6.634680
WX9590 WX9588 1.859680 1.859680
WX9590 WX9750 8.750180 3.753240
WX9592 WX8459 9.116060 6.634680
WX9592 WX9590 1.859680 1.859680
WX9592 WX9752 8.750180 3.753240
WX9594 WX8461 9.116060 6.634680
WX9594 WX9592 1.859680 1.859680
WX9594 WX9754 8.750180 3.753240
WX9596 WX8463 9.116060 6.634680
WX9596 WX9594 1.859680 1.859680
WX9596 WX9756 8.750180 3.753240
WX9598 WX8465 9.116060 6.634680
WX9598 WX9596 1.859680 1.859680
WX9598 WX9758 8.750180 3.753240
WX9696 WX8403 19.821420 13.031010
WX9696 WX9696 19.455540 12.665130
WX9696 WX9760 1.859680 1.859680
WX9698 WX8405 19.821420 13.031010
WX9698 WX9698 19.455540 12.665130
WX9698 WX9762 1.859680 1.859680
WX9700 WX8407 19.821420 13.031010
WX9700 WX9700 19.455540 12.665130
WX9700 WX9764 1.859680 1.859680
WX9702 WX8409 19.821420 13.031010
WX9702 WX9702 19.455540 12.665130
WX9702 WX9766 1.859680 1.859680
WX9704 WX8411 19.821420 13.031010
WX9704 WX9704 19.455540 12.665130
WX9704 WX9768 1.859680 1.859680
WX9706 WX8413 19.821420 13.031010
WX9706 WX9706 19.455540 12.665130
WX9706 WX9770 1.859680 1.859680
WX9708 WX8415 19.821420 13.031010
WX9708 WX9708 19.455540 12.665130
WX9708 WX9772 1.859680 1.859680
WX9710 WX8417 19.821420 13.031010
WX9710 WX9710 19.455540 12.665130
WX9710 WX9774 1.859680 1.859680
WX9712 WX8419 19.821420 13.031010
WX9712 WX9712 19.455540 12.665130
WX9712 WX9776 1.859680 1.859680
WX9714 WX8421 19.821420 13.031010
WX9714 WX9714 19.455540 12.665130
WX9714 WX9778 1.859680 1.859680
WX9716 WX8423 19.821420 13.031010
WX9716 WX9716 19.455540 12.665130
WX9716 WX9780 1.859680 1.859680
WX9718 WX8425 19.821420 13.031010
WX9718 WX9718 19.455540 12.665130
WX9718 WX9782 1.859680 1.859680
WX9720 WX8427 19.821420 13.031010
WX9720 WX9720 19.455540 12.665130
WX9720 WX9784 1.859680 1.859680
WX9722 WX8429 19.821420 13.031010
WX9722 WX9722 19.455540 12.665130
WX9722 WX9786 1.859680 1.859680
WX9724 WX8431 19.821420 13.031010
WX9724 WX9724 19.455540 12.665130
WX9724 WX9788 1.859680 1.859680
WX9726 WX8433 19.821420 13.031010
WX9726 WX9726 19.455540 12.665130
WX9726 WX9790 1.859680 1.859680
WX9728 WX8435 19.821420 13.031010
WX9728 WX9728 19.455540 12.665130
WX9728 WX9792 1.859680 1.859680
WX9730 WX8437 19.821420 13.031010
WX9730 WX9730 19.455540 12.665130
WX9730 WX9794 1.859680 1.859680
WX9732 WX8439 19.821420 13.031010
WX9732 WX9732 19.455540 12.665130
WX9732 WX9796 1.859680 1.859680
WX9734 WX8441 19.821420 13.031010
WX9734 WX9734 19.455540 12.665130
WX9734 WX9798 1.859680 1.859680
WX9736 WX8443 19.821420 13.031010
WX9736 WX9736 19.455540 12.665130
WX9736 WX9800 1.859680 1.859680
WX9738 WX8445 19.821420 13.031010
WX9738 WX9738 19.455540 12.665130
WX9738 WX9802 1.859680 1.859680
WX9740 WX8447 19.821420 13.031010
WX9740 WX9740 19.455540 12.665130
WX9740 WX9804 1.859680 1.859680
WX9742 WX8449 19.821420 13.031010
WX9742 WX9742 19.455540 12.665130
WX9742 WX9806 1.859680 1.859680
WX9744 WX8451 19.821420 13.031010
WX9744 WX9744 19.455540 12.665130
WX9744 WX9808 1.859680 1.859680
WX9746 WX8453 19.821420 13.031010
WX9746 WX9746 19.455540 12.665130
WX9746 WX9810 1.859680 1.859680
WX9748 WX8455 19.821420 13.031010
WX9748 WX9748 19.455540 12.665130
WX9748 WX9812 1.859680 1.859680
WX9750 WX8457 19.821420 13.031010
WX9750 WX9750 19.455540 12.665130
WX9750 WX9814 1.859680 1.859680
WX9752 WX8459 19.821420 13.031010
WX9752 WX9752 19.455540 12.665130
WX9752 WX9816 1.859680 1.859680
WX9754 WX8461 19.821420 13.031010
WX9754 WX9754 19.455540 12.665130
WX9754 WX9818 1.859680 1.859680
WX9756 WX8463 19.821420 13.031010
WX9756 WX9756 19.455540 12.665130
WX9756 WX9820 1.859680 1.859680
WX9758 WX8465 19.821420 13.031010
WX9758 WX9758 19.455540 12.665130
WX9758 WX9822 1.859680 1.859680
WX9760 WX8403 16.306260 11.199970
WX9760 WX9696 15.940380 10.834090
WX9760 WX9824 1.859680 1.859680
WX9762 WX8405 16.306260 11.199970
WX9762 WX9698 15.940380 10.834090
WX9762 WX9826 1.859680 1.859680
WX9764 WX8407 16.306260 11.199970
WX9764 WX9700 15.940380 10.834090
WX9764 WX9828 1.859680 1.859680
WX9766 WX8409 16.306260 11.199970
WX9766 WX9702 15.940380 10.834090
WX9766 WX9830 1.859680 1.859680
WX9768 WX8411 16.306260 11.199970
WX9768 WX9704 15.940380 10.834090
WX9768 WX9832 1.859680 1.859680
WX9770 WX8413 16.306260 11.199970
WX9770 WX9706 15.940380 10.834090
WX9770 WX9834 1.859680 1.859680
WX9772 WX8415 16.306260 11.199970
WX9772 WX9708 15.940380 10.834090
WX9772 WX9836 1.859680 1.859680
WX9774 WX8417 16.306260 11.199970
WX9774 WX9710 15.940380 10.834090
WX9774 WX9838 1.859680 1.859680
WX9776 WX8419 16.306260 11.199970
WX9776 WX9712 15.940380 10.834090
WX9776 WX9840 1.859680 1.859680
WX9778 WX8421 16.306260 11.199970
WX9778 WX9714 15.940380 10.834090
WX9778 WX9842 1.859680 1.859680
WX9780 WX8423 16.306260 11.199970
WX9780 WX9716 15.940380 10.834090
WX9780 WX9844 1.859680 1.859680
WX9782 WX8425 16.306260 11.199970
WX9782 WX9718 15.940380 10.834090
WX9782 WX9846 1.859680 1.859680
WX9784 WX8427 16.306260 11.199970
WX9784 WX9720 15.940380 10.834090
WX9784 WX9848 1.859680 1.859680
WX9786 WX8429 16.306260 11.199970
WX9786 WX9722 15.940380 10.834090
WX9786 WX9850 1.859680 1.859680
WX9788 WX8431 16.306260 11.199970
WX9788 WX9724 15.940380 10.834090
WX9788 WX9852 1.859680 1.859680
WX9790 WX8433 16.306260 11.199970
WX9790 WX9726 15.940380 10.834090
WX9790 WX9854 1.859680 1.859680
WX9792 WX8435 16.306260 11.199970
WX9792 WX9728 15.940380 10.834090
WX9792 WX9856 1.859680 1.859680
WX9794 WX8437 16.306260 11.199970
WX9794 WX9730 15.940380 10.834090
WX9794 WX9858 1.859680 1.859680
WX9796 WX8439 16.306260 11.199970
WX9796 WX9732 15.940380 10.834090
WX9796 WX9860 1.859680 1.859680
WX9798 WX8441 16.306260 11.199970
WX9798 WX9734 15.940380 10.834090
WX9798 WX9862 1.859680 1.859680
WX9800 WX8443 16.306260 11.199970
WX9800 WX9736 15.940380 10.834090
WX9800 WX9864 1.859680 1.859680
WX9802 WX8445 16.306260 11.199970
WX9802 WX9738 15.940380 10.834090
WX9802 WX9866 1.859680 1.859680
WX9804 WX8447 16.306260 11.199970
WX9804 WX9740 15.940380 10.834090
WX9804 WX9868 1.859680 1.859680
WX9806 WX8449 16.306260 11.199970
WX9806 WX9742 15.940380 10.834090
WX9806 WX9870 1.859680 1.859680
WX9808 WX8451 16.306260 11.199970
WX9808 WX9744 15.940380 10.834090
WX9808 WX9872 1.859680 1.859680
WX9810 WX8453 16.306260 11.199970
WX9810 WX9746 15.940380 10.834090
WX9810 WX9874 1.859680 1.859680
WX9812 WX8455 16.306260 11.199970
WX9812 WX9748 15.940380 10.834090
WX9812 WX9876 1.859680 1.859680
WX9814 WX8457 16.306260 11.199970
WX9814 WX9750 15.940380 10.834090
WX9814 WX9878 1.859680 1.859680
WX9816 WX8459 16.306260 11.199970
WX9816 WX9752 15.940380 10.834090
WX9816 WX9880 1.859680 1.859680
WX9818 WX8461 16.306260 11.199970
WX9818 WX9754 15.940380 10.834090
WX9818 WX9882 1.859680 1.859680
WX9820 WX8463 16.306260 11.199970
WX9820 WX9756 15.940380 10.834090
WX9820 WX9884 1.859680 1.859680
WX9822 WX8465 16.306260 11.199970
WX9822 WX9758 15.940380 10.834090
WX9822 WX9886 1.859680 1.859680
WX9824 WX8403 16.306200 10.973460
WX9824 WX9696 15.940320 10.607580
WX9824 WX9888 1.859680 1.859680
WX9826 WX8405 16.306200 10.973460
WX9826 WX9698 15.940320 10.607580
WX9826 WX9890 1.859680 1.859680
WX9828 WX8407 16.306200 10.973460
WX9828 WX9700 15.940320 10.607580
WX9828 WX9892 1.859680 1.859680
WX9830 WX8409 16.306200 10.973460
WX9830 WX9702 15.940320 10.607580
WX9830 WX9894 1.859680 1.859680
WX9832 WX8411 16.306200 10.973460
WX9832 WX9704 15.940320 10.607580
WX9832 WX9896 1.859680 1.859680
WX9834 WX8413 16.306200 10.973460
WX9834 WX9706 15.940320 10.607580
WX9834 WX9898 1.859680 1.859680
WX9836 WX8415 16.306200 10.973460
WX9836 WX9708 15.940320 10.607580
WX9836 WX9900 1.859680 1.859680
WX9838 WX8417 16.306200 10.973460
WX9838 WX9710 15.940320 10.607580
WX9838 WX9902 1.859680 1.859680
WX9840 WX8419 16.306200 10.973460
WX9840 WX9712 15.940320 10.607580
WX9840 WX9904 1.859680 1.859680
WX9842 WX8421 16.306200 10.973460
WX9842 WX9714 15.940320 10.607580
WX9842 WX9906 1.859680 1.859680
WX9844 WX8423 16.306200 10.973460
WX9844 WX9716 15.940320 10.607580
WX9844 WX9908 1.859680 1.859680
WX9846 WX8425 16.306200 10.973460
WX9846 WX9718 15.940320 10.607580
WX9846 WX9910 1.859680 1.859680
WX9848 WX8427 16.306200 10.973460
WX9848 WX9720 15.940320 10.607580
WX9848 WX9912 1.859680 1.859680
WX9850 WX8429 16.306200 10.973460
WX9850 WX9722 15.940320 10.607580
WX9850 WX9914 1.859680 1.859680
WX9852 WX8431 16.306200 10.973460
WX9852 WX9724 15.940320 10.607580
WX9852 WX9916 1.859680 1.859680
WX9854 WX8433 16.306200 10.973460
WX9854 WX9726 15.940320 10.607580
WX9854 WX9918 1.859680 1.859680
WX9856 WX8435 16.306200 10.973460
WX9856 WX9728 15.940320 10.607580
WX9856 WX9920 1.859680 1.859680
WX9858 WX8437 16.306200 10.973460
WX9858 WX9730 15.940320 10.607580
WX9858 WX9922 1.859680 1.859680
WX9860 WX8439 16.306200 10.973460
WX9860 WX9732 15.940320 10.607580
WX9860 WX9924 1.859680 1.859680
WX9862 WX8441 16.306200 10.973460
WX9862 WX9734 15.940320 10.607580
WX9862 WX9926 1.859680 1.859680
WX9864 WX8443 16.306200 10.973460
WX9864 WX9736 15.940320 10.607580
WX9864 WX9928 1.859680 1.859680
WX9866 WX8445 16.306200 10.973460
WX9866 WX9738 15.940320 10.607580
WX9866 WX9930 1.859680 1.859680
WX9868 WX8447 16.306200 10.973460
WX9868 WX9740 15.940320 10.607580
WX9868 WX9932 1.859680 1.859680
WX9870 WX8449 16.306200 10.973460
WX9870 WX9742 15.940320 10.607580
WX9870 WX9934 1.859680 1.859680
WX9872 WX8451 16.306200 10.973460
WX9872 WX9744 15.940320 10.607580
WX9872 WX9936 1.859680 1.859680
WX9874 WX8453 16.306200 10.973460
WX9874 WX9746 15.940320 10.607580
WX9874 WX9938 1.859680 1.859680
WX9876 WX8455 16.306200 10.973460
WX9876 WX9748 15.940320 10.607580
WX9876 WX9940 1.859680 1.859680
WX9878 WX8457 16.306200 10.973460
WX9878 WX9750 15.940320 10.607580
WX9878 WX9942 1.859680 1.859680
WX9880 WX8459 16.306200 10.973460
WX9880 WX9752 15.940320 10.607580
WX9880 WX9944 1.859680 1.859680
WX9882 WX8461 16.306200 10.973460
WX9882 WX9754 15.940320 10.607580
WX9882 WX9946 1.859680 1.859680
WX9884 WX8463 16.306200 10.973460
WX9884 WX9756 15.940320 10.607580
WX9884 WX9948 1.859680 1.859680
WX9886 WX8465 16.306200 10.973460
WX9886 WX9758 15.940320 10.607580
WX9886 WX9950 1.859680 1.859680
WX9888 WX8403 16.127760 10.770360
WX9888 WX9696 15.761880 10.404480
WX9888 [2332] 4.412190 3.275650
WX9890 WX8405 16.127760 10.770360
WX9890 WX9698 15.761880 10.404480
WX9890 [2331] 4.412190 3.275650
WX9892 WX8407 16.127760 10.770360
WX9892 WX9700 15.761880 10.404480
WX9892 [2330] 4.412190 3.275650
WX9894 WX8409 16.127760 10.770360
WX9894 WX9702 15.761880 10.404480
WX9894 [2329] 4.412190 3.275650
WX9896 WX8411 16.127760 10.770360
WX9896 WX9704 15.761880 10.404480
WX9896 [2328] 4.412190 3.275650
WX9898 WX8413 16.127760 10.770360
WX9898 WX9706 15.761880 10.404480
WX9898 [2327] 4.412190 3.275650
WX9900 WX8415 16.127760 10.770360
WX9900 WX9708 15.761880 10.404480
WX9900 [2326] 4.412190 3.275650
WX9902 WX8417 16.127760 10.770360
WX9902 WX9710 15.761880 10.404480
WX9902 [2325] 4.412190 3.275650
WX9904 WX8419 16.127760 10.770360
WX9904 WX9712 15.761880 10.404480
WX9904 [2324] 4.412190 3.275650
WX9906 WX8421 16.127760 10.770360
WX9906 WX9714 15.761880 10.404480
WX9906 [2323] 4.412190 3.275650
WX9908 WX8423 16.127760 10.770360
WX9908 WX9716 15.761880 10.404480
WX9908 [2322] 4.412190 3.275650
WX9910 WX8425 16.127760 10.770360
WX9910 WX9718 15.761880 10.404480
WX9910 [2321] 4.412190 3.275650
WX9912 WX8427 16.127760 10.770360
WX9912 WX9720 15.761880 10.404480
WX9912 [2320] 4.412190 3.275650
WX9914 WX8429 16.127760 10.770360
WX9914 WX9722 15.761880 10.404480
WX9914 [2319] 4.412190 3.275650
WX9916 WX8431 16.127760 10.770360
WX9916 WX9724 15.761880 10.404480
WX9916 [2318] 4.412190 3.275650
WX9918 WX8433 16.127760 10.770360
WX9918 WX9726 15.761880 10.404480
WX9918 [2317] 6.597990 4.283170
WX9920 WX8435 16.127760 10.770360
WX9920 WX9728 15.761880 10.404480
WX9920 [2316] 4.412190 3.275650
WX9922 WX8437 16.127760 10.770360
WX9922 WX9730 15.761880 10.404480
WX9922 [2315] 4.412190 3.275650
WX9924 WX8439 16.127760 10.770360
WX9924 WX9732 15.761880 10.404480
WX9924 [2314] 4.412190 3.275650
WX9926 WX8441 16.127760 10.770360
WX9926 WX9734 15.761880 10.404480
WX9926 [2313] 4.412190 3.275650
WX9928 WX8443 16.127760 10.770360
WX9928 WX9736 15.761880 10.404480
WX9928 [2312] 6.597990 4.283170
WX9930 WX8445 16.127760 10.770360
WX9930 WX9738 15.761880 10.404480
WX9930 [2311] 4.412190 3.275650
WX9932 WX8447 16.127760 10.770360
WX9932 WX9740 15.761880 10.404480
WX9932 [2310] 4.412190 3.275650
WX9934 WX8449 16.127760 10.770360
WX9934 WX9742 15.761880 10.404480
WX9934 [2309] 4.412190 3.275650
WX9936 WX8451 16.127760 10.770360
WX9936 WX9744 15.761880 10.404480
WX9936 [2308] 4.412190 3.275650
WX9938 WX8453 16.127760 10.770360
WX9938 WX9746 15.761880 10.404480
WX9938 [2307] 4.412190 3.275650
WX9940 WX8455 16.127760 10.770360
WX9940 WX9748 15.761880 10.404480
WX9940 [2306] 4.412190 3.275650
WX9942 WX8457 16.127760 10.770360
WX9942 WX9750 15.761880 10.404480
WX9942 [2305] 6.597990 4.283170
WX9944 WX8459 16.127760 10.770360
WX9944 WX9752 15.761880 10.404480
WX9944 [2304] 4.412190 3.275650
WX9946 WX8461 16.127760 10.770360
WX9946 WX9754 15.761880 10.404480
WX9946 [2303] 4.412190 3.275650
WX9948 WX8463 16.127760 10.770360
WX9948 WX9756 15.761880 10.404480
WX9948 [2302] 4.412190 3.275650
WX9950 WX8465 16.127760 10.770360
WX9950 WX9758 15.761880 10.404480
WX9950 [2301] 4.412190 3.275650
[2301] WX9758 4.119120 4.119120
[2301] [2302] 3.624810 2.370720
[2302] WX9756 4.119120 4.119120
[2302] [2303] 3.624810 2.370720
[2303] WX9754 4.119120 4.119120
[2303] [2304] 3.624810 2.370720
[2304] WX9752 4.119120 4.119120
[2304] [2305] 3.741770 2.487800
[2305] WX9750 4.119120 4.119120
[2305] [2306] 3.624810 2.370720
[2306] WX9748 4.119120 4.119120
[2306] [2307] 3.624810 2.370720
[2307] WX9746 4.119120 4.119120
[2307] [2308] 3.624810 2.370720
[2308] WX9744 4.119120 4.119120
[2308] [2309] 3.624810 2.370720
[2309] WX9742 4.119120 4.119120
[2309] [2310] 3.624810 2.370720
[2310] WX9740 4.119120 4.119120
[2310] [2311] 3.624810 2.370720
[2311] WX9738 4.119120 4.119120
[2311] [2312] 3.741770 2.487800
[2312] WX9736 4.119120 4.119120
[2312] [2313] 3.624810 2.370720
[2313] WX9734 4.119120 4.119120
[2313] [2314] 3.624810 2.370720
[2314] WX9732 4.119120 4.119120
[2314] [2315] 3.624810 2.370720
[2315] WX9730 4.119120 4.119120
[2315] [2316] 3.624810 2.370720
[2316] WX9728 4.119120 4.119120
[2316] [2317] 3.741770 2.487800
[2317] WX9726 4.119120 4.119120
[2317] [2318] 3.624810 2.370720
[2318] WX9724 4.119120 4.119120
[2318] [2319] 3.624810 2.370720
[2319] WX9722 4.119120 4.119120
[2319] [2320] 3.624810 2.370720
[2320] WX9720 4.119120 4.119120
[2320] [2321] 3.624810 2.370720
[2321] WX9718 4.119120 4.119120
[2321] [2322] 3.624810 2.370720
[2322] WX9716 4.119120 4.119120
[2322] [2323] 3.624810 2.370720
[2323] WX9714 4.119120 4.119120
[2323] [2324] 3.624810 2.370720
[2324] WX9712 4.119120 4.119120
[2324] [2325] 3.624810 2.370720
[2325] WX9710 4.119120 4.119120
[2325] [2326] 3.624810 2.370720
[2326] WX9708 4.119120 4.119120
[2326] [2327] 3.624810 2.370720
[2327] WX9706 4.119120 4.119120
[2327] [2328] 3.624810 2.370720
[2328] WX9704 4.119120 4.119120
[2328] [2329] 3.624810 2.370720
[2329] WX9702 4.119120 4.119120
[2329] [2330] 3.624810 2.370720
[2330] WX9700 4.119120 4.119120
[2330] [2331] 3.624810 2.370720
[2331] WX9698 4.119120 4.119120
[2331] [2332] 3.624810 2.370720
[2332] WX9696 4.119120 4.119120
[2332] [2301] 3.624810 2.370720
[2332] [2305] 8.261930 5.224710
[2332] [2312] 8.261930 5.224710
[2332] [2317] 8.261930 5.224710
WX10829 WX9696 9.116060 6.634680
WX10829 WX10891 1.197620 1.197620
WX10829 WX10989 8.750180 3.753240
WX10831 WX9698 9.116060 6.634680
WX10831 WX10829 1.859680 1.859680
WX10831 WX10991 8.750180 3.753240
WX10833 WX9700 9.116060 6.634680
WX10833 WX10831 1.859680 1.859680
WX10833 WX10993 8.750180 3.753240
WX10835 WX9702 9.116060 6.634680
WX10835 WX10833 1.859680 1.859680
WX10835 WX10995 8.750180 3.753240
WX10837 WX9704 9.116060 6.634680
WX10837 WX10835 1.859680 1.859680
WX10837 WX10997 8.750180 3.753240
WX10839 WX9706 9.116060 6.634680
WX10839 WX10837 1.859680 1.859680
WX10839 WX10999 8.750180 3.753240
WX10841 WX9708 9.116060 6.634680
WX10841 WX10839 1.859680 1.859680
WX10841 WX11001 8.750180 3.753240
WX10843 WX9710 9.116060 6.634680
WX10843 WX10841 1.859680 1.859680
WX10843 WX11003 8.750180 3.753240
WX10845 WX9712 9.116060 6.634680
WX10845 WX10843 1.859680 1.859680
WX10845 WX11005 8.750180 3.753240
WX10847 WX9714 9.116060 6.634680
WX10847 WX10845 1.859680 1.859680
WX10847 WX11007 8.750180 3.753240
WX10849 WX9716 9.116060 6.634680
WX10849 WX10847 1.859680 1.859680
WX10849 WX11009 8.750180 3.753240
WX10851 WX9718 9.116060 6.634680
WX10851 WX10849 1.859680 1.859680
WX10851 WX11011 8.750180 3.753240
WX10853 WX9720 9.116060 6.634680
WX10853 WX10851 1.859680 1.859680
WX10853 WX11013 8.750180 3.753240
WX10855 WX9722 9.116060 6.634680
WX10855 WX10853 1.859680 1.859680
WX10855 WX11015 8.750180 3.753240
WX10857 WX9724 9.116060 6.634680
WX10857 WX10855 1.859680 1.859680
WX10857 WX11017 8.750180 3.753240
WX10859 WX9726 9.116060 6.634680
WX10859 WX10857 1.859680 1.859680
WX10859 WX11019 8.750180 3.753240
WX10861 WX9728 9.116060 6.634680
WX10861 WX10859 1.859680 1.859680
WX10861 WX11021 8.750180 3.753240
WX10863 WX9730 9.116060 6.634680
WX10863 WX10861 1.859680 1.859680
WX10863 WX11023 8.750180 3.753240
WX10865 WX9732 9.116060 6.634680
WX10865 WX10863 1.859680 1.859680
WX10865 WX11025 8.750180 3.753240
WX10867 WX9734 9.116060 6.634680
WX10867 WX10865 1.859680 1.859680
WX10867 WX11027 8.750180 3.753240
WX10869 WX9736 9.116060 6.634680
WX10869 WX10867 1.859680 1.859680
WX10869 WX11029 8.750180 3.753240
WX10871 WX9738 9.116060 6.634680
WX10871 WX10869 1.859680 1.859680
WX10871 WX11031 8.750180 3.753240
WX10873 WX9740 9.116060 6.634680
WX10873 WX10871 1.859680 1.859680
WX10873 WX11033 8.750180 3.753240
WX10875 WX9742 9.116060 6.634680
WX10875 WX10873 1.859680 1.859680
WX10875 WX11035 8.750180 3.753240
WX10877 WX9744 9.116060 6.634680
WX10877 WX10875 1.859680 1.859680
WX10877 WX11037 8.750180 3.753240
WX10879 WX9746 9.116060 6.634680
WX10879 WX10877 1.859680 1.859680
WX10879 WX11039 8.750180 3.753240
WX10881 WX9748 9.116060 6.634680
WX10881 WX10879 1.859680 1.859680
WX10881 WX11041 8.750180 3.753240
WX10883 WX9750 9.116060 6.634680
WX10883 WX10881 1.859680 1.859680
WX10883 WX11043 8.750180 3.753240
WX10885 WX9752 9.116060 6.634680
WX10885 WX10883 1.859680 1.859680
WX10885 WX11045 8.750180 3.753240
WX10887 WX9754 9.116060 6.634680
WX10887 WX10885 1.859680 1.859680
WX10887 WX11047 8.750180 3.753240
WX10889 WX9756 9.116060 6.634680
WX10889 WX10887 1.859680 1.859680
WX10889 WX11049 8.750180 3.753240
WX10891 WX9758 9.116060 6.634680
WX10891 WX10889 1.859680 1.859680
WX10891 WX11051 8.750180 3.753240
WX10989 WX9696 19.821420 13.031010
WX10989 WX10989 19.455540 12.665130
WX10989 WX11053 1.859680 1.859680
WX10991 WX9698 19.821420 13.031010
WX10991 WX10991 19.455540 12.665130
WX10991 WX11055 1.859680 1.859680
WX10993 WX9700 19.821420 13.031010
WX10993 WX10993 19.455540 12.665130
WX10993 WX11057 1.859680 1.859680
WX10995 WX9702 19.821420 13.031010
WX10995 WX10995 19.455540 12.665130
WX10995 WX11059 1.859680 1.859680
WX10997 WX9704 19.821420 13.031010
WX10997 WX10997 19.455540 12.665130
WX10997 WX11061 1.859680 1.859680
WX10999 WX9706 19.821420 13.031010
WX10999 WX10999 19.455540 12.665130
WX10999 WX11063 1.859680 1.859680
WX11001 WX9708 19.821420 13.031010
WX11001 WX11001 19.455540 12.665130
WX11001 WX11065 1.859680 1.859680
WX11003 WX9710 19.821420 13.031010
WX11003 WX11003 19.455540 12.665130
WX11003 WX11067 1.859680 1.859680
WX11005 WX9712 19.821420 13.031010
WX11005 WX11005 19.455540 12.665130
WX11005 WX11069 1.859680 1.859680
WX11007 WX9714 19.821420 13.031010
WX11007 WX11007 19.455540 12.665130
WX11007 WX11071 1.859680 1.859680
WX11009 WX9716 19.821420 13.031010
WX11009 WX11009 19.455540 12.665130
WX11009 WX11073 1.859680 1.859680
WX11011 WX9718 19.821420 13.031010
WX11011 WX11011 19.455540 12.665130
WX11011 WX11075 1.859680 1.859680
WX11013 WX9720 19.821420 13.031010
WX11013 WX11013 19.455540 12.665130
WX11013 WX11077 1.859680 1.859680
WX11015 WX9722 19.821420 13.031010
WX11015 WX11015 19.455540 12.665130
WX11015 WX11079 1.859680 1.859680
WX11017 WX9724 19.821420 13.031010
WX11017 WX11017 19.455540 12.665130
WX11017 WX11081 1.859680 1.859680
WX11019 WX9726 19.821420 13.031010
WX11019 WX11019 19.455540 12.665130
WX11019 WX11083 1.859680 1.859680
WX11021 WX9728 19.821420 13.031010
WX11021 WX11021 19.455540 12.665130
WX11021 WX11085 1.859680 1.859680
WX11023 WX9730 19.821420 13.031010
WX11023 WX11023 19.455540 12.665130
WX11023 WX11087 1.859680 1.859680
WX11025 WX9732 19.821420 13.031010
WX11025 WX11025 19.455540 12.665130
WX11025 WX11089 1.859680 1.859680
WX11027 WX9734 19.821420 13.031010
WX11027 WX11027 19.455540 12.665130
WX11027 WX11091 1.859680 1.859680
WX11029 WX9736 19.821420 13.031010
WX11029 WX11029 19.455540 12.665130
WX11029 WX11093 1.859680 1.859680
WX11031 WX9738 19.821420 13.031010
WX11031 WX11031 19.455540 12.665130
WX11031 WX11095 1.859680 1.859680
WX11033 WX9740 19.821420 13.031010
WX11033 WX11033 19.455540 12.665130
WX11033 WX11097 1.859680 1.859680
WX11035 WX9742 19.821420 13.031010
WX11035 WX11035 19.455540 12.665130
WX11035 WX11099 1.859680 1.859680
WX11037 WX9744 19.821420 13.031010
WX11037 WX11037 19.455540 12.665130
WX11037 WX11101 1.859680 1.859680
WX11039 WX9746 19.821420 13.031010
WX11039 WX11039 19.455540 12.665130
WX11039 WX11103 1.859680 1.859680
WX11041 WX9748 19.821420 13.031010
WX11041 WX11041 19.455540 12.665130
WX11041 WX11105 1.859680 1.859680
WX11043 WX9750 19.821420 13.031010
WX11043 WX11043 19.455540 12.665130
WX11043 WX11107 1.859680 1.859680
WX11045 WX9752 19.821420 13.031010
WX11045 WX11045 19.455540 12.665130
WX11045 WX11109 1.859680 1.859680
WX11047 WX9754 19.821420 13.031010
WX11047 WX11047 19.455540 12.665130
WX11047 WX11111 1.859680 1.859680
WX11049 WX9756 19.821420 13.031010
WX11049 WX11049 19.455540 12.665130
WX11049 WX11113 1.859680 1.859680
WX11051 WX9758 19.821420 13.031010
WX11051 WX11051 19.455540 12.665130
WX11051 WX11115 1.859680 1.859680
WX11053 WX9696 16.306260 11.199970
WX11053 WX10989 15.940380 10.834090
WX11053 WX11117 1.859680 1.859680
WX11055 WX9698 16.306260 11.199970
WX11055 WX10991 15.940380 10.834090
WX11055 WX11119 1.859680 1.859680
WX11057 WX9700 16.306260 11.199970
WX11057 WX10993 15.940380 10.834090
WX11057 WX11121 1.859680 1.859680
WX11059 WX9702 16.306260 11.199970
WX11059 WX10995 15.940380 10.834090
WX11059 WX11123 1.859680 1.859680
WX11061 WX9704 16.306260 11.199970
WX11061 WX10997 15.940380 10.834090
WX11061 WX11125 1.859680 1.859680
WX11063 WX9706 16.306260 11.199970
WX11063 WX10999 15.940380 10.834090
WX11063 WX11127 1.859680 1.859680
WX11065 WX9708 16.306260 11.199970
WX11065 WX11001 15.940380 10.834090
WX11065 WX11129 1.859680 1.859680
WX11067 WX9710 16.306260 11.199970
WX11067 WX11003 15.940380 10.834090
WX11067 WX11131 1.859680 1.859680
WX11069 WX9712 16.306260 11.199970
WX11069 WX11005 15.940380 10.834090
WX11069 WX11133 1.859680 1.859680
WX11071 WX9714 16.306260 11.199970
WX11071 WX11007 15.940380 10.834090
WX11071 WX11135 1.859680 1.859680
WX11073 WX9716 16.306260 11.199970
WX11073 WX11009 15.940380 10.834090
WX11073 WX11137 1.859680 1.859680
WX11075 WX9718 16.306260 11.199970
WX11075 WX11011 15.940380 10.834090
WX11075 WX11139 1.859680 1.859680
WX11077 WX9720 16.306260 11.199970
WX11077 WX11013 15.940380 10.834090
WX11077 WX11141 1.859680 1.859680
WX11079 WX9722 16.306260 11.199970
WX11079 WX11015 15.940380 10.834090
WX11079 WX11143 1.859680 1.859680
WX11081 WX9724 16.306260 11.199970
WX11081 WX11017 15.940380 10.834090
WX11081 WX11145 1.859680 1.859680
WX11083 WX9726 16.306260 11.199970
WX11083 WX11019 15.940380 10.834090
WX11083 WX11147 1.859680 1.859680
WX11085 WX9728 16.306260 11.199970
WX11085 WX11021 15.940380 10.834090
WX11085 WX11149 1.859680 1.859680
WX11087 WX9730 16.306260 11.199970
WX11087 WX11023 15.940380 10.834090
WX11087 WX11151 1.859680 1.859680
WX11089 WX9732 16.306260 11.199970
WX11089 WX11025 15.940380 10.834090
WX11089 WX11153 1.859680 1.859680
WX11091 WX9734 16.306260 11.199970
WX11091 WX11027 15.940380 10.834090
WX11091 WX11155 1.859680 1.859680
WX11093 WX9736 16.306260 11.199970
WX11093 WX11029 15.940380 10.834090
WX11093 WX11157 1.859680 1.859680
WX11095 WX9738 16.306260 11.199970
WX11095 WX11031 15.940380 10.834090
WX11095 WX11159 1.859680 1.859680
WX11097 WX9740 16.306260 11.199970
WX11097 WX11033 15.940380 10.834090
WX11097 WX11161 1.859680 1.859680
WX11099 WX9742 16.306260 11.199970
WX11099 WX11035 15.940380 10.834090
WX11099 WX11163 1.859680 1.859680
WX11101 WX9744 16.306260 11.199970
WX11101 WX11037 15.940380 10.834090
WX11101 WX11165 1.859680 1.859680
WX11103 WX9746 16.306260 11.199970
WX11103 WX11039 15.940380 10.834090
WX11103 WX11167 1.859680 1.859680
WX11105 WX9748 16.306260 11.199970
WX11105 WX11041 15.940380 10.834090
WX11105 WX11169 1.859680 1.859680
WX11107 WX9750 16.306260 11.199970
WX11107 WX11043 15.940380 10.834090
WX11107 WX11171 1.859680 1.859680
WX11109 WX9752 16.306260 11.199970
WX11109 WX11045 15.940380 10.834090
WX11109 WX11173 1.859680 1.859680
WX11111 WX9754 16.306260 11.199970
WX11111 WX11047 15.940380 10.834090
WX11111 WX11175 1.859680 1.859680
WX11113 WX9756 16.306260 11.199970
WX11113 WX11049 15.940380 10.834090
WX11113 WX11177 1.859680 1.859680
WX11115 WX9758 16.306260 11.199970
WX11115 WX11051 15.940380 10.834090
WX11115 WX11179 1.859680 1.859680
WX11117 WX9696 16.306200 10.973460
WX11117 WX10989 15.940320 10.607580
WX11117 WX11181 1.859680 1.859680
WX11119 WX9698 16.306200 10.973460
WX11119 WX10991 15.940320 10.607580
WX11119 WX11183 1.859680 1.859680
WX11121 WX9700 16.306200 10.973460
WX11121 WX10993 15.940320 10.607580
WX11121 WX11185 1.859680 1.859680
WX11123 WX9702 16.306200 10.973460
WX11123 WX10995 15.940320 10.607580
WX11123 WX11187 1.859680 1.859680
WX11125 WX9704 16.306200 10.973460
WX11125 WX10997 15.940320 10.607580
WX11125 WX11189 1.859680 1.859680
WX11127 WX9706 16.306200 10.973460
WX11127 WX10999 15.940320 10.607580
WX11127 WX11191 1.859680 1.859680
WX11129 WX9708 16.306200 10.973460
WX11129 WX11001 15.940320 10.607580
WX11129 WX11193 1.859680 1.859680
WX11131 WX9710 16.306200 10.973460
WX11131 WX11003 15.940320 10.607580
WX11131 WX11195 1.859680 1.859680
WX11133 WX9712 16.306200 10.973460
WX11133 WX11005 15.940320 10.607580
WX11133 WX11197 1.859680 1.859680
WX11135 WX9714 16.306200 10.973460
WX11135 WX11007 15.940320 10.607580
WX11135 WX11199 1.859680 1.859680
WX11137 WX9716 16.306200 10.973460
WX11137 WX11009 15.940320 10.607580
WX11137 WX11201 1.859680 1.859680
WX11139 WX9718 16.306200 10.973460
WX11139 WX11011 15.940320 10.607580
WX11139 WX11203 1.859680 1.859680
WX11141 WX9720 16.306200 10.973460
WX11141 WX11013 15.940320 10.607580
WX11141 WX11205 1.859680 1.859680
WX11143 WX9722 16.306200 10.973460
WX11143 WX11015 15.940320 10.607580
WX11143 WX11207 1.859680 1.859680
WX11145 WX9724 16.306200 10.973460
WX11145 WX11017 15.940320 10.607580
WX11145 WX11209 1.859680 1.859680
WX11147 WX9726 16.306200 10.973460
WX11147 WX11019 15.940320 10.607580
WX11147 WX11211 1.859680 1.859680
WX11149 WX9728 16.306200 10.973460
WX11149 WX11021 15.940320 10.607580
WX11149 WX11213 1.859680 1.859680
WX11151 WX9730 16.306200 10.973460
WX11151 WX11023 15.940320 10.607580
WX11151 WX11215 1.859680 1.859680
WX11153 WX9732 16.306200 10.973460
WX11153 WX11025 15.940320 10.607580
WX11153 WX11217 1.859680 1.859680
WX11155 WX9734 16.306200 10.973460
WX11155 WX11027 15.940320 10.607580
WX11155 WX11219 1.859680 1.859680
WX11157 WX9736 16.306200 10.973460
WX11157 WX11029 15.940320 10.607580
WX11157 WX11221 1.859680 1.859680
WX11159 WX9738 16.306200 10.973460
WX11159 WX11031 15.940320 10.607580
WX11159 WX11223 1.859680 1.859680
WX11161 WX9740 16.306200 10.973460
WX11161 WX11033 15.940320 10.607580
WX11161 WX11225 1.859680 1.859680
WX11163 WX9742 16.306200 10.973460
WX11163 WX11035 15.940320 10.607580
WX11163 WX11227 1.859680 1.859680
WX11165 WX9744 16.306200 10.973460
WX11165 WX11037 15.940320 10.607580
WX11165 WX11229 1.859680 1.859680
WX11167 WX9746 16.306200 10.973460
WX11167 WX11039 15.940320 10.607580
WX11167 WX11231 1.859680 1.859680
WX11169 WX9748 16.306200 10.973460
WX11169 WX11041 15.940320 10.607580
WX11169 WX11233 1.859680 1.859680
WX11171 WX9750 16.306200 10.973460
WX11171 WX11043 15.940320 10.607580
WX11171 WX11235 1.859680 1.859680
WX11173 WX9752 16.306200 10.973460
WX11173 WX11045 15.940320 10.607580
WX11173 WX11237 1.859680 1.859680
WX11175 WX9754 16.306200 10.973460
WX11175 WX11047 15.940320 10.607580
WX11175 WX11239 1.859680 1.859680
WX11177 WX9756 16.306200 10.973460
WX11177 WX11049 15.940320 10.607580
WX11177 WX11241 1.859680 1.859680
WX11179 WX9758 16.306200 10.973460
WX11179 WX11051 15.940320 10.607580
WX11179 WX11243 1.859680 1.859680
WX11181 WX9696 16.127760 10.770360
WX11181 WX10989 15.761880 10.404480
WX11181 [2364] 4.412190 3.275650
WX11183 WX9698 16.127760 10.770360
WX11183 WX10991 15.761880 10.404480
WX11183 [2363] 4.412190 3.275650
WX11185 WX9700 16.127760 10.770360
WX11185 WX10993 15.761880 10.404480
WX11185 [2362] 4.412190 3.275650
WX11187 WX9702 16.127760 10.770360
WX11187 WX10995 15.761880 10.404480
WX11187 [2361] 4.412190 3.275650
WX11189 WX9704 16.127760 10.770360
WX11189 WX10997 15.761880 10.404480
WX11189 [2360] 4.412190 3.275650
WX11191 WX9706 16.127760 10.770360
WX11191 WX10999 15.761880 10.404480
WX11191 [2359] 4.412190 3.275650
WX11193 WX9708 16.127760 10.770360
WX11193 WX11001 15.761880 10.404480
WX11193 [2358] 4.412190 3.275650
WX11195 WX9710 16.127760 10.770360
WX11195 WX11003 15.761880 10.404480
WX11195 [2357] 4.412190 3.275650
WX11197 WX9712 16.127760 10.770360
WX11197 WX11005 15.761880 10.404480
WX11197 [2356] 4.412190 3.275650
WX11199 WX9714 16.127760 10.770360
WX11199 WX11007 15.761880 10.404480
WX11199 [2355] 4.412190 3.275650
WX11201 WX9716 16.127760 10.770360
WX11201 WX11009 15.761880 10.404480
WX11201 [2354] 4.412190 3.275650
WX11203 WX9718 16.127760 10.770360
WX11203 WX11011 15.761880 10.404480
WX11203 [2353] 4.412190 3.275650
WX11205 WX9720 16.127760 10.770360
WX11205 WX11013 15.761880 10.404480
WX11205 [2352] 4.412190 3.275650
WX11207 WX9722 16.127760 10.770360
WX11207 WX11015 15.761880 10.404480
WX11207 [2351] 4.412190 3.275650
WX11209 WX9724 16.127760 10.770360
WX11209 WX11017 15.761880 10.404480
WX11209 [2350] 4.412190 3.275650
WX11211 WX9726 16.127760 10.770360
WX11211 WX11019 15.761880 10.404480
WX11211 [2349] 6.597990 4.283170
WX11213 WX9728 16.127760 10.770360
WX11213 WX11021 15.761880 10.404480
WX11213 [2348] 4.412190 3.275650
WX11215 WX9730 16.127760 10.770360
WX11215 WX11023 15.761880 10.404480
WX11215 [2347] 4.412190 3.275650
WX11217 WX9732 16.127760 10.770360
WX11217 WX11025 15.761880 10.404480
WX11217 [2346] 4.412190 3.275650
WX11219 WX9734 16.127760 10.770360
WX11219 WX11027 15.761880 10.404480
WX11219 [2345] 4.412190 3.275650
WX11221 WX9736 16.127760 10.770360
WX11221 WX11029 15.761880 10.404480
WX11221 [2344] 6.597990 4.283170
WX11223 WX9738 16.127760 10.770360
WX11223 WX11031 15.761880 10.404480
WX11223 [2343] 4.412190 3.275650
WX11225 WX9740 16.127760 10.770360
WX11225 WX11033 15.761880 10.404480
WX11225 [2342] 4.412190 3.275650
WX11227 WX9742 16.127760 10.770360
WX11227 WX11035 15.761880 10.404480
WX11227 [2341] 4.412190 3.275650
WX11229 WX9744 16.127760 10.770360
WX11229 WX11037 15.761880 10.404480
WX11229 [2340] 4.412190 3.275650
WX11231 WX9746 16.127760 10.770360
WX11231 WX11039 15.761880 10.404480
WX11231 [2339] 4.412190 3.275650
WX11233 WX9748 16.127760 10.770360
WX11233 WX11041 15.761880 10.404480
WX11233 [2338] 4.412190 3.275650
WX11235 WX9750 16.127760 10.770360
WX11235 WX11043 15.761880 10.404480
WX11235 [2337] 6.597990 4.283170
WX11237 WX9752 16.127760 10.770360
WX11237 WX11045 15.761880 10.404480
WX11237 [2336] 4.412190 3.275650
WX11239 WX9754 16.127760 10.770360
WX11239 WX11047 15.761880 10.404480
WX11239 [2335] 4.412190 3.275650
WX11241 WX9756 16.127760 10.770360
WX11241 WX11049 15.761880 10.404480
WX11241 [2334] 4.412190 3.275650
WX11243 WX9758 16.127760 10.770360
WX11243 WX11051 15.761880 10.404480
WX11243 [2333] 4.412190 3.275650
[2333] WX11051 4.119120 4.119120
[2333] [2334] 3.624810 2.370720
[2334] WX11049 4.119120 4.119120
[2334] [2335] 3.624810 2.370720
[2335] WX11047 4.119120 4.119120
[2335] [2336] 3.624810 2.370720
[2336] WX11045 4.119120 4.119120
[2336] [2337] 3.741770 2.487800
[2337] WX11043 4.119120 4.119120
[2337] [2338] 3.624810 2.370720
[2338] WX11041 4.119120 4.119120
[2338] [2339] 3.624810 2.370720
[2339] WX11039 4.119120 4.119120
[2339] [2340] 3.624810 2.370720
[2340] WX11037 4.119120 4.119120
[2340] [2341] 3.624810 2.370720
[2341] WX11035 4.119120 4.119120
[2341] [2342] 3.624810 2.370720
[2342] WX11033 4.119120 4.119120
[2342] [2343] 3.624810 2.370720
[2343] WX11031 4.119120 4.119120
[2343] [2344] 3.741770 2.487800
[2344] WX11029 4.119120 4.119120
[2344] [2345] 3.624810 2.370720
[2345] WX11027 4.119120 4.119120
[2345] [2346] 3.624810 2.370720
[2346] WX11025 4.119120 4.119120
[2346] [2347] 3.624810 2.370720
[2347] WX11023 4.119120 4.119120
[2347] [2348] 3.624810 2.370720
[2348] WX11021 4.119120 4.119120
[2348] [2349] 3.741770 2.487800
[2349] WX11019 4.119120 4.119120
[2349] [2350] 3.624810 2.370720
[2350] WX11017 4.119120 4.119120
[2350] [2351] 3.624810 2.370720
[2351] WX11015 4.119120 4.119120
[2351] [2352] 3.624810 2.370720
[2352] WX11013 4.119120 4.119120
[2352] [2353] 3.624810 2.370720
[2353] WX11011 4.119120 4.119120
[2353] [2354] 3.624810 2.370720
[2354] WX11009 4.119120 4.119120
[2354] [2355] 3.624810 2.370720
[2355] WX11007 4.119120 4.119120
[2355] [2356] 3.624810 2.370720
[2356] WX11005 4.119120 4.119120
[2356] [2357] 3.624810 2.370720
[2357] WX11003 4.119120 4.119120
[2357] [2358] 3.624810 2.370720
[2358] WX11001 4.119120 4.119120
[2358] [2359] 3.624810 2.370720
[2359] WX10999 4.119120 4.119120
[2359] [2360] 3.624810 2.370720
[2360] WX10997 4.119120 4.119120
[2360] [2361] 3.624810 2.370720
[2361] WX10995 4.119120 4.119120
[2361] [2362] 3.624810 2.370720
[2362] WX10993 4.119120 4.119120
[2362] [2363] 3.624810 2.370720
[2363] WX10991 4.119120 4.119120
[2363] [2364] 3.624810 2.370720
[2364] WX10989 4.119120 4.119120
[2364] [2333] 3.624810 2.370720
[2364] [2337] 8.261930 5.224710
[2364] [2344] 8.261930 5.224710
[2364] [2349] 8.261930 5.224710
