Network ../DATA/s38417.bench
latch latch max_delay min_delay
INPUT latch max_delay min_delay
latch OUTPUT max_delay min_delay
INPUT g2814 0.499980 0.499980
INPUT g2817 1.197620 1.197620
INPUT g2933 1.197620 1.197620
INPUT g2950 1.697600 1.697600
INPUT g3043 10.534560 6.535680
INPUT g3044 10.631140 6.535680
INPUT g3045 10.534560 6.535680
INPUT g3046 10.631140 6.535680
INPUT g3047 10.534560 6.535680
INPUT g3048 10.631140 6.535680
INPUT g3049 10.647260 6.535680
INPUT g3050 10.743840 6.535680
INPUT g3051 20.343420 11.049600
INPUT g3052 13.135840 8.601250
INPUT g3053 13.215040 8.601250
INPUT g3055 13.135840 8.601250
INPUT g3056 13.215040 8.601250
INPUT g3057 13.135840 8.601250
INPUT g3058 13.215040 8.601250
INPUT g3059 13.258020 8.601250
INPUT g3060 13.337220 8.601250
INPUT g3061 22.927320 13.550770
INPUT g3062 13.135840 8.601250
INPUT g3063 13.215040 8.601250
INPUT g3064 13.135840 8.601250
INPUT g3065 13.215040 8.601250
INPUT g3066 13.135840 8.601250
INPUT g3067 13.215040 8.601250
INPUT g3068 13.258020 8.601250
INPUT g3069 13.337220 8.601250
INPUT g3070 22.927320 13.550770
INPUT g3071 13.135840 8.601250
INPUT g3072 13.215040 8.601250
INPUT g3073 13.135840 8.601250
INPUT g3074 13.215040 8.601250
INPUT g3075 13.135840 8.601250
INPUT g3076 13.215040 8.601250
INPUT g3077 13.258020 8.601250
INPUT g3078 13.337220 8.601250
INPUT g2997 22.927320 13.550770
INPUT g2934 0.499980 0.499980
INPUT g2874 0.499980 0.499980
INPUT g2981 0.499980 0.499980
INPUT g2978 0.499980 0.499980
INPUT g2975 0.499980 0.499980
INPUT g2972 0.499980 0.499980
INPUT g2969 0.499980 0.499980
INPUT g2966 0.499980 0.499980
INPUT g2963 0.499980 0.499980
INPUT g2959 0.499980 0.499980
INPUT g2956 0.499980 0.499980
INPUT g2953 0.499980 0.499980
INPUT g2947 0.499980 0.499980
INPUT g2944 0.499980 0.499980
INPUT g2941 0.499980 0.499980
INPUT g2938 0.499980 0.499980
INPUT g2935 0.499980 0.499980
INPUT g354 13.419050 4.179150
INPUT g343 13.419050 4.179150
INPUT g346 13.419050 4.179150
INPUT g369 5.049070 4.703820
INPUT g358 5.049070 4.703820
INPUT g361 5.049070 4.703820
INPUT g384 12.762710 4.703360
INPUT g373 12.762710 4.703360
INPUT g376 12.762710 4.703360
INPUT g398 12.562780 3.085240
INPUT g388 12.562780 3.085240
INPUT g391 12.562780 3.085240
INPUT g576 13.419050 4.179150
INPUT g577 13.419050 4.179150
INPUT g575 13.419050 4.179150
INPUT g579 4.504780 3.952170
INPUT g580 4.504780 3.952170
INPUT g578 4.504780 3.952170
INPUT g582 11.612420 5.138680
INPUT g583 11.612420 5.138680
INPUT g581 11.612420 5.138680
INPUT g585 12.562780 3.085240
INPUT g586 12.562780 3.085240
INPUT g584 12.562780 3.085240
INPUT g538 9.452100 1.707620
INPUT g1041 13.419050 4.179150
INPUT g1030 13.419050 4.179150
INPUT g1033 13.419050 4.179150
INPUT g1056 5.049070 4.703820
INPUT g1045 5.049070 4.703820
INPUT g1048 5.049070 4.703820
INPUT g1071 12.762710 4.703360
INPUT g1060 12.762710 4.703360
INPUT g1063 12.762710 4.703360
INPUT g1085 12.562780 3.085240
INPUT g1075 12.562780 3.085240
INPUT g1078 12.562780 3.085240
INPUT g1262 13.419050 4.179150
INPUT g1263 13.419050 4.179150
INPUT g1261 13.419050 4.179150
INPUT g1265 4.504780 3.952170
INPUT g1266 4.504780 3.952170
INPUT g1264 4.504780 3.952170
INPUT g1268 11.612420 5.138680
INPUT g1269 11.612420 5.138680
INPUT g1267 11.612420 5.138680
INPUT g1271 12.562780 3.085240
INPUT g1272 12.562780 3.085240
INPUT g1270 12.562780 3.085240
INPUT g1224 9.452100 1.707620
INPUT g1735 13.419050 4.179150
INPUT g1724 13.419050 4.179150
INPUT g1727 13.419050 4.179150
INPUT g1750 5.049070 4.703820
INPUT g1739 5.049070 4.703820
INPUT g1742 5.049070 4.703820
INPUT g1765 12.762710 4.703360
INPUT g1754 12.762710 4.703360
INPUT g1757 12.762710 4.703360
INPUT g1779 12.562780 3.085240
INPUT g1769 12.562780 3.085240
INPUT g1772 12.562780 3.085240
INPUT g1956 13.419050 4.179150
INPUT g1957 13.419050 4.179150
INPUT g1955 13.419050 4.179150
INPUT g1959 4.504780 3.952170
INPUT g1960 4.504780 3.952170
INPUT g1958 4.504780 3.952170
INPUT g1962 11.612420 5.138680
INPUT g1963 11.612420 5.138680
INPUT g1961 11.612420 5.138680
INPUT g1965 12.562780 3.085240
INPUT g1966 12.562780 3.085240
INPUT g1964 12.562780 3.085240
INPUT g1918 9.452100 1.707620
INPUT g2429 13.419050 4.179150
INPUT g2418 13.419050 4.179150
INPUT g2421 13.419050 4.179150
INPUT g2444 5.049070 4.703820
INPUT g2433 5.049070 4.703820
INPUT g2436 5.049070 4.703820
INPUT g2459 12.762710 4.703360
INPUT g2448 12.762710 4.703360
INPUT g2451 12.762710 4.703360
INPUT g2473 12.562780 3.085240
INPUT g2463 12.562780 3.085240
INPUT g2466 12.562780 3.085240
INPUT g2650 13.419050 4.179150
INPUT g2651 13.419050 4.179150
INPUT g2649 13.419050 4.179150
INPUT g2653 4.504780 3.952170
INPUT g2654 4.504780 3.952170
INPUT g2652 4.504780 3.952170
INPUT g2656 11.612420 5.138680
INPUT g2657 11.612420 5.138680
INPUT g2655 11.612420 5.138680
INPUT g2659 12.562780 3.085240
INPUT g2660 12.562780 3.085240
INPUT g2658 12.562780 3.085240
INPUT g2612 9.452100 1.707620
INPUT g3051 13.742140 5.215200
INPUT g3061 13.742140 5.215200
INPUT g3070 13.742140 5.215200
INPUT g2997 13.742140 5.215200
INPUT g3191 6.664660 5.952090
INPUT g3194 7.967060 7.009280
INPUT g3197 8.380150 7.423380
INPUT g3198 7.967060 7.009280
INPUT g3201 7.712340 7.009280
INPUT g3204 6.712230 5.315750
INPUT g3207 6.505180 4.918820
INPUT g3188 8.125430 7.423380
INPUT g3133 8.625410 7.923360
INPUT g3128 7.212210 5.815730
INPUT g3125 8.880130 7.923360
INPUT g3123 7.164640 6.452070
INPUT OUTPUT 6.164680 5.452110
INPUT OUTPUT 7.467080 6.509300
INPUT OUTPUT 7.880170 6.923400
INPUT OUTPUT 7.467080 6.509300
INPUT OUTPUT 6.005200 4.418840
INPUT OUTPUT 6.212250 4.815770
INPUT OUTPUT 7.212360 6.509300
INPUT OUTPUT 7.625450 6.923400
INPUT g2877 7.302180 6.024530
INPUT g2830 7.392180 6.114530
INPUT g2858 7.392180 6.114530
INPUT g2878 7.302180 6.024530
INPUT g26 5.940080 4.661490
INPUT g1 5.940080 4.661490
INPUT g2962 0.499980 0.499980
INPUT g3191 6.034280 5.321710
INPUT g3194 7.336680 6.378900
INPUT g3197 7.749770 6.793000
INPUT g3198 7.336680 6.378900
INPUT g3201 7.081960 6.378900
INPUT g3204 6.081850 4.685370
INPUT g3207 5.874800 4.288440
INPUT g3188 7.495050 6.793000
INPUT g3133 7.995030 7.292980
INPUT g3128 6.581830 5.185350
INPUT g3125 8.249750 7.292980
INPUT g3123 6.534260 5.821690
INPUT OUTPUT 5.534300 4.821730
INPUT OUTPUT 6.836700 5.878920
INPUT OUTPUT 7.249790 6.293020
INPUT OUTPUT 6.836700 5.878920
INPUT OUTPUT 5.374820 3.788460
INPUT OUTPUT 5.581870 4.185390
INPUT OUTPUT 6.581980 5.878920
INPUT OUTPUT 6.995070 6.293020
INPUT g3054 1.197620 1.197620
INPUT g3079 1.197620 1.197620
INPUT g3080 1.697600 1.697600
INPUT g2993 8.314980 1.537620
INPUT g2998 7.994950 2.263880
INPUT g3006 6.338820 6.338820
INPUT g3002 6.338820 6.338820
INPUT g3013 6.338820 6.338820
INPUT g3010 6.338820 6.338820
INPUT g3024 6.338820 6.338820
INPUT g3018 2.951470 2.951470
INPUT g3028 3.970160 3.970160
INPUT g3036 3.970160 3.970160
INPUT g3032 3.970160 3.970160
INPUT g3040 0.499980 0.499980
g2814 g2883 6.094170 6.094170
g2814 g2888 5.449570 5.449570
g2814 g2896 5.449570 5.449570
g2814 g2892 5.449570 5.449570
g2814 g2903 5.449570 5.449570
g2814 g2900 5.449570 5.449570
g2814 g2908 5.449570 5.449570
g2814 g2912 2.951470 2.951470
g2814 g2917 3.970160 3.970160
g2814 g2924 3.970160 3.970160
g2814 g2920 3.970160 3.970160
g2814 g2929 0.499980 0.499980
g2814 g2879 2.415390 2.415390
g2814 OUTPUT 0.000000 0.000000
g2817 g2933 1.859680 1.859680
g2933 g2950 1.867600 1.867600
g2950 g2817 2.241820 2.241820
g2950 g2883 10.504450 2.501150
g2950 g2888 9.859850 4.079190
g2950 g2896 9.859850 6.215850
g2950 g2892 9.859850 8.352510
g2950 g2903 11.232090 9.859850
g2950 g2900 13.352350 9.859850
g2950 g2908 15.367860 9.859850
g2950 g2912 9.548320 7.452070
g2950 g2917 10.567010 9.765560
g2950 g2924 12.628740 10.567010
g2950 g2920 14.644250 10.567010
g2950 g138 0.499980 0.499980
g2883 g2883 9.190250 1.847010
g2883 g2888 8.545650 3.902200
g2883 g2896 8.545650 6.038860
g2883 g2892 8.918440 8.175520
g2883 g2903 11.055100 8.545650
g2883 g2900 13.175360 8.545650
g2883 g2908 15.190870 8.545650
g2883 g2912 8.234120 6.137870
g2883 g2917 9.252810 8.451360
g2883 g2924 11.314540 9.252810
g2883 g2920 13.330050 9.252810
g2883 g169 23.837110 16.599590
g2883 g170 23.837110 16.599590
g2883 g168 23.837110 16.599590
g2883 g172 23.837110 16.599590
g2883 g173 23.837110 16.599590
g2883 g171 23.837110 16.599590
g2883 g175 23.837110 16.599590
g2883 g176 23.837110 16.599590
g2883 g174 23.837110 16.599590
g2883 g178 24.721750 24.077710
g2883 g179 24.986050 24.172010
g2883 g177 24.986050 24.172010
g2883 g180 21.903570 21.903570
g2883 g857 23.837110 16.599590
g2883 g858 23.837110 16.599590
g2883 g856 23.837110 16.599590
g2883 g860 23.837110 16.599590
g2883 g861 23.837110 16.599590
g2883 g859 23.837110 16.599590
g2883 g863 23.837110 16.599590
g2883 g864 23.837110 16.599590
g2883 g862 23.837110 16.599590
g2883 g866 24.721750 24.077710
g2883 g867 24.986050 24.172010
g2883 g865 24.986050 24.172010
g2883 g1551 23.837110 16.599590
g2883 g1552 23.837110 16.599590
g2883 g1550 23.837110 16.599590
g2883 g1554 23.837110 16.599590
g2883 g1555 23.837110 16.599590
g2883 g1553 23.837110 16.599590
g2883 g1557 23.837110 16.599590
g2883 g1558 23.837110 16.599590
g2883 g1556 23.837110 16.599590
g2883 g1560 24.721750 24.077710
g2883 g1561 24.986050 24.172010
g2883 g1559 24.986050 24.172010
g2883 g2245 23.837110 16.599590
g2883 g2246 23.837110 16.599590
g2883 g2244 23.837110 16.599590
g2883 g2248 23.837110 16.599590
g2883 g2249 23.837110 16.599590
g2883 g2247 23.837110 16.599590
g2883 g2251 23.837110 16.599590
g2883 g2252 23.837110 16.599590
g2883 g2250 23.837110 16.599590
g2883 g2254 24.721750 24.077710
g2883 g2255 24.986050 24.172010
g2883 g2253 24.986050 24.172010
g2888 g2883 10.730410 10.730410
g2888 g2888 10.085810 2.136980
g2888 g2896 10.085810 4.079190
g2888 g2892 10.085810 6.215850
g2888 g2903 10.085810 8.352510
g2888 g2900 11.215690 10.085810
g2888 g2908 13.231200 10.085810
g2888 g2912 9.774280 7.678030
g2888 g2917 10.792970 9.991520
g2888 g2924 12.854700 10.792970
g2888 g2920 14.870210 10.792970
g2888 g169 24.733200 17.495680
g2888 g170 24.733200 17.495680
g2888 g168 24.733200 17.495680
g2888 g172 24.733200 17.495680
g2888 g173 24.733200 17.495680
g2888 g171 24.733200 17.495680
g2888 g175 24.733200 17.495680
g2888 g176 24.733200 17.495680
g2888 g174 24.733200 17.495680
g2888 g178 25.617840 24.973800
g2888 g179 25.882140 25.068100
g2888 g177 25.882140 25.068100
g2888 g180 22.799660 22.799660
g2888 g857 24.733200 17.495680
g2888 g858 24.733200 17.495680
g2888 g856 24.733200 17.495680
g2888 g860 24.733200 17.495680
g2888 g861 24.733200 17.495680
g2888 g859 24.733200 17.495680
g2888 g863 24.733200 17.495680
g2888 g864 24.733200 17.495680
g2888 g862 24.733200 17.495680
g2888 g866 25.617840 24.973800
g2888 g867 25.882140 25.068100
g2888 g865 25.882140 25.068100
g2888 g1551 24.733200 17.495680
g2888 g1552 24.733200 17.495680
g2888 g1550 24.733200 17.495680
g2888 g1554 24.733200 17.495680
g2888 g1555 24.733200 17.495680
g2888 g1553 24.733200 17.495680
g2888 g1557 24.733200 17.495680
g2888 g1558 24.733200 17.495680
g2888 g1556 24.733200 17.495680
g2888 g1560 25.617840 24.973800
g2888 g1561 25.882140 25.068100
g2888 g1559 25.882140 25.068100
g2888 g2245 24.733200 17.495680
g2888 g2246 24.733200 17.495680
g2888 g2244 24.733200 17.495680
g2888 g2248 24.733200 17.495680
g2888 g2249 24.733200 17.495680
g2888 g2247 24.733200 17.495680
g2888 g2251 24.733200 17.495680
g2888 g2252 24.733200 17.495680
g2888 g2250 24.733200 17.495680
g2888 g2254 25.617840 24.973800
g2888 g2255 25.882140 25.068100
g2888 g2253 25.882140 25.068100
g2896 g2883 9.891280 9.891280
g2896 g2888 9.246680 9.246680
g2896 g2896 9.246680 2.136980
g2896 g2892 9.246680 4.079190
g2896 g2903 9.246680 6.215850
g2896 g2900 9.246680 8.336110
g2896 g2908 11.094540 9.246680
g2896 g2912 8.935150 6.838900
g2896 g2917 9.953840 9.152390
g2896 g2924 12.015570 9.953840
g2896 g2920 14.031080 9.953840
g2896 g169 31.306480 24.068960
g2896 g170 31.306480 24.068960
g2896 g168 31.306480 24.068960
g2896 g172 31.306480 24.068960
g2896 g173 31.306480 24.068960
g2896 g171 31.306480 24.068960
g2896 g175 31.306480 24.068960
g2896 g176 31.306480 24.068960
g2896 g174 31.306480 24.068960
g2896 g178 32.191120 31.547080
g2896 g179 32.455420 31.641380
g2896 g177 32.455420 31.641380
g2896 g92 12.135400 8.737100
g2896 g88 13.194360 11.965400
g2896 g83 15.331020 11.965400
g2896 g79 17.467680 11.965400
g2896 g74 19.604340 11.965400
g2896 g70 21.741000 11.965400
g2896 g65 23.877660 11.965400
g2896 g61 26.014320 11.965400
g2896 g56 28.134580 11.965400
g2896 g52 30.111910 11.965400
g2896 g180 29.372940 29.372940
g2896 g354 15.499250 13.451310
g2896 g343 15.499250 13.451310
g2896 g346 15.499250 13.451310
g2896 g369 15.499250 13.451310
g2896 g358 15.499250 13.451310
g2896 g361 15.499250 13.451310
g2896 g384 15.499250 13.451310
g2896 g373 15.499250 13.451310
g2896 g376 15.499250 13.451310
g2896 g398 15.499250 13.451310
g2896 g388 15.499250 13.451310
g2896 g391 15.499250 13.451310
g2896 g298 14.439810 10.231990
g2896 g857 31.306480 24.068960
g2896 g858 31.306480 24.068960
g2896 g856 31.306480 24.068960
g2896 g860 31.306480 24.068960
g2896 g861 31.306480 24.068960
g2896 g859 31.306480 24.068960
g2896 g863 31.306480 24.068960
g2896 g864 31.306480 24.068960
g2896 g862 31.306480 24.068960
g2896 g866 32.191120 31.547080
g2896 g867 32.455420 31.641380
g2896 g865 32.455420 31.641380
g2896 g780 12.135400 8.737100
g2896 g776 13.194360 11.965400
g2896 g771 15.331020 11.965400
g2896 g767 17.467680 11.965400
g2896 g762 19.604340 11.965400
g2896 g758 21.741000 11.965400
g2896 g753 23.877660 11.965400
g2896 g749 26.014320 11.965400
g2896 g744 28.134580 11.965400
g2896 g740 30.111910 11.965400
g2896 g1041 15.499250 13.451310
g2896 g1030 15.499250 13.451310
g2896 g1033 15.499250 13.451310
g2896 g1056 15.499250 13.451310
g2896 g1045 15.499250 13.451310
g2896 g1048 15.499250 13.451310
g2896 g1071 15.499250 13.451310
g2896 g1060 15.499250 13.451310
g2896 g1063 15.499250 13.451310
g2896 g1085 15.499250 13.451310
g2896 g1075 15.499250 13.451310
g2896 g1078 15.499250 13.451310
g2896 g985 14.439810 10.231990
g2896 g1551 31.306480 24.068960
g2896 g1552 31.306480 24.068960
g2896 g1550 31.306480 24.068960
g2896 g1554 31.306480 24.068960
g2896 g1555 31.306480 24.068960
g2896 g1553 31.306480 24.068960
g2896 g1557 31.306480 24.068960
g2896 g1558 31.306480 24.068960
g2896 g1556 31.306480 24.068960
g2896 g1560 32.191120 31.547080
g2896 g1561 32.455420 31.641380
g2896 g1559 32.455420 31.641380
g2896 g1466 12.135400 8.737100
g2896 g1462 13.194360 11.965400
g2896 g1457 15.331020 11.965400
g2896 g1453 17.467680 11.965400
g2896 g1448 19.604340 11.965400
g2896 g1444 21.741000 11.965400
g2896 g1439 23.877660 11.965400
g2896 g1435 26.014320 11.965400
g2896 g1430 28.134580 11.965400
g2896 g1426 30.111910 11.965400
g2896 g1735 15.499250 13.451310
g2896 g1724 15.499250 13.451310
g2896 g1727 15.499250 13.451310
g2896 g1750 15.499250 13.451310
g2896 g1739 15.499250 13.451310
g2896 g1742 15.499250 13.451310
g2896 g1765 15.499250 13.451310
g2896 g1754 15.499250 13.451310
g2896 g1757 15.499250 13.451310
g2896 g1779 15.499250 13.451310
g2896 g1769 15.499250 13.451310
g2896 g1772 15.499250 13.451310
g2896 g1679 14.439810 10.231990
g2896 g2245 31.306480 24.068960
g2896 g2246 31.306480 24.068960
g2896 g2244 31.306480 24.068960
g2896 g2248 31.306480 24.068960
g2896 g2249 31.306480 24.068960
g2896 g2247 31.306480 24.068960
g2896 g2251 31.306480 24.068960
g2896 g2252 31.306480 24.068960
g2896 g2250 31.306480 24.068960
g2896 g2254 32.191120 31.547080
g2896 g2255 32.455420 31.641380
g2896 g2253 32.455420 31.641380
g2896 g2160 12.135400 8.737100
g2896 g2156 13.194360 11.965400
g2896 g2151 15.331020 11.965400
g2896 g2147 17.467680 11.965400
g2896 g2142 19.604340 11.965400
g2896 g2138 21.741000 11.965400
g2896 g2133 23.877660 11.965400
g2896 g2129 26.014320 11.965400
g2896 g2124 28.134580 11.965400
g2896 g2120 30.111910 11.965400
g2896 g2429 15.499250 13.451310
g2896 g2418 15.499250 13.451310
g2896 g2421 15.499250 13.451310
g2896 g2444 15.499250 13.451310
g2896 g2433 15.499250 13.451310
g2896 g2436 15.499250 13.451310
g2896 g2459 15.499250 13.451310
g2896 g2448 15.499250 13.451310
g2896 g2451 15.499250 13.451310
g2896 g2473 15.499250 13.451310
g2896 g2463 15.499250 13.451310
g2896 g2466 15.499250 13.451310
g2896 g2373 14.439810 10.231990
g2892 g2883 7.721520 7.721520
g2892 g2888 7.076920 7.076920
g2892 g2896 7.076920 7.076920
g2892 g2892 7.076920 2.136980
g2892 g2903 7.076920 4.079190
g2892 g2900 7.076920 6.199450
g2892 g2908 8.957880 7.076920
g2892 g2912 6.765390 4.669140
g2892 g2917 7.784080 6.982630
g2892 g2924 9.845810 7.784080
g2892 g2920 11.861320 7.784080
g2892 g169 31.046480 23.808960
g2892 g170 31.046480 23.808960
g2892 g168 31.046480 23.808960
g2892 g172 31.046480 23.808960
g2892 g173 31.046480 23.808960
g2892 g171 31.046480 23.808960
g2892 g175 31.046480 23.808960
g2892 g176 31.046480 23.808960
g2892 g174 31.046480 23.808960
g2892 g178 31.931120 31.287080
g2892 g179 32.195420 31.381380
g2892 g177 32.195420 31.381380
g2892 g92 11.875400 8.477100
g2892 g88 12.934360 11.705400
g2892 g83 15.071020 11.705400
g2892 g79 17.207680 11.705400
g2892 g74 19.344340 11.705400
g2892 g70 21.481000 11.705400
g2892 g65 23.617660 11.705400
g2892 g61 25.754320 11.705400
g2892 g56 27.874580 11.705400
g2892 g52 29.851910 11.705400
g2892 g180 29.112940 29.112940
g2892 g354 15.239250 13.191310
g2892 g343 15.239250 13.191310
g2892 g346 15.239250 13.191310
g2892 g369 15.239250 13.191310
g2892 g358 15.239250 13.191310
g2892 g361 15.239250 13.191310
g2892 g384 15.239250 13.191310
g2892 g373 15.239250 13.191310
g2892 g376 15.239250 13.191310
g2892 g398 15.239250 13.191310
g2892 g388 15.239250 13.191310
g2892 g391 15.239250 13.191310
g2892 g298 14.179810 9.971990
g2892 g857 31.046480 23.808960
g2892 g858 31.046480 23.808960
g2892 g856 31.046480 23.808960
g2892 g860 31.046480 23.808960
g2892 g861 31.046480 23.808960
g2892 g859 31.046480 23.808960
g2892 g863 31.046480 23.808960
g2892 g864 31.046480 23.808960
g2892 g862 31.046480 23.808960
g2892 g866 31.931120 31.287080
g2892 g867 32.195420 31.381380
g2892 g865 32.195420 31.381380
g2892 g780 11.875400 8.477100
g2892 g776 12.934360 11.705400
g2892 g771 15.071020 11.705400
g2892 g767 17.207680 11.705400
g2892 g762 19.344340 11.705400
g2892 g758 21.481000 11.705400
g2892 g753 23.617660 11.705400
g2892 g749 25.754320 11.705400
g2892 g744 27.874580 11.705400
g2892 g740 29.851910 11.705400
g2892 g1041 15.239250 13.191310
g2892 g1030 15.239250 13.191310
g2892 g1033 15.239250 13.191310
g2892 g1056 15.239250 13.191310
g2892 g1045 15.239250 13.191310
g2892 g1048 15.239250 13.191310
g2892 g1071 15.239250 13.191310
g2892 g1060 15.239250 13.191310
g2892 g1063 15.239250 13.191310
g2892 g1085 15.239250 13.191310
g2892 g1075 15.239250 13.191310
g2892 g1078 15.239250 13.191310
g2892 g985 14.179810 9.971990
g2892 g1551 31.046480 23.808960
g2892 g1552 31.046480 23.808960
g2892 g1550 31.046480 23.808960
g2892 g1554 31.046480 23.808960
g2892 g1555 31.046480 23.808960
g2892 g1553 31.046480 23.808960
g2892 g1557 31.046480 23.808960
g2892 g1558 31.046480 23.808960
g2892 g1556 31.046480 23.808960
g2892 g1560 31.931120 31.287080
g2892 g1561 32.195420 31.381380
g2892 g1559 32.195420 31.381380
g2892 g1466 11.875400 8.477100
g2892 g1462 12.934360 11.705400
g2892 g1457 15.071020 11.705400
g2892 g1453 17.207680 11.705400
g2892 g1448 19.344340 11.705400
g2892 g1444 21.481000 11.705400
g2892 g1439 23.617660 11.705400
g2892 g1435 25.754320 11.705400
g2892 g1430 27.874580 11.705400
g2892 g1426 29.851910 11.705400
g2892 g1735 15.239250 13.191310
g2892 g1724 15.239250 13.191310
g2892 g1727 15.239250 13.191310
g2892 g1750 15.239250 13.191310
g2892 g1739 15.239250 13.191310
g2892 g1742 15.239250 13.191310
g2892 g1765 15.239250 13.191310
g2892 g1754 15.239250 13.191310
g2892 g1757 15.239250 13.191310
g2892 g1779 15.239250 13.191310
g2892 g1769 15.239250 13.191310
g2892 g1772 15.239250 13.191310
g2892 g1679 14.179810 9.971990
g2892 g2245 31.046480 23.808960
g2892 g2246 31.046480 23.808960
g2892 g2244 31.046480 23.808960
g2892 g2248 31.046480 23.808960
g2892 g2249 31.046480 23.808960
g2892 g2247 31.046480 23.808960
g2892 g2251 31.046480 23.808960
g2892 g2252 31.046480 23.808960
g2892 g2250 31.046480 23.808960
g2892 g2254 31.931120 31.287080
g2892 g2255 32.195420 31.381380
g2892 g2253 32.195420 31.381380
g2892 g2160 11.875400 8.477100
g2892 g2156 12.934360 11.705400
g2892 g2151 15.071020 11.705400
g2892 g2147 17.207680 11.705400
g2892 g2142 19.344340 11.705400
g2892 g2138 21.481000 11.705400
g2892 g2133 23.617660 11.705400
g2892 g2129 25.754320 11.705400
g2892 g2124 27.874580 11.705400
g2892 g2120 29.851910 11.705400
g2892 g2429 15.239250 13.191310
g2892 g2418 15.239250 13.191310
g2892 g2421 15.239250 13.191310
g2892 g2444 15.239250 13.191310
g2892 g2433 15.239250 13.191310
g2892 g2436 15.239250 13.191310
g2892 g2459 15.239250 13.191310
g2892 g2448 15.239250 13.191310
g2892 g2451 15.239250 13.191310
g2892 g2473 15.239250 13.191310
g2892 g2463 15.239250 13.191310
g2892 g2466 15.239250 13.191310
g2892 g2373 14.179810 9.971990
g2903 g2883 7.481520 7.481520
g2903 g2888 6.836920 6.836920
g2903 g2896 6.836920 6.836920
g2903 g2892 6.836920 6.836920
g2903 g2903 6.836920 2.136980
g2903 g2900 6.836920 4.062830
g2903 g2908 6.836920 6.821260
g2903 g2912 6.525390 4.429140
g2903 g2917 7.544080 6.742630
g2903 g2924 9.605810 7.544080
g2903 g2920 11.621320 7.544080
g2903 g169 31.367480 24.129960
g2903 g170 31.367480 24.129960
g2903 g168 31.367480 24.129960
g2903 g172 31.367480 24.129960
g2903 g173 31.367480 24.129960
g2903 g171 31.367480 24.129960
g2903 g175 31.367480 24.129960
g2903 g176 31.367480 24.129960
g2903 g174 31.367480 24.129960
g2903 g178 32.252120 31.608080
g2903 g179 32.516420 31.702380
g2903 g177 32.516420 31.702380
g2903 g92 12.196400 8.798100
g2903 g88 13.255360 12.026400
g2903 g83 15.392020 12.026400
g2903 g79 17.528680 12.026400
g2903 g74 19.665340 12.026400
g2903 g70 21.802000 12.026400
g2903 g65 23.938660 12.026400
g2903 g61 26.075320 12.026400
g2903 g56 28.195580 12.026400
g2903 g52 30.172910 12.026400
g2903 g180 29.433940 29.433940
g2903 g354 15.560250 13.512310
g2903 g343 15.560250 13.512310
g2903 g346 15.560250 13.512310
g2903 g369 15.560250 13.512310
g2903 g358 15.560250 13.512310
g2903 g361 15.560250 13.512310
g2903 g384 15.560250 13.512310
g2903 g373 15.560250 13.512310
g2903 g376 15.560250 13.512310
g2903 g398 15.560250 13.512310
g2903 g388 15.560250 13.512310
g2903 g391 15.560250 13.512310
g2903 g298 14.500810 10.292990
g2903 g857 31.367480 24.129960
g2903 g858 31.367480 24.129960
g2903 g856 31.367480 24.129960
g2903 g860 31.367480 24.129960
g2903 g861 31.367480 24.129960
g2903 g859 31.367480 24.129960
g2903 g863 31.367480 24.129960
g2903 g864 31.367480 24.129960
g2903 g862 31.367480 24.129960
g2903 g866 32.252120 31.608080
g2903 g867 32.516420 31.702380
g2903 g865 32.516420 31.702380
g2903 g780 12.196400 8.798100
g2903 g776 13.255360 12.026400
g2903 g771 15.392020 12.026400
g2903 g767 17.528680 12.026400
g2903 g762 19.665340 12.026400
g2903 g758 21.802000 12.026400
g2903 g753 23.938660 12.026400
g2903 g749 26.075320 12.026400
g2903 g744 28.195580 12.026400
g2903 g740 30.172910 12.026400
g2903 g1041 15.560250 13.512310
g2903 g1030 15.560250 13.512310
g2903 g1033 15.560250 13.512310
g2903 g1056 15.560250 13.512310
g2903 g1045 15.560250 13.512310
g2903 g1048 15.560250 13.512310
g2903 g1071 15.560250 13.512310
g2903 g1060 15.560250 13.512310
g2903 g1063 15.560250 13.512310
g2903 g1085 15.560250 13.512310
g2903 g1075 15.560250 13.512310
g2903 g1078 15.560250 13.512310
g2903 g985 14.500810 10.292990
g2903 g1551 31.367480 24.129960
g2903 g1552 31.367480 24.129960
g2903 g1550 31.367480 24.129960
g2903 g1554 31.367480 24.129960
g2903 g1555 31.367480 24.129960
g2903 g1553 31.367480 24.129960
g2903 g1557 31.367480 24.129960
g2903 g1558 31.367480 24.129960
g2903 g1556 31.367480 24.129960
g2903 g1560 32.252120 31.608080
g2903 g1561 32.516420 31.702380
g2903 g1559 32.516420 31.702380
g2903 g1466 12.196400 8.798100
g2903 g1462 13.255360 12.026400
g2903 g1457 15.392020 12.026400
g2903 g1453 17.528680 12.026400
g2903 g1448 19.665340 12.026400
g2903 g1444 21.802000 12.026400
g2903 g1439 23.938660 12.026400
g2903 g1435 26.075320 12.026400
g2903 g1430 28.195580 12.026400
g2903 g1426 30.172910 12.026400
g2903 g1735 15.560250 13.512310
g2903 g1724 15.560250 13.512310
g2903 g1727 15.560250 13.512310
g2903 g1750 15.560250 13.512310
g2903 g1739 15.560250 13.512310
g2903 g1742 15.560250 13.512310
g2903 g1765 15.560250 13.512310
g2903 g1754 15.560250 13.512310
g2903 g1757 15.560250 13.512310
g2903 g1779 15.560250 13.512310
g2903 g1769 15.560250 13.512310
g2903 g1772 15.560250 13.512310
g2903 g1679 14.500810 10.292990
g2903 g2245 31.367480 24.129960
g2903 g2246 31.367480 24.129960
g2903 g2244 31.367480 24.129960
g2903 g2248 31.367480 24.129960
g2903 g2249 31.367480 24.129960
g2903 g2247 31.367480 24.129960
g2903 g2251 31.367480 24.129960
g2903 g2252 31.367480 24.129960
g2903 g2250 31.367480 24.129960
g2903 g2254 32.252120 31.608080
g2903 g2255 32.516420 31.702380
g2903 g2253 32.516420 31.702380
g2903 g2160 12.196400 8.798100
g2903 g2156 13.255360 12.026400
g2903 g2151 15.392020 12.026400
g2903 g2147 17.528680 12.026400
g2903 g2142 19.665340 12.026400
g2903 g2138 21.802000 12.026400
g2903 g2133 23.938660 12.026400
g2903 g2129 26.075320 12.026400
g2903 g2124 28.195580 12.026400
g2903 g2120 30.172910 12.026400
g2903 g2429 15.560250 13.512310
g2903 g2418 15.560250 13.512310
g2903 g2421 15.560250 13.512310
g2903 g2444 15.560250 13.512310
g2903 g2433 15.560250 13.512310
g2903 g2436 15.560250 13.512310
g2903 g2459 15.560250 13.512310
g2903 g2448 15.560250 13.512310
g2903 g2451 15.560250 13.512310
g2903 g2473 15.560250 13.512310
g2903 g2463 15.560250 13.512310
g2903 g2466 15.560250 13.512310
g2903 g2373 14.500810 10.292990
g2900 g2883 8.673740 8.673740
g2900 g2888 8.029140 8.029140
g2900 g2896 8.029140 8.029140
g2900 g2892 8.029140 8.029140
g2900 g2903 8.029140 8.029140
g2900 g2900 8.029140 2.136980
g2900 g2908 8.029140 5.407390
g2900 g2912 7.717610 5.621360
g2900 g2917 8.736300 7.934850
g2900 g2924 10.798030 8.736300
g2900 g2920 12.813540 8.736300
g2900 g169 30.864890 23.627370
g2900 g170 30.864890 23.627370
g2900 g168 30.864890 23.627370
g2900 g172 30.864890 23.627370
g2900 g173 30.864890 23.627370
g2900 g171 30.864890 23.627370
g2900 g175 30.864890 23.627370
g2900 g176 30.864890 23.627370
g2900 g174 30.864890 23.627370
g2900 g178 31.749530 31.105490
g2900 g179 32.013830 31.199790
g2900 g177 32.013830 31.199790
g2900 g92 11.693810 8.295510
g2900 g88 12.752770 11.523810
g2900 g83 14.889430 11.523810
g2900 g79 17.026090 11.523810
g2900 g74 19.162750 11.523810
g2900 g70 21.299410 11.523810
g2900 g65 23.436070 11.523810
g2900 g61 25.572730 11.523810
g2900 g56 27.692990 11.523810
g2900 g52 29.670320 11.523810
g2900 g180 28.931350 28.931350
g2900 g354 15.057660 13.009720
g2900 g343 15.057660 13.009720
g2900 g346 15.057660 13.009720
g2900 g369 15.057660 13.009720
g2900 g358 15.057660 13.009720
g2900 g361 15.057660 13.009720
g2900 g384 15.057660 13.009720
g2900 g373 15.057660 13.009720
g2900 g376 15.057660 13.009720
g2900 g398 15.057660 13.009720
g2900 g388 15.057660 13.009720
g2900 g391 15.057660 13.009720
g2900 g298 13.998220 9.790400
g2900 g857 30.864890 23.627370
g2900 g858 30.864890 23.627370
g2900 g856 30.864890 23.627370
g2900 g860 30.864890 23.627370
g2900 g861 30.864890 23.627370
g2900 g859 30.864890 23.627370
g2900 g863 30.864890 23.627370
g2900 g864 30.864890 23.627370
g2900 g862 30.864890 23.627370
g2900 g866 31.749530 31.105490
g2900 g867 32.013830 31.199790
g2900 g865 32.013830 31.199790
g2900 g780 11.693810 8.295510
g2900 g776 12.752770 11.523810
g2900 g771 14.889430 11.523810
g2900 g767 17.026090 11.523810
g2900 g762 19.162750 11.523810
g2900 g758 21.299410 11.523810
g2900 g753 23.436070 11.523810
g2900 g749 25.572730 11.523810
g2900 g744 27.692990 11.523810
g2900 g740 29.670320 11.523810
g2900 g1041 15.057660 13.009720
g2900 g1030 15.057660 13.009720
g2900 g1033 15.057660 13.009720
g2900 g1056 15.057660 13.009720
g2900 g1045 15.057660 13.009720
g2900 g1048 15.057660 13.009720
g2900 g1071 15.057660 13.009720
g2900 g1060 15.057660 13.009720
g2900 g1063 15.057660 13.009720
g2900 g1085 15.057660 13.009720
g2900 g1075 15.057660 13.009720
g2900 g1078 15.057660 13.009720
g2900 g985 13.998220 9.790400
g2900 g1551 30.864890 23.627370
g2900 g1552 30.864890 23.627370
g2900 g1550 30.864890 23.627370
g2900 g1554 30.864890 23.627370
g2900 g1555 30.864890 23.627370
g2900 g1553 30.864890 23.627370
g2900 g1557 30.864890 23.627370
g2900 g1558 30.864890 23.627370
g2900 g1556 30.864890 23.627370
g2900 g1560 31.749530 31.105490
g2900 g1561 32.013830 31.199790
g2900 g1559 32.013830 31.199790
g2900 g1466 11.693810 8.295510
g2900 g1462 12.752770 11.523810
g2900 g1457 14.889430 11.523810
g2900 g1453 17.026090 11.523810
g2900 g1448 19.162750 11.523810
g2900 g1444 21.299410 11.523810
g2900 g1439 23.436070 11.523810
g2900 g1435 25.572730 11.523810
g2900 g1430 27.692990 11.523810
g2900 g1426 29.670320 11.523810
g2900 g1735 15.057660 13.009720
g2900 g1724 15.057660 13.009720
g2900 g1727 15.057660 13.009720
g2900 g1750 15.057660 13.009720
g2900 g1739 15.057660 13.009720
g2900 g1742 15.057660 13.009720
g2900 g1765 15.057660 13.009720
g2900 g1754 15.057660 13.009720
g2900 g1757 15.057660 13.009720
g2900 g1779 15.057660 13.009720
g2900 g1769 15.057660 13.009720
g2900 g1772 15.057660 13.009720
g2900 g1679 13.998220 9.790400
g2900 g2245 30.864890 23.627370
g2900 g2246 30.864890 23.627370
g2900 g2244 30.864890 23.627370
g2900 g2248 30.864890 23.627370
g2900 g2249 30.864890 23.627370
g2900 g2247 30.864890 23.627370
g2900 g2251 30.864890 23.627370
g2900 g2252 30.864890 23.627370
g2900 g2250 30.864890 23.627370
g2900 g2254 31.749530 31.105490
g2900 g2255 32.013830 31.199790
g2900 g2253 32.013830 31.199790
g2900 g2160 11.693810 8.295510
g2900 g2156 12.752770 11.523810
g2900 g2151 14.889430 11.523810
g2900 g2147 17.026090 11.523810
g2900 g2142 19.162750 11.523810
g2900 g2138 21.299410 11.523810
g2900 g2133 23.436070 11.523810
g2900 g2129 25.572730 11.523810
g2900 g2124 27.692990 11.523810
g2900 g2120 29.670320 11.523810
g2900 g2429 15.057660 13.009720
g2900 g2418 15.057660 13.009720
g2900 g2421 15.057660 13.009720
g2900 g2444 15.057660 13.009720
g2900 g2433 15.057660 13.009720
g2900 g2436 15.057660 13.009720
g2900 g2459 15.057660 13.009720
g2900 g2448 15.057660 13.009720
g2900 g2451 15.057660 13.009720
g2900 g2473 15.057660 13.009720
g2900 g2463 15.057660 13.009720
g2900 g2466 15.057660 13.009720
g2900 g2373 13.998220 9.790400
g2908 g2883 9.490240 9.490240
g2908 g2888 8.845640 8.845640
g2908 g2896 8.845640 8.845640
g2908 g2892 8.845640 8.845640
g2908 g2903 8.845640 8.845640
g2908 g2900 8.845640 8.845640
g2908 g2908 8.845640 4.053790
g2908 g2912 8.534110 6.437860
g2908 g2917 9.552800 8.751350
g2908 g2924 11.614530 9.552800
g2908 g2920 13.630040 9.552800
g2908 g169 30.975930 23.738410
g2908 g170 30.975930 23.738410
g2908 g168 30.975930 23.738410
g2908 g172 30.975930 23.738410
g2908 g173 30.975930 23.738410
g2908 g171 30.975930 23.738410
g2908 g175 30.975930 23.738410
g2908 g176 30.975930 23.738410
g2908 g174 30.975930 23.738410
g2908 g178 31.860570 31.216530
g2908 g179 32.124870 31.310830
g2908 g177 32.124870 31.310830
g2908 g92 11.804850 8.406550
g2908 g88 12.863810 11.634850
g2908 g83 15.000470 11.634850
g2908 g79 17.137130 11.634850
g2908 g74 19.273790 11.634850
g2908 g70 21.410450 11.634850
g2908 g65 23.547110 11.634850
g2908 g61 25.683770 11.634850
g2908 g56 27.804030 11.634850
g2908 g52 29.781360 11.634850
g2908 g180 29.042390 29.042390
g2908 g354 15.168700 13.120760
g2908 g343 15.168700 13.120760
g2908 g346 15.168700 13.120760
g2908 g369 15.168700 13.120760
g2908 g358 15.168700 13.120760
g2908 g361 15.168700 13.120760
g2908 g384 15.168700 13.120760
g2908 g373 15.168700 13.120760
g2908 g376 15.168700 13.120760
g2908 g398 15.168700 13.120760
g2908 g388 15.168700 13.120760
g2908 g391 15.168700 13.120760
g2908 g298 14.109260 9.901440
g2908 g857 30.975930 23.738410
g2908 g858 30.975930 23.738410
g2908 g856 30.975930 23.738410
g2908 g860 30.975930 23.738410
g2908 g861 30.975930 23.738410
g2908 g859 30.975930 23.738410
g2908 g863 30.975930 23.738410
g2908 g864 30.975930 23.738410
g2908 g862 30.975930 23.738410
g2908 g866 31.860570 31.216530
g2908 g867 32.124870 31.310830
g2908 g865 32.124870 31.310830
g2908 g780 11.804850 8.406550
g2908 g776 12.863810 11.634850
g2908 g771 15.000470 11.634850
g2908 g767 17.137130 11.634850
g2908 g762 19.273790 11.634850
g2908 g758 21.410450 11.634850
g2908 g753 23.547110 11.634850
g2908 g749 25.683770 11.634850
g2908 g744 27.804030 11.634850
g2908 g740 29.781360 11.634850
g2908 g1041 15.168700 13.120760
g2908 g1030 15.168700 13.120760
g2908 g1033 15.168700 13.120760
g2908 g1056 15.168700 13.120760
g2908 g1045 15.168700 13.120760
g2908 g1048 15.168700 13.120760
g2908 g1071 15.168700 13.120760
g2908 g1060 15.168700 13.120760
g2908 g1063 15.168700 13.120760
g2908 g1085 15.168700 13.120760
g2908 g1075 15.168700 13.120760
g2908 g1078 15.168700 13.120760
g2908 g985 14.109260 9.901440
g2908 g1551 30.975930 23.738410
g2908 g1552 30.975930 23.738410
g2908 g1550 30.975930 23.738410
g2908 g1554 30.975930 23.738410
g2908 g1555 30.975930 23.738410
g2908 g1553 30.975930 23.738410
g2908 g1557 30.975930 23.738410
g2908 g1558 30.975930 23.738410
g2908 g1556 30.975930 23.738410
g2908 g1560 31.860570 31.216530
g2908 g1561 32.124870 31.310830
g2908 g1559 32.124870 31.310830
g2908 g1466 11.804850 8.406550
g2908 g1462 12.863810 11.634850
g2908 g1457 15.000470 11.634850
g2908 g1453 17.137130 11.634850
g2908 g1448 19.273790 11.634850
g2908 g1444 21.410450 11.634850
g2908 g1439 23.547110 11.634850
g2908 g1435 25.683770 11.634850
g2908 g1430 27.804030 11.634850
g2908 g1426 29.781360 11.634850
g2908 g1735 15.168700 13.120760
g2908 g1724 15.168700 13.120760
g2908 g1727 15.168700 13.120760
g2908 g1750 15.168700 13.120760
g2908 g1739 15.168700 13.120760
g2908 g1742 15.168700 13.120760
g2908 g1765 15.168700 13.120760
g2908 g1754 15.168700 13.120760
g2908 g1757 15.168700 13.120760
g2908 g1779 15.168700 13.120760
g2908 g1769 15.168700 13.120760
g2908 g1772 15.168700 13.120760
g2908 g1679 14.109260 9.901440
g2908 g2245 30.975930 23.738410
g2908 g2246 30.975930 23.738410
g2908 g2244 30.975930 23.738410
g2908 g2248 30.975930 23.738410
g2908 g2249 30.975930 23.738410
g2908 g2247 30.975930 23.738410
g2908 g2251 30.975930 23.738410
g2908 g2252 30.975930 23.738410
g2908 g2250 30.975930 23.738410
g2908 g2254 31.860570 31.216530
g2908 g2255 32.124870 31.310830
g2908 g2253 32.124870 31.310830
g2908 g2160 11.804850 8.406550
g2908 g2156 12.863810 11.634850
g2908 g2151 15.000470 11.634850
g2908 g2147 17.137130 11.634850
g2908 g2142 19.273790 11.634850
g2908 g2138 21.410450 11.634850
g2908 g2133 23.547110 11.634850
g2908 g2129 25.683770 11.634850
g2908 g2124 27.804030 11.634850
g2908 g2120 29.781360 11.634850
g2908 g2429 15.168700 13.120760
g2908 g2418 15.168700 13.120760
g2908 g2421 15.168700 13.120760
g2908 g2444 15.168700 13.120760
g2908 g2433 15.168700 13.120760
g2908 g2436 15.168700 13.120760
g2908 g2459 15.168700 13.120760
g2908 g2448 15.168700 13.120760
g2908 g2451 15.168700 13.120760
g2908 g2473 15.168700 13.120760
g2908 g2463 15.168700 13.120760
g2908 g2466 15.168700 13.120760
g2908 g2373 14.109260 9.901440
g2912 g2912 4.459720 2.041150
g2912 g2917 5.478410 3.902200
g2912 g2924 6.765380 5.478410
g2912 g2920 8.780890 5.478410
g2912 g169 24.393590 17.156070
g2912 g170 24.393590 17.156070
g2912 g168 24.393590 17.156070
g2912 g172 24.393590 17.156070
g2912 g173 24.393590 17.156070
g2912 g171 24.393590 17.156070
g2912 g175 24.393590 17.156070
g2912 g176 24.393590 17.156070
g2912 g174 24.393590 17.156070
g2912 g178 25.278230 24.634190
g2912 g179 25.542530 24.728490
g2912 g177 25.542530 24.728490
g2912 g180 22.460050 22.460050
g2912 g857 24.393590 17.156070
g2912 g858 24.393590 17.156070
g2912 g856 24.393590 17.156070
g2912 g860 24.393590 17.156070
g2912 g861 24.393590 17.156070
g2912 g859 24.393590 17.156070
g2912 g863 24.393590 17.156070
g2912 g864 24.393590 17.156070
g2912 g862 24.393590 17.156070
g2912 g866 25.278230 24.634190
g2912 g867 25.542530 24.728490
g2912 g865 25.542530 24.728490
g2912 g1551 24.393590 17.156070
g2912 g1552 24.393590 17.156070
g2912 g1550 24.393590 17.156070
g2912 g1554 24.393590 17.156070
g2912 g1555 24.393590 17.156070
g2912 g1553 24.393590 17.156070
g2912 g1557 24.393590 17.156070
g2912 g1558 24.393590 17.156070
g2912 g1556 24.393590 17.156070
g2912 g1560 25.278230 24.634190
g2912 g1561 25.542530 24.728490
g2912 g1559 25.542530 24.728490
g2912 g2245 24.393590 17.156070
g2912 g2246 24.393590 17.156070
g2912 g2244 24.393590 17.156070
g2912 g2248 24.393590 17.156070
g2912 g2249 24.393590 17.156070
g2912 g2247 24.393590 17.156070
g2912 g2251 24.393590 17.156070
g2912 g2252 24.393590 17.156070
g2912 g2250 24.393590 17.156070
g2912 g2254 25.278230 24.634190
g2912 g2255 25.542530 24.728490
g2912 g2253 25.542530 24.728490
g2917 g2912 4.255380 4.255380
g2917 g2917 5.274070 2.136980
g2917 g2924 5.274070 4.062830
g2917 g2920 6.821260 5.274070
g2917 g169 24.833590 17.596070
g2917 g170 24.833590 17.596070
g2917 g168 24.833590 17.596070
g2917 g172 24.833590 17.596070
g2917 g173 24.833590 17.596070
g2917 g171 24.833590 17.596070
g2917 g175 24.833590 17.596070
g2917 g176 24.833590 17.596070
g2917 g174 24.833590 17.596070
g2917 g178 25.718230 25.074190
g2917 g179 25.982530 25.168490
g2917 g177 25.982530 25.168490
g2917 g180 22.900050 22.900050
g2917 g857 24.833590 17.596070
g2917 g858 24.833590 17.596070
g2917 g856 24.833590 17.596070
g2917 g860 24.833590 17.596070
g2917 g861 24.833590 17.596070
g2917 g859 24.833590 17.596070
g2917 g863 24.833590 17.596070
g2917 g864 24.833590 17.596070
g2917 g862 24.833590 17.596070
g2917 g866 25.718230 25.074190
g2917 g867 25.982530 25.168490
g2917 g865 25.982530 25.168490
g2917 g1551 24.833590 17.596070
g2917 g1552 24.833590 17.596070
g2917 g1550 24.833590 17.596070
g2917 g1554 24.833590 17.596070
g2917 g1555 24.833590 17.596070
g2917 g1553 24.833590 17.596070
g2917 g1557 24.833590 17.596070
g2917 g1558 24.833590 17.596070
g2917 g1556 24.833590 17.596070
g2917 g1560 25.718230 25.074190
g2917 g1561 25.982530 25.168490
g2917 g1559 25.982530 25.168490
g2917 g2245 24.833590 17.596070
g2917 g2246 24.833590 17.596070
g2917 g2244 24.833590 17.596070
g2917 g2248 24.833590 17.596070
g2917 g2249 24.833590 17.596070
g2917 g2247 24.833590 17.596070
g2917 g2251 24.833590 17.596070
g2917 g2252 24.833590 17.596070
g2917 g2250 24.833590 17.596070
g2917 g2254 25.718230 25.074190
g2917 g2255 25.982530 25.168490
g2917 g2253 25.982530 25.168490
g2924 g2912 3.915330 3.915330
g2924 g2917 4.934020 4.934020
g2924 g2924 4.934020 2.136980
g2924 g2920 5.627170 4.934020
g2924 g169 26.084230 18.846710
g2924 g170 26.084230 18.846710
g2924 g168 26.084230 18.846710
g2924 g172 26.084230 18.846710
g2924 g173 26.084230 18.846710
g2924 g171 26.084230 18.846710
g2924 g175 26.084230 18.846710
g2924 g176 26.084230 18.846710
g2924 g174 26.084230 18.846710
g2924 g178 26.968870 26.324830
g2924 g179 27.233170 26.419130
g2924 g177 27.233170 26.419130
g2924 g180 24.150690 24.150690
g2924 g857 26.084230 18.846710
g2924 g858 26.084230 18.846710
g2924 g856 26.084230 18.846710
g2924 g860 26.084230 18.846710
g2924 g861 26.084230 18.846710
g2924 g859 26.084230 18.846710
g2924 g863 26.084230 18.846710
g2924 g864 26.084230 18.846710
g2924 g862 26.084230 18.846710
g2924 g866 26.968870 26.324830
g2924 g867 27.233170 26.419130
g2924 g865 27.233170 26.419130
g2924 g1551 26.084230 18.846710
g2924 g1552 26.084230 18.846710
g2924 g1550 26.084230 18.846710
g2924 g1554 26.084230 18.846710
g2924 g1555 26.084230 18.846710
g2924 g1553 26.084230 18.846710
g2924 g1557 26.084230 18.846710
g2924 g1558 26.084230 18.846710
g2924 g1556 26.084230 18.846710
g2924 g1560 26.968870 26.324830
g2924 g1561 27.233170 26.419130
g2924 g1559 27.233170 26.419130
g2924 g2245 26.084230 18.846710
g2924 g2246 26.084230 18.846710
g2924 g2244 26.084230 18.846710
g2924 g2248 26.084230 18.846710
g2924 g2249 26.084230 18.846710
g2924 g2247 26.084230 18.846710
g2924 g2251 26.084230 18.846710
g2924 g2252 26.084230 18.846710
g2924 g2250 26.084230 18.846710
g2924 g2254 26.968870 26.324830
g2924 g2255 27.233170 26.419130
g2924 g2253 27.233170 26.419130
g2920 g2912 3.186750 3.186750
g2920 g2917 4.205440 4.205440
g2920 g2924 4.205440 4.205440
g2920 g2920 4.205440 4.053790
g2920 g169 25.094640 17.857120
g2920 g170 25.094640 17.857120
g2920 g168 25.094640 17.857120
g2920 g172 25.094640 17.857120
g2920 g173 25.094640 17.857120
g2920 g171 25.094640 17.857120
g2920 g175 25.094640 17.857120
g2920 g176 25.094640 17.857120
g2920 g174 25.094640 17.857120
g2920 g178 25.979280 25.335240
g2920 g179 26.243580 25.429540
g2920 g177 26.243580 25.429540
g2920 g180 23.161100 23.161100
g2920 g857 25.094640 17.857120
g2920 g858 25.094640 17.857120
g2920 g856 25.094640 17.857120
g2920 g860 25.094640 17.857120
g2920 g861 25.094640 17.857120
g2920 g859 25.094640 17.857120
g2920 g863 25.094640 17.857120
g2920 g864 25.094640 17.857120
g2920 g862 25.094640 17.857120
g2920 g866 25.979280 25.335240
g2920 g867 26.243580 25.429540
g2920 g865 26.243580 25.429540
g2920 g1551 25.094640 17.857120
g2920 g1552 25.094640 17.857120
g2920 g1550 25.094640 17.857120
g2920 g1554 25.094640 17.857120
g2920 g1555 25.094640 17.857120
g2920 g1553 25.094640 17.857120
g2920 g1557 25.094640 17.857120
g2920 g1558 25.094640 17.857120
g2920 g1556 25.094640 17.857120
g2920 g1560 25.979280 25.335240
g2920 g1561 26.243580 25.429540
g2920 g1559 26.243580 25.429540
g2920 g2245 25.094640 17.857120
g2920 g2246 25.094640 17.857120
g2920 g2244 25.094640 17.857120
g2920 g2248 25.094640 17.857120
g2920 g2249 25.094640 17.857120
g2920 g2247 25.094640 17.857120
g2920 g2251 25.094640 17.857120
g2920 g2252 25.094640 17.857120
g2920 g2250 25.094640 17.857120
g2920 g2254 25.979280 25.335240
g2920 g2255 26.243580 25.429540
g2920 g2253 26.243580 25.429540
g2984 g3207 6.559480 6.559480
g2984 g3188 7.355580 7.355580
g2984 g3133 7.855560 7.855560
g2984 OUTPUT 5.391810 5.391810
g2984 OUTPUT 6.059500 6.059500
g2984 OUTPUT 6.855600 6.855600
g2985 g3207 6.729480 6.729480
g2985 g3188 7.525580 7.525580
g2985 g3133 8.025560 8.025560
g2985 OUTPUT 5.561810 5.561810
g2985 OUTPUT 6.229500 6.229500
g2985 OUTPUT 7.025600 7.025600
g2929 g2879 1.587920 1.587920
g2879 g2879 1.077030 1.077030
g2879 g1506 9.126160 1.567620
g2879 g1501 9.126160 1.567620
g2879 g1496 9.126160 1.567620
g2879 g1491 9.126160 1.567620
g2879 g1486 9.126160 1.567620
g2879 g1481 9.126160 1.567620
g2879 g1476 9.126160 1.567620
g2879 g1471 9.126160 1.567620
g2879 g2877 9.126160 1.567620
g2879 g2861 8.834340 1.707620
g2879 g2864 8.834340 1.707620
g2879 g2867 8.834340 1.707620
g2879 g2870 8.834340 1.707620
g2879 g2818 8.834340 1.707620
g2879 g2821 8.834340 1.707620
g2879 g2824 8.834340 1.707620
g2879 g2827 8.834340 1.707620
g2879 g2830 8.834340 1.707620
g2879 g2833 8.834340 1.707620
g2879 g2836 8.834340 1.707620
g2879 g2839 8.834340 1.707620
g2879 g2842 8.834340 1.707620
g2879 g2845 8.834340 1.707620
g2879 g2848 8.834340 1.707620
g2879 g2851 8.834340 1.707620
g2879 g2854 8.834340 1.707620
g2879 g2858 8.834340 1.707620
g2879 g2200 9.126160 1.567620
g2879 g2195 9.126160 1.567620
g2879 g2190 9.126160 1.567620
g2879 g2185 9.126160 1.567620
g2879 g2180 9.126160 1.567620
g2879 g2175 9.126160 1.567620
g2879 g2170 9.126160 1.567620
g2879 g2165 9.126160 1.567620
g2879 g2878 9.126160 1.567620
g2934 g2984 3.587090 2.332870
g2935 g2984 14.086130 9.429480
g2935 g1471 2.163720 2.163720
g2935 g2877 15.269010 10.995110
g2935 g2854 2.253720 2.253720
g2935 g2858 15.359010 11.085110
g2938 g2984 13.907690 9.226380
g2938 g1476 2.163720 2.163720
g2938 g2877 15.090570 10.792010
g2938 g2851 2.253720 2.253720
g2938 g2858 15.180570 10.882010
g2941 g2984 14.289230 9.250980
g2941 g1481 2.163720 2.163720
g2941 g2877 15.472110 10.816610
g2941 g2848 2.253720 2.253720
g2941 g2858 15.562110 10.906610
g2944 g2984 14.110790 9.047940
g2944 g1486 2.163720 2.163720
g2944 g2877 15.293670 10.613570
g2944 g2845 2.253720 2.253720
g2944 g2858 15.383670 10.703570
g2947 g2984 14.289230 9.252600
g2947 g1491 2.163720 2.163720
g2947 g2877 15.472110 10.818230
g2947 g2842 2.253720 2.253720
g2947 g2858 15.562110 10.908230
g2953 g2984 14.110790 9.049500
g2953 g1496 2.163720 2.163720
g2953 g2877 15.293670 10.615130
g2953 g2839 2.253720 2.253720
g2953 g2858 15.383670 10.705130
g2956 g2984 14.492330 9.074160
g2956 g1501 2.163720 2.163720
g2956 g2877 15.675210 10.639790
g2956 g2836 2.253720 2.253720
g2956 g2858 15.765210 10.729790
g2959 g2984 14.313890 8.871120
g2959 g1506 2.163720 2.163720
g2959 g2877 15.496770 10.436750
g2959 g2833 2.253720 2.253720
g2959 g2858 15.586770 10.526750
g2962 g2985 3.587090 2.332870
g2963 g2985 14.086130 9.429480
g2963 g2827 2.253720 2.253720
g2963 g2830 15.359010 11.085110
g2963 g2165 2.163720 2.163720
g2963 g2878 15.269010 10.995110
g2966 g2985 13.907690 9.226380
g2966 g2824 2.253720 2.253720
g2966 g2830 15.180570 10.882010
g2966 g2170 2.163720 2.163720
g2966 g2878 15.090570 10.792010
g2969 g2985 14.289230 9.250980
g2969 g2821 2.253720 2.253720
g2969 g2830 15.562110 10.906610
g2969 g2175 2.163720 2.163720
g2969 g2878 15.472110 10.816610
g2972 g2985 14.110790 9.047940
g2972 g2818 2.253720 2.253720
g2972 g2830 15.383670 10.703570
g2972 g2180 2.163720 2.163720
g2972 g2878 15.293670 10.613570
g2975 g2985 14.289230 9.252600
g2975 g2870 2.253720 2.253720
g2975 g2830 15.562110 10.908230
g2975 g2185 2.163720 2.163720
g2975 g2878 15.472110 10.818230
g2978 g2985 14.110790 9.049500
g2978 g2867 2.253720 2.253720
g2978 g2830 15.383670 10.705130
g2978 g2190 2.163720 2.163720
g2978 g2878 15.293670 10.615130
g2981 g2985 14.492330 9.074160
g2981 g2864 2.253720 2.253720
g2981 g2830 15.765210 10.729790
g2981 g2195 2.163720 2.163720
g2981 g2878 15.675210 10.639790
g2874 g2985 14.313890 8.871120
g2874 g2861 2.253720 2.253720
g2874 g2830 15.586770 10.526750
g2874 g2200 2.163720 2.163720
g2874 g2878 15.496770 10.436750
g1506 g1506 3.076820 3.076820
g1506 g1539 1.769440 1.769440
g1506 g1540 1.769440 1.769440
g1506 g1538 1.769440 1.769440
g1506 g1551 3.697160 3.697160
g1506 g1552 3.697160 3.697160
g1506 g1550 3.697160 3.697160
g1506 g1560 6.896490 6.896490
g1506 g1561 6.726490 6.726490
g1506 g1559 6.726490 6.726490
g1506 g1567 27.288070 20.169810
g1506 g1570 27.288070 20.169810
g1506 g1573 27.288070 20.169810
g1506 g1612 27.103390 20.181110
g1506 g1615 27.103390 20.181110
g1506 g1618 27.103390 20.181110
g1506 g1576 27.103390 20.181110
g1506 g1579 27.103390 20.181110
g1506 g1582 27.103390 20.181110
g1506 g1621 27.103390 20.181110
g1506 g1624 27.103390 20.181110
g1506 g1627 27.103390 20.181110
g1506 g1585 27.288070 20.169810
g1506 g1588 27.288070 20.169810
g1506 g1591 27.288070 20.169810
g1506 g1630 27.288070 20.169810
g1506 g1633 27.288070 20.169810
g1506 g1636 27.288070 20.169810
g1506 g1594 27.288070 20.169810
g1506 g1597 27.288070 20.169810
g1506 g1600 27.288070 20.169810
g1506 g1639 27.288070 4.242500
g1506 g1642 27.288070 4.242500
g1506 g1645 27.288070 4.242500
g1506 g1603 27.103390 20.181110
g1506 g1606 27.103390 20.181110
g1506 g1609 27.103390 20.181110
g1506 g1648 27.103390 20.181110
g1506 g1651 27.103390 20.181110
g1506 g1654 27.103390 20.181110
g1506 g1789 17.968780 15.308290
g1506 g1792 17.968780 15.308290
g1506 g1795 17.968780 15.308290
g1506 g1798 18.130650 15.431230
g1506 g1801 18.130650 15.431230
g1506 g1804 18.130650 15.431230
g1506 g1808 17.332410 13.689250
g1506 g1809 17.332410 13.689250
g1506 g1807 17.332410 13.689250
g1506 g1810 16.548350 13.257010
g1506 g1813 16.548350 13.257010
g1506 g1816 16.548350 13.257010
g1506 g1819 16.654950 15.110350
g1506 g1822 16.654950 15.110350
g1506 g1825 16.654950 15.110350
g1506 g1829 16.492490 13.478130
g1506 g1830 16.492490 13.478130
g1506 g1828 16.492490 13.478130
g1506 g1693 18.765890 12.118620
g1506 g1694 18.765890 12.118620
g1506 g1695 18.765890 12.118620
g1506 g1696 22.293530 12.431820
g1506 g1697 22.293530 12.431820
g1506 g1698 22.293530 12.431820
g1506 g1699 22.104790 12.813100
g1506 g1700 22.104790 12.813100
g1506 g1701 22.104790 12.813100
g1506 g1703 16.650870 11.846180
g1506 g1704 16.712690 11.908000
g1506 g1702 16.712690 11.908000
g1506 g1784 12.496520 11.295220
g1506 g1785 12.326520 11.125220
g1506 g1783 12.326520 11.125220
g1506 g1831 1.869180 1.869180
g1501 g1501 3.272840 3.272840
g1501 g1536 1.769440 1.769440
g1501 g1537 1.769440 1.769440
g1501 g1535 1.769440 1.769440
g1501 g1551 5.712380 5.712380
g1501 g1552 5.712380 5.712380
g1501 g1550 5.712380 5.712380
g1501 g1560 7.532510 7.532510
g1501 g1561 7.362510 7.362510
g1501 g1559 7.362510 7.362510
g1501 g1567 27.340030 21.228520
g1501 g1570 27.340030 21.228520
g1501 g1573 27.340030 21.228520
g1501 g1612 27.155350 21.239820
g1501 g1615 27.155350 21.239820
g1501 g1618 27.155350 21.239820
g1501 g1576 27.155350 21.239820
g1501 g1579 27.155350 21.239820
g1501 g1582 27.155350 21.239820
g1501 g1621 27.155350 21.239820
g1501 g1624 27.155350 21.239820
g1501 g1627 27.155350 21.239820
g1501 g1585 27.340030 21.228520
g1501 g1588 27.340030 21.228520
g1501 g1591 27.340030 21.228520
g1501 g1630 27.340030 21.228520
g1501 g1633 27.340030 21.228520
g1501 g1636 27.340030 21.228520
g1501 g1594 27.340030 4.242500
g1501 g1597 27.340030 4.242500
g1501 g1600 27.340030 4.242500
g1501 g1639 27.340030 21.228520
g1501 g1642 27.340030 21.228520
g1501 g1645 27.340030 21.228520
g1501 g1603 27.155350 21.239820
g1501 g1606 27.155350 21.239820
g1501 g1609 27.155350 21.239820
g1501 g1648 27.155350 21.239820
g1501 g1651 27.155350 21.239820
g1501 g1654 27.155350 21.239820
g1501 g1789 18.604800 15.944310
g1501 g1792 18.604800 15.944310
g1501 g1795 18.604800 15.944310
g1501 g1798 18.766670 16.067250
g1501 g1801 18.766670 16.067250
g1501 g1804 18.766670 16.067250
g1501 g1808 17.968430 14.325270
g1501 g1809 17.968430 14.325270
g1501 g1807 17.968430 14.325270
g1501 g1810 17.184370 13.893030
g1501 g1813 17.184370 13.893030
g1501 g1816 17.184370 13.893030
g1501 g1819 17.290970 15.746370
g1501 g1822 17.290970 15.746370
g1501 g1825 17.290970 15.746370
g1501 g1829 17.128510 14.114150
g1501 g1830 17.128510 14.114150
g1501 g1828 17.128510 14.114150
g1501 g1693 18.487850 13.177330
g1501 g1694 18.487850 13.177330
g1501 g1695 18.487850 13.177330
g1501 g1696 22.345490 13.490530
g1501 g1697 22.345490 13.490530
g1501 g1698 22.345490 13.490530
g1501 g1699 21.945860 13.871810
g1501 g1700 21.945860 13.871810
g1501 g1701 21.945860 13.871810
g1501 g1703 16.702830 12.751550
g1501 g1704 16.764650 12.966710
g1501 g1702 16.764650 12.966710
g1501 g1784 13.403870 12.353930
g1501 g1785 13.233870 12.183930
g1501 g1783 13.233870 12.183930
g1501 g1833 2.065200 2.065200
g1496 g1496 3.262940 3.262940
g1496 g1533 1.769440 1.769440
g1496 g1534 1.769440 1.769440
g1496 g1532 1.769440 1.769440
g1496 g1551 5.519420 5.519420
g1496 g1552 5.519420 5.519420
g1496 g1550 5.519420 5.519420
g1496 g1560 7.783640 7.783640
g1496 g1561 7.613640 7.613640
g1496 g1559 7.613640 7.613640
g1496 g1567 27.612370 21.698970
g1496 g1570 27.612370 21.698970
g1496 g1573 27.612370 21.698970
g1496 g1612 27.427690 21.710270
g1496 g1615 27.427690 21.710270
g1496 g1618 27.427690 21.710270
g1496 g1576 27.427690 21.710270
g1496 g1579 27.427690 21.710270
g1496 g1582 27.427690 21.710270
g1496 g1621 27.427690 21.710270
g1496 g1624 27.427690 21.710270
g1496 g1627 27.427690 21.710270
g1496 g1585 27.612370 21.698970
g1496 g1588 27.612370 21.698970
g1496 g1591 27.612370 21.698970
g1496 g1630 27.612370 4.242500
g1496 g1633 27.612370 4.242500
g1496 g1636 27.612370 4.242500
g1496 g1594 27.612370 21.698970
g1496 g1597 27.612370 21.698970
g1496 g1600 27.612370 21.698970
g1496 g1639 27.612370 21.698970
g1496 g1642 27.612370 21.698970
g1496 g1645 27.612370 21.698970
g1496 g1603 27.427690 21.710270
g1496 g1606 27.427690 21.710270
g1496 g1609 27.427690 21.710270
g1496 g1648 27.427690 21.710270
g1496 g1651 27.427690 21.710270
g1496 g1654 27.427690 21.710270
g1496 g1789 18.855930 16.195440
g1496 g1792 18.855930 16.195440
g1496 g1795 18.855930 16.195440
g1496 g1798 19.017800 16.318380
g1496 g1801 19.017800 16.318380
g1496 g1804 19.017800 16.318380
g1496 g1808 18.219560 14.576400
g1496 g1809 18.219560 14.576400
g1496 g1807 18.219560 14.576400
g1496 g1810 17.435500 14.144160
g1496 g1813 17.435500 14.144160
g1496 g1816 17.435500 14.144160
g1496 g1819 17.542100 15.997500
g1496 g1822 17.542100 15.997500
g1496 g1825 17.542100 15.997500
g1496 g1829 17.379640 14.365280
g1496 g1830 17.379640 14.365280
g1496 g1828 17.379640 14.365280
g1496 g1693 19.090190 13.647780
g1496 g1694 19.090190 13.647780
g1496 g1695 19.090190 13.647780
g1496 g1696 22.617830 13.960980
g1496 g1697 22.617830 13.960980
g1496 g1698 22.617830 13.960980
g1496 g1699 22.429090 14.342260
g1496 g1700 22.429090 14.342260
g1496 g1701 22.429090 14.342260
g1496 g1703 16.975170 13.131920
g1496 g1704 17.036990 13.437160
g1496 g1702 17.036990 13.437160
g1496 g1784 13.874370 12.824380
g1496 g1785 13.704370 12.654380
g1496 g1783 13.704370 12.654380
g1496 g1835 2.055300 2.055300
g1491 g1491 3.076820 3.076820
g1491 g1530 1.769440 1.769440
g1491 g1531 1.769440 1.769440
g1491 g1529 1.769440 1.769440
g1491 g1551 3.457160 3.457160
g1491 g1552 3.457160 3.457160
g1491 g1550 3.457160 3.457160
g1491 g1560 7.756490 7.756490
g1491 g1561 7.586490 7.586490
g1491 g1559 7.586490 7.586490
g1491 g1567 27.367450 19.489470
g1491 g1570 27.367450 19.489470
g1491 g1573 27.367450 19.489470
g1491 g1612 27.182770 19.500770
g1491 g1615 27.182770 19.500770
g1491 g1618 27.182770 19.500770
g1491 g1576 27.182770 19.500770
g1491 g1579 27.182770 19.500770
g1491 g1582 27.182770 19.500770
g1491 g1621 27.182770 19.500770
g1491 g1624 27.182770 19.500770
g1491 g1627 27.182770 19.500770
g1491 g1585 27.367450 4.242500
g1491 g1588 27.367450 4.242500
g1491 g1591 27.367450 4.242500
g1491 g1630 27.367450 19.489470
g1491 g1633 27.367450 19.489470
g1491 g1636 27.367450 19.489470
g1491 g1594 27.367450 19.489470
g1491 g1597 27.367450 19.489470
g1491 g1600 27.367450 19.489470
g1491 g1639 27.367450 19.489470
g1491 g1642 27.367450 19.489470
g1491 g1645 27.367450 19.489470
g1491 g1603 27.182770 19.500770
g1491 g1606 27.182770 19.500770
g1491 g1609 27.182770 19.500770
g1491 g1648 27.182770 19.500770
g1491 g1651 27.182770 19.500770
g1491 g1654 27.182770 19.500770
g1491 g1789 18.828780 16.168290
g1491 g1792 18.828780 16.168290
g1491 g1795 18.828780 16.168290
g1491 g1798 18.990650 16.291230
g1491 g1801 18.990650 16.291230
g1491 g1804 18.990650 16.291230
g1491 g1808 18.192410 14.549250
g1491 g1809 18.192410 14.549250
g1491 g1807 18.192410 14.549250
g1491 g1810 17.408350 14.117010
g1491 g1813 17.408350 14.117010
g1491 g1816 17.408350 14.117010
g1491 g1819 17.514950 15.970350
g1491 g1822 17.514950 15.970350
g1491 g1825 17.514950 15.970350
g1491 g1829 17.352490 14.338130
g1491 g1830 17.352490 14.338130
g1491 g1828 17.352490 14.338130
g1491 g1693 18.515270 11.438280
g1491 g1694 18.515270 11.438280
g1491 g1695 18.515270 11.438280
g1491 g1696 22.372910 11.751480
g1491 g1697 22.372910 11.751480
g1491 g1698 22.372910 11.751480
g1491 g1699 21.973280 12.132760
g1491 g1700 21.973280 12.132760
g1491 g1701 21.973280 12.132760
g1491 g1703 16.730250 11.165840
g1491 g1704 16.792070 11.227660
g1491 g1702 16.792070 11.227660
g1491 g1784 11.816180 10.614880
g1491 g1785 11.646180 10.444880
g1491 g1783 11.646180 10.444880
g1491 g1661 1.869180 1.869180
g1486 g1486 2.724380 2.724380
g1486 g1527 1.769440 1.769440
g1486 g1528 1.769440 1.769440
g1486 g1526 1.769440 1.769440
g1486 g1560 4.058560 4.058560
g1486 g1561 3.888560 3.888560
g1486 g1559 3.888560 3.888560
g1486 g1567 27.404370 20.337140
g1486 g1570 27.404370 20.337140
g1486 g1573 27.404370 20.337140
g1486 g1612 27.219690 20.348440
g1486 g1615 27.219690 20.348440
g1486 g1618 27.219690 20.348440
g1486 g1576 27.219690 20.348440
g1486 g1579 27.219690 20.348440
g1486 g1582 27.219690 20.348440
g1486 g1621 27.219690 4.253470
g1486 g1624 27.219690 4.253470
g1486 g1627 27.219690 4.253470
g1486 g1585 27.404370 20.337140
g1486 g1588 27.404370 20.337140
g1486 g1591 27.404370 20.337140
g1486 g1630 27.404370 20.337140
g1486 g1633 27.404370 20.337140
g1486 g1636 27.404370 20.337140
g1486 g1594 27.404370 20.337140
g1486 g1597 27.404370 20.337140
g1486 g1600 27.404370 20.337140
g1486 g1639 27.404370 20.337140
g1486 g1642 27.404370 20.337140
g1486 g1645 27.404370 20.337140
g1486 g1603 27.219690 20.348440
g1486 g1606 27.219690 20.348440
g1486 g1609 27.219690 20.348440
g1486 g1648 27.219690 20.348440
g1486 g1651 27.219690 20.348440
g1486 g1654 27.219690 20.348440
g1486 g1789 15.130850 12.470360
g1486 g1792 15.130850 12.470360
g1486 g1795 15.130850 12.470360
g1486 g1798 15.292720 12.593300
g1486 g1801 15.292720 12.593300
g1486 g1804 15.292720 12.593300
g1486 g1808 14.494480 10.851320
g1486 g1809 14.494480 10.851320
g1486 g1807 14.494480 10.851320
g1486 g1810 13.710420 10.419080
g1486 g1813 13.710420 10.419080
g1486 g1816 13.710420 10.419080
g1486 g1819 13.817020 12.272420
g1486 g1822 13.817020 12.272420
g1486 g1825 13.817020 12.272420
g1486 g1829 13.654560 10.640200
g1486 g1830 13.654560 10.640200
g1486 g1828 13.654560 10.640200
g1486 g1693 18.882190 12.285950
g1486 g1694 18.882190 12.285950
g1486 g1695 18.882190 12.285950
g1486 g1696 22.409830 12.599150
g1486 g1697 22.409830 12.599150
g1486 g1698 22.409830 12.599150
g1486 g1699 22.221090 12.980430
g1486 g1700 22.221090 12.980430
g1486 g1701 22.221090 12.980430
g1486 g1703 16.767170 12.013510
g1486 g1704 16.828990 12.075330
g1486 g1702 16.828990 12.075330
g1486 g1784 12.512290 11.462550
g1486 g1785 12.342290 11.292550
g1486 g1783 12.342290 11.292550
g1486 g1663 1.516740 1.516740
g1481 g1481 2.724380 2.724380
g1481 g1524 1.769440 1.769440
g1481 g1525 1.769440 1.769440
g1481 g1523 1.769440 1.769440
g1481 g1560 3.818560 3.818560
g1481 g1561 3.648560 3.648560
g1481 g1559 3.648560 3.648560
g1481 g1567 27.433390 19.695660
g1481 g1570 27.433390 19.695660
g1481 g1573 27.433390 19.695660
g1481 g1612 27.248710 19.706960
g1481 g1615 27.248710 19.706960
g1481 g1618 27.248710 19.706960
g1481 g1576 27.248710 4.253470
g1481 g1579 27.248710 4.253470
g1481 g1582 27.248710 4.253470
g1481 g1621 27.248710 19.706960
g1481 g1624 27.248710 19.706960
g1481 g1627 27.248710 19.706960
g1481 g1585 27.433390 19.695660
g1481 g1588 27.433390 19.695660
g1481 g1591 27.433390 19.695660
g1481 g1630 27.433390 19.695660
g1481 g1633 27.433390 19.695660
g1481 g1636 27.433390 19.695660
g1481 g1594 27.433390 19.695660
g1481 g1597 27.433390 19.695660
g1481 g1600 27.433390 19.695660
g1481 g1639 27.433390 19.695660
g1481 g1642 27.433390 19.695660
g1481 g1645 27.433390 19.695660
g1481 g1603 27.248710 19.706960
g1481 g1606 27.248710 19.706960
g1481 g1609 27.248710 19.706960
g1481 g1648 27.248710 19.706960
g1481 g1651 27.248710 19.706960
g1481 g1654 27.248710 19.706960
g1481 g1789 14.890850 12.230360
g1481 g1792 14.890850 12.230360
g1481 g1795 14.890850 12.230360
g1481 g1798 15.052720 12.353300
g1481 g1801 15.052720 12.353300
g1481 g1804 15.052720 12.353300
g1481 g1808 14.254480 10.611320
g1481 g1809 14.254480 10.611320
g1481 g1807 14.254480 10.611320
g1481 g1810 13.470420 10.179080
g1481 g1813 13.470420 10.179080
g1481 g1816 13.470420 10.179080
g1481 g1819 13.577020 12.032420
g1481 g1822 13.577020 12.032420
g1481 g1825 13.577020 12.032420
g1481 g1829 13.414560 10.400200
g1481 g1830 13.414560 10.400200
g1481 g1828 13.414560 10.400200
g1481 g1693 18.581210 11.644470
g1481 g1694 18.581210 11.644470
g1481 g1695 18.581210 11.644470
g1481 g1696 22.438850 11.957670
g1481 g1697 22.438850 11.957670
g1481 g1698 22.438850 11.957670
g1481 g1699 22.039220 12.338950
g1481 g1700 22.039220 12.338950
g1481 g1701 22.039220 12.338950
g1481 g1703 16.796190 11.372030
g1481 g1704 16.858010 11.433850
g1481 g1702 16.858010 11.433850
g1481 g1784 12.022370 10.821070
g1481 g1785 11.852370 10.651070
g1481 g1783 11.852370 10.651070
g1481 g1665 1.516740 1.516740
g1476 g1476 3.017420 3.017420
g1476 g1515 1.769440 1.769440
g1476 g1516 1.769440 1.769440
g1476 g1514 1.769440 1.769440
g1476 g1554 1.769440 1.769440
g1476 g1555 1.769440 1.769440
g1476 g1553 1.769440 1.769440
g1476 g1560 6.322630 6.322630
g1476 g1561 6.152630 6.152630
g1476 g1559 6.152630 6.152630
g1476 g1567 27.793350 20.754370
g1476 g1570 27.793350 20.754370
g1476 g1573 27.793350 20.754370
g1476 g1612 27.608670 4.253470
g1476 g1615 27.608670 4.253470
g1476 g1618 27.608670 4.253470
g1476 g1576 27.608670 20.765670
g1476 g1579 27.608670 20.765670
g1476 g1582 27.608670 20.765670
g1476 g1621 27.608670 20.765670
g1476 g1624 27.608670 20.765670
g1476 g1627 27.608670 20.765670
g1476 g1585 27.793350 20.754370
g1476 g1588 27.793350 20.754370
g1476 g1591 27.793350 20.754370
g1476 g1630 27.793350 20.754370
g1476 g1633 27.793350 20.754370
g1476 g1636 27.793350 20.754370
g1476 g1594 27.793350 20.754370
g1476 g1597 27.793350 20.754370
g1476 g1600 27.793350 20.754370
g1476 g1639 27.793350 20.754370
g1476 g1642 27.793350 20.754370
g1476 g1645 27.793350 20.754370
g1476 g1603 27.608670 20.765670
g1476 g1606 27.608670 20.765670
g1476 g1609 27.608670 20.765670
g1476 g1648 27.608670 20.765670
g1476 g1651 27.608670 20.765670
g1476 g1654 27.608670 20.765670
g1476 g1789 17.396360 14.735870
g1476 g1792 17.396360 14.735870
g1476 g1795 17.396360 14.735870
g1476 g1798 17.558230 14.858810
g1476 g1801 17.558230 14.858810
g1476 g1804 17.558230 14.858810
g1476 g1808 16.759990 13.116830
g1476 g1809 16.759990 13.116830
g1476 g1807 16.759990 13.116830
g1476 g1810 15.975930 12.684590
g1476 g1813 15.975930 12.684590
g1476 g1816 15.975930 12.684590
g1476 g1819 16.082530 14.537930
g1476 g1822 16.082530 14.537930
g1476 g1825 16.082530 14.537930
g1476 g1829 15.920070 12.905710
g1476 g1830 15.920070 12.905710
g1476 g1828 15.920070 12.905710
g1476 g1693 19.271170 12.703180
g1476 g1694 19.271170 12.703180
g1476 g1695 19.271170 12.703180
g1476 g1696 22.798810 13.016380
g1476 g1697 22.798810 13.016380
g1476 g1698 22.798810 13.016380
g1476 g1699 22.610070 13.397660
g1476 g1700 22.610070 13.397660
g1476 g1701 22.610070 13.397660
g1476 g1703 17.156150 12.430740
g1476 g1704 17.217970 12.492560
g1476 g1702 17.217970 12.492560
g1476 g1784 12.929720 11.879780
g1476 g1785 12.759720 11.709780
g1476 g1783 12.759720 11.709780
g1476 g1667 1.809780 1.809780
g1471 g1471 3.108500 3.108500
g1471 g1512 1.769440 1.769440
g1471 g1513 1.769440 1.769440
g1471 g1511 1.769440 1.769440
g1471 g1557 1.769440 1.769440
g1471 g1558 1.769440 1.769440
g1471 g1556 1.769440 1.769440
g1471 g1560 6.583710 6.583710
g1471 g1561 6.413710 6.413710
g1471 g1559 6.413710 6.413710
g1471 g1567 27.737810 4.242500
g1471 g1570 27.737810 4.242500
g1471 g1573 27.737810 4.242500
g1471 g1612 27.553130 21.236120
g1471 g1615 27.553130 21.236120
g1471 g1618 27.553130 21.236120
g1471 g1576 27.553130 21.236120
g1471 g1579 27.553130 21.236120
g1471 g1582 27.553130 21.236120
g1471 g1621 27.553130 21.236120
g1471 g1624 27.553130 21.236120
g1471 g1627 27.553130 21.236120
g1471 g1585 27.737810 21.224820
g1471 g1588 27.737810 21.224820
g1471 g1591 27.737810 21.224820
g1471 g1630 27.737810 21.224820
g1471 g1633 27.737810 21.224820
g1471 g1636 27.737810 21.224820
g1471 g1594 27.737810 21.224820
g1471 g1597 27.737810 21.224820
g1471 g1600 27.737810 21.224820
g1471 g1639 27.737810 21.224820
g1471 g1642 27.737810 21.224820
g1471 g1645 27.737810 21.224820
g1471 g1603 27.553130 21.236120
g1471 g1606 27.553130 21.236120
g1471 g1609 27.553130 21.236120
g1471 g1648 27.553130 21.236120
g1471 g1651 27.553130 21.236120
g1471 g1654 27.553130 21.236120
g1471 g1789 17.657440 14.996950
g1471 g1792 17.657440 14.996950
g1471 g1795 17.657440 14.996950
g1471 g1798 17.819310 15.119890
g1471 g1801 17.819310 15.119890
g1471 g1804 17.819310 15.119890
g1471 g1808 17.021070 13.377910
g1471 g1809 17.021070 13.377910
g1471 g1807 17.021070 13.377910
g1471 g1810 16.237010 12.945670
g1471 g1813 16.237010 12.945670
g1471 g1816 16.237010 12.945670
g1471 g1819 16.343610 14.799010
g1471 g1822 16.343610 14.799010
g1471 g1825 16.343610 14.799010
g1471 g1829 16.181150 13.166790
g1471 g1830 16.181150 13.166790
g1471 g1828 16.181150 13.166790
g1471 g1693 18.885630 13.173630
g1471 g1694 18.885630 13.173630
g1471 g1695 18.885630 13.173630
g1471 g1696 22.743270 13.486830
g1471 g1697 22.743270 13.486830
g1471 g1698 22.743270 13.486830
g1471 g1699 22.343640 13.868110
g1471 g1700 22.343640 13.868110
g1471 g1701 22.343640 13.868110
g1471 g1703 17.100610 12.901190
g1471 g1704 17.162430 12.963010
g1471 g1702 17.162430 12.963010
g1471 g1784 13.400220 12.350230
g1471 g1785 13.230220 12.180230
g1471 g1783 13.230220 12.180230
g1471 g1669 1.900860 1.900860
g2877 g2877 2.187800 2.187800
g2877 g1671 0.499980 0.499980
g2861 g2861 2.271400 2.271400
g2861 g813 0.499980 0.499980
g2861 OUTPUT 0.000000 0.000000
g813 g845 1.769440 1.769440
g813 g846 1.769440 1.769440
g813 g844 1.769440 1.769440
g813 g857 3.697160 3.697160
g813 g858 3.697160 3.697160
g813 g856 3.697160 3.697160
g813 g866 6.716310 6.716310
g813 g867 6.546310 6.546310
g813 g865 6.546310 6.546310
g813 g873 27.107890 20.169810
g813 g876 27.107890 20.169810
g813 g879 27.107890 20.169810
g813 g918 26.923210 20.181110
g813 g921 26.923210 20.181110
g813 g924 26.923210 20.181110
g813 g882 26.923210 20.181110
g813 g885 26.923210 20.181110
g813 g888 26.923210 20.181110
g813 g927 26.923210 20.181110
g813 g930 26.923210 20.181110
g813 g933 26.923210 20.181110
g813 g891 27.107890 20.169810
g813 g894 27.107890 20.169810
g813 g897 27.107890 20.169810
g813 g936 27.107890 20.169810
g813 g939 27.107890 20.169810
g813 g942 27.107890 20.169810
g813 g900 27.107890 20.169810
g813 g903 27.107890 20.169810
g813 g906 27.107890 20.169810
g813 g945 27.107890 4.242500
g813 g948 27.107890 4.242500
g813 g951 27.107890 4.242500
g813 g909 26.923210 20.181110
g813 g912 26.923210 20.181110
g813 g915 26.923210 20.181110
g813 g954 26.923210 20.181110
g813 g957 26.923210 20.181110
g813 g960 26.923210 20.181110
g813 g1095 17.788600 15.128110
g813 g1098 17.788600 15.128110
g813 g1101 17.788600 15.128110
g813 g1104 17.950470 15.251050
g813 g1107 17.950470 15.251050
g813 g1110 17.950470 15.251050
g813 g1114 17.152230 13.509070
g813 g1115 17.152230 13.509070
g813 g1113 17.152230 13.509070
g813 g1116 16.368170 13.076830
g813 g1119 16.368170 13.076830
g813 g1122 16.368170 13.076830
g813 g1125 16.474770 14.930170
g813 g1128 16.474770 14.930170
g813 g1131 16.474770 14.930170
g813 g1135 16.312310 13.297950
g813 g1136 16.312310 13.297950
g813 g1134 16.312310 13.297950
g813 g999 18.585710 12.118620
g813 g1000 18.585710 12.118620
g813 g1001 18.585710 12.118620
g813 g1002 22.113350 12.431820
g813 g1003 22.113350 12.431820
g813 g1004 22.113350 12.431820
g813 g1005 21.924610 12.813100
g813 g1006 21.924610 12.813100
g813 g1007 21.924610 12.813100
g813 g1009 16.470690 11.846180
g813 g1010 16.532510 11.908000
g813 g1008 16.532510 11.908000
g813 g1090 12.496520 11.295220
g813 g1091 12.326520 11.125220
g813 g1089 12.326520 11.125220
g813 g1137 1.689000 1.689000
g2864 g2864 2.271400 2.271400
g2864 g809 0.499980 0.499980
g2864 OUTPUT 0.000000 0.000000
g809 g842 1.769440 1.769440
g809 g843 1.769440 1.769440
g809 g841 1.769440 1.769440
g809 g857 5.532200 5.532200
g809 g858 5.532200 5.532200
g809 g856 5.532200 5.532200
g809 g866 7.352330 7.352330
g809 g867 7.182330 7.182330
g809 g865 7.182330 7.182330
g809 g873 27.159850 21.228520
g809 g876 27.159850 21.228520
g809 g879 27.159850 21.228520
g809 g918 26.975170 21.239820
g809 g921 26.975170 21.239820
g809 g924 26.975170 21.239820
g809 g882 26.975170 21.239820
g809 g885 26.975170 21.239820
g809 g888 26.975170 21.239820
g809 g927 26.975170 21.239820
g809 g930 26.975170 21.239820
g809 g933 26.975170 21.239820
g809 g891 27.159850 21.228520
g809 g894 27.159850 21.228520
g809 g897 27.159850 21.228520
g809 g936 27.159850 21.228520
g809 g939 27.159850 21.228520
g809 g942 27.159850 21.228520
g809 g900 27.159850 4.242500
g809 g903 27.159850 4.242500
g809 g906 27.159850 4.242500
g809 g945 27.159850 21.228520
g809 g948 27.159850 21.228520
g809 g951 27.159850 21.228520
g809 g909 26.975170 21.239820
g809 g912 26.975170 21.239820
g809 g915 26.975170 21.239820
g809 g954 26.975170 21.239820
g809 g957 26.975170 21.239820
g809 g960 26.975170 21.239820
g809 g1095 18.424620 15.764130
g809 g1098 18.424620 15.764130
g809 g1101 18.424620 15.764130
g809 g1104 18.586490 15.887070
g809 g1107 18.586490 15.887070
g809 g1110 18.586490 15.887070
g809 g1114 17.788250 14.145090
g809 g1115 17.788250 14.145090
g809 g1113 17.788250 14.145090
g809 g1116 17.004190 13.712850
g809 g1119 17.004190 13.712850
g809 g1122 17.004190 13.712850
g809 g1125 17.110790 15.566190
g809 g1128 17.110790 15.566190
g809 g1131 17.110790 15.566190
g809 g1135 16.948330 13.933970
g809 g1136 16.948330 13.933970
g809 g1134 16.948330 13.933970
g809 g999 18.307670 13.177330
g809 g1000 18.307670 13.177330
g809 g1001 18.307670 13.177330
g809 g1002 22.165310 13.490530
g809 g1003 22.165310 13.490530
g809 g1004 22.165310 13.490530
g809 g1005 21.765680 13.871810
g809 g1006 21.765680 13.871810
g809 g1007 21.765680 13.871810
g809 g1009 16.522650 12.571370
g809 g1010 16.584470 12.966710
g809 g1008 16.584470 12.966710
g809 g1090 13.403870 12.353930
g809 g1091 13.233870 12.183930
g809 g1089 13.233870 12.183930
g809 g1139 1.885020 1.885020
g2867 g2867 2.271400 2.271400
g2867 g805 0.499980 0.499980
g2867 OUTPUT 0.000000 0.000000
g805 g839 1.769440 1.769440
g805 g840 1.769440 1.769440
g805 g838 1.769440 1.769440
g805 g857 5.339240 5.339240
g805 g858 5.339240 5.339240
g805 g856 5.339240 5.339240
g805 g866 7.603460 7.603460
g805 g867 7.433460 7.433460
g805 g865 7.433460 7.433460
g805 g873 27.432190 21.698970
g805 g876 27.432190 21.698970
g805 g879 27.432190 21.698970
g805 g918 27.247510 21.710270
g805 g921 27.247510 21.710270
g805 g924 27.247510 21.710270
g805 g882 27.247510 21.710270
g805 g885 27.247510 21.710270
g805 g888 27.247510 21.710270
g805 g927 27.247510 21.710270
g805 g930 27.247510 21.710270
g805 g933 27.247510 21.710270
g805 g891 27.432190 21.698970
g805 g894 27.432190 21.698970
g805 g897 27.432190 21.698970
g805 g936 27.432190 4.242500
g805 g939 27.432190 4.242500
g805 g942 27.432190 4.242500
g805 g900 27.432190 21.698970
g805 g903 27.432190 21.698970
g805 g906 27.432190 21.698970
g805 g945 27.432190 21.698970
g805 g948 27.432190 21.698970
g805 g951 27.432190 21.698970
g805 g909 27.247510 21.710270
g805 g912 27.247510 21.710270
g805 g915 27.247510 21.710270
g805 g954 27.247510 21.710270
g805 g957 27.247510 21.710270
g805 g960 27.247510 21.710270
g805 g1095 18.675750 16.015260
g805 g1098 18.675750 16.015260
g805 g1101 18.675750 16.015260
g805 g1104 18.837620 16.138200
g805 g1107 18.837620 16.138200
g805 g1110 18.837620 16.138200
g805 g1114 18.039380 14.396220
g805 g1115 18.039380 14.396220
g805 g1113 18.039380 14.396220
g805 g1116 17.255320 13.963980
g805 g1119 17.255320 13.963980
g805 g1122 17.255320 13.963980
g805 g1125 17.361920 15.817320
g805 g1128 17.361920 15.817320
g805 g1131 17.361920 15.817320
g805 g1135 17.199460 14.185100
g805 g1136 17.199460 14.185100
g805 g1134 17.199460 14.185100
g805 g999 18.910010 13.647780
g805 g1000 18.910010 13.647780
g805 g1001 18.910010 13.647780
g805 g1002 22.437650 13.960980
g805 g1003 22.437650 13.960980
g805 g1004 22.437650 13.960980
g805 g1005 22.248910 14.342260
g805 g1006 22.248910 14.342260
g805 g1007 22.248910 14.342260
g805 g1009 16.794990 12.951740
g805 g1010 16.856810 13.437160
g805 g1008 16.856810 13.437160
g805 g1090 13.874370 12.824380
g805 g1091 13.704370 12.654380
g805 g1089 13.704370 12.654380
g805 g1141 1.875120 1.875120
g2870 g2870 2.271400 2.271400
g2870 g801 0.499980 0.499980
g2870 OUTPUT 0.000000 0.000000
g801 g836 1.769440 1.769440
g801 g837 1.769440 1.769440
g801 g835 1.769440 1.769440
g801 g857 3.457160 3.457160
g801 g858 3.457160 3.457160
g801 g856 3.457160 3.457160
g801 g866 7.576310 7.576310
g801 g867 7.406310 7.406310
g801 g865 7.406310 7.406310
g801 g873 27.187270 19.489470
g801 g876 27.187270 19.489470
g801 g879 27.187270 19.489470
g801 g918 27.002590 19.500770
g801 g921 27.002590 19.500770
g801 g924 27.002590 19.500770
g801 g882 27.002590 19.500770
g801 g885 27.002590 19.500770
g801 g888 27.002590 19.500770
g801 g927 27.002590 19.500770
g801 g930 27.002590 19.500770
g801 g933 27.002590 19.500770
g801 g891 27.187270 4.242500
g801 g894 27.187270 4.242500
g801 g897 27.187270 4.242500
g801 g936 27.187270 19.489470
g801 g939 27.187270 19.489470
g801 g942 27.187270 19.489470
g801 g900 27.187270 19.489470
g801 g903 27.187270 19.489470
g801 g906 27.187270 19.489470
g801 g945 27.187270 19.489470
g801 g948 27.187270 19.489470
g801 g951 27.187270 19.489470
g801 g909 27.002590 19.500770
g801 g912 27.002590 19.500770
g801 g915 27.002590 19.500770
g801 g954 27.002590 19.500770
g801 g957 27.002590 19.500770
g801 g960 27.002590 19.500770
g801 g1095 18.648600 15.988110
g801 g1098 18.648600 15.988110
g801 g1101 18.648600 15.988110
g801 g1104 18.810470 16.111050
g801 g1107 18.810470 16.111050
g801 g1110 18.810470 16.111050
g801 g1114 18.012230 14.369070
g801 g1115 18.012230 14.369070
g801 g1113 18.012230 14.369070
g801 g1116 17.228170 13.936830
g801 g1119 17.228170 13.936830
g801 g1122 17.228170 13.936830
g801 g1125 17.334770 15.790170
g801 g1128 17.334770 15.790170
g801 g1131 17.334770 15.790170
g801 g1135 17.172310 14.157950
g801 g1136 17.172310 14.157950
g801 g1134 17.172310 14.157950
g801 g999 18.335090 11.438280
g801 g1000 18.335090 11.438280
g801 g1001 18.335090 11.438280
g801 g1002 22.192730 11.751480
g801 g1003 22.192730 11.751480
g801 g1004 22.192730 11.751480
g801 g1005 21.793100 12.132760
g801 g1006 21.793100 12.132760
g801 g1007 21.793100 12.132760
g801 g1009 16.550070 11.165840
g801 g1010 16.611890 11.227660
g801 g1008 16.611890 11.227660
g801 g1090 11.816180 10.614880
g801 g1091 11.646180 10.444880
g801 g1089 11.646180 10.444880
g801 g967 1.689000 1.689000
g2818 g2818 2.271400 2.271400
g2818 g797 0.499980 0.499980
g2818 OUTPUT 0.000000 0.000000
g797 g833 1.769440 1.769440
g797 g834 1.769440 1.769440
g797 g832 1.769440 1.769440
g797 g866 4.058560 4.058560
g797 g867 3.888560 3.888560
g797 g865 3.888560 3.888560
g797 g873 27.224190 20.337140
g797 g876 27.224190 20.337140
g797 g879 27.224190 20.337140
g797 g918 27.039510 20.348440
g797 g921 27.039510 20.348440
g797 g924 27.039510 20.348440
g797 g882 27.039510 20.348440
g797 g885 27.039510 20.348440
g797 g888 27.039510 20.348440
g797 g927 27.039510 4.253470
g797 g930 27.039510 4.253470
g797 g933 27.039510 4.253470
g797 g891 27.224190 20.337140
g797 g894 27.224190 20.337140
g797 g897 27.224190 20.337140
g797 g936 27.224190 20.337140
g797 g939 27.224190 20.337140
g797 g942 27.224190 20.337140
g797 g900 27.224190 20.337140
g797 g903 27.224190 20.337140
g797 g906 27.224190 20.337140
g797 g945 27.224190 20.337140
g797 g948 27.224190 20.337140
g797 g951 27.224190 20.337140
g797 g909 27.039510 20.348440
g797 g912 27.039510 20.348440
g797 g915 27.039510 20.348440
g797 g954 27.039510 20.348440
g797 g957 27.039510 20.348440
g797 g960 27.039510 20.348440
g797 g1095 15.130850 12.470360
g797 g1098 15.130850 12.470360
g797 g1101 15.130850 12.470360
g797 g1104 15.292720 12.593300
g797 g1107 15.292720 12.593300
g797 g1110 15.292720 12.593300
g797 g1114 14.494480 10.851320
g797 g1115 14.494480 10.851320
g797 g1113 14.494480 10.851320
g797 g1116 13.710420 10.419080
g797 g1119 13.710420 10.419080
g797 g1122 13.710420 10.419080
g797 g1125 13.817020 12.272420
g797 g1128 13.817020 12.272420
g797 g1131 13.817020 12.272420
g797 g1135 13.654560 10.640200
g797 g1136 13.654560 10.640200
g797 g1134 13.654560 10.640200
g797 g999 18.702010 12.285950
g797 g1000 18.702010 12.285950
g797 g1001 18.702010 12.285950
g797 g1002 22.229650 12.599150
g797 g1003 22.229650 12.599150
g797 g1004 22.229650 12.599150
g797 g1005 22.040910 12.980430
g797 g1006 22.040910 12.980430
g797 g1007 22.040910 12.980430
g797 g1009 16.586990 12.013510
g797 g1010 16.648810 12.075330
g797 g1008 16.648810 12.075330
g797 g1090 12.512290 11.462550
g797 g1091 12.342290 11.292550
g797 g1089 12.342290 11.292550
g797 g969 1.336560 1.336560
g2821 g2821 2.271400 2.271400
g2821 g793 0.499980 0.499980
g2821 OUTPUT 0.000000 0.000000
g793 g830 1.769440 1.769440
g793 g831 1.769440 1.769440
g793 g829 1.769440 1.769440
g793 g866 3.818560 3.818560
g793 g867 3.648560 3.648560
g793 g865 3.648560 3.648560
g793 g873 27.253210 19.695660
g793 g876 27.253210 19.695660
g793 g879 27.253210 19.695660
g793 g918 27.068530 19.706960
g793 g921 27.068530 19.706960
g793 g924 27.068530 19.706960
g793 g882 27.068530 4.253470
g793 g885 27.068530 4.253470
g793 g888 27.068530 4.253470
g793 g927 27.068530 19.706960
g793 g930 27.068530 19.706960
g793 g933 27.068530 19.706960
g793 g891 27.253210 19.695660
g793 g894 27.253210 19.695660
g793 g897 27.253210 19.695660
g793 g936 27.253210 19.695660
g793 g939 27.253210 19.695660
g793 g942 27.253210 19.695660
g793 g900 27.253210 19.695660
g793 g903 27.253210 19.695660
g793 g906 27.253210 19.695660
g793 g945 27.253210 19.695660
g793 g948 27.253210 19.695660
g793 g951 27.253210 19.695660
g793 g909 27.068530 19.706960
g793 g912 27.068530 19.706960
g793 g915 27.068530 19.706960
g793 g954 27.068530 19.706960
g793 g957 27.068530 19.706960
g793 g960 27.068530 19.706960
g793 g1095 14.890850 12.230360
g793 g1098 14.890850 12.230360
g793 g1101 14.890850 12.230360
g793 g1104 15.052720 12.353300
g793 g1107 15.052720 12.353300
g793 g1110 15.052720 12.353300
g793 g1114 14.254480 10.611320
g793 g1115 14.254480 10.611320
g793 g1113 14.254480 10.611320
g793 g1116 13.470420 10.179080
g793 g1119 13.470420 10.179080
g793 g1122 13.470420 10.179080
g793 g1125 13.577020 12.032420
g793 g1128 13.577020 12.032420
g793 g1131 13.577020 12.032420
g793 g1135 13.414560 10.400200
g793 g1136 13.414560 10.400200
g793 g1134 13.414560 10.400200
g793 g999 18.401030 11.644470
g793 g1000 18.401030 11.644470
g793 g1001 18.401030 11.644470
g793 g1002 22.258670 11.957670
g793 g1003 22.258670 11.957670
g793 g1004 22.258670 11.957670
g793 g1005 21.859040 12.338950
g793 g1006 21.859040 12.338950
g793 g1007 21.859040 12.338950
g793 g1009 16.616010 11.372030
g793 g1010 16.677830 11.433850
g793 g1008 16.677830 11.433850
g793 g1090 12.022370 10.821070
g793 g1091 11.852370 10.651070
g793 g1089 11.852370 10.651070
g793 g971 1.336560 1.336560
g2824 g2824 2.271400 2.271400
g2824 g789 0.499980 0.499980
g2824 OUTPUT 0.000000 0.000000
g789 g821 1.769440 1.769440
g789 g822 1.769440 1.769440
g789 g820 1.769440 1.769440
g789 g860 1.769440 1.769440
g789 g861 1.769440 1.769440
g789 g859 1.769440 1.769440
g789 g866 6.142450 6.142450
g789 g867 5.972450 5.972450
g789 g865 5.972450 5.972450
g789 g873 27.613170 20.754370
g789 g876 27.613170 20.754370
g789 g879 27.613170 20.754370
g789 g918 27.428490 4.253470
g789 g921 27.428490 4.253470
g789 g924 27.428490 4.253470
g789 g882 27.428490 20.765670
g789 g885 27.428490 20.765670
g789 g888 27.428490 20.765670
g789 g927 27.428490 20.765670
g789 g930 27.428490 20.765670
g789 g933 27.428490 20.765670
g789 g891 27.613170 20.754370
g789 g894 27.613170 20.754370
g789 g897 27.613170 20.754370
g789 g936 27.613170 20.754370
g789 g939 27.613170 20.754370
g789 g942 27.613170 20.754370
g789 g900 27.613170 20.754370
g789 g903 27.613170 20.754370
g789 g906 27.613170 20.754370
g789 g945 27.613170 20.754370
g789 g948 27.613170 20.754370
g789 g951 27.613170 20.754370
g789 g909 27.428490 20.765670
g789 g912 27.428490 20.765670
g789 g915 27.428490 20.765670
g789 g954 27.428490 20.765670
g789 g957 27.428490 20.765670
g789 g960 27.428490 20.765670
g789 g1095 17.216180 14.555690
g789 g1098 17.216180 14.555690
g789 g1101 17.216180 14.555690
g789 g1104 17.378050 14.678630
g789 g1107 17.378050 14.678630
g789 g1110 17.378050 14.678630
g789 g1114 16.579810 12.936650
g789 g1115 16.579810 12.936650
g789 g1113 16.579810 12.936650
g789 g1116 15.795750 12.504410
g789 g1119 15.795750 12.504410
g789 g1122 15.795750 12.504410
g789 g1125 15.902350 14.357750
g789 g1128 15.902350 14.357750
g789 g1131 15.902350 14.357750
g789 g1135 15.739890 12.725530
g789 g1136 15.739890 12.725530
g789 g1134 15.739890 12.725530
g789 g999 19.090990 12.703180
g789 g1000 19.090990 12.703180
g789 g1001 19.090990 12.703180
g789 g1002 22.618630 13.016380
g789 g1003 22.618630 13.016380
g789 g1004 22.618630 13.016380
g789 g1005 22.429890 13.397660
g789 g1006 22.429890 13.397660
g789 g1007 22.429890 13.397660
g789 g1009 16.975970 12.430740
g789 g1010 17.037790 12.492560
g789 g1008 17.037790 12.492560
g789 g1090 12.929720 11.879780
g789 g1091 12.759720 11.709780
g789 g1089 12.759720 11.709780
g789 g973 1.629600 1.629600
g2827 g2827 2.271400 2.271400
g2827 g785 0.499980 0.499980
g2827 OUTPUT 0.000000 0.000000
g785 g818 1.769440 1.769440
g785 g819 1.769440 1.769440
g785 g817 1.769440 1.769440
g785 g863 1.769440 1.769440
g785 g864 1.769440 1.769440
g785 g862 1.769440 1.769440
g785 g866 6.403530 6.403530
g785 g867 6.233530 6.233530
g785 g865 6.233530 6.233530
g785 g873 27.557630 4.242500
g785 g876 27.557630 4.242500
g785 g879 27.557630 4.242500
g785 g918 27.372950 21.236120
g785 g921 27.372950 21.236120
g785 g924 27.372950 21.236120
g785 g882 27.372950 21.236120
g785 g885 27.372950 21.236120
g785 g888 27.372950 21.236120
g785 g927 27.372950 21.236120
g785 g930 27.372950 21.236120
g785 g933 27.372950 21.236120
g785 g891 27.557630 21.224820
g785 g894 27.557630 21.224820
g785 g897 27.557630 21.224820
g785 g936 27.557630 21.224820
g785 g939 27.557630 21.224820
g785 g942 27.557630 21.224820
g785 g900 27.557630 21.224820
g785 g903 27.557630 21.224820
g785 g906 27.557630 21.224820
g785 g945 27.557630 21.224820
g785 g948 27.557630 21.224820
g785 g951 27.557630 21.224820
g785 g909 27.372950 21.236120
g785 g912 27.372950 21.236120
g785 g915 27.372950 21.236120
g785 g954 27.372950 21.236120
g785 g957 27.372950 21.236120
g785 g960 27.372950 21.236120
g785 g1095 17.477260 14.816770
g785 g1098 17.477260 14.816770
g785 g1101 17.477260 14.816770
g785 g1104 17.639130 14.939710
g785 g1107 17.639130 14.939710
g785 g1110 17.639130 14.939710
g785 g1114 16.840890 13.197730
g785 g1115 16.840890 13.197730
g785 g1113 16.840890 13.197730
g785 g1116 16.056830 12.765490
g785 g1119 16.056830 12.765490
g785 g1122 16.056830 12.765490
g785 g1125 16.163430 14.618830
g785 g1128 16.163430 14.618830
g785 g1131 16.163430 14.618830
g785 g1135 16.000970 12.986610
g785 g1136 16.000970 12.986610
g785 g1134 16.000970 12.986610
g785 g999 18.705450 13.173630
g785 g1000 18.705450 13.173630
g785 g1001 18.705450 13.173630
g785 g1002 22.563090 13.486830
g785 g1003 22.563090 13.486830
g785 g1004 22.563090 13.486830
g785 g1005 22.163460 13.868110
g785 g1006 22.163460 13.868110
g785 g1007 22.163460 13.868110
g785 g1009 16.920430 12.901190
g785 g1010 16.982250 12.963010
g785 g1008 16.982250 12.963010
g785 g1090 13.400220 12.350230
g785 g1091 13.230220 12.180230
g785 g1089 13.230220 12.180230
g785 g975 1.720680 1.720680
g2830 g2830 2.271400 2.271400
g2830 g2873 0.499980 0.499980
g2830 OUTPUT 0.000000 0.000000
g2873 g977 0.499980 0.499980
g2833 g2833 2.271400 2.271400
g2833 g125 0.499980 0.499980
g2833 OUTPUT 0.000000 0.000000
g125 g157 1.769440 1.769440
g125 g158 1.769440 1.769440
g125 g156 1.769440 1.769440
g125 g169 3.697160 3.697160
g125 g170 3.697160 3.697160
g125 g168 3.697160 3.697160
g125 g178 6.716310 6.716310
g125 g179 6.546310 6.546310
g125 g177 6.546310 6.546310
g125 g186 27.107890 20.169810
g125 g189 27.107890 20.169810
g125 g192 27.107890 20.169810
g125 g231 26.923210 20.181110
g125 g234 26.923210 20.181110
g125 g237 26.923210 20.181110
g125 g195 26.923210 20.181110
g125 g198 26.923210 20.181110
g125 g201 26.923210 20.181110
g125 g240 26.923210 20.181110
g125 g243 26.923210 20.181110
g125 g246 26.923210 20.181110
g125 g204 27.107890 20.169810
g125 g207 27.107890 20.169810
g125 g210 27.107890 20.169810
g125 g249 27.107890 20.169810
g125 g252 27.107890 20.169810
g125 g255 27.107890 20.169810
g125 g213 27.107890 20.169810
g125 g216 27.107890 20.169810
g125 g219 27.107890 20.169810
g125 g258 27.107890 4.242500
g125 g261 27.107890 4.242500
g125 g264 27.107890 4.242500
g125 g222 26.923210 20.181110
g125 g225 26.923210 20.181110
g125 g228 26.923210 20.181110
g125 g267 26.923210 20.181110
g125 g270 26.923210 20.181110
g125 g273 26.923210 20.181110
g125 g408 17.788600 15.128110
g125 g411 17.788600 15.128110
g125 g414 17.788600 15.128110
g125 g417 17.950470 15.251050
g125 g420 17.950470 15.251050
g125 g423 17.950470 15.251050
g125 g427 17.152230 13.509070
g125 g428 17.152230 13.509070
g125 g426 17.152230 13.509070
g125 g429 16.368170 13.076830
g125 g432 16.368170 13.076830
g125 g435 16.368170 13.076830
g125 g438 16.474770 14.930170
g125 g441 16.474770 14.930170
g125 g444 16.474770 14.930170
g125 g448 16.312310 13.297950
g125 g449 16.312310 13.297950
g125 g447 16.312310 13.297950
g125 g312 18.585710 12.118620
g125 g313 18.585710 12.118620
g125 g314 18.585710 12.118620
g125 g315 22.113350 12.431820
g125 g316 22.113350 12.431820
g125 g317 22.113350 12.431820
g125 g318 21.924610 12.813100
g125 g319 21.924610 12.813100
g125 g320 21.924610 12.813100
g125 g322 16.470690 11.846180
g125 g323 16.532510 11.908000
g125 g321 16.532510 11.908000
g125 g403 12.496520 11.295220
g125 g404 12.326520 11.125220
g125 g402 12.326520 11.125220
g125 g450 1.689000 1.689000
g2836 g2836 2.271400 2.271400
g2836 g121 0.499980 0.499980
g2836 OUTPUT 0.000000 0.000000
g121 g154 1.769440 1.769440
g121 g155 1.769440 1.769440
g121 g153 1.769440 1.769440
g121 g169 5.532200 5.532200
g121 g170 5.532200 5.532200
g121 g168 5.532200 5.532200
g121 g178 7.352330 7.352330
g121 g179 7.182330 7.182330
g121 g177 7.182330 7.182330
g121 g186 27.159850 21.228520
g121 g189 27.159850 21.228520
g121 g192 27.159850 21.228520
g121 g231 26.975170 21.239820
g121 g234 26.975170 21.239820
g121 g237 26.975170 21.239820
g121 g195 26.975170 21.239820
g121 g198 26.975170 21.239820
g121 g201 26.975170 21.239820
g121 g240 26.975170 21.239820
g121 g243 26.975170 21.239820
g121 g246 26.975170 21.239820
g121 g204 27.159850 21.228520
g121 g207 27.159850 21.228520
g121 g210 27.159850 21.228520
g121 g249 27.159850 21.228520
g121 g252 27.159850 21.228520
g121 g255 27.159850 21.228520
g121 g213 27.159850 4.242500
g121 g216 27.159850 4.242500
g121 g219 27.159850 4.242500
g121 g258 27.159850 21.228520
g121 g261 27.159850 21.228520
g121 g264 27.159850 21.228520
g121 g222 26.975170 21.239820
g121 g225 26.975170 21.239820
g121 g228 26.975170 21.239820
g121 g267 26.975170 21.239820
g121 g270 26.975170 21.239820
g121 g273 26.975170 21.239820
g121 g408 18.424620 15.764130
g121 g411 18.424620 15.764130
g121 g414 18.424620 15.764130
g121 g417 18.586490 15.887070
g121 g420 18.586490 15.887070
g121 g423 18.586490 15.887070
g121 g427 17.788250 14.145090
g121 g428 17.788250 14.145090
g121 g426 17.788250 14.145090
g121 g429 17.004190 13.712850
g121 g432 17.004190 13.712850
g121 g435 17.004190 13.712850
g121 g438 17.110790 15.566190
g121 g441 17.110790 15.566190
g121 g444 17.110790 15.566190
g121 g448 16.948330 13.933970
g121 g449 16.948330 13.933970
g121 g447 16.948330 13.933970
g121 g312 18.307670 13.177330
g121 g313 18.307670 13.177330
g121 g314 18.307670 13.177330
g121 g315 22.165310 13.490530
g121 g316 22.165310 13.490530
g121 g317 22.165310 13.490530
g121 g318 21.765680 13.871810
g121 g319 21.765680 13.871810
g121 g320 21.765680 13.871810
g121 g322 16.522650 12.571370
g121 g323 16.584470 12.966710
g121 g321 16.584470 12.966710
g121 g403 13.403870 12.353930
g121 g404 13.233870 12.183930
g121 g402 13.233870 12.183930
g121 g452 1.885020 1.885020
g2839 g2839 2.271400 2.271400
g2839 g117 0.499980 0.499980
g2839 OUTPUT 0.000000 0.000000
g117 g151 1.769440 1.769440
g117 g152 1.769440 1.769440
g117 g150 1.769440 1.769440
g117 g169 5.339240 5.339240
g117 g170 5.339240 5.339240
g117 g168 5.339240 5.339240
g117 g178 7.603460 7.603460
g117 g179 7.433460 7.433460
g117 g177 7.433460 7.433460
g117 g186 27.432190 21.698970
g117 g189 27.432190 21.698970
g117 g192 27.432190 21.698970
g117 g231 27.247510 21.710270
g117 g234 27.247510 21.710270
g117 g237 27.247510 21.710270
g117 g195 27.247510 21.710270
g117 g198 27.247510 21.710270
g117 g201 27.247510 21.710270
g117 g240 27.247510 21.710270
g117 g243 27.247510 21.710270
g117 g246 27.247510 21.710270
g117 g204 27.432190 21.698970
g117 g207 27.432190 21.698970
g117 g210 27.432190 21.698970
g117 g249 27.432190 4.242500
g117 g252 27.432190 4.242500
g117 g255 27.432190 4.242500
g117 g213 27.432190 21.698970
g117 g216 27.432190 21.698970
g117 g219 27.432190 21.698970
g117 g258 27.432190 21.698970
g117 g261 27.432190 21.698970
g117 g264 27.432190 21.698970
g117 g222 27.247510 21.710270
g117 g225 27.247510 21.710270
g117 g228 27.247510 21.710270
g117 g267 27.247510 21.710270
g117 g270 27.247510 21.710270
g117 g273 27.247510 21.710270
g117 g408 18.675750 16.015260
g117 g411 18.675750 16.015260
g117 g414 18.675750 16.015260
g117 g417 18.837620 16.138200
g117 g420 18.837620 16.138200
g117 g423 18.837620 16.138200
g117 g427 18.039380 14.396220
g117 g428 18.039380 14.396220
g117 g426 18.039380 14.396220
g117 g429 17.255320 13.963980
g117 g432 17.255320 13.963980
g117 g435 17.255320 13.963980
g117 g438 17.361920 15.817320
g117 g441 17.361920 15.817320
g117 g444 17.361920 15.817320
g117 g448 17.199460 14.185100
g117 g449 17.199460 14.185100
g117 g447 17.199460 14.185100
g117 g312 18.910010 13.647780
g117 g313 18.910010 13.647780
g117 g314 18.910010 13.647780
g117 g315 22.437650 13.960980
g117 g316 22.437650 13.960980
g117 g317 22.437650 13.960980
g117 g318 22.248910 14.342260
g117 g319 22.248910 14.342260
g117 g320 22.248910 14.342260
g117 g322 16.794990 12.951740
g117 g323 16.856810 13.437160
g117 g321 16.856810 13.437160
g117 g403 13.874370 12.824380
g117 g404 13.704370 12.654380
g117 g402 13.704370 12.654380
g117 g454 1.875120 1.875120
g2842 g2842 2.271400 2.271400
g2842 g113 0.499980 0.499980
g2842 OUTPUT 0.000000 0.000000
g113 g148 1.769440 1.769440
g113 g149 1.769440 1.769440
g113 g147 1.769440 1.769440
g113 g169 3.457160 3.457160
g113 g170 3.457160 3.457160
g113 g168 3.457160 3.457160
g113 g178 7.576310 7.576310
g113 g179 7.406310 7.406310
g113 g177 7.406310 7.406310
g113 g186 27.187270 19.489470
g113 g189 27.187270 19.489470
g113 g192 27.187270 19.489470
g113 g231 27.002590 19.500770
g113 g234 27.002590 19.500770
g113 g237 27.002590 19.500770
g113 g195 27.002590 19.500770
g113 g198 27.002590 19.500770
g113 g201 27.002590 19.500770
g113 g240 27.002590 19.500770
g113 g243 27.002590 19.500770
g113 g246 27.002590 19.500770
g113 g204 27.187270 4.242500
g113 g207 27.187270 4.242500
g113 g210 27.187270 4.242500
g113 g249 27.187270 19.489470
g113 g252 27.187270 19.489470
g113 g255 27.187270 19.489470
g113 g213 27.187270 19.489470
g113 g216 27.187270 19.489470
g113 g219 27.187270 19.489470
g113 g258 27.187270 19.489470
g113 g261 27.187270 19.489470
g113 g264 27.187270 19.489470
g113 g222 27.002590 19.500770
g113 g225 27.002590 19.500770
g113 g228 27.002590 19.500770
g113 g267 27.002590 19.500770
g113 g270 27.002590 19.500770
g113 g273 27.002590 19.500770
g113 g408 18.648600 15.988110
g113 g411 18.648600 15.988110
g113 g414 18.648600 15.988110
g113 g417 18.810470 16.111050
g113 g420 18.810470 16.111050
g113 g423 18.810470 16.111050
g113 g427 18.012230 14.369070
g113 g428 18.012230 14.369070
g113 g426 18.012230 14.369070
g113 g429 17.228170 13.936830
g113 g432 17.228170 13.936830
g113 g435 17.228170 13.936830
g113 g438 17.334770 15.790170
g113 g441 17.334770 15.790170
g113 g444 17.334770 15.790170
g113 g448 17.172310 14.157950
g113 g449 17.172310 14.157950
g113 g447 17.172310 14.157950
g113 g312 18.335090 11.438280
g113 g313 18.335090 11.438280
g113 g314 18.335090 11.438280
g113 g315 22.192730 11.751480
g113 g316 22.192730 11.751480
g113 g317 22.192730 11.751480
g113 g318 21.793100 12.132760
g113 g319 21.793100 12.132760
g113 g320 21.793100 12.132760
g113 g322 16.550070 11.165840
g113 g323 16.611890 11.227660
g113 g321 16.611890 11.227660
g113 g403 11.816180 10.614880
g113 g404 11.646180 10.444880
g113 g402 11.646180 10.444880
g113 g280 1.689000 1.689000
g2845 g2845 2.271400 2.271400
g2845 g109 0.499980 0.499980
g2845 OUTPUT 0.000000 0.000000
g109 g145 1.769440 1.769440
g109 g146 1.769440 1.769440
g109 g144 1.769440 1.769440
g109 g178 4.058560 4.058560
g109 g179 3.888560 3.888560
g109 g177 3.888560 3.888560
g109 g186 27.224190 20.337140
g109 g189 27.224190 20.337140
g109 g192 27.224190 20.337140
g109 g231 27.039510 20.348440
g109 g234 27.039510 20.348440
g109 g237 27.039510 20.348440
g109 g195 27.039510 20.348440
g109 g198 27.039510 20.348440
g109 g201 27.039510 20.348440
g109 g240 27.039510 4.253470
g109 g243 27.039510 4.253470
g109 g246 27.039510 4.253470
g109 g204 27.224190 20.337140
g109 g207 27.224190 20.337140
g109 g210 27.224190 20.337140
g109 g249 27.224190 20.337140
g109 g252 27.224190 20.337140
g109 g255 27.224190 20.337140
g109 g213 27.224190 20.337140
g109 g216 27.224190 20.337140
g109 g219 27.224190 20.337140
g109 g258 27.224190 20.337140
g109 g261 27.224190 20.337140
g109 g264 27.224190 20.337140
g109 g222 27.039510 20.348440
g109 g225 27.039510 20.348440
g109 g228 27.039510 20.348440
g109 g267 27.039510 20.348440
g109 g270 27.039510 20.348440
g109 g273 27.039510 20.348440
g109 g408 15.130850 12.470360
g109 g411 15.130850 12.470360
g109 g414 15.130850 12.470360
g109 g417 15.292720 12.593300
g109 g420 15.292720 12.593300
g109 g423 15.292720 12.593300
g109 g427 14.494480 10.851320
g109 g428 14.494480 10.851320
g109 g426 14.494480 10.851320
g109 g429 13.710420 10.419080
g109 g432 13.710420 10.419080
g109 g435 13.710420 10.419080
g109 g438 13.817020 12.272420
g109 g441 13.817020 12.272420
g109 g444 13.817020 12.272420
g109 g448 13.654560 10.640200
g109 g449 13.654560 10.640200
g109 g447 13.654560 10.640200
g109 g312 18.702010 12.285950
g109 g313 18.702010 12.285950
g109 g314 18.702010 12.285950
g109 g315 22.229650 12.599150
g109 g316 22.229650 12.599150
g109 g317 22.229650 12.599150
g109 g318 22.040910 12.980430
g109 g319 22.040910 12.980430
g109 g320 22.040910 12.980430
g109 g322 16.586990 12.013510
g109 g323 16.648810 12.075330
g109 g321 16.648810 12.075330
g109 g403 12.512290 11.462550
g109 g404 12.342290 11.292550
g109 g402 12.342290 11.292550
g109 g282 1.336560 1.336560
g2848 g2848 2.271400 2.271400
g2848 g105 0.499980 0.499980
g2848 OUTPUT 0.000000 0.000000
g105 g142 1.769440 1.769440
g105 g143 1.769440 1.769440
g105 g141 1.769440 1.769440
g105 g178 3.818560 3.818560
g105 g179 3.648560 3.648560
g105 g177 3.648560 3.648560
g105 g186 27.253210 19.695660
g105 g189 27.253210 19.695660
g105 g192 27.253210 19.695660
g105 g231 27.068530 19.706960
g105 g234 27.068530 19.706960
g105 g237 27.068530 19.706960
g105 g195 27.068530 4.253470
g105 g198 27.068530 4.253470
g105 g201 27.068530 4.253470
g105 g240 27.068530 19.706960
g105 g243 27.068530 19.706960
g105 g246 27.068530 19.706960
g105 g204 27.253210 19.695660
g105 g207 27.253210 19.695660
g105 g210 27.253210 19.695660
g105 g249 27.253210 19.695660
g105 g252 27.253210 19.695660
g105 g255 27.253210 19.695660
g105 g213 27.253210 19.695660
g105 g216 27.253210 19.695660
g105 g219 27.253210 19.695660
g105 g258 27.253210 19.695660
g105 g261 27.253210 19.695660
g105 g264 27.253210 19.695660
g105 g222 27.068530 19.706960
g105 g225 27.068530 19.706960
g105 g228 27.068530 19.706960
g105 g267 27.068530 19.706960
g105 g270 27.068530 19.706960
g105 g273 27.068530 19.706960
g105 g408 14.890850 12.230360
g105 g411 14.890850 12.230360
g105 g414 14.890850 12.230360
g105 g417 15.052720 12.353300
g105 g420 15.052720 12.353300
g105 g423 15.052720 12.353300
g105 g427 14.254480 10.611320
g105 g428 14.254480 10.611320
g105 g426 14.254480 10.611320
g105 g429 13.470420 10.179080
g105 g432 13.470420 10.179080
g105 g435 13.470420 10.179080
g105 g438 13.577020 12.032420
g105 g441 13.577020 12.032420
g105 g444 13.577020 12.032420
g105 g448 13.414560 10.400200
g105 g449 13.414560 10.400200
g105 g447 13.414560 10.400200
g105 g312 18.401030 11.644470
g105 g313 18.401030 11.644470
g105 g314 18.401030 11.644470
g105 g315 22.258670 11.957670
g105 g316 22.258670 11.957670
g105 g317 22.258670 11.957670
g105 g318 21.859040 12.338950
g105 g319 21.859040 12.338950
g105 g320 21.859040 12.338950
g105 g322 16.616010 11.372030
g105 g323 16.677830 11.433850
g105 g321 16.677830 11.433850
g105 g403 12.022370 10.821070
g105 g404 11.852370 10.651070
g105 g402 11.852370 10.651070
g105 g284 1.336560 1.336560
g2851 g2851 2.271400 2.271400
g2851 g101 0.499980 0.499980
g2851 OUTPUT 0.000000 0.000000
g101 g133 1.769440 1.769440
g101 g134 1.769440 1.769440
g101 g132 1.769440 1.769440
g101 g172 1.769440 1.769440
g101 g173 1.769440 1.769440
g101 g171 1.769440 1.769440
g101 g178 6.142450 6.142450
g101 g179 5.972450 5.972450
g101 g177 5.972450 5.972450
g101 g186 27.613170 20.754370
g101 g189 27.613170 20.754370
g101 g192 27.613170 20.754370
g101 g231 27.428490 4.253470
g101 g234 27.428490 4.253470
g101 g237 27.428490 4.253470
g101 g195 27.428490 20.765670
g101 g198 27.428490 20.765670
g101 g201 27.428490 20.765670
g101 g240 27.428490 20.765670
g101 g243 27.428490 20.765670
g101 g246 27.428490 20.765670
g101 g204 27.613170 20.754370
g101 g207 27.613170 20.754370
g101 g210 27.613170 20.754370
g101 g249 27.613170 20.754370
g101 g252 27.613170 20.754370
g101 g255 27.613170 20.754370
g101 g213 27.613170 20.754370
g101 g216 27.613170 20.754370
g101 g219 27.613170 20.754370
g101 g258 27.613170 20.754370
g101 g261 27.613170 20.754370
g101 g264 27.613170 20.754370
g101 g222 27.428490 20.765670
g101 g225 27.428490 20.765670
g101 g228 27.428490 20.765670
g101 g267 27.428490 20.765670
g101 g270 27.428490 20.765670
g101 g273 27.428490 20.765670
g101 g408 17.216180 14.555690
g101 g411 17.216180 14.555690
g101 g414 17.216180 14.555690
g101 g417 17.378050 14.678630
g101 g420 17.378050 14.678630
g101 g423 17.378050 14.678630
g101 g427 16.579810 12.936650
g101 g428 16.579810 12.936650
g101 g426 16.579810 12.936650
g101 g429 15.795750 12.504410
g101 g432 15.795750 12.504410
g101 g435 15.795750 12.504410
g101 g438 15.902350 14.357750
g101 g441 15.902350 14.357750
g101 g444 15.902350 14.357750
g101 g448 15.739890 12.725530
g101 g449 15.739890 12.725530
g101 g447 15.739890 12.725530
g101 g312 19.090990 12.703180
g101 g313 19.090990 12.703180
g101 g314 19.090990 12.703180
g101 g315 22.618630 13.016380
g101 g316 22.618630 13.016380
g101 g317 22.618630 13.016380
g101 g318 22.429890 13.397660
g101 g319 22.429890 13.397660
g101 g320 22.429890 13.397660
g101 g322 16.975970 12.430740
g101 g323 17.037790 12.492560
g101 g321 17.037790 12.492560
g101 g403 12.929720 11.879780
g101 g404 12.759720 11.709780
g101 g402 12.759720 11.709780
g101 g286 1.629600 1.629600
g2854 g2854 2.271400 2.271400
g2854 g97 0.499980 0.499980
g2854 OUTPUT 0.000000 0.000000
g97 g130 1.769440 1.769440
g97 g131 1.769440 1.769440
g97 g129 1.769440 1.769440
g97 g175 1.769440 1.769440
g97 g176 1.769440 1.769440
g97 g174 1.769440 1.769440
g97 g178 6.403530 6.403530
g97 g179 6.233530 6.233530
g97 g177 6.233530 6.233530
g97 g186 27.557630 4.242500
g97 g189 27.557630 4.242500
g97 g192 27.557630 4.242500
g97 g231 27.372950 21.236120
g97 g234 27.372950 21.236120
g97 g237 27.372950 21.236120
g97 g195 27.372950 21.236120
g97 g198 27.372950 21.236120
g97 g201 27.372950 21.236120
g97 g240 27.372950 21.236120
g97 g243 27.372950 21.236120
g97 g246 27.372950 21.236120
g97 g204 27.557630 21.224820
g97 g207 27.557630 21.224820
g97 g210 27.557630 21.224820
g97 g249 27.557630 21.224820
g97 g252 27.557630 21.224820
g97 g255 27.557630 21.224820
g97 g213 27.557630 21.224820
g97 g216 27.557630 21.224820
g97 g219 27.557630 21.224820
g97 g258 27.557630 21.224820
g97 g261 27.557630 21.224820
g97 g264 27.557630 21.224820
g97 g222 27.372950 21.236120
g97 g225 27.372950 21.236120
g97 g228 27.372950 21.236120
g97 g267 27.372950 21.236120
g97 g270 27.372950 21.236120
g97 g273 27.372950 21.236120
g97 g408 17.477260 14.816770
g97 g411 17.477260 14.816770
g97 g414 17.477260 14.816770
g97 g417 17.639130 14.939710
g97 g420 17.639130 14.939710
g97 g423 17.639130 14.939710
g97 g427 16.840890 13.197730
g97 g428 16.840890 13.197730
g97 g426 16.840890 13.197730
g97 g429 16.056830 12.765490
g97 g432 16.056830 12.765490
g97 g435 16.056830 12.765490
g97 g438 16.163430 14.618830
g97 g441 16.163430 14.618830
g97 g444 16.163430 14.618830
g97 g448 16.000970 12.986610
g97 g449 16.000970 12.986610
g97 g447 16.000970 12.986610
g97 g312 18.705450 13.173630
g97 g313 18.705450 13.173630
g97 g314 18.705450 13.173630
g97 g315 22.563090 13.486830
g97 g316 22.563090 13.486830
g97 g317 22.563090 13.486830
g97 g318 22.163460 13.868110
g97 g319 22.163460 13.868110
g97 g320 22.163460 13.868110
g97 g322 16.920430 12.901190
g97 g323 16.982250 12.963010
g97 g321 16.982250 12.963010
g97 g403 13.400220 12.350230
g97 g404 13.230220 12.180230
g97 g402 13.230220 12.180230
g97 g288 1.720680 1.720680
g2858 g2858 2.271400 2.271400
g2858 g2857 0.499980 0.499980
g2858 OUTPUT 0.000000 0.000000
g2857 g290 0.499980 0.499980
g2200 g2200 3.076820 3.076820
g2200 g2233 1.769440 1.769440
g2200 g2234 1.769440 1.769440
g2200 g2232 1.769440 1.769440
g2200 g2245 3.697160 3.697160
g2200 g2246 3.697160 3.697160
g2200 g2244 3.697160 3.697160
g2200 g2254 6.896490 6.896490
g2200 g2255 6.726490 6.726490
g2200 g2253 6.726490 6.726490
g2200 g2261 27.288070 20.169810
g2200 g2264 27.288070 20.169810
g2200 g2267 27.288070 20.169810
g2200 g2306 27.103390 20.181110
g2200 g2309 27.103390 20.181110
g2200 g2312 27.103390 20.181110
g2200 g2270 27.103390 20.181110
g2200 g2273 27.103390 20.181110
g2200 g2276 27.103390 20.181110
g2200 g2315 27.103390 20.181110
g2200 g2318 27.103390 20.181110
g2200 g2321 27.103390 20.181110
g2200 g2279 27.288070 20.169810
g2200 g2282 27.288070 20.169810
g2200 g2285 27.288070 20.169810
g2200 g2324 27.288070 20.169810
g2200 g2327 27.288070 20.169810
g2200 g2330 27.288070 20.169810
g2200 g2288 27.288070 20.169810
g2200 g2291 27.288070 20.169810
g2200 g2294 27.288070 20.169810
g2200 g2333 27.288070 4.242500
g2200 g2336 27.288070 4.242500
g2200 g2339 27.288070 4.242500
g2200 g2297 27.103390 20.181110
g2200 g2300 27.103390 20.181110
g2200 g2303 27.103390 20.181110
g2200 g2342 27.103390 20.181110
g2200 g2345 27.103390 20.181110
g2200 g2348 27.103390 20.181110
g2200 g2483 17.968780 15.308290
g2200 g2486 17.968780 15.308290
g2200 g2489 17.968780 15.308290
g2200 g2492 18.130650 15.431230
g2200 g2495 18.130650 15.431230
g2200 g2498 18.130650 15.431230
g2200 g2502 17.332410 13.689250
g2200 g2503 17.332410 13.689250
g2200 g2501 17.332410 13.689250
g2200 g2504 16.548350 13.257010
g2200 g2507 16.548350 13.257010
g2200 g2510 16.548350 13.257010
g2200 g2513 16.654950 15.110350
g2200 g2516 16.654950 15.110350
g2200 g2519 16.654950 15.110350
g2200 g2523 16.492490 13.478130
g2200 g2524 16.492490 13.478130
g2200 g2522 16.492490 13.478130
g2200 g2387 18.765890 12.118620
g2200 g2388 18.765890 12.118620
g2200 g2389 18.765890 12.118620
g2200 g2390 22.293530 12.431820
g2200 g2391 22.293530 12.431820
g2200 g2392 22.293530 12.431820
g2200 g2393 22.104790 12.813100
g2200 g2394 22.104790 12.813100
g2200 g2395 22.104790 12.813100
g2200 g2397 16.650870 11.846180
g2200 g2398 16.712690 11.908000
g2200 g2396 16.712690 11.908000
g2200 g2478 12.496520 11.295220
g2200 g2479 12.326520 11.125220
g2200 g2477 12.326520 11.125220
g2200 g2525 1.869180 1.869180
g2195 g2195 3.272840 3.272840
g2195 g2230 1.769440 1.769440
g2195 g2231 1.769440 1.769440
g2195 g2229 1.769440 1.769440
g2195 g2245 5.712380 5.712380
g2195 g2246 5.712380 5.712380
g2195 g2244 5.712380 5.712380
g2195 g2254 7.532510 7.532510
g2195 g2255 7.362510 7.362510
g2195 g2253 7.362510 7.362510
g2195 g2261 27.340030 21.228520
g2195 g2264 27.340030 21.228520
g2195 g2267 27.340030 21.228520
g2195 g2306 27.155350 21.239820
g2195 g2309 27.155350 21.239820
g2195 g2312 27.155350 21.239820
g2195 g2270 27.155350 21.239820
g2195 g2273 27.155350 21.239820
g2195 g2276 27.155350 21.239820
g2195 g2315 27.155350 21.239820
g2195 g2318 27.155350 21.239820
g2195 g2321 27.155350 21.239820
g2195 g2279 27.340030 21.228520
g2195 g2282 27.340030 21.228520
g2195 g2285 27.340030 21.228520
g2195 g2324 27.340030 21.228520
g2195 g2327 27.340030 21.228520
g2195 g2330 27.340030 21.228520
g2195 g2288 27.340030 4.242500
g2195 g2291 27.340030 4.242500
g2195 g2294 27.340030 4.242500
g2195 g2333 27.340030 21.228520
g2195 g2336 27.340030 21.228520
g2195 g2339 27.340030 21.228520
g2195 g2297 27.155350 21.239820
g2195 g2300 27.155350 21.239820
g2195 g2303 27.155350 21.239820
g2195 g2342 27.155350 21.239820
g2195 g2345 27.155350 21.239820
g2195 g2348 27.155350 21.239820
g2195 g2483 18.604800 15.944310
g2195 g2486 18.604800 15.944310
g2195 g2489 18.604800 15.944310
g2195 g2492 18.766670 16.067250
g2195 g2495 18.766670 16.067250
g2195 g2498 18.766670 16.067250
g2195 g2502 17.968430 14.325270
g2195 g2503 17.968430 14.325270
g2195 g2501 17.968430 14.325270
g2195 g2504 17.184370 13.893030
g2195 g2507 17.184370 13.893030
g2195 g2510 17.184370 13.893030
g2195 g2513 17.290970 15.746370
g2195 g2516 17.290970 15.746370
g2195 g2519 17.290970 15.746370
g2195 g2523 17.128510 14.114150
g2195 g2524 17.128510 14.114150
g2195 g2522 17.128510 14.114150
g2195 g2387 18.487850 13.177330
g2195 g2388 18.487850 13.177330
g2195 g2389 18.487850 13.177330
g2195 g2390 22.345490 13.490530
g2195 g2391 22.345490 13.490530
g2195 g2392 22.345490 13.490530
g2195 g2393 21.945860 13.871810
g2195 g2394 21.945860 13.871810
g2195 g2395 21.945860 13.871810
g2195 g2397 16.702830 12.751550
g2195 g2398 16.764650 12.966710
g2195 g2396 16.764650 12.966710
g2195 g2478 13.403870 12.353930
g2195 g2479 13.233870 12.183930
g2195 g2477 13.233870 12.183930
g2195 g2527 2.065200 2.065200
g2190 g2190 3.262940 3.262940
g2190 g2227 1.769440 1.769440
g2190 g2228 1.769440 1.769440
g2190 g2226 1.769440 1.769440
g2190 g2245 5.519420 5.519420
g2190 g2246 5.519420 5.519420
g2190 g2244 5.519420 5.519420
g2190 g2254 7.783640 7.783640
g2190 g2255 7.613640 7.613640
g2190 g2253 7.613640 7.613640
g2190 g2261 27.612370 21.698970
g2190 g2264 27.612370 21.698970
g2190 g2267 27.612370 21.698970
g2190 g2306 27.427690 21.710270
g2190 g2309 27.427690 21.710270
g2190 g2312 27.427690 21.710270
g2190 g2270 27.427690 21.710270
g2190 g2273 27.427690 21.710270
g2190 g2276 27.427690 21.710270
g2190 g2315 27.427690 21.710270
g2190 g2318 27.427690 21.710270
g2190 g2321 27.427690 21.710270
g2190 g2279 27.612370 21.698970
g2190 g2282 27.612370 21.698970
g2190 g2285 27.612370 21.698970
g2190 g2324 27.612370 4.242500
g2190 g2327 27.612370 4.242500
g2190 g2330 27.612370 4.242500
g2190 g2288 27.612370 21.698970
g2190 g2291 27.612370 21.698970
g2190 g2294 27.612370 21.698970
g2190 g2333 27.612370 21.698970
g2190 g2336 27.612370 21.698970
g2190 g2339 27.612370 21.698970
g2190 g2297 27.427690 21.710270
g2190 g2300 27.427690 21.710270
g2190 g2303 27.427690 21.710270
g2190 g2342 27.427690 21.710270
g2190 g2345 27.427690 21.710270
g2190 g2348 27.427690 21.710270
g2190 g2483 18.855930 16.195440
g2190 g2486 18.855930 16.195440
g2190 g2489 18.855930 16.195440
g2190 g2492 19.017800 16.318380
g2190 g2495 19.017800 16.318380
g2190 g2498 19.017800 16.318380
g2190 g2502 18.219560 14.576400
g2190 g2503 18.219560 14.576400
g2190 g2501 18.219560 14.576400
g2190 g2504 17.435500 14.144160
g2190 g2507 17.435500 14.144160
g2190 g2510 17.435500 14.144160
g2190 g2513 17.542100 15.997500
g2190 g2516 17.542100 15.997500
g2190 g2519 17.542100 15.997500
g2190 g2523 17.379640 14.365280
g2190 g2524 17.379640 14.365280
g2190 g2522 17.379640 14.365280
g2190 g2387 19.090190 13.647780
g2190 g2388 19.090190 13.647780
g2190 g2389 19.090190 13.647780
g2190 g2390 22.617830 13.960980
g2190 g2391 22.617830 13.960980
g2190 g2392 22.617830 13.960980
g2190 g2393 22.429090 14.342260
g2190 g2394 22.429090 14.342260
g2190 g2395 22.429090 14.342260
g2190 g2397 16.975170 13.131920
g2190 g2398 17.036990 13.437160
g2190 g2396 17.036990 13.437160
g2190 g2478 13.874370 12.824380
g2190 g2479 13.704370 12.654380
g2190 g2477 13.704370 12.654380
g2190 g2529 2.055300 2.055300
g2185 g2185 3.076820 3.076820
g2185 g2224 1.769440 1.769440
g2185 g2225 1.769440 1.769440
g2185 g2223 1.769440 1.769440
g2185 g2245 3.457160 3.457160
g2185 g2246 3.457160 3.457160
g2185 g2244 3.457160 3.457160
g2185 g2254 7.756490 7.756490
g2185 g2255 7.586490 7.586490
g2185 g2253 7.586490 7.586490
g2185 g2261 27.367450 19.489470
g2185 g2264 27.367450 19.489470
g2185 g2267 27.367450 19.489470
g2185 g2306 27.182770 19.500770
g2185 g2309 27.182770 19.500770
g2185 g2312 27.182770 19.500770
g2185 g2270 27.182770 19.500770
g2185 g2273 27.182770 19.500770
g2185 g2276 27.182770 19.500770
g2185 g2315 27.182770 19.500770
g2185 g2318 27.182770 19.500770
g2185 g2321 27.182770 19.500770
g2185 g2279 27.367450 4.242500
g2185 g2282 27.367450 4.242500
g2185 g2285 27.367450 4.242500
g2185 g2324 27.367450 19.489470
g2185 g2327 27.367450 19.489470
g2185 g2330 27.367450 19.489470
g2185 g2288 27.367450 19.489470
g2185 g2291 27.367450 19.489470
g2185 g2294 27.367450 19.489470
g2185 g2333 27.367450 19.489470
g2185 g2336 27.367450 19.489470
g2185 g2339 27.367450 19.489470
g2185 g2297 27.182770 19.500770
g2185 g2300 27.182770 19.500770
g2185 g2303 27.182770 19.500770
g2185 g2342 27.182770 19.500770
g2185 g2345 27.182770 19.500770
g2185 g2348 27.182770 19.500770
g2185 g2483 18.828780 16.168290
g2185 g2486 18.828780 16.168290
g2185 g2489 18.828780 16.168290
g2185 g2492 18.990650 16.291230
g2185 g2495 18.990650 16.291230
g2185 g2498 18.990650 16.291230
g2185 g2502 18.192410 14.549250
g2185 g2503 18.192410 14.549250
g2185 g2501 18.192410 14.549250
g2185 g2504 17.408350 14.117010
g2185 g2507 17.408350 14.117010
g2185 g2510 17.408350 14.117010
g2185 g2513 17.514950 15.970350
g2185 g2516 17.514950 15.970350
g2185 g2519 17.514950 15.970350
g2185 g2523 17.352490 14.338130
g2185 g2524 17.352490 14.338130
g2185 g2522 17.352490 14.338130
g2185 g2387 18.515270 11.438280
g2185 g2388 18.515270 11.438280
g2185 g2389 18.515270 11.438280
g2185 g2390 22.372910 11.751480
g2185 g2391 22.372910 11.751480
g2185 g2392 22.372910 11.751480
g2185 g2393 21.973280 12.132760
g2185 g2394 21.973280 12.132760
g2185 g2395 21.973280 12.132760
g2185 g2397 16.730250 11.165840
g2185 g2398 16.792070 11.227660
g2185 g2396 16.792070 11.227660
g2185 g2478 11.816180 10.614880
g2185 g2479 11.646180 10.444880
g2185 g2477 11.646180 10.444880
g2185 g2355 1.869180 1.869180
g2180 g2180 2.724380 2.724380
g2180 g2221 1.769440 1.769440
g2180 g2222 1.769440 1.769440
g2180 g2220 1.769440 1.769440
g2180 g2254 4.058560 4.058560
g2180 g2255 3.888560 3.888560
g2180 g2253 3.888560 3.888560
g2180 g2261 27.404370 20.337140
g2180 g2264 27.404370 20.337140
g2180 g2267 27.404370 20.337140
g2180 g2306 27.219690 20.348440
g2180 g2309 27.219690 20.348440
g2180 g2312 27.219690 20.348440
g2180 g2270 27.219690 20.348440
g2180 g2273 27.219690 20.348440
g2180 g2276 27.219690 20.348440
g2180 g2315 27.219690 4.253470
g2180 g2318 27.219690 4.253470
g2180 g2321 27.219690 4.253470
g2180 g2279 27.404370 20.337140
g2180 g2282 27.404370 20.337140
g2180 g2285 27.404370 20.337140
g2180 g2324 27.404370 20.337140
g2180 g2327 27.404370 20.337140
g2180 g2330 27.404370 20.337140
g2180 g2288 27.404370 20.337140
g2180 g2291 27.404370 20.337140
g2180 g2294 27.404370 20.337140
g2180 g2333 27.404370 20.337140
g2180 g2336 27.404370 20.337140
g2180 g2339 27.404370 20.337140
g2180 g2297 27.219690 20.348440
g2180 g2300 27.219690 20.348440
g2180 g2303 27.219690 20.348440
g2180 g2342 27.219690 20.348440
g2180 g2345 27.219690 20.348440
g2180 g2348 27.219690 20.348440
g2180 g2483 15.130850 12.470360
g2180 g2486 15.130850 12.470360
g2180 g2489 15.130850 12.470360
g2180 g2492 15.292720 12.593300
g2180 g2495 15.292720 12.593300
g2180 g2498 15.292720 12.593300
g2180 g2502 14.494480 10.851320
g2180 g2503 14.494480 10.851320
g2180 g2501 14.494480 10.851320
g2180 g2504 13.710420 10.419080
g2180 g2507 13.710420 10.419080
g2180 g2510 13.710420 10.419080
g2180 g2513 13.817020 12.272420
g2180 g2516 13.817020 12.272420
g2180 g2519 13.817020 12.272420
g2180 g2523 13.654560 10.640200
g2180 g2524 13.654560 10.640200
g2180 g2522 13.654560 10.640200
g2180 g2387 18.882190 12.285950
g2180 g2388 18.882190 12.285950
g2180 g2389 18.882190 12.285950
g2180 g2390 22.409830 12.599150
g2180 g2391 22.409830 12.599150
g2180 g2392 22.409830 12.599150
g2180 g2393 22.221090 12.980430
g2180 g2394 22.221090 12.980430
g2180 g2395 22.221090 12.980430
g2180 g2397 16.767170 12.013510
g2180 g2398 16.828990 12.075330
g2180 g2396 16.828990 12.075330
g2180 g2478 12.512290 11.462550
g2180 g2479 12.342290 11.292550
g2180 g2477 12.342290 11.292550
g2180 g2357 1.516740 1.516740
g2175 g2175 2.724380 2.724380
g2175 g2218 1.769440 1.769440
g2175 g2219 1.769440 1.769440
g2175 g2217 1.769440 1.769440
g2175 g2254 3.818560 3.818560
g2175 g2255 3.648560 3.648560
g2175 g2253 3.648560 3.648560
g2175 g2261 27.433390 19.695660
g2175 g2264 27.433390 19.695660
g2175 g2267 27.433390 19.695660
g2175 g2306 27.248710 19.706960
g2175 g2309 27.248710 19.706960
g2175 g2312 27.248710 19.706960
g2175 g2270 27.248710 4.253470
g2175 g2273 27.248710 4.253470
g2175 g2276 27.248710 4.253470
g2175 g2315 27.248710 19.706960
g2175 g2318 27.248710 19.706960
g2175 g2321 27.248710 19.706960
g2175 g2279 27.433390 19.695660
g2175 g2282 27.433390 19.695660
g2175 g2285 27.433390 19.695660
g2175 g2324 27.433390 19.695660
g2175 g2327 27.433390 19.695660
g2175 g2330 27.433390 19.695660
g2175 g2288 27.433390 19.695660
g2175 g2291 27.433390 19.695660
g2175 g2294 27.433390 19.695660
g2175 g2333 27.433390 19.695660
g2175 g2336 27.433390 19.695660
g2175 g2339 27.433390 19.695660
g2175 g2297 27.248710 19.706960
g2175 g2300 27.248710 19.706960
g2175 g2303 27.248710 19.706960
g2175 g2342 27.248710 19.706960
g2175 g2345 27.248710 19.706960
g2175 g2348 27.248710 19.706960
g2175 g2483 14.890850 12.230360
g2175 g2486 14.890850 12.230360
g2175 g2489 14.890850 12.230360
g2175 g2492 15.052720 12.353300
g2175 g2495 15.052720 12.353300
g2175 g2498 15.052720 12.353300
g2175 g2502 14.254480 10.611320
g2175 g2503 14.254480 10.611320
g2175 g2501 14.254480 10.611320
g2175 g2504 13.470420 10.179080
g2175 g2507 13.470420 10.179080
g2175 g2510 13.470420 10.179080
g2175 g2513 13.577020 12.032420
g2175 g2516 13.577020 12.032420
g2175 g2519 13.577020 12.032420
g2175 g2523 13.414560 10.400200
g2175 g2524 13.414560 10.400200
g2175 g2522 13.414560 10.400200
g2175 g2387 18.581210 11.644470
g2175 g2388 18.581210 11.644470
g2175 g2389 18.581210 11.644470
g2175 g2390 22.438850 11.957670
g2175 g2391 22.438850 11.957670
g2175 g2392 22.438850 11.957670
g2175 g2393 22.039220 12.338950
g2175 g2394 22.039220 12.338950
g2175 g2395 22.039220 12.338950
g2175 g2397 16.796190 11.372030
g2175 g2398 16.858010 11.433850
g2175 g2396 16.858010 11.433850
g2175 g2478 12.022370 10.821070
g2175 g2479 11.852370 10.651070
g2175 g2477 11.852370 10.651070
g2175 g2359 1.516740 1.516740
g2170 g2170 3.017420 3.017420
g2170 g2209 1.769440 1.769440
g2170 g2210 1.769440 1.769440
g2170 g2208 1.769440 1.769440
g2170 g2248 1.769440 1.769440
g2170 g2249 1.769440 1.769440
g2170 g2247 1.769440 1.769440
g2170 g2254 6.322630 6.322630
g2170 g2255 6.152630 6.152630
g2170 g2253 6.152630 6.152630
g2170 g2261 27.793350 20.754370
g2170 g2264 27.793350 20.754370
g2170 g2267 27.793350 20.754370
g2170 g2306 27.608670 4.253470
g2170 g2309 27.608670 4.253470
g2170 g2312 27.608670 4.253470
g2170 g2270 27.608670 20.765670
g2170 g2273 27.608670 20.765670
g2170 g2276 27.608670 20.765670
g2170 g2315 27.608670 20.765670
g2170 g2318 27.608670 20.765670
g2170 g2321 27.608670 20.765670
g2170 g2279 27.793350 20.754370
g2170 g2282 27.793350 20.754370
g2170 g2285 27.793350 20.754370
g2170 g2324 27.793350 20.754370
g2170 g2327 27.793350 20.754370
g2170 g2330 27.793350 20.754370
g2170 g2288 27.793350 20.754370
g2170 g2291 27.793350 20.754370
g2170 g2294 27.793350 20.754370
g2170 g2333 27.793350 20.754370
g2170 g2336 27.793350 20.754370
g2170 g2339 27.793350 20.754370
g2170 g2297 27.608670 20.765670
g2170 g2300 27.608670 20.765670
g2170 g2303 27.608670 20.765670
g2170 g2342 27.608670 20.765670
g2170 g2345 27.608670 20.765670
g2170 g2348 27.608670 20.765670
g2170 g2483 17.396360 14.735870
g2170 g2486 17.396360 14.735870
g2170 g2489 17.396360 14.735870
g2170 g2492 17.558230 14.858810
g2170 g2495 17.558230 14.858810
g2170 g2498 17.558230 14.858810
g2170 g2502 16.759990 13.116830
g2170 g2503 16.759990 13.116830
g2170 g2501 16.759990 13.116830
g2170 g2504 15.975930 12.684590
g2170 g2507 15.975930 12.684590
g2170 g2510 15.975930 12.684590
g2170 g2513 16.082530 14.537930
g2170 g2516 16.082530 14.537930
g2170 g2519 16.082530 14.537930
g2170 g2523 15.920070 12.905710
g2170 g2524 15.920070 12.905710
g2170 g2522 15.920070 12.905710
g2170 g2387 19.271170 12.703180
g2170 g2388 19.271170 12.703180
g2170 g2389 19.271170 12.703180
g2170 g2390 22.798810 13.016380
g2170 g2391 22.798810 13.016380
g2170 g2392 22.798810 13.016380
g2170 g2393 22.610070 13.397660
g2170 g2394 22.610070 13.397660
g2170 g2395 22.610070 13.397660
g2170 g2397 17.156150 12.430740
g2170 g2398 17.217970 12.492560
g2170 g2396 17.217970 12.492560
g2170 g2478 12.929720 11.879780
g2170 g2479 12.759720 11.709780
g2170 g2477 12.759720 11.709780
g2170 g2361 1.809780 1.809780
g2165 g2165 3.108500 3.108500
g2165 g2206 1.769440 1.769440
g2165 g2207 1.769440 1.769440
g2165 g2205 1.769440 1.769440
g2165 g2251 1.769440 1.769440
g2165 g2252 1.769440 1.769440
g2165 g2250 1.769440 1.769440
g2165 g2254 6.583710 6.583710
g2165 g2255 6.413710 6.413710
g2165 g2253 6.413710 6.413710
g2165 g2261 27.737810 4.242500
g2165 g2264 27.737810 4.242500
g2165 g2267 27.737810 4.242500
g2165 g2306 27.553130 21.236120
g2165 g2309 27.553130 21.236120
g2165 g2312 27.553130 21.236120
g2165 g2270 27.553130 21.236120
g2165 g2273 27.553130 21.236120
g2165 g2276 27.553130 21.236120
g2165 g2315 27.553130 21.236120
g2165 g2318 27.553130 21.236120
g2165 g2321 27.553130 21.236120
g2165 g2279 27.737810 21.224820
g2165 g2282 27.737810 21.224820
g2165 g2285 27.737810 21.224820
g2165 g2324 27.737810 21.224820
g2165 g2327 27.737810 21.224820
g2165 g2330 27.737810 21.224820
g2165 g2288 27.737810 21.224820
g2165 g2291 27.737810 21.224820
g2165 g2294 27.737810 21.224820
g2165 g2333 27.737810 21.224820
g2165 g2336 27.737810 21.224820
g2165 g2339 27.737810 21.224820
g2165 g2297 27.553130 21.236120
g2165 g2300 27.553130 21.236120
g2165 g2303 27.553130 21.236120
g2165 g2342 27.553130 21.236120
g2165 g2345 27.553130 21.236120
g2165 g2348 27.553130 21.236120
g2165 g2483 17.657440 14.996950
g2165 g2486 17.657440 14.996950
g2165 g2489 17.657440 14.996950
g2165 g2492 17.819310 15.119890
g2165 g2495 17.819310 15.119890
g2165 g2498 17.819310 15.119890
g2165 g2502 17.021070 13.377910
g2165 g2503 17.021070 13.377910
g2165 g2501 17.021070 13.377910
g2165 g2504 16.237010 12.945670
g2165 g2507 16.237010 12.945670
g2165 g2510 16.237010 12.945670
g2165 g2513 16.343610 14.799010
g2165 g2516 16.343610 14.799010
g2165 g2519 16.343610 14.799010
g2165 g2523 16.181150 13.166790
g2165 g2524 16.181150 13.166790
g2165 g2522 16.181150 13.166790
g2165 g2387 18.885630 13.173630
g2165 g2388 18.885630 13.173630
g2165 g2389 18.885630 13.173630
g2165 g2390 22.743270 13.486830
g2165 g2391 22.743270 13.486830
g2165 g2392 22.743270 13.486830
g2165 g2393 22.343640 13.868110
g2165 g2394 22.343640 13.868110
g2165 g2395 22.343640 13.868110
g2165 g2397 17.100610 12.901190
g2165 g2398 17.162430 12.963010
g2165 g2396 17.162430 12.963010
g2165 g2478 13.400220 12.350230
g2165 g2479 13.230220 12.180230
g2165 g2477 13.230220 12.180230
g2165 g2363 1.900860 1.900860
g2878 g2878 2.187800 2.187800
g2878 g2365 0.499980 0.499980
g3129 g3117 0.499980 0.499980
g3129 g3210 33.323740 1.567620
g3129 g3085 33.323740 1.567620
g3129 g3091 33.323740 1.567620
g3129 g3094 33.323740 1.567620
g3129 g3097 33.323740 1.567620
g3129 g3098 5.600420 5.600420
g3129 g3099 5.600420 5.600420
g3129 g3100 37.407160 1.567620
g3129 g3101 37.407160 6.304060
g3129 g3102 37.407160 6.304060
g3129 g3103 41.702400 1.567620
g3129 g3104 41.702400 6.304060
g3129 g3105 41.702400 6.304060
g3129 g3106 45.575400 1.567620
g3129 g3107 45.575400 5.881820
g3129 g3108 45.575400 5.881820
g3129 g3155 33.323740 1.567620
g3129 g3164 33.323740 1.567620
g3129 g3173 33.323740 1.567620
g3129 g3182 33.323740 1.567620
g3129 g513 2.658980 2.658980
g3129 g528 2.658980 2.658980
g3129 g543 1.537620 1.537620
g3129 g548 5.122760 5.122760
g3129 g549 1.537620 1.537620
g3129 g558 1.537620 1.537620
g3129 g576 44.703490 2.612530
g3129 g577 44.703490 9.862840
g3129 g575 44.703490 9.862840
g3129 g579 42.680580 3.025620
g3129 g580 42.680580 9.862840
g3129 g578 42.680580 9.862840
g3129 g582 45.592160 2.946540
g3129 g583 45.592160 9.783640
g3129 g581 45.592160 9.783640
g3129 g585 44.931780 3.025620
g3129 g586 44.931780 9.862840
g3129 g584 44.931780 9.862840
g3129 g587 33.323740 1.567620
g3129 g590 6.431980 5.978240
g3129 g593 6.431980 5.978240
g3129 g596 33.323740 1.567620
g3129 g599 6.431980 5.978240
g3129 g602 6.431980 5.978240
g3129 g614 52.834480 1.567620
g3129 g617 52.834480 9.184520
g3129 g620 52.834480 9.184520
g3129 g605 52.739130 1.567620
g3129 g608 52.739130 9.165020
g3129 g611 52.739130 9.165020
g3129 g490 33.323740 1.567620
g3129 g493 14.773060 6.611540
g3129 g496 14.773060 6.611540
g3129 g507 12.942120 7.515200
g3129 g699 33.923160 2.612530
g3129 g702 33.923160 2.612530
g3129 g705 33.923160 2.612530
g3129 g708 33.923160 2.612530
g3129 g711 33.923160 2.612530
g3129 g714 33.923160 2.612530
g3129 g717 33.923160 2.612530
g3129 g720 33.923160 2.612530
g3129 g723 33.923160 2.612530
g3129 g726 33.923160 2.612530
g3129 g729 9.811580 2.946540
g3129 g730 9.811580 9.811580
g3129 g728 9.811580 9.811580
g3129 g732 9.479300 2.946540
g3129 g733 9.479300 9.479300
g3129 g731 9.479300 9.479300
g3129 g735 43.498020 2.612530
g3129 g736 43.498020 37.245340
g3129 g734 43.498020 37.245340
g3129 g738 3.467800 2.847620
g3129 g1199 2.658980 2.658980
g3129 g1214 2.658980 2.658980
g3129 g1229 1.537620 1.537620
g3129 g1234 36.929500 5.826400
g3129 g1235 1.537620 1.537620
g3129 g1244 1.537620 1.537620
g3129 g1262 44.703490 2.612530
g3129 g1263 44.703490 9.862840
g3129 g1261 44.703490 9.862840
g3129 g1265 42.680580 3.025620
g3129 g1266 42.680580 9.862840
g3129 g1264 42.680580 9.862840
g3129 g1268 45.592160 2.946540
g3129 g1269 45.592160 9.783640
g3129 g1267 45.592160 9.783640
g3129 g1271 44.931780 3.025620
g3129 g1272 44.931780 9.862840
g3129 g1270 44.931780 9.862840
g3129 g1273 33.323740 1.567620
g3129 g1276 6.431980 5.978240
g3129 g1279 6.431980 5.978240
g3129 g1282 33.323740 1.567620
g3129 g1285 6.431980 5.978240
g3129 g1288 6.431980 5.978240
g3129 g1300 52.834480 1.567620
g3129 g1303 52.834480 9.184520
g3129 g1306 52.834480 9.184520
g3129 g1291 52.739130 1.567620
g3129 g1294 52.739130 9.165020
g3129 g1297 52.739130 9.165020
g3129 g1177 33.323740 1.567620
g3129 g1180 14.773060 6.611540
g3129 g1183 14.773060 6.611540
g3129 g1193 12.942120 7.515200
g3129 g1385 33.923160 2.612530
g3129 g1388 33.923160 2.612530
g3129 g1391 33.923160 2.612530
g3129 g1394 33.923160 2.612530
g3129 g1397 33.923160 2.612530
g3129 g1400 33.923160 2.612530
g3129 g1403 33.923160 2.612530
g3129 g1406 33.923160 2.612530
g3129 g1409 33.923160 2.612530
g3129 g1412 33.923160 2.612530
g3129 g1415 9.811580 2.946540
g3129 g1416 9.811580 9.811580
g3129 g1414 9.811580 9.811580
g3129 g1418 9.479300 2.946540
g3129 g1419 9.479300 9.479300
g3129 g1417 9.479300 9.479300
g3129 g1421 43.498020 2.612530
g3129 g1422 43.498020 37.245340
g3129 g1420 43.498020 37.245340
g3129 g1424 3.467800 2.847620
g3129 g1893 2.658980 2.658980
g3129 g1908 2.658980 2.658980
g3129 g1923 1.537620 1.537620
g3129 g1928 41.224740 5.826400
g3129 g1929 1.537620 1.537620
g3129 g1938 1.537620 1.537620
g3129 g1956 44.703490 2.612530
g3129 g1957 44.703490 9.862840
g3129 g1955 44.703490 9.862840
g3129 g1959 42.680580 3.025620
g3129 g1960 42.680580 9.862840
g3129 g1958 42.680580 9.862840
g3129 g1962 45.592160 2.946540
g3129 g1963 45.592160 9.783640
g3129 g1961 45.592160 9.783640
g3129 g1965 44.931780 3.025620
g3129 g1966 44.931780 9.862840
g3129 g1964 44.931780 9.862840
g3129 g1967 33.323740 1.567620
g3129 g1970 6.431980 5.978240
g3129 g1973 6.431980 5.978240
g3129 g1976 33.323740 1.567620
g3129 g1979 6.431980 5.978240
g3129 g1982 6.431980 5.978240
g3129 g1994 52.834480 1.567620
g3129 g1997 52.834480 9.184520
g3129 g2000 52.834480 9.184520
g3129 g1985 52.739130 1.567620
g3129 g1988 52.739130 9.165020
g3129 g1991 52.739130 9.165020
g3129 g1871 33.323740 1.567620
g3129 g1874 14.773060 6.611540
g3129 g1877 14.773060 6.611540
g3129 g1887 12.942120 7.515200
g3129 g2079 33.923160 2.612530
g3129 g2082 33.923160 2.612530
g3129 g2085 33.923160 2.612530
g3129 g2088 33.923160 2.612530
g3129 g2091 33.923160 2.612530
g3129 g2094 33.923160 2.612530
g3129 g2097 33.923160 2.612530
g3129 g2100 33.923160 2.612530
g3129 g2103 33.923160 2.612530
g3129 g2106 33.923160 2.612530
g3129 g2109 9.811580 2.946540
g3129 g2110 9.811580 9.811580
g3129 g2108 9.811580 9.811580
g3129 g2112 9.479300 2.946540
g3129 g2113 9.479300 9.479300
g3129 g2111 9.479300 9.479300
g3129 g2115 43.498020 2.612530
g3129 g2116 43.498020 37.245340
g3129 g2114 43.498020 37.245340
g3129 g2118 3.467800 2.847620
g3129 g2587 2.658980 2.658980
g3129 g2602 2.658980 2.658980
g3129 g2617 1.537620 1.537620
g3129 g2622 45.097740 5.404160
g3129 g2623 1.537620 1.537620
g3129 g2632 1.537620 1.537620
g3129 g2650 44.703490 2.612530
g3129 g2651 44.703490 9.862840
g3129 g2649 44.703490 9.862840
g3129 g2653 42.680580 3.025620
g3129 g2654 42.680580 9.862840
g3129 g2652 42.680580 9.862840
g3129 g2656 45.592160 2.946540
g3129 g2657 45.592160 9.783640
g3129 g2655 45.592160 9.783640
g3129 g2659 44.931780 3.025620
g3129 g2660 44.931780 9.862840
g3129 g2658 44.931780 9.862840
g3129 g2661 33.323740 1.567620
g3129 g2664 6.431980 5.978240
g3129 g2667 6.431980 5.978240
g3129 g2670 33.323740 1.567620
g3129 g2673 6.431980 5.978240
g3129 g2676 6.431980 5.978240
g3129 g2688 52.834480 1.567620
g3129 g2691 52.834480 9.184520
g3129 g2694 52.834480 9.184520
g3129 g2679 52.739130 1.567620
g3129 g2682 52.739130 9.165020
g3129 g2685 52.739130 9.165020
g3129 g2565 33.323740 1.567620
g3129 g2568 14.773060 6.611540
g3129 g2571 14.773060 6.611540
g3129 g2581 12.942120 7.515200
g3129 g2773 33.923160 2.612530
g3129 g2776 33.923160 2.612530
g3129 g2779 33.923160 2.612530
g3129 g2782 33.923160 2.612530
g3129 g2785 33.923160 2.612530
g3129 g2788 33.923160 2.612530
g3129 g2791 33.923160 2.612530
g3129 g2794 33.923160 2.612530
g3129 g2797 33.923160 2.612530
g3129 g2800 33.923160 2.612530
g3129 g2803 9.811580 2.946540
g3129 g2804 9.811580 9.811580
g3129 g2802 9.811580 9.811580
g3129 g2806 9.479300 2.946540
g3129 g2807 9.479300 9.479300
g3129 g2805 9.479300 9.479300
g3129 g2809 43.498020 2.612530
g3129 g2810 43.498020 37.245340
g3129 g2808 43.498020 37.245340
g3129 g2812 3.467800 2.847620
g3129 g3043 48.639100 10.294990
g3129 g3044 48.718300 10.294990
g3129 g3045 48.639100 10.294990
g3129 g3046 48.718300 10.294990
g3129 g3047 48.639100 10.294990
g3129 g3048 48.718300 10.294990
g3129 g3049 48.761280 10.294990
g3129 g3050 48.840480 10.294990
g3129 g3051 58.430580 13.896450
g3129 g3052 48.642200 13.004510
g3129 g3053 48.721400 13.004510
g3129 g3055 48.642200 13.004510
g3129 g3056 48.721400 13.004510
g3129 g3057 48.642200 13.004510
g3129 g3058 48.721400 13.004510
g3129 g3059 48.764380 13.004510
g3129 g3060 48.843580 13.004510
g3129 g3061 58.433680 13.789720
g3129 g3062 52.937440 13.004510
g3129 g3063 53.016640 13.004510
g3129 g3064 52.937440 13.004510
g3129 g3065 53.016640 13.004510
g3129 g3066 52.937440 13.004510
g3129 g3067 53.016640 13.004510
g3129 g3068 53.059620 13.004510
g3129 g3069 53.138820 13.004510
g3129 g3070 62.728920 13.789720
g3129 g3071 56.810440 12.582270
g3129 g3072 56.889640 12.582270
g3129 g3073 56.810440 12.582270
g3129 g3074 56.889640 12.582270
g3129 g3075 56.810440 12.582270
g3129 g3076 56.889640 12.582270
g3129 g3077 56.932620 12.582270
g3129 g3078 57.011820 12.582270
g3129 g2997 66.601920 13.789720
g3129 OUTPUT 0.000000 0.000000
g3129 OUTPUT 0.000000 0.000000
g3129 OUTPUT 0.000000 0.000000
g3129 OUTPUT 0.000000 0.000000
g3129 OUTPUT 0.000000 0.000000
g3129 OUTPUT 0.000000 0.000000
g3129 OUTPUT 0.000000 0.000000
g3129 OUTPUT 0.000000 0.000000
g3129 OUTPUT 0.000000 0.000000
g3129 OUTPUT 0.000000 0.000000
g3129 OUTPUT 0.000000 0.000000
g3129 OUTPUT 0.000000 0.000000
g3129 OUTPUT 0.000000 0.000000
g3117 g3109 0.499980 0.499980
g3117 g3211 34.262260 1.567620
g3117 g3086 34.262260 1.567620
g3117 g3092 34.262260 1.567620
g3117 g3095 34.262260 1.567620
g3117 g3098 34.262260 1.567620
g3117 g3101 34.262260 1.567620
g3117 g3104 34.262260 1.567620
g3117 g3107 34.262260 1.567620
g3117 g3158 34.262260 1.567620
g3117 g3167 34.262260 1.567620
g3117 g3176 34.262260 1.567620
g3117 g3185 34.262260 1.567620
g3117 g513 2.237230 2.237230
g3117 g528 2.237230 2.237230
g3117 g543 35.381100 35.381100
g3117 g549 35.381100 35.381100
g3117 g558 35.381100 35.381100
g3117 g576 45.112010 6.919000
g3117 g577 45.112010 3.025620
g3117 g575 45.112010 9.438460
g3117 g579 43.089100 9.438460
g3117 g580 43.089100 3.025620
g3117 g578 43.089100 9.438460
g3117 g582 46.000680 9.359260
g3117 g583 46.000680 2.946540
g3117 g581 46.000680 9.359260
g3117 g585 45.340300 9.438460
g3117 g586 45.340300 3.025620
g3117 g584 45.340300 9.438460
g3117 g587 6.010230 5.557230
g3117 g590 34.262260 1.567620
g3117 g593 6.010230 5.557230
g3117 g596 6.010230 5.557230
g3117 g599 34.262260 1.567620
g3117 g602 6.010230 5.557230
g3117 g614 53.243000 8.763510
g3117 g617 53.243000 1.567620
g3117 g620 53.243000 8.763510
g3117 g605 53.147650 8.744010
g3117 g608 53.147650 1.567620
g3117 g611 53.147650 8.744010
g3117 g490 14.339620 6.187160
g3117 g493 34.262260 1.567620
g3117 g496 14.339620 6.187160
g3117 g507 12.508680 7.090820
g3117 g520 3.649220 3.164260
g3117 g640 4.231450 4.231450
g3117 g633 4.061450 4.061450
g3117 g653 4.061450 4.061450
g3117 g646 4.061450 4.061450
g3117 g660 4.061450 4.061450
g3117 g672 4.061450 4.061450
g3117 g666 4.061450 4.061450
g3117 g679 4.061450 4.061450
g3117 g686 4.061450 4.061450
g3117 g692 4.061450 4.061450
g3117 g700 34.861680 2.612530
g3117 g703 34.861680 2.612530
g3117 g706 34.861680 2.612530
g3117 g709 34.861680 2.612530
g3117 g712 34.861680 2.612530
g3117 g715 34.861680 2.612530
g3117 g718 34.861680 2.612530
g3117 g721 34.861680 2.612530
g3117 g724 34.861680 2.612530
g3117 g727 34.861680 2.612530
g3117 g729 9.378140 9.378140
g3117 g730 9.378140 2.946540
g3117 g728 9.378140 9.378140
g3117 g732 9.046570 9.046570
g3117 g733 9.046570 2.946540
g3117 g731 9.046570 9.046570
g3117 g735 43.906540 37.653860
g3117 g736 43.906540 2.612530
g3117 g734 43.906540 37.653860
g3117 g739 3.467800 2.847620
g3117 g1199 2.237230 2.237230
g3117 g1214 2.237230 2.237230
g3117 g1229 35.381100 35.381100
g3117 g1235 35.381100 35.381100
g3117 g1244 35.381100 35.381100
g3117 g1262 45.112010 6.919000
g3117 g1263 45.112010 3.025620
g3117 g1261 45.112010 9.438460
g3117 g1265 43.089100 9.438460
g3117 g1266 43.089100 3.025620
g3117 g1264 43.089100 9.438460
g3117 g1268 46.000680 9.359260
g3117 g1269 46.000680 2.946540
g3117 g1267 46.000680 9.359260
g3117 g1271 45.340300 9.438460
g3117 g1272 45.340300 3.025620
g3117 g1270 45.340300 9.438460
g3117 g1273 6.010230 5.557230
g3117 g1276 34.262260 1.567620
g3117 g1279 6.010230 5.557230
g3117 g1282 6.010230 5.557230
g3117 g1285 34.262260 1.567620
g3117 g1288 6.010230 5.557230
g3117 g1300 53.243000 8.763510
g3117 g1303 53.243000 1.567620
g3117 g1306 53.243000 8.763510
g3117 g1291 53.147650 8.744010
g3117 g1294 53.147650 1.567620
g3117 g1297 53.147650 8.744010
g3117 g1177 14.339620 6.187160
g3117 g1180 34.262260 1.567620
g3117 g1183 14.339620 6.187160
g3117 g1193 12.508680 7.090820
g3117 g1206 36.382060 4.340440
g3117 g1326 4.231450 4.231450
g3117 g1319 4.061450 4.061450
g3117 g1339 4.061450 4.061450
g3117 g1332 4.061450 4.061450
g3117 g1346 4.061450 4.061450
g3117 g1358 4.061450 4.061450
g3117 g1352 4.061450 4.061450
g3117 g1365 4.061450 4.061450
g3117 g1372 4.061450 4.061450
g3117 g1378 4.061450 4.061450
g3117 g1386 34.861680 2.612530
g3117 g1389 34.861680 2.612530
g3117 g1392 34.861680 2.612530
g3117 g1395 34.861680 2.612530
g3117 g1398 34.861680 2.612530
g3117 g1401 34.861680 2.612530
g3117 g1404 34.861680 2.612530
g3117 g1407 34.861680 2.612530
g3117 g1410 34.861680 2.612530
g3117 g1413 34.861680 2.612530
g3117 g1415 9.378140 9.378140
g3117 g1416 9.378140 2.946540
g3117 g1414 9.378140 9.378140
g3117 g1418 9.046570 9.046570
g3117 g1419 9.046570 2.946540
g3117 g1417 9.046570 9.046570
g3117 g1421 43.906540 37.653860
g3117 g1422 43.906540 2.612530
g3117 g1420 43.906540 37.653860
g3117 g1425 3.467800 2.847620
g3117 g1893 2.237230 2.237230
g3117 g1908 2.237230 2.237230
g3117 g1923 35.381100 35.381100
g3117 g1929 35.381100 35.381100
g3117 g1938 35.381100 35.381100
g3117 g1956 45.112010 6.919000
g3117 g1957 45.112010 3.025620
g3117 g1955 45.112010 9.438460
g3117 g1959 43.089100 9.438460
g3117 g1960 43.089100 3.025620
g3117 g1958 43.089100 9.438460
g3117 g1962 46.000680 9.359260
g3117 g1963 46.000680 2.946540
g3117 g1961 46.000680 9.359260
g3117 g1965 45.340300 9.438460
g3117 g1966 45.340300 3.025620
g3117 g1964 45.340300 9.438460
g3117 g1967 6.010230 5.557230
g3117 g1970 34.262260 1.567620
g3117 g1973 6.010230 5.557230
g3117 g1976 6.010230 5.557230
g3117 g1979 34.262260 1.567620
g3117 g1982 6.010230 5.557230
g3117 g1994 53.243000 8.763510
g3117 g1997 53.243000 1.567620
g3117 g2000 53.243000 8.763510
g3117 g1985 53.147650 8.744010
g3117 g1988 53.147650 1.567620
g3117 g1991 53.147650 8.744010
g3117 g1871 14.339620 6.187160
g3117 g1874 34.262260 1.567620
g3117 g1877 14.339620 6.187160
g3117 g1887 12.508680 7.090820
g3117 g1900 38.957200 4.106300
g3117 g2020 4.231450 4.231450
g3117 g2013 4.061450 4.061450
g3117 g2033 4.061450 4.061450
g3117 g2026 4.061450 4.061450
g3117 g2040 4.061450 4.061450
g3117 g2052 4.061450 4.061450
g3117 g2046 4.061450 4.061450
g3117 g2059 4.061450 4.061450
g3117 g2066 4.061450 4.061450
g3117 g2072 4.061450 4.061450
g3117 g2080 34.861680 2.612530
g3117 g2083 34.861680 2.612530
g3117 g2086 34.861680 2.612530
g3117 g2089 34.861680 2.612530
g3117 g2092 34.861680 2.612530
g3117 g2095 34.861680 2.612530
g3117 g2098 34.861680 2.612530
g3117 g2101 34.861680 2.612530
g3117 g2104 34.861680 2.612530
g3117 g2107 34.861680 2.612530
g3117 g2109 9.378140 9.378140
g3117 g2110 9.378140 2.946540
g3117 g2108 9.378140 9.378140
g3117 g2112 9.046570 9.046570
g3117 g2113 9.046570 2.946540
g3117 g2111 9.046570 9.046570
g3117 g2115 43.906540 37.653860
g3117 g2116 43.906540 2.612530
g3117 g2114 43.906540 37.653860
g3117 g2119 3.467800 2.847620
g3117 g2587 2.237230 2.237230
g3117 g2602 2.237230 2.237230
g3117 g2617 35.381100 35.381100
g3117 g2623 35.381100 35.381100
g3117 g2632 35.381100 35.381100
g3117 g2650 45.112010 6.919000
g3117 g2651 45.112010 3.025620
g3117 g2649 45.112010 9.438460
g3117 g2653 43.089100 9.438460
g3117 g2654 43.089100 3.025620
g3117 g2652 43.089100 9.438460
g3117 g2656 46.000680 9.359260
g3117 g2657 46.000680 2.946540
g3117 g2655 46.000680 9.359260
g3117 g2659 45.340300 9.438460
g3117 g2660 45.340300 3.025620
g3117 g2658 45.340300 9.438460
g3117 g2661 6.010230 5.557230
g3117 g2664 34.262260 1.567620
g3117 g2667 6.010230 5.557230
g3117 g2670 6.010230 5.557230
g3117 g2673 34.262260 1.567620
g3117 g2676 6.010230 5.557230
g3117 g2688 53.243000 8.763510
g3117 g2691 53.243000 1.567620
g3117 g2694 53.243000 8.763510
g3117 g2679 53.147650 8.744010
g3117 g2682 53.147650 1.567620
g3117 g2685 53.147650 8.744010
g3117 g2565 14.339620 6.187160
g3117 g2568 34.262260 1.567620
g3117 g2571 14.339620 6.187160
g3117 g2581 12.508680 7.090820
g3117 g2594 41.831000 3.419350
g3117 g2714 4.231450 4.231450
g3117 g2707 4.061450 4.061450
g3117 g2727 4.061450 4.061450
g3117 g2720 4.061450 4.061450
g3117 g2734 4.061450 4.061450
g3117 g2746 4.061450 4.061450
g3117 g2740 4.061450 4.061450
g3117 g2753 4.061450 4.061450
g3117 g2760 4.061450 4.061450
g3117 g2766 4.061450 4.061450
g3117 g2774 34.861680 2.612530
g3117 g2777 34.861680 2.612530
g3117 g2780 34.861680 2.612530
g3117 g2783 34.861680 2.612530
g3117 g2786 34.861680 2.612530
g3117 g2789 34.861680 2.612530
g3117 g2792 34.861680 2.612530
g3117 g2795 34.861680 2.612530
g3117 g2798 34.861680 2.612530
g3117 g2801 34.861680 2.612530
g3117 g2803 9.378140 9.378140
g3117 g2804 9.378140 2.946540
g3117 g2802 9.378140 9.378140
g3117 g2806 9.046570 9.046570
g3117 g2807 9.046570 2.946540
g3117 g2805 9.046570 9.046570
g3117 g2809 43.906540 37.653860
g3117 g2810 43.906540 2.612530
g3117 g2808 43.906540 37.653860
g3117 g2813 3.467800 2.847620
g3117 g3043 49.047620 12.855430
g3117 g3044 49.126820 13.266200
g3117 g3045 49.047620 12.855430
g3117 g3046 49.126820 13.266200
g3117 g3047 49.047620 12.855430
g3117 g3048 49.126820 13.266200
g3117 g3049 49.169800 12.855430
g3117 g3050 49.249000 13.266200
g3117 g3051 58.839100 13.463720
g3117 g3052 48.947010 12.754820
g3117 g3053 49.037430 13.176810
g3117 g3055 48.947010 12.754820
g3117 g3056 49.037430 13.176810
g3117 g3057 48.947010 12.754820
g3117 g3058 49.037430 13.176810
g3117 g3059 49.063070 12.754820
g3117 g3060 49.153490 13.176810
g3117 g3061 58.749710 13.356990
g3117 g3062 48.947010 12.754820
g3117 g3063 49.037430 13.176810
g3117 g3064 48.947010 12.754820
g3117 g3065 49.037430 13.176810
g3117 g3066 48.947010 12.754820
g3117 g3067 49.037430 13.176810
g3117 g3068 49.063070 12.754820
g3117 g3069 49.153490 13.176810
g3117 g3070 58.749710 13.356990
g3117 g3071 48.947010 12.754820
g3117 g3072 49.037430 13.176810
g3117 g3073 48.947010 12.754820
g3117 g3074 49.037430 13.176810
g3117 g3075 48.947010 12.754820
g3117 g3076 49.037430 13.176810
g3117 g3077 49.063070 12.754820
g3117 g3078 49.153490 13.176810
g3117 g2997 58.749710 13.356990
g3117 OUTPUT 0.000000 0.000000
g3117 OUTPUT 0.000000 0.000000
g3117 OUTPUT 0.000000 0.000000
g3117 OUTPUT 0.000000 0.000000
g3117 OUTPUT 0.000000 0.000000
g3117 OUTPUT 0.000000 0.000000
g3117 OUTPUT 0.000000 0.000000
g3117 OUTPUT 0.000000 0.000000
g3117 OUTPUT 0.000000 0.000000
g3117 OUTPUT 0.000000 0.000000
g3117 OUTPUT 0.000000 0.000000
g3117 OUTPUT 0.000000 0.000000
g3117 OUTPUT 0.000000 0.000000
g3109 g3084 38.081680 1.567620
g3109 g3087 38.081680 1.567620
g3109 g3093 38.081680 1.567620
g3109 g3096 38.081680 1.567620
g3109 g3099 38.081680 1.567620
g3109 g3102 38.081680 1.567620
g3109 g3105 38.081680 1.567620
g3109 g3108 38.081680 1.567620
g3109 g3161 38.081680 1.567620
g3109 g3170 38.081680 1.567620
g3109 g3179 38.081680 1.567620
g3109 g3088 38.081680 1.567620
g3109 g554 38.081680 1.477620
g3109 g557 38.081680 1.477620
g3109 g510 38.081680 1.567620
g3109 g513 3.071480 3.071480
g3109 g528 3.071480 3.071480
g3109 g543 38.776120 38.776120
g3109 g549 38.776120 38.776120
g3109 g558 38.776120 38.776120
g3109 g576 49.973680 7.729580
g3109 g577 49.973680 10.249040
g3109 g575 49.973680 3.025620
g3109 g579 47.950770 10.249040
g3109 g580 47.950770 10.249040
g3109 g578 47.950770 3.025620
g3109 g582 50.862350 10.169840
g3109 g583 50.862350 10.169840
g3109 g581 50.862350 2.946540
g3109 g585 50.201970 10.249040
g3109 g586 50.201970 10.249040
g3109 g584 50.201970 3.025620
g3109 g587 6.844480 6.398140
g3109 g590 6.844480 6.398140
g3109 g593 38.081680 1.567620
g3109 g596 6.844480 6.398140
g3109 g599 6.844480 6.398140
g3109 g602 38.081680 1.567620
g3109 g614 58.104670 9.604420
g3109 g617 58.104670 9.604420
g3109 g620 58.104670 1.567620
g3109 g605 58.009320 9.584920
g3109 g608 58.009320 9.584920
g3109 g611 58.009320 1.567620
g3109 g490 15.068660 6.997740
g3109 g493 15.068660 6.997740
g3109 g496 38.081680 1.567620
g3109 g507 13.237720 7.901400
g3109 g630 38.081680 1.567620
g3109 g659 38.081680 1.567620
g3109 g640 4.231020 3.488100
g3109 g633 41.973160 41.227480
g3109 g653 44.109820 43.364140
g3109 g646 46.246480 45.500800
g3109 g660 48.383140 47.637460
g3109 g672 50.519800 49.774120
g3109 g666 52.656460 51.910780
g3109 g679 54.793120 54.047440
g3109 g686 56.913380 56.167700
g3109 g692 58.890710 58.890710
g3109 g698 38.681100 2.612530
g3109 g701 38.681100 2.612530
g3109 g704 38.681100 2.612530
g3109 g707 38.681100 2.612530
g3109 g710 38.681100 2.612530
g3109 g713 38.681100 2.612530
g3109 g716 38.681100 2.612530
g3109 g719 38.681100 2.612530
g3109 g722 38.681100 2.612530
g3109 g725 38.681100 2.612530
g3109 g729 10.107180 10.107180
g3109 g730 10.107180 10.107180
g3109 g728 10.107180 2.946540
g3109 g732 9.782000 9.782000
g3109 g733 9.782000 9.782000
g3109 g731 9.782000 2.946540
g3109 g735 48.583420 42.285860
g3109 g736 48.583420 42.285860
g3109 g734 48.583420 2.612530
g3109 g737 3.467800 2.847620
g3109 g1240 38.081680 1.477620
g3109 g1243 38.081680 1.477620
g3109 g1196 38.081680 1.567620
g3109 g1199 3.071480 3.071480
g3109 g1214 3.071480 3.071480
g3109 g1229 38.776120 38.776120
g3109 g1235 38.776120 38.776120
g3109 g1244 38.776120 38.776120
g3109 g1262 49.973680 7.729580
g3109 g1263 49.973680 10.249040
g3109 g1261 49.973680 3.025620
g3109 g1265 47.950770 10.249040
g3109 g1266 47.950770 10.249040
g3109 g1264 47.950770 3.025620
g3109 g1268 50.862350 10.169840
g3109 g1269 50.862350 10.169840
g3109 g1267 50.862350 2.946540
g3109 g1271 50.201970 10.249040
g3109 g1272 50.201970 10.249040
g3109 g1270 50.201970 3.025620
g3109 g1273 6.844480 6.398140
g3109 g1276 6.844480 6.398140
g3109 g1279 38.081680 1.567620
g3109 g1282 6.844480 6.398140
g3109 g1285 6.844480 6.398140
g3109 g1288 38.081680 1.567620
g3109 g1300 58.104670 9.604420
g3109 g1303 58.104670 9.604420
g3109 g1306 58.104670 1.567620
g3109 g1291 58.009320 9.584920
g3109 g1294 58.009320 9.584920
g3109 g1297 58.009320 1.567620
g3109 g1177 15.068660 6.997740
g3109 g1180 15.068660 6.997740
g3109 g1183 38.081680 1.567620
g3109 g1193 13.237720 7.901400
g3109 g1316 38.081680 1.567620
g3109 g1345 38.081680 1.567620
g3109 g1326 4.231020 3.488100
g3109 g1319 41.973160 41.227480
g3109 g1339 44.109820 43.364140
g3109 g1332 46.246480 45.500800
g3109 g1346 48.383140 47.637460
g3109 g1358 50.519800 49.774120
g3109 g1352 52.656460 51.910780
g3109 g1365 54.793120 54.047440
g3109 g1372 56.913380 56.167700
g3109 g1378 58.890710 58.890710
g3109 g1384 38.681100 2.612530
g3109 g1387 38.681100 2.612530
g3109 g1390 38.681100 2.612530
g3109 g1393 38.681100 2.612530
g3109 g1396 38.681100 2.612530
g3109 g1399 38.681100 2.612530
g3109 g1402 38.681100 2.612530
g3109 g1405 38.681100 2.612530
g3109 g1408 38.681100 2.612530
g3109 g1411 38.681100 2.612530
g3109 g1415 10.107180 10.107180
g3109 g1416 10.107180 10.107180
g3109 g1414 10.107180 2.946540
g3109 g1418 9.782000 9.782000
g3109 g1419 9.782000 9.782000
g3109 g1417 9.782000 2.946540
g3109 g1421 48.583420 42.285860
g3109 g1422 48.583420 42.285860
g3109 g1420 48.583420 2.612530
g3109 g1423 3.467800 2.847620
g3109 g1934 38.081680 1.477620
g3109 g1937 38.081680 1.477620
g3109 g1890 38.081680 1.567620
g3109 g1893 3.071480 3.071480
g3109 g1908 3.071480 3.071480
g3109 g1923 38.776120 38.776120
g3109 g1929 38.776120 38.776120
g3109 g1938 38.776120 38.776120
g3109 g1956 49.973680 7.729580
g3109 g1957 49.973680 10.249040
g3109 g1955 49.973680 3.025620
g3109 g1959 47.950770 10.249040
g3109 g1960 47.950770 10.249040
g3109 g1958 47.950770 3.025620
g3109 g1962 50.862350 10.169840
g3109 g1963 50.862350 10.169840
g3109 g1961 50.862350 2.946540
g3109 g1965 50.201970 10.249040
g3109 g1966 50.201970 10.249040
g3109 g1964 50.201970 3.025620
g3109 g1967 6.844480 6.398140
g3109 g1970 6.844480 6.398140
g3109 g1973 38.081680 1.567620
g3109 g1976 6.844480 6.398140
g3109 g1979 6.844480 6.398140
g3109 g1982 38.081680 1.567620
g3109 g1994 58.104670 9.604420
g3109 g1997 58.104670 9.604420
g3109 g2000 58.104670 1.567620
g3109 g1985 58.009320 9.584920
g3109 g1988 58.009320 9.584920
g3109 g1991 58.009320 1.567620
g3109 g1871 15.068660 6.997740
g3109 g1874 15.068660 6.997740
g3109 g1877 38.081680 1.567620
g3109 g1887 13.237720 7.901400
g3109 g2010 38.081680 1.567620
g3109 g2039 38.081680 1.567620
g3109 g2020 4.231020 3.488100
g3109 g2013 41.973160 41.227480
g3109 g2033 44.109820 43.364140
g3109 g2026 46.246480 45.500800
g3109 g2040 48.383140 47.637460
g3109 g2052 50.519800 49.774120
g3109 g2046 52.656460 51.910780
g3109 g2059 54.793120 54.047440
g3109 g2066 56.913380 56.167700
g3109 g2072 58.890710 58.890710
g3109 g2078 38.681100 2.612530
g3109 g2081 38.681100 2.612530
g3109 g2084 38.681100 2.612530
g3109 g2087 38.681100 2.612530
g3109 g2090 38.681100 2.612530
g3109 g2093 38.681100 2.612530
g3109 g2096 38.681100 2.612530
g3109 g2099 38.681100 2.612530
g3109 g2102 38.681100 2.612530
g3109 g2105 38.681100 2.612530
g3109 g2109 10.107180 10.107180
g3109 g2110 10.107180 10.107180
g3109 g2108 10.107180 2.946540
g3109 g2112 9.782000 9.782000
g3109 g2113 9.782000 9.782000
g3109 g2111 9.782000 2.946540
g3109 g2115 48.583420 42.285860
g3109 g2116 48.583420 42.285860
g3109 g2114 48.583420 2.612530
g3109 g2117 3.467800 2.847620
g3109 g2628 38.081680 1.477620
g3109 g2631 38.081680 1.477620
g3109 g2584 38.081680 1.567620
g3109 g2587 3.071480 3.071480
g3109 g2602 3.071480 3.071480
g3109 g2617 38.776120 38.776120
g3109 g2623 38.776120 38.776120
g3109 g2632 38.776120 38.776120
g3109 g2650 49.973680 7.729580
g3109 g2651 49.973680 10.249040
g3109 g2649 49.973680 3.025620
g3109 g2653 47.950770 10.249040
g3109 g2654 47.950770 10.249040
g3109 g2652 47.950770 3.025620
g3109 g2656 50.862350 10.169840
g3109 g2657 50.862350 10.169840
g3109 g2655 50.862350 2.946540
g3109 g2659 50.201970 10.249040
g3109 g2660 50.201970 10.249040
g3109 g2658 50.201970 3.025620
g3109 g2661 6.844480 6.398140
g3109 g2664 6.844480 6.398140
g3109 g2667 38.081680 1.567620
g3109 g2670 6.844480 6.398140
g3109 g2673 6.844480 6.398140
g3109 g2676 38.081680 1.567620
g3109 g2688 58.104670 9.604420
g3109 g2691 58.104670 9.604420
g3109 g2694 58.104670 1.567620
g3109 g2679 58.009320 9.584920
g3109 g2682 58.009320 9.584920
g3109 g2685 58.009320 1.567620
g3109 g2565 15.068660 6.997740
g3109 g2568 15.068660 6.997740
g3109 g2571 38.081680 1.567620
g3109 g2581 13.237720 7.901400
g3109 g2704 38.081680 1.567620
g3109 g2733 38.081680 1.567620
g3109 g2714 4.231020 3.488100
g3109 g2707 41.973160 41.227480
g3109 g2727 44.109820 43.364140
g3109 g2720 46.246480 45.500800
g3109 g2734 48.383140 47.637460
g3109 g2746 50.519800 49.774120
g3109 g2740 52.656460 51.910780
g3109 g2753 54.793120 54.047440
g3109 g2760 56.913380 56.167700
g3109 g2766 58.890710 58.890710
g3109 g2772 38.681100 2.612530
g3109 g2775 38.681100 2.612530
g3109 g2778 38.681100 2.612530
g3109 g2781 38.681100 2.612530
g3109 g2784 38.681100 2.612530
g3109 g2787 38.681100 2.612530
g3109 g2790 38.681100 2.612530
g3109 g2793 38.681100 2.612530
g3109 g2796 38.681100 2.612530
g3109 g2799 38.681100 2.612530
g3109 g2803 10.107180 10.107180
g3109 g2804 10.107180 10.107180
g3109 g2802 10.107180 2.946540
g3109 g2806 9.782000 9.782000
g3109 g2807 9.782000 9.782000
g3109 g2805 9.782000 2.946540
g3109 g2809 48.583420 42.285860
g3109 g2810 48.583420 42.285860
g3109 g2808 48.583420 2.612530
g3109 g2811 3.467800 2.847620
g3109 g3043 53.726710 13.590860
g3109 g3044 53.805910 13.995240
g3109 g3045 53.726710 13.590860
g3109 g3046 53.805910 13.995240
g3109 g3047 53.726710 13.590860
g3109 g3048 53.805910 13.995240
g3109 g3049 53.848890 13.590860
g3109 g3050 53.928090 13.995240
g3109 g3051 63.518190 14.199150
g3109 g3052 53.626100 13.490250
g3109 g3053 53.716520 13.905850
g3109 g3055 53.626100 13.490250
g3109 g3056 53.716520 13.905850
g3109 g3057 53.626100 13.490250
g3109 g3058 53.716520 13.905850
g3109 g3059 53.742160 13.490250
g3109 g3060 53.832580 13.905850
g3109 g3061 63.428800 14.092420
g3109 g3062 53.626100 13.490250
g3109 g3063 53.716520 13.905850
g3109 g3064 53.626100 13.490250
g3109 g3065 53.716520 13.905850
g3109 g3066 53.626100 13.490250
g3109 g3067 53.716520 13.905850
g3109 g3068 53.742160 13.490250
g3109 g3069 53.832580 13.905850
g3109 g3070 63.428800 14.092420
g3109 g3071 53.626100 13.490250
g3109 g3072 53.716520 13.905850
g3109 g3073 53.626100 13.490250
g3109 g3074 53.716520 13.905850
g3109 g3075 53.626100 13.490250
g3109 g3076 53.716520 13.905850
g3109 g3077 53.742160 13.490250
g3109 g3078 53.832580 13.905850
g3109 g2997 63.428800 14.092420
g3210 g3210 2.417480 2.417480
g3210 g3207 6.244790 6.244790
g3210 OUTPUT 5.744810 5.744810
g3211 g3211 2.387780 2.387780
g3211 g3207 5.167460 5.167460
g3211 OUTPUT 4.667480 4.667480
g3084 g3084 2.397680 2.397680
g3084 g3207 4.998250 4.998250
g3084 OUTPUT 4.498270 4.498270
g3085 g3085 2.417480 2.417480
g3085 g3207 5.812290 5.812290
g3085 OUTPUT 5.312310 5.312310
g3086 g3086 2.387780 2.387780
g3086 g3207 7.528870 7.528870
g3086 OUTPUT 7.028890 7.028890
g3087 g3087 2.397680 2.397680
g3087 g3207 7.359780 7.359780
g3087 OUTPUT 6.859800 6.859800
g3091 g3091 2.417480 2.417480
g3091 g3207 8.175740 8.175740
g3091 OUTPUT 7.675760 7.675760
g3092 g3092 2.387780 2.387780
g3092 g3207 8.649440 8.649440
g3092 OUTPUT 8.149460 8.149460
g3093 g3093 2.397680 2.397680
g3093 g3207 8.480450 8.480450
g3093 OUTPUT 7.980470 7.980470
g3094 g3094 2.417480 2.417480
g3094 g3207 9.298010 9.298010
g3094 OUTPUT 8.798030 8.798030
g3095 g3095 2.187800 2.187800
g3095 g3207 5.765420 5.765420
g3095 OUTPUT 5.265440 5.265440
g3096 g3096 2.187800 2.187800
g3096 g3207 6.482540 6.482540
g3096 OUTPUT 5.982560 5.982560
g3097 g3097 2.623400 2.623400
g3097 g3204 6.848650 6.848650
g3097 g3128 7.348630 7.348630
g3097 OUTPUT 4.706170 4.706170
g3097 OUTPUT 6.348670 6.348670
g3098 g3098 2.387780 2.387780
g3098 g3204 5.565400 5.565400
g3098 g3128 6.065380 6.065380
g3098 OUTPUT 5.065420 5.065420
g3099 g3099 2.397680 2.397680
g3099 g3204 5.396190 5.396190
g3099 g3128 5.896170 5.896170
g3099 OUTPUT 4.896210 4.896210
g3100 g3100 2.417480 2.417480
g3100 g3204 6.210230 6.210230
g3100 g3128 6.710210 6.710210
g3100 OUTPUT 5.710250 5.710250
g3101 g3101 2.387780 2.387780
g3101 g3204 7.926810 7.926810
g3101 g3128 8.426790 8.426790
g3101 OUTPUT 7.426830 7.426830
g3102 g3102 2.397680 2.397680
g3102 g3204 7.757720 7.757720
g3102 g3128 8.257700 8.257700
g3102 OUTPUT 7.257740 7.257740
g3103 g3103 2.417480 2.417480
g3103 g3204 8.573680 8.573680
g3103 g3128 9.073660 9.073660
g3103 OUTPUT 8.073700 8.073700
g3104 g3104 2.387780 2.387780
g3104 g3204 9.047380 9.047380
g3104 g3128 9.547360 9.547360
g3104 OUTPUT 8.547400 8.547400
g3105 g3105 2.397680 2.397680
g3105 g3204 8.878390 8.878390
g3105 g3128 9.378370 9.378370
g3105 OUTPUT 8.378410 8.378410
g3106 g3106 2.417480 2.417480
g3106 g3204 9.695950 9.695950
g3106 g3128 10.195930 10.195930
g3106 OUTPUT 9.195970 9.195970
g3107 g3107 2.187800 2.187800
g3107 g3204 6.163360 6.163360
g3107 g3128 6.663340 6.663340
g3107 OUTPUT 5.663380 5.663380
g3108 g3108 2.187800 2.187800
g3108 g3204 6.880480 6.880480
g3108 g3128 7.380460 7.380460
g3108 OUTPUT 6.380500 6.380500
g3155 g3155 2.397680 2.397680
g3155 g3201 5.254910 5.254910
g3155 OUTPUT 4.754930 4.754930
g3158 g3158 2.417480 2.417480
g3158 g3201 6.072150 6.072150
g3158 OUTPUT 5.572170 5.572170
g3161 g3161 2.387780 2.387780
g3161 g3201 5.669600 5.669600
g3161 OUTPUT 5.169620 5.169620
g3164 g3164 2.397680 2.397680
g3164 g3201 5.500550 5.500550
g3164 OUTPUT 5.000570 5.000570
g3167 g3167 2.417480 2.417480
g3167 g3201 6.317150 6.317150
g3167 OUTPUT 5.817170 5.817170
g3170 g3170 2.387780 2.387780
g3170 g3201 8.401520 8.401520
g3170 OUTPUT 7.901540 7.901540
g3173 g3173 2.397680 2.397680
g3173 g3201 8.232500 8.232500
g3173 OUTPUT 7.732520 7.732520
g3176 g3176 2.417480 2.417480
g3176 g3201 9.049580 9.049580
g3176 OUTPUT 8.549600 8.549600
g3179 g3179 2.387780 2.387780
g3179 g3201 8.016460 8.016460
g3179 OUTPUT 7.516480 7.516480
g3182 g3182 2.397680 2.397680
g3182 g3201 7.847370 7.847370
g3182 OUTPUT 7.347390 7.347390
g3185 g3185 2.417480 2.417480
g3185 g3201 8.663330 8.663330
g3185 OUTPUT 8.163350 8.163350
g3088 g3088 2.187800 2.187800
g3088 g3201 6.242680 6.242680
g3088 OUTPUT 5.742700 5.742700
g3191 g3191 10.735480 10.735480
g3191 g3194 12.190230 10.887410
g3191 g3197 12.603320 11.300500
g3191 g3198 12.190230 10.887410
g3191 g3201 18.797170 11.274760
g3191 g3204 19.154670 11.249870
g3191 g3207 18.756730 10.851930
g3191 g3188 13.920240 7.920830
g3191 g3133 14.420220 8.420810
g3191 g3128 19.654650 11.749850
g3191 g3125 13.103300 11.800480
g3191 g3123 11.235460 11.235460
g3191 OUTPUT 10.235500 10.235500
g3191 OUTPUT 11.690250 10.387430
g3191 OUTPUT 12.103340 10.800520
g3191 OUTPUT 11.690250 10.387430
g3191 OUTPUT 18.256750 10.351950
g3191 OUTPUT 18.654690 10.749890
g3191 OUTPUT 18.297190 10.774780
g3191 OUTPUT 13.420260 7.420850
g3194 g3191 11.175480 11.175480
g3194 g3194 12.630230 5.225960
g3194 g3197 13.043320 11.740500
g3194 g3198 12.630230 11.327410
g3194 g3201 18.995750 11.714760
g3194 g3204 19.353250 11.689870
g3194 g3207 18.955310 11.291930
g3194 g3188 14.118820 8.119410
g3194 g3133 14.618800 8.619390
g3194 g3128 19.853230 12.189850
g3194 g3125 13.543300 12.240480
g3194 g3123 11.675460 11.675460
g3194 OUTPUT 10.675500 10.675500
g3194 OUTPUT 12.130250 10.827430
g3194 OUTPUT 12.543340 11.240520
g3194 OUTPUT 12.130250 4.725980
g3194 OUTPUT 18.455330 10.791950
g3194 OUTPUT 18.853270 11.189890
g3194 OUTPUT 18.495770 11.214780
g3194 OUTPUT 13.618840 7.619430
g3197 g3191 11.441190 11.441190
g3197 g3194 12.895940 11.593120
g3197 g3197 13.309030 4.803830
g3197 g3198 12.895940 11.593120
g3197 g3201 17.603230 11.980470
g3197 g3204 17.960730 11.955580
g3197 g3207 17.562790 11.557640
g3197 g3188 14.000930 6.726890
g3197 g3133 14.500910 7.226870
g3197 g3128 18.460710 12.455560
g3197 g3125 13.809010 5.303810
g3197 g3123 11.941170 11.941170
g3197 OUTPUT 10.941210 10.941210
g3197 OUTPUT 12.395960 11.093140
g3197 OUTPUT 12.809050 4.303850
g3197 OUTPUT 12.395960 11.093140
g3197 OUTPUT 17.062810 11.057660
g3197 OUTPUT 17.460750 11.455600
g3197 OUTPUT 17.103250 11.480490
g3197 OUTPUT 13.500950 6.226910
g3198 g3191 11.595480 11.595480
g3198 g3194 13.050230 11.747410
g3198 g3197 13.463320 12.160500
g3198 g3198 13.050230 5.225960
g3198 g3201 18.727330 12.134760
g3198 g3204 19.084830 12.109870
g3198 g3207 18.686890 11.711930
g3198 g3188 14.155220 7.850990
g3198 g3133 14.655200 8.350970
g3198 g3128 19.584810 12.609850
g3198 g3125 13.963300 12.660480
g3198 g3123 12.095460 12.095460
g3198 OUTPUT 11.095500 11.095500
g3198 OUTPUT 12.550250 4.725980
g3198 OUTPUT 12.963340 11.660520
g3198 OUTPUT 12.550250 11.247430
g3198 OUTPUT 18.186910 11.211950
g3198 OUTPUT 18.584850 11.609890
g3198 OUTPUT 18.227350 11.634780
g3198 OUTPUT 13.655240 7.351010
g3201 g3191 8.831120 8.831120
g3201 g3194 10.681560 10.285870
g3201 g3197 11.094650 10.698960
g3201 g3198 10.681560 10.285870
g3201 g3201 11.663710 6.263440
g3201 g3204 13.246360 7.015260
g3201 g3207 12.848420 6.617320
g3201 g3188 11.390860 6.997610
g3201 g3133 11.890840 7.497590
g3201 g3128 13.746340 7.515240
g3201 g3125 11.594630 11.198940
g3201 g3123 9.331100 9.331100
g3201 OUTPUT 8.331140 8.331140
g3201 OUTPUT 10.181580 9.785890
g3201 OUTPUT 10.594670 10.198980
g3201 OUTPUT 10.181580 9.785890
g3201 OUTPUT 12.348440 6.117340
g3201 OUTPUT 12.746380 6.515280
g3201 OUTPUT 11.163730 5.763460
g3201 OUTPUT 10.890880 6.497630
g3204 g3191 11.919790 11.919790
g3204 g3194 13.374540 8.980870
g3204 g3197 13.787630 9.393960
g3204 g3198 13.374540 8.980870
g3204 g3201 14.680750 7.799120
g3204 g3204 15.802090 6.775260
g3204 g3207 15.404150 6.377320
g3204 g3188 14.479530 6.816470
g3204 g3133 14.979510 7.316450
g3204 g3128 16.302070 7.275240
g3204 g3125 14.287610 9.893940
g3204 g3123 12.419770 12.419770
g3204 OUTPUT 11.419810 11.419810
g3204 OUTPUT 12.874560 8.480890
g3204 OUTPUT 13.287650 8.893980
g3204 OUTPUT 12.874560 8.480890
g3204 OUTPUT 5.169170 2.442020
g3204 OUTPUT 14.904170 5.877340
g3204 OUTPUT 15.302110 6.275280
g3204 OUTPUT 14.180770 7.299140
g3204 OUTPUT 13.979550 6.316490
g3207 g3191 8.322130 8.322130
g3207 g3194 12.756060 9.776880
g3207 g3197 13.169150 10.189970
g3207 g3198 12.756060 9.776880
g3207 g3201 15.213920 6.435760
g3207 g3204 16.488610 7.146690
g3207 g3207 16.090670 6.748750
g3207 g3188 13.012870 9.941440
g3207 g3133 13.512850 10.441420
g3207 g3128 16.988590 7.646670
g3207 g3125 13.669130 10.689950
g3207 g3123 8.822110 8.822110
g3207 g26 5.152210 3.873620
g3207 g1 5.152210 3.873620
g3207 OUTPUT 7.822150 7.822150
g3207 OUTPUT 12.256080 9.276900
g3207 OUTPUT 12.669170 9.689990
g3207 OUTPUT 12.256080 9.276900
g3207 OUTPUT 8.328810 2.381000
g3207 OUTPUT 15.590690 6.248770
g3207 OUTPUT 15.988630 6.646710
g3207 OUTPUT 14.713940 5.935780
g3207 OUTPUT 12.512890 9.441460
g3188 g2877 6.514310 5.236660
g3188 g2830 6.604310 5.326660
g3188 g2858 6.604310 5.326660
g3188 g2878 6.514310 5.236660
g3188 g3191 10.887670 10.887670
g3188 g3194 12.342420 10.797420
g3188 g3197 12.755510 11.210510
g3188 g3198 12.342420 10.797420
g3188 g3201 13.648630 6.675760
g3188 g3204 14.154450 6.908620
g3188 g3207 13.756510 6.510680
g3188 g3188 13.447410 6.307610
g3188 g3133 13.947390 6.807590
g3188 g3128 14.654430 7.408600
g3188 g3125 13.255490 11.710490
g3188 g3123 11.387650 11.387650
g3188 OUTPUT 10.387690 10.387690
g3188 OUTPUT 11.842440 10.297440
g3188 OUTPUT 12.255530 10.710530
g3188 OUTPUT 11.842440 10.297440
g3188 OUTPUT 6.687890 2.121000
g3188 OUTPUT 13.256530 6.010700
g3188 OUTPUT 13.654470 6.408640
g3188 OUTPUT 13.148650 6.175780
g3188 OUTPUT 12.947430 5.807630
g3133 g3188 5.714930 5.156850
g3133 g3133 6.214910 5.656830
g3133 g587 5.479710 5.479710
g3133 g590 5.479710 5.479710
g3133 g593 5.479710 5.479710
g3133 g596 5.479710 5.479710
g3133 g599 5.479710 5.479710
g3133 g602 5.479710 5.479710
g3133 g614 8.923910 8.693110
g3133 g617 8.923910 8.693110
g3133 g620 8.923910 8.693110
g3133 g605 9.182250 8.673610
g3133 g608 9.182250 8.673610
g3133 g611 9.182250 8.673610
g3133 g1273 5.479710 5.479710
g3133 g1276 5.479710 5.479710
g3133 g1279 5.479710 5.479710
g3133 g1282 5.479710 5.479710
g3133 g1285 5.479710 5.479710
g3133 g1288 5.479710 5.479710
g3133 g1300 8.923910 8.693110
g3133 g1303 8.923910 8.693110
g3133 g1306 8.923910 8.693110
g3133 g1291 9.182250 8.673610
g3133 g1294 9.182250 8.673610
g3133 g1297 9.182250 8.673610
g3133 g1967 5.479710 5.479710
g3133 g1970 5.479710 5.479710
g3133 g1973 5.479710 5.479710
g3133 g1976 5.479710 5.479710
g3133 g1979 5.479710 5.479710
g3133 g1982 5.479710 5.479710
g3133 g1994 8.923910 8.693110
g3133 g1997 8.923910 8.693110
g3133 g2000 8.923910 8.693110
g3133 g1985 9.182250 8.673610
g3133 g1988 9.182250 8.673610
g3133 g1991 9.182250 8.673610
g3133 g2661 5.479710 5.479710
g3133 g2664 5.479710 5.479710
g3133 g2667 5.479710 5.479710
g3133 g2670 5.479710 5.479710
g3133 g2673 5.479710 5.479710
g3133 g2676 5.479710 5.479710
g3133 g2688 8.923910 8.693110
g3133 g2691 8.923910 8.693110
g3133 g2694 8.923910 8.693110
g3133 g2679 9.182250 8.673610
g3133 g2682 9.182250 8.673610
g3133 g2685 9.182250 8.673610
g3133 OUTPUT 5.214950 4.656870
g3128 g3204 6.193890 6.193890
g3128 g3128 6.693870 6.693870
g3128 OUTPUT 5.693910 5.693910
g3125 g3197 4.754950 4.754950
g3125 g3125 5.254930 5.254930
g3125 OUTPUT 4.254970 4.254970
g3123 g3191 3.037110 3.037110
g3123 g3123 3.537090 3.537090
g3123 OUTPUT 2.537130 2.537130
g138 g135 0.499980 0.499980
g138 g130 54.552780 2.612530
g138 g133 54.552780 2.612530
g138 g142 54.552780 2.612530
g138 g145 54.552780 2.612530
g138 g148 54.552780 2.612530
g138 g151 54.552780 2.612530
g138 g154 54.552780 2.612530
g138 g157 54.552780 2.612530
g138 g160 58.031320 2.612530
g138 g161 58.031320 58.031320
g138 g159 58.031320 58.031320
g138 g163 58.142300 2.612530
g138 g164 58.142300 58.142300
g138 g162 58.142300 58.142300
g138 g169 54.552780 2.612530
g138 g172 54.552780 2.612530
g138 g175 54.552780 2.612530
g138 g178 3.496510 2.852470
g138 g186 86.164280 1.567620
g138 g189 86.164280 9.242420
g138 g192 86.164280 9.242420
g138 g231 85.979600 1.567620
g138 g234 85.979600 10.159620
g138 g237 85.979600 10.159620
g138 g195 85.979600 1.567620
g138 g198 85.979600 10.239180
g138 g201 85.979600 10.239180
g138 g240 85.979600 1.567620
g138 g243 85.979600 9.672980
g138 g246 85.979600 9.672980
g138 g204 86.164280 1.567620
g138 g207 86.164280 9.846060
g138 g210 86.164280 9.846060
g138 g249 86.164280 1.567620
g138 g252 86.164280 9.256460
g138 g255 86.164280 9.256460
g138 g213 86.164280 1.567620
g138 g216 86.164280 9.822660
g138 g219 86.164280 9.822660
g138 g258 86.164280 1.567620
g138 g261 86.164280 9.382820
g138 g264 86.164280 9.382820
g138 g222 85.979600 1.567620
g138 g225 85.979600 9.649500
g138 g228 85.979600 9.649500
g138 g267 86.736300 1.567620
g138 g270 86.736300 8.788460
g138 g273 86.736300 8.788460
g138 g354 72.825100 2.612530
g138 g343 72.825100 58.444020
g138 g346 72.825100 58.444020
g138 g369 72.825100 2.612530
g138 g358 72.825100 59.160380
g138 g361 72.825100 59.160380
g138 g384 72.825100 2.612530
g138 g373 72.825100 60.464640
g138 g376 72.825100 60.464640
g138 g398 72.825100 2.612530
g138 g388 72.825100 60.797820
g138 g391 72.825100 60.797820
g138 g408 69.805570 1.477620
g138 g411 69.805570 7.995620
g138 g414 69.805570 7.995620
g138 g417 69.967440 1.477620
g138 g420 69.967440 9.483860
g138 g423 69.967440 9.483860
g138 g427 69.169200 2.768420
g138 g428 69.169200 9.722300
g138 g426 69.169200 9.722300
g138 g429 65.871310 1.567620
g138 g432 65.871310 8.086820
g138 g435 65.871310 8.086820
g138 g438 65.977910 1.477620
g138 g441 65.977910 8.463620
g138 g444 65.977910 8.463620
g138 g448 65.815450 2.768420
g138 g449 65.815450 10.792680
g138 g447 65.815450 10.792680
g138 g312 74.419270 1.567620
g138 g313 74.419270 17.582550
g138 g314 74.419270 17.582550
g138 g315 77.946910 1.567620
g138 g316 77.946910 18.654740
g138 g317 77.946910 18.654740
g138 g318 77.758170 1.567620
g138 g319 77.758170 19.409870
g138 g320 77.758170 19.409870
g138 g322 72.304250 2.612530
g138 g323 72.366070 15.982100
g138 g321 72.366070 15.982100
g138 g403 69.070790 2.852470
g138 g404 68.900790 58.452890
g138 g402 68.900790 58.452890
g138 g299 8.138660 8.138660
g138 g298 71.765660 8.562460
g138 g486 53.953360 1.477620
g138 g487 6.515900 6.515900
g138 g488 6.515900 6.515900
g138 g455 64.806440 1.567620
g138 g458 64.806440 61.612900
g138 g461 64.806440 61.612900
g138 g477 64.839900 1.567620
g138 g478 64.839900 61.130340
g138 g479 64.839900 61.130340
g138 g480 53.953360 1.567620
g138 g484 9.116300 9.116300
g138 g464 9.116300 9.116300
g138 g465 64.912060 1.567620
g138 g468 64.912060 59.484950
g138 g471 64.912060 59.484950
g138 g818 54.552780 2.612530
g138 g821 54.552780 2.612530
g138 g830 54.552780 2.612530
g138 g833 54.552780 2.612530
g138 g836 54.552780 2.612530
g138 g839 54.552780 2.612530
g138 g842 54.552780 2.612530
g138 g845 54.552780 2.612530
g138 g848 58.031320 2.612530
g138 g849 58.031320 58.031320
g138 g847 58.031320 58.031320
g138 g851 58.142300 2.612530
g138 g852 58.142300 58.142300
g138 g850 58.142300 58.142300
g138 g857 54.552780 2.612530
g138 g860 54.552780 2.612530
g138 g863 54.552780 2.612530
g138 g866 3.496510 2.852470
g138 g873 86.164280 1.567620
g138 g876 86.164280 9.242420
g138 g879 86.164280 9.242420
g138 g918 85.979600 1.567620
g138 g921 85.979600 10.159620
g138 g924 85.979600 10.159620
g138 g882 85.979600 1.567620
g138 g885 85.979600 10.239180
g138 g888 85.979600 10.239180
g138 g927 85.979600 1.567620
g138 g930 85.979600 9.672980
g138 g933 85.979600 9.672980
g138 g891 86.164280 1.567620
g138 g894 86.164280 9.846060
g138 g897 86.164280 9.846060
g138 g936 86.164280 1.567620
g138 g939 86.164280 9.256460
g138 g942 86.164280 9.256460
g138 g900 86.164280 1.567620
g138 g903 86.164280 9.822660
g138 g906 86.164280 9.822660
g138 g945 86.164280 1.567620
g138 g948 86.164280 9.382820
g138 g951 86.164280 9.382820
g138 g909 85.979600 1.567620
g138 g912 85.979600 9.649500
g138 g915 85.979600 9.649500
g138 g954 86.736300 1.567620
g138 g957 86.736300 8.788460
g138 g960 86.736300 8.788460
g138 g1041 72.825100 2.612530
g138 g1030 72.825100 58.444020
g138 g1033 72.825100 58.444020
g138 g1056 72.825100 2.612530
g138 g1045 72.825100 59.160380
g138 g1048 72.825100 59.160380
g138 g1071 72.825100 2.612530
g138 g1060 72.825100 60.464640
g138 g1063 72.825100 60.464640
g138 g1085 72.825100 2.612530
g138 g1075 72.825100 60.797820
g138 g1078 72.825100 60.797820
g138 g1095 69.805570 1.477620
g138 g1098 69.805570 7.995620
g138 g1101 69.805570 7.995620
g138 g1104 69.967440 1.477620
g138 g1107 69.967440 9.483860
g138 g1110 69.967440 9.483860
g138 g1114 69.169200 2.768420
g138 g1115 69.169200 9.722300
g138 g1113 69.169200 9.722300
g138 g1116 65.871310 1.567620
g138 g1119 65.871310 8.086820
g138 g1122 65.871310 8.086820
g138 g1125 65.977910 1.477620
g138 g1128 65.977910 8.463620
g138 g1131 65.977910 8.463620
g138 g1135 65.815450 2.768420
g138 g1136 65.815450 10.792680
g138 g1134 65.815450 10.792680
g138 g999 74.419270 1.567620
g138 g1000 74.419270 17.582550
g138 g1001 74.419270 17.582550
g138 g1002 77.946910 1.567620
g138 g1003 77.946910 18.654740
g138 g1004 77.946910 18.654740
g138 g1005 77.758170 1.567620
g138 g1006 77.758170 19.409870
g138 g1007 77.758170 19.409870
g138 g1009 72.304250 2.612530
g138 g1010 72.366070 15.982100
g138 g1008 72.366070 15.982100
g138 g1090 69.070790 2.852470
g138 g1091 68.900790 58.452890
g138 g1089 68.900790 58.452890
g138 g986 8.138660 8.138660
g138 g985 71.765660 8.562460
g138 g1173 53.953360 1.477620
g138 g1174 6.515900 6.515900
g138 g1175 6.515900 6.515900
g138 g1142 64.806440 1.567620
g138 g1145 64.806440 61.612900
g138 g1148 64.806440 61.612900
g138 g1164 64.839900 1.567620
g138 g1165 64.839900 61.130340
g138 g1166 64.839900 61.130340
g138 g1167 53.953360 1.567620
g138 g1171 9.116300 9.116300
g138 g1151 9.116300 9.116300
g138 g1152 64.912060 1.567620
g138 g1155 64.912060 59.484950
g138 g1158 64.912060 59.484950
g138 g1512 54.552780 2.612530
g138 g1515 54.552780 2.612530
g138 g1524 54.552780 2.612530
g138 g1527 54.552780 2.612530
g138 g1530 54.552780 2.612530
g138 g1533 54.552780 2.612530
g138 g1536 54.552780 2.612530
g138 g1539 54.552780 2.612530
g138 g1542 58.031320 2.612530
g138 g1543 58.031320 58.031320
g138 g1541 58.031320 58.031320
g138 g1545 58.142300 2.612530
g138 g1546 58.142300 58.142300
g138 g1544 58.142300 58.142300
g138 g1551 54.552780 2.612530
g138 g1554 54.552780 2.612530
g138 g1557 54.552780 2.612530
g138 g1560 3.496510 2.852470
g138 g1567 86.164280 1.567620
g138 g1570 86.164280 9.242420
g138 g1573 86.164280 9.242420
g138 g1612 85.979600 1.567620
g138 g1615 85.979600 10.159620
g138 g1618 85.979600 10.159620
g138 g1576 85.979600 1.567620
g138 g1579 85.979600 10.239180
g138 g1582 85.979600 10.239180
g138 g1621 85.979600 1.567620
g138 g1624 85.979600 9.672980
g138 g1627 85.979600 9.672980
g138 g1585 86.164280 1.567620
g138 g1588 86.164280 9.846060
g138 g1591 86.164280 9.846060
g138 g1630 86.164280 1.567620
g138 g1633 86.164280 9.256460
g138 g1636 86.164280 9.256460
g138 g1594 86.164280 1.567620
g138 g1597 86.164280 9.822660
g138 g1600 86.164280 9.822660
g138 g1639 86.164280 1.567620
g138 g1642 86.164280 9.382820
g138 g1645 86.164280 9.382820
g138 g1603 85.979600 1.567620
g138 g1606 85.979600 9.649500
g138 g1609 85.979600 9.649500
g138 g1648 86.736300 1.567620
g138 g1651 86.736300 8.788460
g138 g1654 86.736300 8.788460
g138 g1735 72.825100 2.612530
g138 g1724 72.825100 58.444020
g138 g1727 72.825100 58.444020
g138 g1750 72.825100 2.612530
g138 g1739 72.825100 59.160380
g138 g1742 72.825100 59.160380
g138 g1765 72.825100 2.612530
g138 g1754 72.825100 60.464640
g138 g1757 72.825100 60.464640
g138 g1779 72.825100 2.612530
g138 g1769 72.825100 60.797820
g138 g1772 72.825100 60.797820
g138 g1789 69.805570 1.477620
g138 g1792 69.805570 7.995620
g138 g1795 69.805570 7.995620
g138 g1798 69.967440 1.477620
g138 g1801 69.967440 9.483860
g138 g1804 69.967440 9.483860
g138 g1808 69.169200 2.768420
g138 g1809 69.169200 9.722300
g138 g1807 69.169200 9.722300
g138 g1810 65.871310 1.567620
g138 g1813 65.871310 8.086820
g138 g1816 65.871310 8.086820
g138 g1819 65.977910 1.477620
g138 g1822 65.977910 8.463620
g138 g1825 65.977910 8.463620
g138 g1829 65.815450 2.768420
g138 g1830 65.815450 10.792680
g138 g1828 65.815450 10.792680
g138 g1693 74.419270 1.567620
g138 g1694 74.419270 17.582550
g138 g1695 74.419270 17.582550
g138 g1696 77.946910 1.567620
g138 g1697 77.946910 18.654740
g138 g1698 77.946910 18.654740
g138 g1699 77.758170 1.567620
g138 g1700 77.758170 19.409870
g138 g1701 77.758170 19.409870
g138 g1703 72.304250 2.612530
g138 g1704 72.366070 15.982100
g138 g1702 72.366070 15.982100
g138 g1784 69.070790 2.852470
g138 g1785 68.900790 58.452890
g138 g1783 68.900790 58.452890
g138 g1680 8.138660 8.138660
g138 g1679 71.765660 8.562460
g138 g1867 53.953360 1.477620
g138 g1868 6.515900 6.515900
g138 g1869 6.515900 6.515900
g138 g1836 64.806440 1.567620
g138 g1839 64.806440 61.612900
g138 g1842 64.806440 61.612900
g138 g1858 64.839900 1.567620
g138 g1859 64.839900 61.130340
g138 g1860 64.839900 61.130340
g138 g1861 53.953360 1.567620
g138 g1865 9.116300 9.116300
g138 g1845 9.116300 9.116300
g138 g1846 64.912060 1.567620
g138 g1849 64.912060 59.484950
g138 g1852 64.912060 59.484950
g138 g2206 54.552780 2.612530
g138 g2209 54.552780 2.612530
g138 g2218 54.552780 2.612530
g138 g2221 54.552780 2.612530
g138 g2224 54.552780 2.612530
g138 g2227 54.552780 2.612530
g138 g2230 54.552780 2.612530
g138 g2233 54.552780 2.612530
g138 g2236 58.031320 2.612530
g138 g2237 58.031320 58.031320
g138 g2235 58.031320 58.031320
g138 g2239 58.142300 2.612530
g138 g2240 58.142300 58.142300
g138 g2238 58.142300 58.142300
g138 g2245 54.552780 2.612530
g138 g2248 54.552780 2.612530
g138 g2251 54.552780 2.612530
g138 g2254 3.496510 2.852470
g138 g2261 86.164280 1.567620
g138 g2264 86.164280 9.242420
g138 g2267 86.164280 9.242420
g138 g2306 85.979600 1.567620
g138 g2309 85.979600 10.159620
g138 g2312 85.979600 10.159620
g138 g2270 85.979600 1.567620
g138 g2273 85.979600 10.239180
g138 g2276 85.979600 10.239180
g138 g2315 85.979600 1.567620
g138 g2318 85.979600 9.672980
g138 g2321 85.979600 9.672980
g138 g2279 86.164280 1.567620
g138 g2282 86.164280 9.846060
g138 g2285 86.164280 9.846060
g138 g2324 86.164280 1.567620
g138 g2327 86.164280 9.256460
g138 g2330 86.164280 9.256460
g138 g2288 86.164280 1.567620
g138 g2291 86.164280 9.822660
g138 g2294 86.164280 9.822660
g138 g2333 86.164280 1.567620
g138 g2336 86.164280 9.382820
g138 g2339 86.164280 9.382820
g138 g2297 85.979600 1.567620
g138 g2300 85.979600 9.649500
g138 g2303 85.979600 9.649500
g138 g2342 86.736300 1.567620
g138 g2345 86.736300 8.788460
g138 g2348 86.736300 8.788460
g138 g2429 72.825100 2.612530
g138 g2418 72.825100 58.444020
g138 g2421 72.825100 58.444020
g138 g2444 72.825100 2.612530
g138 g2433 72.825100 59.160380
g138 g2436 72.825100 59.160380
g138 g2459 72.825100 2.612530
g138 g2448 72.825100 60.464640
g138 g2451 72.825100 60.464640
g138 g2473 72.825100 2.612530
g138 g2463 72.825100 60.797820
g138 g2466 72.825100 60.797820
g138 g2483 69.805570 1.477620
g138 g2486 69.805570 7.995620
g138 g2489 69.805570 7.995620
g138 g2492 69.967440 1.477620
g138 g2495 69.967440 9.483860
g138 g2498 69.967440 9.483860
g138 g2502 69.169200 2.768420
g138 g2503 69.169200 9.722300
g138 g2501 69.169200 9.722300
g138 g2504 65.871310 1.567620
g138 g2507 65.871310 8.086820
g138 g2510 65.871310 8.086820
g138 g2513 65.977910 1.477620
g138 g2516 65.977910 8.463620
g138 g2519 65.977910 8.463620
g138 g2523 65.815450 2.768420
g138 g2524 65.815450 10.792680
g138 g2522 65.815450 10.792680
g138 g2387 74.419270 1.567620
g138 g2388 74.419270 17.582550
g138 g2389 74.419270 17.582550
g138 g2390 77.946910 1.567620
g138 g2391 77.946910 18.654740
g138 g2392 77.946910 18.654740
g138 g2393 77.758170 1.567620
g138 g2394 77.758170 19.409870
g138 g2395 77.758170 19.409870
g138 g2397 72.304250 2.612530
g138 g2398 72.366070 15.982100
g138 g2396 72.366070 15.982100
g138 g2478 69.070790 2.852470
g138 g2479 68.900790 58.452890
g138 g2477 68.900790 58.452890
g138 g2374 8.138660 8.138660
g138 g2373 71.765660 8.562460
g138 g2561 53.953360 1.477620
g138 g2562 6.515900 6.515900
g138 g2563 6.515900 6.515900
g138 g2530 64.806440 1.567620
g138 g2533 64.806440 61.612900
g138 g2536 64.806440 61.612900
g138 g2552 64.839900 1.567620
g138 g2553 64.839900 61.130340
g138 g2554 64.839900 61.130340
g138 g2555 53.953360 1.567620
g138 g2559 9.116300 9.116300
g138 g2539 9.116300 9.116300
g138 g2540 64.912060 1.567620
g138 g2543 64.912060 59.484950
g138 g2546 64.912060 59.484950
g138 OUTPUT 0.000000 0.000000
g138 OUTPUT 0.000000 0.000000
g138 OUTPUT 0.000000 0.000000
g138 OUTPUT 0.000000 0.000000
g138 OUTPUT 0.000000 0.000000
g138 OUTPUT 0.000000 0.000000
g138 OUTPUT 0.000000 0.000000
g138 OUTPUT 0.000000 0.000000
g138 OUTPUT 0.000000 0.000000
g138 OUTPUT 0.000000 0.000000
g138 OUTPUT 0.000000 0.000000
g138 OUTPUT 0.000000 0.000000
g135 g165 0.499980 0.499980
g135 g131 53.590500 2.612530
g135 g134 53.590500 2.612530
g135 g143 53.590500 2.612530
g135 g146 53.590500 2.612530
g135 g149 53.590500 2.612530
g135 g152 53.590500 2.612530
g135 g155 53.590500 2.612530
g135 g158 53.590500 2.612530
g135 g160 56.539040 56.539040
g135 g161 56.539040 2.612530
g135 g159 56.539040 56.539040
g135 g163 56.650020 56.650020
g135 g164 56.650020 2.612530
g135 g162 56.650020 56.650020
g135 g170 53.590500 2.612530
g135 g173 53.590500 2.612530
g135 g176 53.590500 2.612530
g135 g179 3.760580 2.946540
g135 g186 84.672000 8.815210
g135 g189 84.672000 1.567620
g135 g192 84.672000 8.815210
g135 g231 84.487320 9.731410
g135 g234 84.487320 1.567620
g135 g237 84.487320 9.731410
g135 g195 84.487320 9.810800
g135 g198 84.487320 1.567620
g135 g201 84.487320 9.810800
g135 g240 84.487320 9.244850
g135 g243 84.487320 1.567620
g135 g246 84.487320 9.244850
g135 g204 84.672000 9.418520
g135 g207 84.672000 1.567620
g135 g210 84.672000 9.418520
g135 g249 84.672000 8.829220
g135 g252 84.672000 1.567620
g135 g255 84.672000 8.829220
g135 g213 84.672000 9.395170
g135 g216 84.672000 1.567620
g135 g219 84.672000 9.395170
g135 g258 84.672000 8.955310
g135 g261 84.672000 1.567620
g135 g264 84.672000 8.955310
g135 g222 84.487320 9.222380
g135 g225 84.487320 1.567620
g135 g228 84.487320 9.222380
g135 g267 85.244020 8.362220
g135 g270 85.244020 1.567620
g135 g273 85.244020 8.362220
g135 g354 71.332820 56.951740
g135 g343 71.332820 2.612530
g135 g346 71.332820 56.951740
g135 g369 71.332820 57.668100
g135 g358 71.332820 2.612530
g135 g361 71.332820 57.668100
g135 g384 71.332820 58.972360
g135 g373 71.332820 2.612530
g135 g376 71.332820 58.972360
g135 g398 71.332820 59.305540
g135 g388 71.332820 2.612530
g135 g391 71.332820 59.305540
g135 g408 68.313290 7.568910
g135 g411 68.313290 1.477620
g135 g414 68.313290 7.568910
g135 g417 68.475160 9.053970
g135 g420 68.475160 1.477620
g135 g423 68.475160 9.053970
g135 g427 67.676920 9.295590
g135 g428 67.676920 2.768420
g135 g426 67.676920 9.295590
g135 g429 64.379030 7.659460
g135 g432 64.379030 1.567620
g135 g435 64.379030 7.659460
g135 g438 64.485630 8.035910
g135 g441 64.485630 1.477620
g135 g444 64.485630 8.035910
g135 g448 64.323170 10.365320
g135 g449 64.323170 2.768420
g135 g447 64.323170 10.365320
g135 g312 72.926990 17.155430
g135 g313 72.926990 1.567620
g135 g314 72.926990 17.155430
g135 g315 76.454630 18.227620
g135 g316 76.454630 1.567620
g135 g317 76.454630 18.227620
g135 g318 76.265890 18.983630
g135 g319 76.265890 1.567620
g135 g320 76.265890 18.983630
g135 g322 70.811970 14.621280
g135 g323 70.873790 3.025620
g135 g321 70.873790 15.555860
g135 g403 67.578510 57.130610
g135 g404 67.408510 2.946540
g135 g402 67.408510 56.960610
g135 g299 7.708770 7.708770
g135 g305 2.876260 2.876260
g135 g298 70.273380 8.136220
g135 g486 6.088190 6.088190
g135 g487 52.991080 1.477620
g135 g488 6.088190 6.088190
g135 g455 63.314160 60.120620
g135 g458 63.314160 1.567620
g135 g461 63.314160 60.120620
g135 g477 63.347620 59.638060
g135 g478 63.347620 1.567620
g135 g479 63.347620 59.638060
g135 g480 8.686410 8.686410
g135 g484 52.991080 1.567620
g135 g464 8.686410 8.686410
g135 g465 63.419780 57.992670
g135 g468 63.419780 1.567620
g135 g471 63.419780 57.992670
g135 g819 53.590500 2.612530
g135 g822 53.590500 2.612530
g135 g831 53.590500 2.612530
g135 g834 53.590500 2.612530
g135 g837 53.590500 2.612530
g135 g840 53.590500 2.612530
g135 g843 53.590500 2.612530
g135 g846 53.590500 2.612530
g135 g848 56.539040 56.539040
g135 g849 56.539040 2.612530
g135 g847 56.539040 56.539040
g135 g851 56.650020 56.650020
g135 g852 56.650020 2.612530
g135 g850 56.650020 56.650020
g135 g858 53.590500 2.612530
g135 g861 53.590500 2.612530
g135 g864 53.590500 2.612530
g135 g867 3.760580 2.946540
g135 g873 84.672000 8.815210
g135 g876 84.672000 1.567620
g135 g879 84.672000 8.815210
g135 g918 84.487320 9.731410
g135 g921 84.487320 1.567620
g135 g924 84.487320 9.731410
g135 g882 84.487320 9.810800
g135 g885 84.487320 1.567620
g135 g888 84.487320 9.810800
g135 g927 84.487320 9.244850
g135 g930 84.487320 1.567620
g135 g933 84.487320 9.244850
g135 g891 84.672000 9.418520
g135 g894 84.672000 1.567620
g135 g897 84.672000 9.418520
g135 g936 84.672000 8.829220
g135 g939 84.672000 1.567620
g135 g942 84.672000 8.829220
g135 g900 84.672000 9.395170
g135 g903 84.672000 1.567620
g135 g906 84.672000 9.395170
g135 g945 84.672000 8.955310
g135 g948 84.672000 1.567620
g135 g951 84.672000 8.955310
g135 g909 84.487320 9.222380
g135 g912 84.487320 1.567620
g135 g915 84.487320 9.222380
g135 g954 85.244020 8.362220
g135 g957 85.244020 1.567620
g135 g960 85.244020 8.362220
g135 g1041 71.332820 56.951740
g135 g1030 71.332820 2.612530
g135 g1033 71.332820 56.951740
g135 g1056 71.332820 57.668100
g135 g1045 71.332820 2.612530
g135 g1048 71.332820 57.668100
g135 g1071 71.332820 58.972360
g135 g1060 71.332820 2.612530
g135 g1063 71.332820 58.972360
g135 g1085 71.332820 59.305540
g135 g1075 71.332820 2.612530
g135 g1078 71.332820 59.305540
g135 g1095 68.313290 7.568910
g135 g1098 68.313290 1.477620
g135 g1101 68.313290 7.568910
g135 g1104 68.475160 9.053970
g135 g1107 68.475160 1.477620
g135 g1110 68.475160 9.053970
g135 g1114 67.676920 9.295590
g135 g1115 67.676920 2.768420
g135 g1113 67.676920 9.295590
g135 g1116 64.379030 7.659460
g135 g1119 64.379030 1.567620
g135 g1122 64.379030 7.659460
g135 g1125 64.485630 8.035910
g135 g1128 64.485630 1.477620
g135 g1131 64.485630 8.035910
g135 g1135 64.323170 10.365320
g135 g1136 64.323170 2.768420
g135 g1134 64.323170 10.365320
g135 g999 72.926990 17.155430
g135 g1000 72.926990 1.567620
g135 g1001 72.926990 17.155430
g135 g1002 76.454630 18.227620
g135 g1003 76.454630 1.567620
g135 g1004 76.454630 18.227620
g135 g1005 76.265890 18.983630
g135 g1006 76.265890 1.567620
g135 g1007 76.265890 18.983630
g135 g1009 70.811970 14.621280
g135 g1010 70.873790 3.025620
g135 g1008 70.873790 15.555860
g135 g1090 67.578510 57.130610
g135 g1091 67.408510 2.946540
g135 g1089 67.408510 56.960610
g135 g986 7.708770 7.708770
g135 g992 55.010900 3.135260
g135 g985 70.273380 8.136220
g135 g1173 6.088190 6.088190
g135 g1174 52.991080 1.477620
g135 g1175 6.088190 6.088190
g135 g1142 63.314160 60.120620
g135 g1145 63.314160 1.567620
g135 g1148 63.314160 60.120620
g135 g1164 63.347620 59.638060
g135 g1165 63.347620 1.567620
g135 g1166 63.347620 59.638060
g135 g1167 8.686410 8.686410
g135 g1171 52.991080 1.567620
g135 g1151 8.686410 8.686410
g135 g1152 63.419780 57.992670
g135 g1155 63.419780 1.567620
g135 g1158 63.419780 57.992670
g135 g1513 53.590500 2.612530
g135 g1516 53.590500 2.612530
g135 g1525 53.590500 2.612530
g135 g1528 53.590500 2.612530
g135 g1531 53.590500 2.612530
g135 g1534 53.590500 2.612530
g135 g1537 53.590500 2.612530
g135 g1540 53.590500 2.612530
g135 g1542 56.539040 56.539040
g135 g1543 56.539040 2.612530
g135 g1541 56.539040 56.539040
g135 g1545 56.650020 56.650020
g135 g1546 56.650020 2.612530
g135 g1544 56.650020 56.650020
g135 g1552 53.590500 2.612530
g135 g1555 53.590500 2.612530
g135 g1558 53.590500 2.612530
g135 g1561 3.760580 2.946540
g135 g1567 84.672000 8.815210
g135 g1570 84.672000 1.567620
g135 g1573 84.672000 8.815210
g135 g1612 84.487320 9.731410
g135 g1615 84.487320 1.567620
g135 g1618 84.487320 9.731410
g135 g1576 84.487320 9.810800
g135 g1579 84.487320 1.567620
g135 g1582 84.487320 9.810800
g135 g1621 84.487320 9.244850
g135 g1624 84.487320 1.567620
g135 g1627 84.487320 9.244850
g135 g1585 84.672000 9.418520
g135 g1588 84.672000 1.567620
g135 g1591 84.672000 9.418520
g135 g1630 84.672000 8.829220
g135 g1633 84.672000 1.567620
g135 g1636 84.672000 8.829220
g135 g1594 84.672000 9.395170
g135 g1597 84.672000 1.567620
g135 g1600 84.672000 9.395170
g135 g1639 84.672000 8.955310
g135 g1642 84.672000 1.567620
g135 g1645 84.672000 8.955310
g135 g1603 84.487320 9.222380
g135 g1606 84.487320 1.567620
g135 g1609 84.487320 9.222380
g135 g1648 85.244020 8.362220
g135 g1651 85.244020 1.567620
g135 g1654 85.244020 8.362220
g135 g1735 71.332820 56.951740
g135 g1724 71.332820 2.612530
g135 g1727 71.332820 56.951740
g135 g1750 71.332820 57.668100
g135 g1739 71.332820 2.612530
g135 g1742 71.332820 57.668100
g135 g1765 71.332820 58.972360
g135 g1754 71.332820 2.612530
g135 g1757 71.332820 58.972360
g135 g1779 71.332820 59.305540
g135 g1769 71.332820 2.612530
g135 g1772 71.332820 59.305540
g135 g1789 68.313290 7.568910
g135 g1792 68.313290 1.477620
g135 g1795 68.313290 7.568910
g135 g1798 68.475160 9.053970
g135 g1801 68.475160 1.477620
g135 g1804 68.475160 9.053970
g135 g1808 67.676920 9.295590
g135 g1809 67.676920 2.768420
g135 g1807 67.676920 9.295590
g135 g1810 64.379030 7.659460
g135 g1813 64.379030 1.567620
g135 g1816 64.379030 7.659460
g135 g1819 64.485630 8.035910
g135 g1822 64.485630 1.477620
g135 g1825 64.485630 8.035910
g135 g1829 64.323170 10.365320
g135 g1830 64.323170 2.768420
g135 g1828 64.323170 10.365320
g135 g1693 72.926990 17.155430
g135 g1694 72.926990 1.567620
g135 g1695 72.926990 17.155430
g135 g1696 76.454630 18.227620
g135 g1697 76.454630 1.567620
g135 g1698 76.454630 18.227620
g135 g1699 76.265890 18.983630
g135 g1700 76.265890 1.567620
g135 g1701 76.265890 18.983630
g135 g1703 70.811970 14.621280
g135 g1704 70.873790 3.025620
g135 g1702 70.873790 15.555860
g135 g1784 67.578510 57.130610
g135 g1785 67.408510 2.946540
g135 g1783 67.408510 56.960610
g135 g1680 7.708770 7.708770
g135 g1686 57.680970 3.116030
g135 g1679 70.273380 8.136220
g135 g1867 6.088190 6.088190
g135 g1868 52.991080 1.477620
g135 g1869 6.088190 6.088190
g135 g1836 63.314160 60.120620
g135 g1839 63.314160 1.567620
g135 g1842 63.314160 60.120620
g135 g1858 63.347620 59.638060
g135 g1859 63.347620 1.567620
g135 g1860 63.347620 59.638060
g135 g1861 8.686410 8.686410
g135 g1865 52.991080 1.567620
g135 g1845 8.686410 8.686410
g135 g1846 63.419780 57.992670
g135 g1849 63.419780 1.567620
g135 g1852 63.419780 57.992670
g135 g2207 53.590500 2.612530
g135 g2210 53.590500 2.612530
g135 g2219 53.590500 2.612530
g135 g2222 53.590500 2.612530
g135 g2225 53.590500 2.612530
g135 g2228 53.590500 2.612530
g135 g2231 53.590500 2.612530
g135 g2234 53.590500 2.612530
g135 g2236 56.539040 56.539040
g135 g2237 56.539040 2.612530
g135 g2235 56.539040 56.539040
g135 g2239 56.650020 56.650020
g135 g2240 56.650020 2.612530
g135 g2238 56.650020 56.650020
g135 g2246 53.590500 2.612530
g135 g2249 53.590500 2.612530
g135 g2252 53.590500 2.612530
g135 g2255 3.760580 2.946540
g135 g2261 84.672000 8.815210
g135 g2264 84.672000 1.567620
g135 g2267 84.672000 8.815210
g135 g2306 84.487320 9.731410
g135 g2309 84.487320 1.567620
g135 g2312 84.487320 9.731410
g135 g2270 84.487320 9.810800
g135 g2273 84.487320 1.567620
g135 g2276 84.487320 9.810800
g135 g2315 84.487320 9.244850
g135 g2318 84.487320 1.567620
g135 g2321 84.487320 9.244850
g135 g2279 84.672000 9.418520
g135 g2282 84.672000 1.567620
g135 g2285 84.672000 9.418520
g135 g2324 84.672000 8.829220
g135 g2327 84.672000 1.567620
g135 g2330 84.672000 8.829220
g135 g2288 84.672000 9.395170
g135 g2291 84.672000 1.567620
g135 g2294 84.672000 9.395170
g135 g2333 84.672000 8.955310
g135 g2336 84.672000 1.567620
g135 g2339 84.672000 8.955310
g135 g2297 84.487320 9.222380
g135 g2300 84.487320 1.567620
g135 g2303 84.487320 9.222380
g135 g2342 85.244020 8.362220
g135 g2345 85.244020 1.567620
g135 g2348 85.244020 8.362220
g135 g2429 71.332820 56.951740
g135 g2418 71.332820 2.612530
g135 g2421 71.332820 56.951740
g135 g2444 71.332820 57.668100
g135 g2433 71.332820 2.612530
g135 g2436 71.332820 57.668100
g135 g2459 71.332820 58.972360
g135 g2448 71.332820 2.612530
g135 g2451 71.332820 58.972360
g135 g2473 71.332820 59.305540
g135 g2463 71.332820 2.612530
g135 g2466 71.332820 59.305540
g135 g2483 68.313290 7.568910
g135 g2486 68.313290 1.477620
g135 g2489 68.313290 7.568910
g135 g2492 68.475160 9.053970
g135 g2495 68.475160 1.477620
g135 g2498 68.475160 9.053970
g135 g2502 67.676920 9.295590
g135 g2503 67.676920 2.768420
g135 g2501 67.676920 9.295590
g135 g2504 64.379030 7.659460
g135 g2507 64.379030 1.567620
g135 g2510 64.379030 7.659460
g135 g2513 64.485630 8.035910
g135 g2516 64.485630 1.477620
g135 g2519 64.485630 8.035910
g135 g2523 64.323170 10.365320
g135 g2524 64.323170 2.768420
g135 g2522 64.323170 10.365320
g135 g2387 72.926990 17.155430
g135 g2388 72.926990 1.567620
g135 g2389 72.926990 17.155430
g135 g2390 76.454630 18.227620
g135 g2391 76.454630 1.567620
g135 g2392 76.454630 18.227620
g135 g2393 76.265890 18.983630
g135 g2394 76.265890 1.567620
g135 g2395 76.265890 18.983630
g135 g2397 70.811970 14.621280
g135 g2398 70.873790 3.025620
g135 g2396 70.873790 15.555860
g135 g2478 67.578510 57.130610
g135 g2479 67.408510 2.946540
g135 g2477 67.408510 56.960610
g135 g2374 7.708770 7.708770
g135 g2380 59.919850 2.648860
g135 g2373 70.273380 8.136220
g135 g2561 6.088190 6.088190
g135 g2562 52.991080 1.477620
g135 g2563 6.088190 6.088190
g135 g2530 63.314160 60.120620
g135 g2533 63.314160 1.567620
g135 g2536 63.314160 60.120620
g135 g2552 63.347620 59.638060
g135 g2553 63.347620 1.567620
g135 g2554 63.347620 59.638060
g135 g2555 8.686410 8.686410
g135 g2559 52.991080 1.567620
g135 g2539 8.686410 8.686410
g135 g2540 63.419780 57.992670
g135 g2543 63.419780 1.567620
g135 g2546 63.419780 57.992670
g135 OUTPUT 0.000000 0.000000
g135 OUTPUT 0.000000 0.000000
g135 OUTPUT 0.000000 0.000000
g135 OUTPUT 0.000000 0.000000
g135 OUTPUT 0.000000 0.000000
g135 OUTPUT 0.000000 0.000000
g135 OUTPUT 0.000000 0.000000
g135 OUTPUT 0.000000 0.000000
g135 OUTPUT 0.000000 0.000000
g135 OUTPUT 0.000000 0.000000
g135 OUTPUT 0.000000 0.000000
g135 OUTPUT 0.000000 0.000000
g165 g129 55.142540 2.433520
g165 g132 55.142540 2.433520
g165 g141 55.142540 2.433520
g165 g144 55.142540 2.433520
g165 g147 55.142540 2.433520
g165 g150 55.142540 2.433520
g165 g153 55.142540 2.433520
g165 g156 55.142540 2.433520
g165 g160 58.850620 58.850620
g165 g161 58.850620 58.850620
g165 g159 58.850620 2.433520
g165 g163 58.966870 58.966870
g165 g164 58.966870 58.966870
g165 g162 58.966870 2.433520
g165 g168 54.972540 2.612530
g165 g171 54.972540 2.612530
g165 g174 54.972540 2.612530
g165 g177 3.760580 2.946540
g165 g186 87.194380 9.600320
g165 g189 87.194380 9.600320
g165 g192 87.194380 1.567620
g165 g231 87.009700 10.507520
g165 g234 87.009700 10.507520
g165 g237 87.009700 1.567620
g165 g195 87.009700 10.585380
g165 g198 87.009700 10.585380
g165 g201 87.009700 1.567620
g165 g240 87.009700 10.021680
g165 g243 87.009700 10.021680
g165 g246 87.009700 1.567620
g165 g204 87.194380 10.200660
g165 g207 87.194380 10.200660
g165 g210 87.194380 1.567620
g165 g249 87.194380 9.614060
g165 g252 87.194380 9.614060
g165 g255 87.194380 1.567620
g165 g213 87.194380 10.177760
g165 g216 87.194380 10.177760
g165 g219 87.194380 1.567620
g165 g258 87.194380 9.737720
g165 g261 87.194380 9.737720
g165 g264 87.194380 1.567620
g165 g222 87.009700 10.008300
g165 g225 87.009700 10.008300
g165 g228 87.009700 1.567620
g165 g267 87.766400 9.156060
g165 g270 87.766400 9.156060
g165 g273 87.766400 1.567620
g165 g92 4.231020 3.488100
g165 g88 58.264600 4.011750
g165 g83 60.401260 4.011750
g165 g79 62.537920 4.011750
g165 g74 64.674580 4.011750
g165 g70 66.811240 4.011750
g165 g65 68.947900 4.011750
g165 g61 71.084560 4.011750
g165 g56 73.204820 4.011750
g165 g52 75.182150 4.011750
g165 g354 73.855200 59.169140
g165 g343 73.855200 59.169140
g165 g346 73.855200 2.612530
g165 g369 73.855200 59.885500
g165 g358 73.855200 59.885500
g165 g361 73.855200 2.612530
g165 g384 73.855200 61.253510
g165 g373 73.855200 61.253510
g165 g376 73.855200 2.612530
g165 g398 73.855200 61.626980
g165 g388 73.855200 61.626980
g165 g391 73.855200 2.612530
g165 g408 70.630140 8.358520
g165 g411 70.630140 8.358520
g165 g414 70.630140 1.477620
g165 g417 70.792010 9.814960
g165 g420 70.792010 9.814960
g165 g423 70.792010 1.477620
g165 g427 69.993770 10.085200
g165 g428 69.993770 10.085200
g165 g426 69.993770 2.768420
g165 g429 66.574330 8.443220
g165 g432 66.574330 8.443220
g165 g435 66.574330 1.567620
g165 g438 66.680930 8.816520
g165 g441 66.680930 8.816520
g165 g444 66.680930 1.477620
g165 g448 66.518470 11.149080
g165 g449 66.518470 11.149080
g165 g447 66.518470 2.768420
g165 g312 75.243840 17.941350
g165 g313 75.243840 17.941350
g165 g314 75.243840 1.567620
g165 g315 78.771480 19.013540
g165 g316 78.771480 19.013540
g165 g317 78.771480 1.567620
g165 g318 78.582740 19.777470
g165 g319 78.582740 19.777470
g165 g320 78.582740 1.567620
g165 g322 73.128820 15.415120
g165 g323 73.190640 16.349700
g165 g321 73.190640 3.025620
g165 g403 69.890090 59.343080
g165 g404 69.720090 59.173080
g165 g402 69.720090 2.768420
g165 g299 8.469760 8.469760
g165 g298 72.795760 8.930060
g165 g486 6.868800 6.868800
g165 g487 6.868800 6.868800
g165 g488 54.373120 1.477620
g165 g455 65.836540 62.463480
g165 g458 65.836540 62.463480
g165 g461 65.836540 1.567620
g165 g477 65.870000 61.980920
g165 g478 65.870000 61.980920
g165 g479 65.870000 1.567620
g165 g480 9.447400 9.447400
g165 g484 9.447400 9.447400
g165 g464 54.373120 1.567620
g165 g465 65.942160 60.272630
g165 g468 65.942160 60.272630
g165 g471 65.942160 1.567620
g165 g817 55.142540 2.433520
g165 g820 55.142540 2.433520
g165 g829 55.142540 2.433520
g165 g832 55.142540 2.433520
g165 g835 55.142540 2.433520
g165 g838 55.142540 2.433520
g165 g841 55.142540 2.433520
g165 g844 55.142540 2.433520
g165 g848 58.850620 58.850620
g165 g849 58.850620 58.850620
g165 g847 58.850620 2.433520
g165 g851 58.966870 58.966870
g165 g852 58.966870 58.966870
g165 g850 58.966870 2.433520
g165 g856 54.972540 2.612530
g165 g859 54.972540 2.612530
g165 g862 54.972540 2.612530
g165 g865 3.760580 2.946540
g165 g873 87.194380 9.600320
g165 g876 87.194380 9.600320
g165 g879 87.194380 1.567620
g165 g918 87.009700 10.507520
g165 g921 87.009700 10.507520
g165 g924 87.009700 1.567620
g165 g882 87.009700 10.585380
g165 g885 87.009700 10.585380
g165 g888 87.009700 1.567620
g165 g927 87.009700 10.021680
g165 g930 87.009700 10.021680
g165 g933 87.009700 1.567620
g165 g891 87.194380 10.200660
g165 g894 87.194380 10.200660
g165 g897 87.194380 1.567620
g165 g936 87.194380 9.614060
g165 g939 87.194380 9.614060
g165 g942 87.194380 1.567620
g165 g900 87.194380 10.177760
g165 g903 87.194380 10.177760
g165 g906 87.194380 1.567620
g165 g945 87.194380 9.737720
g165 g948 87.194380 9.737720
g165 g951 87.194380 1.567620
g165 g909 87.009700 10.008300
g165 g912 87.009700 10.008300
g165 g915 87.009700 1.567620
g165 g954 87.766400 9.156060
g165 g957 87.766400 9.156060
g165 g960 87.766400 1.567620
g165 g780 4.231020 3.488100
g165 g776 58.264600 4.011750
g165 g771 60.401260 4.011750
g165 g767 62.537920 4.011750
g165 g762 64.674580 4.011750
g165 g758 66.811240 4.011750
g165 g753 68.947900 4.011750
g165 g749 71.084560 4.011750
g165 g744 73.204820 4.011750
g165 g740 75.182150 4.011750
g165 g1041 73.855200 59.169140
g165 g1030 73.855200 59.169140
g165 g1033 73.855200 2.612530
g165 g1056 73.855200 59.885500
g165 g1045 73.855200 59.885500
g165 g1048 73.855200 2.612530
g165 g1071 73.855200 61.253510
g165 g1060 73.855200 61.253510
g165 g1063 73.855200 2.612530
g165 g1085 73.855200 61.626980
g165 g1075 73.855200 61.626980
g165 g1078 73.855200 2.612530
g165 g1095 70.630140 8.358520
g165 g1098 70.630140 8.358520
g165 g1101 70.630140 1.477620
g165 g1104 70.792010 9.814960
g165 g1107 70.792010 9.814960
g165 g1110 70.792010 1.477620
g165 g1114 69.993770 10.085200
g165 g1115 69.993770 10.085200
g165 g1113 69.993770 2.768420
g165 g1116 66.574330 8.443220
g165 g1119 66.574330 8.443220
g165 g1122 66.574330 1.567620
g165 g1125 66.680930 8.816520
g165 g1128 66.680930 8.816520
g165 g1131 66.680930 1.477620
g165 g1135 66.518470 11.149080
g165 g1136 66.518470 11.149080
g165 g1134 66.518470 2.768420
g165 g999 75.243840 17.941350
g165 g1000 75.243840 17.941350
g165 g1001 75.243840 1.567620
g165 g1002 78.771480 19.013540
g165 g1003 78.771480 19.013540
g165 g1004 78.771480 1.567620
g165 g1005 78.582740 19.777470
g165 g1006 78.582740 19.777470
g165 g1007 78.582740 1.567620
g165 g1009 73.128820 15.415120
g165 g1010 73.190640 16.349700
g165 g1008 73.190640 3.025620
g165 g1090 69.890090 59.343080
g165 g1091 69.720090 59.173080
g165 g1089 69.720090 2.768420
g165 g986 8.469760 8.469760
g165 g985 72.795760 8.930060
g165 g1173 6.868800 6.868800
g165 g1174 6.868800 6.868800
g165 g1175 54.373120 1.477620
g165 g1142 65.836540 62.463480
g165 g1145 65.836540 62.463480
g165 g1148 65.836540 1.567620
g165 g1164 65.870000 61.980920
g165 g1165 65.870000 61.980920
g165 g1166 65.870000 1.567620
g165 g1167 9.447400 9.447400
g165 g1171 9.447400 9.447400
g165 g1151 54.373120 1.567620
g165 g1152 65.942160 60.272630
g165 g1155 65.942160 60.272630
g165 g1158 65.942160 1.567620
g165 g1511 55.142540 2.433520
g165 g1514 55.142540 2.433520
g165 g1523 55.142540 2.433520
g165 g1526 55.142540 2.433520
g165 g1529 55.142540 2.433520
g165 g1532 55.142540 2.433520
g165 g1535 55.142540 2.433520
g165 g1538 55.142540 2.433520
g165 g1542 58.850620 58.850620
g165 g1543 58.850620 58.850620
g165 g1541 58.850620 2.433520
g165 g1545 58.966870 58.966870
g165 g1546 58.966870 58.966870
g165 g1544 58.966870 2.433520
g165 g1550 54.972540 2.612530
g165 g1553 54.972540 2.612530
g165 g1556 54.972540 2.612530
g165 g1559 3.760580 2.946540
g165 g1567 87.194380 9.600320
g165 g1570 87.194380 9.600320
g165 g1573 87.194380 1.567620
g165 g1612 87.009700 10.507520
g165 g1615 87.009700 10.507520
g165 g1618 87.009700 1.567620
g165 g1576 87.009700 10.585380
g165 g1579 87.009700 10.585380
g165 g1582 87.009700 1.567620
g165 g1621 87.009700 10.021680
g165 g1624 87.009700 10.021680
g165 g1627 87.009700 1.567620
g165 g1585 87.194380 10.200660
g165 g1588 87.194380 10.200660
g165 g1591 87.194380 1.567620
g165 g1630 87.194380 9.614060
g165 g1633 87.194380 9.614060
g165 g1636 87.194380 1.567620
g165 g1594 87.194380 10.177760
g165 g1597 87.194380 10.177760
g165 g1600 87.194380 1.567620
g165 g1639 87.194380 9.737720
g165 g1642 87.194380 9.737720
g165 g1645 87.194380 1.567620
g165 g1603 87.009700 10.008300
g165 g1606 87.009700 10.008300
g165 g1609 87.009700 1.567620
g165 g1648 87.766400 9.156060
g165 g1651 87.766400 9.156060
g165 g1654 87.766400 1.567620
g165 g1466 4.231020 3.488100
g165 g1462 58.264600 4.011750
g165 g1457 60.401260 4.011750
g165 g1453 62.537920 4.011750
g165 g1448 64.674580 4.011750
g165 g1444 66.811240 4.011750
g165 g1439 68.947900 4.011750
g165 g1435 71.084560 4.011750
g165 g1430 73.204820 4.011750
g165 g1426 75.182150 4.011750
g165 g1735 73.855200 59.169140
g165 g1724 73.855200 59.169140
g165 g1727 73.855200 2.612530
g165 g1750 73.855200 59.885500
g165 g1739 73.855200 59.885500
g165 g1742 73.855200 2.612530
g165 g1765 73.855200 61.253510
g165 g1754 73.855200 61.253510
g165 g1757 73.855200 2.612530
g165 g1779 73.855200 61.626980
g165 g1769 73.855200 61.626980
g165 g1772 73.855200 2.612530
g165 g1789 70.630140 8.358520
g165 g1792 70.630140 8.358520
g165 g1795 70.630140 1.477620
g165 g1798 70.792010 9.814960
g165 g1801 70.792010 9.814960
g165 g1804 70.792010 1.477620
g165 g1808 69.993770 10.085200
g165 g1809 69.993770 10.085200
g165 g1807 69.993770 2.768420
g165 g1810 66.574330 8.443220
g165 g1813 66.574330 8.443220
g165 g1816 66.574330 1.567620
g165 g1819 66.680930 8.816520
g165 g1822 66.680930 8.816520
g165 g1825 66.680930 1.477620
g165 g1829 66.518470 11.149080
g165 g1830 66.518470 11.149080
g165 g1828 66.518470 2.768420
g165 g1693 75.243840 17.941350
g165 g1694 75.243840 17.941350
g165 g1695 75.243840 1.567620
g165 g1696 78.771480 19.013540
g165 g1697 78.771480 19.013540
g165 g1698 78.771480 1.567620
g165 g1699 78.582740 19.777470
g165 g1700 78.582740 19.777470
g165 g1701 78.582740 1.567620
g165 g1703 73.128820 15.415120
g165 g1704 73.190640 16.349700
g165 g1702 73.190640 3.025620
g165 g1784 69.890090 59.343080
g165 g1785 69.720090 59.173080
g165 g1783 69.720090 2.768420
g165 g1680 8.469760 8.469760
g165 g1679 72.795760 8.930060
g165 g1867 6.868800 6.868800
g165 g1868 6.868800 6.868800
g165 g1869 54.373120 1.477620
g165 g1836 65.836540 62.463480
g165 g1839 65.836540 62.463480
g165 g1842 65.836540 1.567620
g165 g1858 65.870000 61.980920
g165 g1859 65.870000 61.980920
g165 g1860 65.870000 1.567620
g165 g1861 9.447400 9.447400
g165 g1865 9.447400 9.447400
g165 g1845 54.373120 1.567620
g165 g1846 65.942160 60.272630
g165 g1849 65.942160 60.272630
g165 g1852 65.942160 1.567620
g165 g2205 55.142540 2.433520
g165 g2208 55.142540 2.433520
g165 g2217 55.142540 2.433520
g165 g2220 55.142540 2.433520
g165 g2223 55.142540 2.433520
g165 g2226 55.142540 2.433520
g165 g2229 55.142540 2.433520
g165 g2232 55.142540 2.433520
g165 g2236 58.850620 58.850620
g165 g2237 58.850620 58.850620
g165 g2235 58.850620 2.433520
g165 g2239 58.966870 58.966870
g165 g2240 58.966870 58.966870
g165 g2238 58.966870 2.433520
g165 g2244 54.972540 2.612530
g165 g2247 54.972540 2.612530
g165 g2250 54.972540 2.612530
g165 g2253 3.760580 2.946540
g165 g2261 87.194380 9.600320
g165 g2264 87.194380 9.600320
g165 g2267 87.194380 1.567620
g165 g2306 87.009700 10.507520
g165 g2309 87.009700 10.507520
g165 g2312 87.009700 1.567620
g165 g2270 87.009700 10.585380
g165 g2273 87.009700 10.585380
g165 g2276 87.009700 1.567620
g165 g2315 87.009700 10.021680
g165 g2318 87.009700 10.021680
g165 g2321 87.009700 1.567620
g165 g2279 87.194380 10.200660
g165 g2282 87.194380 10.200660
g165 g2285 87.194380 1.567620
g165 g2324 87.194380 9.614060
g165 g2327 87.194380 9.614060
g165 g2330 87.194380 1.567620
g165 g2288 87.194380 10.177760
g165 g2291 87.194380 10.177760
g165 g2294 87.194380 1.567620
g165 g2333 87.194380 9.737720
g165 g2336 87.194380 9.737720
g165 g2339 87.194380 1.567620
g165 g2297 87.009700 10.008300
g165 g2300 87.009700 10.008300
g165 g2303 87.009700 1.567620
g165 g2342 87.766400 9.156060
g165 g2345 87.766400 9.156060
g165 g2348 87.766400 1.567620
g165 g2160 4.231020 3.488100
g165 g2156 58.264600 4.011750
g165 g2151 60.401260 4.011750
g165 g2147 62.537920 4.011750
g165 g2142 64.674580 4.011750
g165 g2138 66.811240 4.011750
g165 g2133 68.947900 4.011750
g165 g2129 71.084560 4.011750
g165 g2124 73.204820 4.011750
g165 g2120 75.182150 4.011750
g165 g2429 73.855200 59.169140
g165 g2418 73.855200 59.169140
g165 g2421 73.855200 2.612530
g165 g2444 73.855200 59.885500
g165 g2433 73.855200 59.885500
g165 g2436 73.855200 2.612530
g165 g2459 73.855200 61.253510
g165 g2448 73.855200 61.253510
g165 g2451 73.855200 2.612530
g165 g2473 73.855200 61.626980
g165 g2463 73.855200 61.626980
g165 g2466 73.855200 2.612530
g165 g2483 70.630140 8.358520
g165 g2486 70.630140 8.358520
g165 g2489 70.630140 1.477620
g165 g2492 70.792010 9.814960
g165 g2495 70.792010 9.814960
g165 g2498 70.792010 1.477620
g165 g2502 69.993770 10.085200
g165 g2503 69.993770 10.085200
g165 g2501 69.993770 2.768420
g165 g2504 66.574330 8.443220
g165 g2507 66.574330 8.443220
g165 g2510 66.574330 1.567620
g165 g2513 66.680930 8.816520
g165 g2516 66.680930 8.816520
g165 g2519 66.680930 1.477620
g165 g2523 66.518470 11.149080
g165 g2524 66.518470 11.149080
g165 g2522 66.518470 2.768420
g165 g2387 75.243840 17.941350
g165 g2388 75.243840 17.941350
g165 g2389 75.243840 1.567620
g165 g2390 78.771480 19.013540
g165 g2391 78.771480 19.013540
g165 g2392 78.771480 1.567620
g165 g2393 78.582740 19.777470
g165 g2394 78.582740 19.777470
g165 g2395 78.582740 1.567620
g165 g2397 73.128820 15.415120
g165 g2398 73.190640 16.349700
g165 g2396 73.190640 3.025620
g165 g2478 69.890090 59.343080
g165 g2479 69.720090 59.173080
g165 g2477 69.720090 2.768420
g165 g2374 8.469760 8.469760
g165 g2373 72.795760 8.930060
g165 g2561 6.868800 6.868800
g165 g2562 6.868800 6.868800
g165 g2563 54.373120 1.477620
g165 g2530 65.836540 62.463480
g165 g2533 65.836540 62.463480
g165 g2536 65.836540 1.567620
g165 g2552 65.870000 61.980920
g165 g2553 65.870000 61.980920
g165 g2554 65.870000 1.567620
g165 g2555 9.447400 9.447400
g165 g2559 9.447400 9.447400
g165 g2539 54.373120 1.567620
g165 g2540 65.942160 60.272630
g165 g2543 65.942160 60.272630
g165 g2546 65.942160 1.567620
g130 g130 1.967700 1.967700
g130 g186 26.870240 22.730290
g130 g189 26.870240 22.730290
g130 g192 26.870240 22.730290
g130 g231 26.685560 22.741590
g130 g234 26.685560 22.741590
g130 g237 26.685560 22.741590
g130 g195 26.685560 22.741590
g130 g198 26.685560 22.741590
g130 g201 26.685560 22.741590
g130 g240 26.685560 22.741590
g130 g243 26.685560 22.741590
g130 g246 26.685560 22.741590
g130 g204 26.870240 22.730290
g130 g207 26.870240 22.730290
g130 g210 26.870240 22.730290
g130 g249 26.870240 22.730290
g130 g252 26.870240 22.730290
g130 g255 26.870240 22.730290
g130 g213 26.870240 22.730290
g130 g216 26.870240 22.730290
g130 g219 26.870240 22.730290
g130 g258 26.870240 22.730290
g130 g261 26.870240 22.730290
g130 g264 26.870240 22.730290
g130 g222 26.685560 22.741590
g130 g225 26.685560 22.741590
g130 g228 26.685560 22.741590
g130 g267 26.685560 22.741590
g130 g270 26.685560 22.741590
g130 g273 26.685560 22.741590
g130 g312 15.752060 14.679100
g130 g313 15.752060 14.679100
g130 g314 15.752060 14.679100
g130 g315 21.233580 14.992300
g130 g316 21.233580 14.992300
g130 g317 21.233580 14.992300
g130 g318 16.446540 15.373580
g130 g319 16.446540 15.373580
g130 g320 16.446540 15.373580
g130 g322 15.823490 14.406660
g130 g323 15.885310 14.468480
g130 g321 15.885310 14.468480
g130 g403 14.928660 13.855700
g130 g404 14.758660 13.685700
g130 g402 14.758660 13.685700
g131 g131 1.967700 1.967700
g131 g186 26.691740 22.551790
g131 g189 26.691740 22.551790
g131 g192 26.691740 22.551790
g131 g231 26.507060 22.563090
g131 g234 26.507060 22.563090
g131 g237 26.507060 22.563090
g131 g195 26.507060 22.563090
g131 g198 26.507060 22.563090
g131 g201 26.507060 22.563090
g131 g240 26.507060 22.563090
g131 g243 26.507060 22.563090
g131 g246 26.507060 22.563090
g131 g204 26.691740 22.551790
g131 g207 26.691740 22.551790
g131 g210 26.691740 22.551790
g131 g249 26.691740 22.551790
g131 g252 26.691740 22.551790
g131 g255 26.691740 22.551790
g131 g213 26.691740 22.551790
g131 g216 26.691740 22.551790
g131 g219 26.691740 22.551790
g131 g258 26.691740 22.551790
g131 g261 26.691740 22.551790
g131 g264 26.691740 22.551790
g131 g222 26.507060 22.563090
g131 g225 26.507060 22.563090
g131 g228 26.507060 22.563090
g131 g267 26.507060 22.563090
g131 g270 26.507060 22.563090
g131 g273 26.507060 22.563090
g131 g312 15.573560 14.500600
g131 g313 15.573560 14.500600
g131 g314 15.573560 14.500600
g131 g315 21.055080 14.813800
g131 g316 21.055080 14.813800
g131 g317 21.055080 14.813800
g131 g318 16.268040 15.195080
g131 g319 16.268040 15.195080
g131 g320 16.268040 15.195080
g131 g322 15.644990 14.228160
g131 g323 15.706810 14.289980
g131 g321 15.706810 14.289980
g131 g403 14.750160 13.677200
g131 g404 14.580160 13.507200
g131 g402 14.580160 13.507200
g129 g129 1.967700 1.967700
g129 g186 27.495740 23.355790
g129 g189 27.495740 23.355790
g129 g192 27.495740 23.355790
g129 g231 27.311060 23.367090
g129 g234 27.311060 23.367090
g129 g237 27.311060 23.367090
g129 g195 27.311060 23.367090
g129 g198 27.311060 23.367090
g129 g201 27.311060 23.367090
g129 g240 27.311060 23.367090
g129 g243 27.311060 23.367090
g129 g246 27.311060 23.367090
g129 g204 27.495740 23.355790
g129 g207 27.495740 23.355790
g129 g210 27.495740 23.355790
g129 g249 27.495740 23.355790
g129 g252 27.495740 23.355790
g129 g255 27.495740 23.355790
g129 g213 27.495740 23.355790
g129 g216 27.495740 23.355790
g129 g219 27.495740 23.355790
g129 g258 27.495740 23.355790
g129 g261 27.495740 23.355790
g129 g264 27.495740 23.355790
g129 g222 27.311060 23.367090
g129 g225 27.311060 23.367090
g129 g228 27.311060 23.367090
g129 g267 27.311060 23.367090
g129 g270 27.311060 23.367090
g129 g273 27.311060 23.367090
g129 g312 16.377560 15.304600
g129 g313 16.377560 15.304600
g129 g314 16.377560 15.304600
g129 g315 21.859080 15.617800
g129 g316 21.859080 15.617800
g129 g317 21.859080 15.617800
g129 g318 17.072040 15.999080
g129 g319 17.072040 15.999080
g129 g320 17.072040 15.999080
g129 g322 16.448990 15.032160
g129 g323 16.510810 15.093980
g129 g321 16.510810 15.093980
g129 g403 15.554160 14.481200
g129 g404 15.384160 14.311200
g129 g402 15.384160 14.311200
g133 g133 1.967700 1.967700
g133 g186 26.399740 22.250000
g133 g189 26.399740 22.250000
g133 g192 26.399740 22.250000
g133 g231 26.215060 22.261300
g133 g234 26.215060 22.261300
g133 g237 26.215060 22.261300
g133 g195 26.215060 22.261300
g133 g198 26.215060 22.261300
g133 g201 26.215060 22.261300
g133 g240 26.215060 22.261300
g133 g243 26.215060 22.261300
g133 g246 26.215060 22.261300
g133 g204 26.399740 22.250000
g133 g207 26.399740 22.250000
g133 g210 26.399740 22.250000
g133 g249 26.399740 22.250000
g133 g252 26.399740 22.250000
g133 g255 26.399740 22.250000
g133 g213 26.399740 22.250000
g133 g216 26.399740 22.250000
g133 g219 26.399740 22.250000
g133 g258 26.399740 22.250000
g133 g261 26.399740 22.250000
g133 g264 26.399740 22.250000
g133 g222 26.215060 22.261300
g133 g225 26.215060 22.261300
g133 g228 26.215060 22.261300
g133 g267 26.215060 22.261300
g133 g270 26.215060 22.261300
g133 g273 26.215060 22.261300
g133 g312 15.281560 14.198810
g133 g313 15.281560 14.198810
g133 g314 15.281560 14.198810
g133 g315 20.763080 14.512010
g133 g316 20.763080 14.512010
g133 g317 20.763080 14.512010
g133 g318 15.976040 14.893290
g133 g319 15.976040 14.893290
g133 g320 15.976040 14.893290
g133 g322 15.352990 13.926370
g133 g323 15.414810 13.988190
g133 g321 15.414810 13.988190
g133 g403 14.458160 13.375410
g133 g404 14.288160 13.205410
g133 g402 14.288160 13.205410
g134 g134 1.967700 1.967700
g134 g186 26.221240 22.071500
g134 g189 26.221240 22.071500
g134 g192 26.221240 22.071500
g134 g231 26.036560 22.082800
g134 g234 26.036560 22.082800
g134 g237 26.036560 22.082800
g134 g195 26.036560 22.082800
g134 g198 26.036560 22.082800
g134 g201 26.036560 22.082800
g134 g240 26.036560 22.082800
g134 g243 26.036560 22.082800
g134 g246 26.036560 22.082800
g134 g204 26.221240 22.071500
g134 g207 26.221240 22.071500
g134 g210 26.221240 22.071500
g134 g249 26.221240 22.071500
g134 g252 26.221240 22.071500
g134 g255 26.221240 22.071500
g134 g213 26.221240 22.071500
g134 g216 26.221240 22.071500
g134 g219 26.221240 22.071500
g134 g258 26.221240 22.071500
g134 g261 26.221240 22.071500
g134 g264 26.221240 22.071500
g134 g222 26.036560 22.082800
g134 g225 26.036560 22.082800
g134 g228 26.036560 22.082800
g134 g267 26.036560 22.082800
g134 g270 26.036560 22.082800
g134 g273 26.036560 22.082800
g134 g312 15.103060 14.020310
g134 g313 15.103060 14.020310
g134 g314 15.103060 14.020310
g134 g315 20.584580 14.333510
g134 g316 20.584580 14.333510
g134 g317 20.584580 14.333510
g134 g318 15.797540 14.714790
g134 g319 15.797540 14.714790
g134 g320 15.797540 14.714790
g134 g322 15.174490 13.747870
g134 g323 15.236310 13.809690
g134 g321 15.236310 13.809690
g134 g403 14.279660 13.196910
g134 g404 14.109660 13.026910
g134 g402 14.109660 13.026910
g132 g132 1.967700 1.967700
g132 g186 27.025240 22.875500
g132 g189 27.025240 22.875500
g132 g192 27.025240 22.875500
g132 g231 26.840560 22.886800
g132 g234 26.840560 22.886800
g132 g237 26.840560 22.886800
g132 g195 26.840560 22.886800
g132 g198 26.840560 22.886800
g132 g201 26.840560 22.886800
g132 g240 26.840560 22.886800
g132 g243 26.840560 22.886800
g132 g246 26.840560 22.886800
g132 g204 27.025240 22.875500
g132 g207 27.025240 22.875500
g132 g210 27.025240 22.875500
g132 g249 27.025240 22.875500
g132 g252 27.025240 22.875500
g132 g255 27.025240 22.875500
g132 g213 27.025240 22.875500
g132 g216 27.025240 22.875500
g132 g219 27.025240 22.875500
g132 g258 27.025240 22.875500
g132 g261 27.025240 22.875500
g132 g264 27.025240 22.875500
g132 g222 26.840560 22.886800
g132 g225 26.840560 22.886800
g132 g228 26.840560 22.886800
g132 g267 26.840560 22.886800
g132 g270 26.840560 22.886800
g132 g273 26.840560 22.886800
g132 g312 15.907060 14.824310
g132 g313 15.907060 14.824310
g132 g314 15.907060 14.824310
g132 g315 21.388580 15.137510
g132 g316 21.388580 15.137510
g132 g317 21.388580 15.137510
g132 g318 16.601540 15.518790
g132 g319 16.601540 15.518790
g132 g320 16.601540 15.518790
g132 g322 15.978490 14.551870
g132 g323 16.040310 14.613690
g132 g321 16.040310 14.613690
g132 g403 15.083660 14.000910
g132 g404 14.913660 13.830910
g132 g402 14.913660 13.830910
g142 g142 1.967700 1.967700
g142 g186 25.585840 20.380710
g142 g189 25.585840 20.380710
g142 g192 25.585840 20.380710
g142 g231 25.401160 20.392010
g142 g234 25.401160 20.392010
g142 g237 25.401160 20.392010
g142 g195 25.401160 20.392010
g142 g198 25.401160 20.392010
g142 g201 25.401160 20.392010
g142 g240 25.401160 20.392010
g142 g243 25.401160 20.392010
g142 g246 25.401160 20.392010
g142 g204 25.585840 20.380710
g142 g207 25.585840 20.380710
g142 g210 25.585840 20.380710
g142 g249 25.585840 20.380710
g142 g252 25.585840 20.380710
g142 g255 25.585840 20.380710
g142 g213 25.585840 20.380710
g142 g216 25.585840 20.380710
g142 g219 25.585840 20.380710
g142 g258 25.585840 20.380710
g142 g261 25.585840 20.380710
g142 g264 25.585840 20.380710
g142 g222 25.401160 20.392010
g142 g225 25.401160 20.392010
g142 g228 25.401160 20.392010
g142 g267 25.401160 20.392010
g142 g270 25.401160 20.392010
g142 g273 25.401160 20.392010
g142 g312 14.467660 12.329520
g142 g313 14.467660 12.329520
g142 g314 14.467660 12.329520
g142 g315 19.949180 12.642720
g142 g316 19.949180 12.642720
g142 g317 19.949180 12.642720
g142 g318 15.162140 13.024000
g142 g319 15.162140 13.024000
g142 g320 15.162140 13.024000
g142 g322 14.539090 12.057080
g142 g323 14.600910 12.118900
g142 g321 14.600910 12.118900
g142 g403 13.644260 11.506120
g142 g404 13.474260 11.336120
g142 g402 13.474260 11.336120
g143 g143 1.967700 1.967700
g143 g186 25.407600 20.202470
g143 g189 25.407600 20.202470
g143 g192 25.407600 20.202470
g143 g231 25.222920 20.213770
g143 g234 25.222920 20.213770
g143 g237 25.222920 20.213770
g143 g195 25.222920 20.213770
g143 g198 25.222920 20.213770
g143 g201 25.222920 20.213770
g143 g240 25.222920 20.213770
g143 g243 25.222920 20.213770
g143 g246 25.222920 20.213770
g143 g204 25.407600 20.202470
g143 g207 25.407600 20.202470
g143 g210 25.407600 20.202470
g143 g249 25.407600 20.202470
g143 g252 25.407600 20.202470
g143 g255 25.407600 20.202470
g143 g213 25.407600 20.202470
g143 g216 25.407600 20.202470
g143 g219 25.407600 20.202470
g143 g258 25.407600 20.202470
g143 g261 25.407600 20.202470
g143 g264 25.407600 20.202470
g143 g222 25.222920 20.213770
g143 g225 25.222920 20.213770
g143 g228 25.222920 20.213770
g143 g267 25.222920 20.213770
g143 g270 25.222920 20.213770
g143 g273 25.222920 20.213770
g143 g312 14.289420 12.151280
g143 g313 14.289420 12.151280
g143 g314 14.289420 12.151280
g143 g315 19.770940 12.464480
g143 g316 19.770940 12.464480
g143 g317 19.770940 12.464480
g143 g318 14.983900 12.845760
g143 g319 14.983900 12.845760
g143 g320 14.983900 12.845760
g143 g322 14.360850 11.878840
g143 g323 14.422670 11.940660
g143 g321 14.422670 11.940660
g143 g403 13.466020 11.327880
g143 g404 13.296020 11.157880
g143 g402 13.296020 11.157880
g141 g141 1.967700 1.967700
g141 g186 26.215760 21.010630
g141 g189 26.215760 21.010630
g141 g192 26.215760 21.010630
g141 g231 26.031080 21.021930
g141 g234 26.031080 21.021930
g141 g237 26.031080 21.021930
g141 g195 26.031080 21.021930
g141 g198 26.031080 21.021930
g141 g201 26.031080 21.021930
g141 g240 26.031080 21.021930
g141 g243 26.031080 21.021930
g141 g246 26.031080 21.021930
g141 g204 26.215760 21.010630
g141 g207 26.215760 21.010630
g141 g210 26.215760 21.010630
g141 g249 26.215760 21.010630
g141 g252 26.215760 21.010630
g141 g255 26.215760 21.010630
g141 g213 26.215760 21.010630
g141 g216 26.215760 21.010630
g141 g219 26.215760 21.010630
g141 g258 26.215760 21.010630
g141 g261 26.215760 21.010630
g141 g264 26.215760 21.010630
g141 g222 26.031080 21.021930
g141 g225 26.031080 21.021930
g141 g228 26.031080 21.021930
g141 g267 26.031080 21.021930
g141 g270 26.031080 21.021930
g141 g273 26.031080 21.021930
g141 g312 15.097580 12.959440
g141 g313 15.097580 12.959440
g141 g314 15.097580 12.959440
g141 g315 20.579100 13.272640
g141 g316 20.579100 13.272640
g141 g317 20.579100 13.272640
g141 g318 15.792060 13.653920
g141 g319 15.792060 13.653920
g141 g320 15.792060 13.653920
g141 g322 15.169010 12.687000
g141 g323 15.230830 12.748820
g141 g321 15.230830 12.748820
g141 g403 14.274180 12.136040
g141 g404 14.104180 11.966040
g141 g402 14.104180 11.966040
g145 g145 1.967700 1.967700
g145 g186 25.982310 21.840680
g145 g189 25.982310 21.840680
g145 g192 25.982310 21.840680
g145 g231 25.797630 21.851980
g145 g234 25.797630 21.851980
g145 g237 25.797630 21.851980
g145 g195 25.797630 21.851980
g145 g198 25.797630 21.851980
g145 g201 25.797630 21.851980
g145 g240 25.797630 21.851980
g145 g243 25.797630 21.851980
g145 g246 25.797630 21.851980
g145 g204 25.982310 21.840680
g145 g207 25.982310 21.840680
g145 g210 25.982310 21.840680
g145 g249 25.982310 21.840680
g145 g252 25.982310 21.840680
g145 g255 25.982310 21.840680
g145 g213 25.982310 21.840680
g145 g216 25.982310 21.840680
g145 g219 25.982310 21.840680
g145 g258 25.982310 21.840680
g145 g261 25.982310 21.840680
g145 g264 25.982310 21.840680
g145 g222 25.797630 21.851980
g145 g225 25.797630 21.851980
g145 g228 25.797630 21.851980
g145 g267 25.797630 21.851980
g145 g270 25.797630 21.851980
g145 g273 25.797630 21.851980
g145 g312 14.864130 13.789490
g145 g313 14.864130 13.789490
g145 g314 14.864130 13.789490
g145 g315 20.345650 14.102690
g145 g316 20.345650 14.102690
g145 g317 20.345650 14.102690
g145 g318 15.558610 14.483970
g145 g319 15.558610 14.483970
g145 g320 15.558610 14.483970
g145 g322 14.935560 13.517050
g145 g323 14.997380 13.578870
g145 g321 14.997380 13.578870
g145 g403 14.040730 12.966090
g145 g404 13.870730 12.796090
g145 g402 13.870730 12.796090
g146 g146 1.967700 1.967700
g146 g186 25.803810 21.662180
g146 g189 25.803810 21.662180
g146 g192 25.803810 21.662180
g146 g231 25.619130 21.673480
g146 g234 25.619130 21.673480
g146 g237 25.619130 21.673480
g146 g195 25.619130 21.673480
g146 g198 25.619130 21.673480
g146 g201 25.619130 21.673480
g146 g240 25.619130 21.673480
g146 g243 25.619130 21.673480
g146 g246 25.619130 21.673480
g146 g204 25.803810 21.662180
g146 g207 25.803810 21.662180
g146 g210 25.803810 21.662180
g146 g249 25.803810 21.662180
g146 g252 25.803810 21.662180
g146 g255 25.803810 21.662180
g146 g213 25.803810 21.662180
g146 g216 25.803810 21.662180
g146 g219 25.803810 21.662180
g146 g258 25.803810 21.662180
g146 g261 25.803810 21.662180
g146 g264 25.803810 21.662180
g146 g222 25.619130 21.673480
g146 g225 25.619130 21.673480
g146 g228 25.619130 21.673480
g146 g267 25.619130 21.673480
g146 g270 25.619130 21.673480
g146 g273 25.619130 21.673480
g146 g312 14.685630 13.610990
g146 g313 14.685630 13.610990
g146 g314 14.685630 13.610990
g146 g315 20.167150 13.924190
g146 g316 20.167150 13.924190
g146 g317 20.167150 13.924190
g146 g318 15.380110 14.305470
g146 g319 15.380110 14.305470
g146 g320 15.380110 14.305470
g146 g322 14.757060 13.338550
g146 g323 14.818880 13.400370
g146 g321 14.818880 13.400370
g146 g403 13.862230 12.787590
g146 g404 13.692230 12.617590
g146 g402 13.692230 12.617590
g144 g144 1.967700 1.967700
g144 g186 26.607810 22.466180
g144 g189 26.607810 22.466180
g144 g192 26.607810 22.466180
g144 g231 26.423130 22.477480
g144 g234 26.423130 22.477480
g144 g237 26.423130 22.477480
g144 g195 26.423130 22.477480
g144 g198 26.423130 22.477480
g144 g201 26.423130 22.477480
g144 g240 26.423130 22.477480
g144 g243 26.423130 22.477480
g144 g246 26.423130 22.477480
g144 g204 26.607810 22.466180
g144 g207 26.607810 22.466180
g144 g210 26.607810 22.466180
g144 g249 26.607810 22.466180
g144 g252 26.607810 22.466180
g144 g255 26.607810 22.466180
g144 g213 26.607810 22.466180
g144 g216 26.607810 22.466180
g144 g219 26.607810 22.466180
g144 g258 26.607810 22.466180
g144 g261 26.607810 22.466180
g144 g264 26.607810 22.466180
g144 g222 26.423130 22.477480
g144 g225 26.423130 22.477480
g144 g228 26.423130 22.477480
g144 g267 26.423130 22.477480
g144 g270 26.423130 22.477480
g144 g273 26.423130 22.477480
g144 g312 15.489630 14.414990
g144 g313 15.489630 14.414990
g144 g314 15.489630 14.414990
g144 g315 20.971150 14.728190
g144 g316 20.971150 14.728190
g144 g317 20.971150 14.728190
g144 g318 16.184110 15.109470
g144 g319 16.184110 15.109470
g144 g320 16.184110 15.109470
g144 g322 15.561060 14.142550
g144 g323 15.622880 14.204370
g144 g321 15.622880 14.204370
g144 g403 14.666230 13.591590
g144 g404 14.496230 13.421590
g144 g402 14.496230 13.421590
g148 g148 1.967700 1.967700
g148 g186 25.379650 20.174380
g148 g189 25.379650 20.174380
g148 g192 25.379650 20.174380
g148 g231 25.194970 20.185680
g148 g234 25.194970 20.185680
g148 g237 25.194970 20.185680
g148 g195 25.194970 20.185680
g148 g198 25.194970 20.185680
g148 g201 25.194970 20.185680
g148 g240 25.194970 20.185680
g148 g243 25.194970 20.185680
g148 g246 25.194970 20.185680
g148 g204 25.379650 20.174380
g148 g207 25.379650 20.174380
g148 g210 25.379650 20.174380
g148 g249 25.379650 20.174380
g148 g252 25.379650 20.174380
g148 g255 25.379650 20.174380
g148 g213 25.379650 20.174380
g148 g216 25.379650 20.174380
g148 g219 25.379650 20.174380
g148 g258 25.379650 20.174380
g148 g261 25.379650 20.174380
g148 g264 25.379650 20.174380
g148 g222 25.194970 20.185680
g148 g225 25.194970 20.185680
g148 g228 25.194970 20.185680
g148 g267 25.194970 20.185680
g148 g270 25.194970 20.185680
g148 g273 25.194970 20.185680
g148 g312 14.261470 12.123190
g148 g313 14.261470 12.123190
g148 g314 14.261470 12.123190
g148 g315 19.742990 12.436390
g148 g316 19.742990 12.436390
g148 g317 19.742990 12.436390
g148 g318 14.955950 12.817670
g148 g319 14.955950 12.817670
g148 g320 14.955950 12.817670
g148 g322 14.332900 11.850750
g148 g323 14.394720 11.912570
g148 g321 14.394720 11.912570
g148 g403 13.438070 11.299790
g148 g404 13.268070 11.129790
g148 g402 13.268070 11.129790
g149 g149 1.967700 1.967700
g149 g186 25.201410 19.996140
g149 g189 25.201410 19.996140
g149 g192 25.201410 19.996140
g149 g231 25.016730 20.007440
g149 g234 25.016730 20.007440
g149 g237 25.016730 20.007440
g149 g195 25.016730 20.007440
g149 g198 25.016730 20.007440
g149 g201 25.016730 20.007440
g149 g240 25.016730 20.007440
g149 g243 25.016730 20.007440
g149 g246 25.016730 20.007440
g149 g204 25.201410 19.996140
g149 g207 25.201410 19.996140
g149 g210 25.201410 19.996140
g149 g249 25.201410 19.996140
g149 g252 25.201410 19.996140
g149 g255 25.201410 19.996140
g149 g213 25.201410 19.996140
g149 g216 25.201410 19.996140
g149 g219 25.201410 19.996140
g149 g258 25.201410 19.996140
g149 g261 25.201410 19.996140
g149 g264 25.201410 19.996140
g149 g222 25.016730 20.007440
g149 g225 25.016730 20.007440
g149 g228 25.016730 20.007440
g149 g267 25.016730 20.007440
g149 g270 25.016730 20.007440
g149 g273 25.016730 20.007440
g149 g312 14.083230 11.944950
g149 g313 14.083230 11.944950
g149 g314 14.083230 11.944950
g149 g315 19.564750 12.258150
g149 g316 19.564750 12.258150
g149 g317 19.564750 12.258150
g149 g318 14.777710 12.639430
g149 g319 14.777710 12.639430
g149 g320 14.777710 12.639430
g149 g322 14.154660 11.672510
g149 g323 14.216480 11.734330
g149 g321 14.216480 11.734330
g149 g403 13.259830 11.121550
g149 g404 13.089830 10.951550
g149 g402 13.089830 10.951550
g147 g147 1.967700 1.967700
g147 g186 26.009570 20.804300
g147 g189 26.009570 20.804300
g147 g192 26.009570 20.804300
g147 g231 25.824890 20.815600
g147 g234 25.824890 20.815600
g147 g237 25.824890 20.815600
g147 g195 25.824890 20.815600
g147 g198 25.824890 20.815600
g147 g201 25.824890 20.815600
g147 g240 25.824890 20.815600
g147 g243 25.824890 20.815600
g147 g246 25.824890 20.815600
g147 g204 26.009570 20.804300
g147 g207 26.009570 20.804300
g147 g210 26.009570 20.804300
g147 g249 26.009570 20.804300
g147 g252 26.009570 20.804300
g147 g255 26.009570 20.804300
g147 g213 26.009570 20.804300
g147 g216 26.009570 20.804300
g147 g219 26.009570 20.804300
g147 g258 26.009570 20.804300
g147 g261 26.009570 20.804300
g147 g264 26.009570 20.804300
g147 g222 25.824890 20.815600
g147 g225 25.824890 20.815600
g147 g228 25.824890 20.815600
g147 g267 25.824890 20.815600
g147 g270 25.824890 20.815600
g147 g273 25.824890 20.815600
g147 g312 14.891390 12.753110
g147 g313 14.891390 12.753110
g147 g314 14.891390 12.753110
g147 g315 20.372910 13.066310
g147 g316 20.372910 13.066310
g147 g317 20.372910 13.066310
g147 g318 15.585870 13.447590
g147 g319 15.585870 13.447590
g147 g320 15.585870 13.447590
g147 g322 14.962820 12.480670
g147 g323 15.024640 12.542490
g147 g321 15.024640 12.542490
g147 g403 14.067990 11.929710
g147 g404 13.897990 11.759710
g147 g402 13.897990 11.759710
g151 g151 1.967700 1.967700
g151 g186 27.344390 23.204440
g151 g189 27.344390 23.204440
g151 g192 27.344390 23.204440
g151 g231 27.159710 23.215740
g151 g234 27.159710 23.215740
g151 g237 27.159710 23.215740
g151 g195 27.159710 23.215740
g151 g198 27.159710 23.215740
g151 g201 27.159710 23.215740
g151 g240 27.159710 23.215740
g151 g243 27.159710 23.215740
g151 g246 27.159710 23.215740
g151 g204 27.344390 23.204440
g151 g207 27.344390 23.204440
g151 g210 27.344390 23.204440
g151 g249 27.344390 23.204440
g151 g252 27.344390 23.204440
g151 g255 27.344390 23.204440
g151 g213 27.344390 23.204440
g151 g216 27.344390 23.204440
g151 g219 27.344390 23.204440
g151 g258 27.344390 23.204440
g151 g261 27.344390 23.204440
g151 g264 27.344390 23.204440
g151 g222 27.159710 23.215740
g151 g225 27.159710 23.215740
g151 g228 27.159710 23.215740
g151 g267 27.159710 23.215740
g151 g270 27.159710 23.215740
g151 g273 27.159710 23.215740
g151 g312 16.226210 15.153250
g151 g313 16.226210 15.153250
g151 g314 16.226210 15.153250
g151 g315 21.707730 15.466450
g151 g316 21.707730 15.466450
g151 g317 21.707730 15.466450
g151 g318 16.920690 15.847730
g151 g319 16.920690 15.847730
g151 g320 16.920690 15.847730
g151 g322 16.297640 14.880810
g151 g323 16.359460 14.942630
g151 g321 16.359460 14.942630
g151 g403 15.402810 14.329850
g151 g404 15.232810 14.159850
g151 g402 15.232810 14.159850
g152 g152 1.967700 1.967700
g152 g186 27.165890 23.025940
g152 g189 27.165890 23.025940
g152 g192 27.165890 23.025940
g152 g231 26.981210 23.037240
g152 g234 26.981210 23.037240
g152 g237 26.981210 23.037240
g152 g195 26.981210 23.037240
g152 g198 26.981210 23.037240
g152 g201 26.981210 23.037240
g152 g240 26.981210 23.037240
g152 g243 26.981210 23.037240
g152 g246 26.981210 23.037240
g152 g204 27.165890 23.025940
g152 g207 27.165890 23.025940
g152 g210 27.165890 23.025940
g152 g249 27.165890 23.025940
g152 g252 27.165890 23.025940
g152 g255 27.165890 23.025940
g152 g213 27.165890 23.025940
g152 g216 27.165890 23.025940
g152 g219 27.165890 23.025940
g152 g258 27.165890 23.025940
g152 g261 27.165890 23.025940
g152 g264 27.165890 23.025940
g152 g222 26.981210 23.037240
g152 g225 26.981210 23.037240
g152 g228 26.981210 23.037240
g152 g267 26.981210 23.037240
g152 g270 26.981210 23.037240
g152 g273 26.981210 23.037240
g152 g312 16.047710 14.974750
g152 g313 16.047710 14.974750
g152 g314 16.047710 14.974750
g152 g315 21.529230 15.287950
g152 g316 21.529230 15.287950
g152 g317 21.529230 15.287950
g152 g318 16.742190 15.669230
g152 g319 16.742190 15.669230
g152 g320 16.742190 15.669230
g152 g322 16.119140 14.702310
g152 g323 16.180960 14.764130
g152 g321 16.180960 14.764130
g152 g403 15.224310 14.151350
g152 g404 15.054310 13.981350
g152 g402 15.054310 13.981350
g150 g150 1.967700 1.967700
g150 g186 27.969890 23.829940
g150 g189 27.969890 23.829940
g150 g192 27.969890 23.829940
g150 g231 27.785210 23.841240
g150 g234 27.785210 23.841240
g150 g237 27.785210 23.841240
g150 g195 27.785210 23.841240
g150 g198 27.785210 23.841240
g150 g201 27.785210 23.841240
g150 g240 27.785210 23.841240
g150 g243 27.785210 23.841240
g150 g246 27.785210 23.841240
g150 g204 27.969890 23.829940
g150 g207 27.969890 23.829940
g150 g210 27.969890 23.829940
g150 g249 27.969890 23.829940
g150 g252 27.969890 23.829940
g150 g255 27.969890 23.829940
g150 g213 27.969890 23.829940
g150 g216 27.969890 23.829940
g150 g219 27.969890 23.829940
g150 g258 27.969890 23.829940
g150 g261 27.969890 23.829940
g150 g264 27.969890 23.829940
g150 g222 27.785210 23.841240
g150 g225 27.785210 23.841240
g150 g228 27.785210 23.841240
g150 g267 27.785210 23.841240
g150 g270 27.785210 23.841240
g150 g273 27.785210 23.841240
g150 g312 16.851710 15.778750
g150 g313 16.851710 15.778750
g150 g314 16.851710 15.778750
g150 g315 22.333230 16.091950
g150 g316 22.333230 16.091950
g150 g317 22.333230 16.091950
g150 g318 17.546190 16.473230
g150 g319 17.546190 16.473230
g150 g320 17.546190 16.473230
g150 g322 16.923140 15.506310
g150 g323 16.984960 15.568130
g150 g321 16.984960 15.568130
g150 g403 16.028310 14.955350
g150 g404 15.858310 14.785350
g150 g402 15.858310 14.785350
g154 g154 1.967700 1.967700
g154 g186 26.873890 22.724150
g154 g189 26.873890 22.724150
g154 g192 26.873890 22.724150
g154 g231 26.689210 22.735450
g154 g234 26.689210 22.735450
g154 g237 26.689210 22.735450
g154 g195 26.689210 22.735450
g154 g198 26.689210 22.735450
g154 g201 26.689210 22.735450
g154 g240 26.689210 22.735450
g154 g243 26.689210 22.735450
g154 g246 26.689210 22.735450
g154 g204 26.873890 22.724150
g154 g207 26.873890 22.724150
g154 g210 26.873890 22.724150
g154 g249 26.873890 22.724150
g154 g252 26.873890 22.724150
g154 g255 26.873890 22.724150
g154 g213 26.873890 22.724150
g154 g216 26.873890 22.724150
g154 g219 26.873890 22.724150
g154 g258 26.873890 22.724150
g154 g261 26.873890 22.724150
g154 g264 26.873890 22.724150
g154 g222 26.689210 22.735450
g154 g225 26.689210 22.735450
g154 g228 26.689210 22.735450
g154 g267 26.689210 22.735450
g154 g270 26.689210 22.735450
g154 g273 26.689210 22.735450
g154 g312 15.755710 14.672960
g154 g313 15.755710 14.672960
g154 g314 15.755710 14.672960
g154 g315 21.237230 14.986160
g154 g316 21.237230 14.986160
g154 g317 21.237230 14.986160
g154 g318 16.450190 15.367440
g154 g319 16.450190 15.367440
g154 g320 16.450190 15.367440
g154 g322 15.827140 14.400520
g154 g323 15.888960 14.462340
g154 g321 15.888960 14.462340
g154 g403 14.932310 13.849560
g154 g404 14.762310 13.679560
g154 g402 14.762310 13.679560
g155 g155 1.967700 1.967700
g155 g186 26.695390 22.545650
g155 g189 26.695390 22.545650
g155 g192 26.695390 22.545650
g155 g231 26.510710 22.556950
g155 g234 26.510710 22.556950
g155 g237 26.510710 22.556950
g155 g195 26.510710 22.556950
g155 g198 26.510710 22.556950
g155 g201 26.510710 22.556950
g155 g240 26.510710 22.556950
g155 g243 26.510710 22.556950
g155 g246 26.510710 22.556950
g155 g204 26.695390 22.545650
g155 g207 26.695390 22.545650
g155 g210 26.695390 22.545650
g155 g249 26.695390 22.545650
g155 g252 26.695390 22.545650
g155 g255 26.695390 22.545650
g155 g213 26.695390 22.545650
g155 g216 26.695390 22.545650
g155 g219 26.695390 22.545650
g155 g258 26.695390 22.545650
g155 g261 26.695390 22.545650
g155 g264 26.695390 22.545650
g155 g222 26.510710 22.556950
g155 g225 26.510710 22.556950
g155 g228 26.510710 22.556950
g155 g267 26.510710 22.556950
g155 g270 26.510710 22.556950
g155 g273 26.510710 22.556950
g155 g312 15.577210 14.494460
g155 g313 15.577210 14.494460
g155 g314 15.577210 14.494460
g155 g315 21.058730 14.807660
g155 g316 21.058730 14.807660
g155 g317 21.058730 14.807660
g155 g318 16.271690 15.188940
g155 g319 16.271690 15.188940
g155 g320 16.271690 15.188940
g155 g322 15.648640 14.222020
g155 g323 15.710460 14.283840
g155 g321 15.710460 14.283840
g155 g403 14.753810 13.671060
g155 g404 14.583810 13.501060
g155 g402 14.583810 13.501060
g153 g153 1.967700 1.967700
g153 g186 27.499390 23.349650
g153 g189 27.499390 23.349650
g153 g192 27.499390 23.349650
g153 g231 27.314710 23.360950
g153 g234 27.314710 23.360950
g153 g237 27.314710 23.360950
g153 g195 27.314710 23.360950
g153 g198 27.314710 23.360950
g153 g201 27.314710 23.360950
g153 g240 27.314710 23.360950
g153 g243 27.314710 23.360950
g153 g246 27.314710 23.360950
g153 g204 27.499390 23.349650
g153 g207 27.499390 23.349650
g153 g210 27.499390 23.349650
g153 g249 27.499390 23.349650
g153 g252 27.499390 23.349650
g153 g255 27.499390 23.349650
g153 g213 27.499390 23.349650
g153 g216 27.499390 23.349650
g153 g219 27.499390 23.349650
g153 g258 27.499390 23.349650
g153 g261 27.499390 23.349650
g153 g264 27.499390 23.349650
g153 g222 27.314710 23.360950
g153 g225 27.314710 23.360950
g153 g228 27.314710 23.360950
g153 g267 27.314710 23.360950
g153 g270 27.314710 23.360950
g153 g273 27.314710 23.360950
g153 g312 16.381210 15.298460
g153 g313 16.381210 15.298460
g153 g314 16.381210 15.298460
g153 g315 21.862730 15.611660
g153 g316 21.862730 15.611660
g153 g317 21.862730 15.611660
g153 g318 17.075690 15.992940
g153 g319 17.075690 15.992940
g153 g320 17.075690 15.992940
g153 g322 16.452640 15.026020
g153 g323 16.514460 15.087840
g153 g321 16.514460 15.087840
g153 g403 15.557810 14.475060
g153 g404 15.387810 14.305060
g153 g402 15.387810 14.305060
g157 g157 1.967700 1.967700
g157 g186 26.059990 20.854760
g157 g189 26.059990 20.854760
g157 g192 26.059990 20.854760
g157 g231 25.875310 20.866060
g157 g234 25.875310 20.866060
g157 g237 25.875310 20.866060
g157 g195 25.875310 20.866060
g157 g198 25.875310 20.866060
g157 g201 25.875310 20.866060
g157 g240 25.875310 20.866060
g157 g243 25.875310 20.866060
g157 g246 25.875310 20.866060
g157 g204 26.059990 20.854760
g157 g207 26.059990 20.854760
g157 g210 26.059990 20.854760
g157 g249 26.059990 20.854760
g157 g252 26.059990 20.854760
g157 g255 26.059990 20.854760
g157 g213 26.059990 20.854760
g157 g216 26.059990 20.854760
g157 g219 26.059990 20.854760
g157 g258 26.059990 20.854760
g157 g261 26.059990 20.854760
g157 g264 26.059990 20.854760
g157 g222 25.875310 20.866060
g157 g225 25.875310 20.866060
g157 g228 25.875310 20.866060
g157 g267 25.875310 20.866060
g157 g270 25.875310 20.866060
g157 g273 25.875310 20.866060
g157 g312 14.941810 12.803570
g157 g313 14.941810 12.803570
g157 g314 14.941810 12.803570
g157 g315 20.423330 13.116770
g157 g316 20.423330 13.116770
g157 g317 20.423330 13.116770
g157 g318 15.636290 13.498050
g157 g319 15.636290 13.498050
g157 g320 15.636290 13.498050
g157 g322 15.013240 12.531130
g157 g323 15.075060 12.592950
g157 g321 15.075060 12.592950
g157 g403 14.118410 11.980170
g157 g404 13.948410 11.810170
g157 g402 13.948410 11.810170
g158 g158 1.967700 1.967700
g158 g186 25.881750 20.676520
g158 g189 25.881750 20.676520
g158 g192 25.881750 20.676520
g158 g231 25.697070 20.687820
g158 g234 25.697070 20.687820
g158 g237 25.697070 20.687820
g158 g195 25.697070 20.687820
g158 g198 25.697070 20.687820
g158 g201 25.697070 20.687820
g158 g240 25.697070 20.687820
g158 g243 25.697070 20.687820
g158 g246 25.697070 20.687820
g158 g204 25.881750 20.676520
g158 g207 25.881750 20.676520
g158 g210 25.881750 20.676520
g158 g249 25.881750 20.676520
g158 g252 25.881750 20.676520
g158 g255 25.881750 20.676520
g158 g213 25.881750 20.676520
g158 g216 25.881750 20.676520
g158 g219 25.881750 20.676520
g158 g258 25.881750 20.676520
g158 g261 25.881750 20.676520
g158 g264 25.881750 20.676520
g158 g222 25.697070 20.687820
g158 g225 25.697070 20.687820
g158 g228 25.697070 20.687820
g158 g267 25.697070 20.687820
g158 g270 25.697070 20.687820
g158 g273 25.697070 20.687820
g158 g312 14.763570 12.625330
g158 g313 14.763570 12.625330
g158 g314 14.763570 12.625330
g158 g315 20.245090 12.938530
g158 g316 20.245090 12.938530
g158 g317 20.245090 12.938530
g158 g318 15.458050 13.319810
g158 g319 15.458050 13.319810
g158 g320 15.458050 13.319810
g158 g322 14.835000 12.352890
g158 g323 14.896820 12.414710
g158 g321 14.896820 12.414710
g158 g403 13.940170 11.801930
g158 g404 13.770170 11.631930
g158 g402 13.770170 11.631930
g156 g156 1.967700 1.967700
g156 g186 26.689910 21.484680
g156 g189 26.689910 21.484680
g156 g192 26.689910 21.484680
g156 g231 26.505230 21.495980
g156 g234 26.505230 21.495980
g156 g237 26.505230 21.495980
g156 g195 26.505230 21.495980
g156 g198 26.505230 21.495980
g156 g201 26.505230 21.495980
g156 g240 26.505230 21.495980
g156 g243 26.505230 21.495980
g156 g246 26.505230 21.495980
g156 g204 26.689910 21.484680
g156 g207 26.689910 21.484680
g156 g210 26.689910 21.484680
g156 g249 26.689910 21.484680
g156 g252 26.689910 21.484680
g156 g255 26.689910 21.484680
g156 g213 26.689910 21.484680
g156 g216 26.689910 21.484680
g156 g219 26.689910 21.484680
g156 g258 26.689910 21.484680
g156 g261 26.689910 21.484680
g156 g264 26.689910 21.484680
g156 g222 26.505230 21.495980
g156 g225 26.505230 21.495980
g156 g228 26.505230 21.495980
g156 g267 26.505230 21.495980
g156 g270 26.505230 21.495980
g156 g273 26.505230 21.495980
g156 g312 15.571730 13.433490
g156 g313 15.571730 13.433490
g156 g314 15.571730 13.433490
g156 g315 21.053250 13.746690
g156 g316 21.053250 13.746690
g156 g317 21.053250 13.746690
g156 g318 16.266210 14.127970
g156 g319 16.266210 14.127970
g156 g320 16.266210 14.127970
g156 g322 15.643160 13.161050
g156 g323 15.704980 13.222870
g156 g321 15.704980 13.222870
g156 g403 14.748330 12.610090
g156 g404 14.578330 12.440090
g156 g402 14.578330 12.440090
g160 g160 1.967700 1.967700
g160 g186 26.657530 22.337340
g160 g189 26.657530 22.337340
g160 g192 26.657530 22.337340
g160 g231 26.472850 22.348640
g160 g234 26.472850 22.348640
g160 g237 26.472850 22.348640
g160 g195 26.472850 22.348640
g160 g198 26.472850 22.348640
g160 g201 26.472850 22.348640
g160 g240 26.472850 22.348640
g160 g243 26.472850 22.348640
g160 g246 26.472850 22.348640
g160 g204 26.657530 22.337340
g160 g207 26.657530 22.337340
g160 g210 26.657530 22.337340
g160 g249 26.657530 22.337340
g160 g252 26.657530 22.337340
g160 g255 26.657530 22.337340
g160 g213 26.657530 22.337340
g160 g216 26.657530 22.337340
g160 g219 26.657530 22.337340
g160 g258 26.657530 22.337340
g160 g261 26.657530 22.337340
g160 g264 26.657530 22.337340
g160 g222 26.472850 22.348640
g160 g225 26.472850 22.348640
g160 g228 26.472850 22.348640
g160 g267 26.472850 22.348640
g160 g270 26.472850 22.348640
g160 g273 26.472850 22.348640
g160 g312 15.539350 14.286150
g160 g313 15.539350 14.286150
g160 g314 15.539350 14.286150
g160 g315 21.020870 14.599350
g160 g316 21.020870 14.599350
g160 g317 21.020870 14.599350
g160 g318 16.233830 14.980630
g160 g319 16.233830 14.980630
g160 g320 16.233830 14.980630
g160 g322 15.610780 14.013710
g160 g323 15.672600 14.075530
g160 g321 15.672600 14.075530
g160 g403 14.715950 13.462750
g160 g404 14.545950 13.292750
g160 g402 14.545950 13.292750
g161 g161 1.967700 1.967700
g161 g186 26.479090 22.158900
g161 g189 26.479090 22.158900
g161 g192 26.479090 22.158900
g161 g231 26.294410 22.170200
g161 g234 26.294410 22.170200
g161 g237 26.294410 22.170200
g161 g195 26.294410 22.170200
g161 g198 26.294410 22.170200
g161 g201 26.294410 22.170200
g161 g240 26.294410 22.170200
g161 g243 26.294410 22.170200
g161 g246 26.294410 22.170200
g161 g204 26.479090 22.158900
g161 g207 26.479090 22.158900
g161 g210 26.479090 22.158900
g161 g249 26.479090 22.158900
g161 g252 26.479090 22.158900
g161 g255 26.479090 22.158900
g161 g213 26.479090 22.158900
g161 g216 26.479090 22.158900
g161 g219 26.479090 22.158900
g161 g258 26.479090 22.158900
g161 g261 26.479090 22.158900
g161 g264 26.479090 22.158900
g161 g222 26.294410 22.170200
g161 g225 26.294410 22.170200
g161 g228 26.294410 22.170200
g161 g267 26.294410 22.170200
g161 g270 26.294410 22.170200
g161 g273 26.294410 22.170200
g161 g312 15.360910 14.107710
g161 g313 15.360910 14.107710
g161 g314 15.360910 14.107710
g161 g315 20.842430 14.420910
g161 g316 20.842430 14.420910
g161 g317 20.842430 14.420910
g161 g318 16.055390 14.802190
g161 g319 16.055390 14.802190
g161 g320 16.055390 14.802190
g161 g322 15.432340 13.835270
g161 g323 15.494160 13.897090
g161 g321 15.494160 13.897090
g161 g403 14.537510 13.284310
g161 g404 14.367510 13.114310
g161 g402 14.367510 13.114310
g159 g159 1.967700 1.967700
g159 g186 27.284050 22.963860
g159 g189 27.284050 22.963860
g159 g192 27.284050 22.963860
g159 g231 27.099370 22.975160
g159 g234 27.099370 22.975160
g159 g237 27.099370 22.975160
g159 g195 27.099370 22.975160
g159 g198 27.099370 22.975160
g159 g201 27.099370 22.975160
g159 g240 27.099370 22.975160
g159 g243 27.099370 22.975160
g159 g246 27.099370 22.975160
g159 g204 27.284050 22.963860
g159 g207 27.284050 22.963860
g159 g210 27.284050 22.963860
g159 g249 27.284050 22.963860
g159 g252 27.284050 22.963860
g159 g255 27.284050 22.963860
g159 g213 27.284050 22.963860
g159 g216 27.284050 22.963860
g159 g219 27.284050 22.963860
g159 g258 27.284050 22.963860
g159 g261 27.284050 22.963860
g159 g264 27.284050 22.963860
g159 g222 27.099370 22.975160
g159 g225 27.099370 22.975160
g159 g228 27.099370 22.975160
g159 g267 27.099370 22.975160
g159 g270 27.099370 22.975160
g159 g273 27.099370 22.975160
g159 g312 16.165870 14.912670
g159 g313 16.165870 14.912670
g159 g314 16.165870 14.912670
g159 g315 21.647390 15.225870
g159 g316 21.647390 15.225870
g159 g317 21.647390 15.225870
g159 g318 16.860350 15.607150
g159 g319 16.860350 15.607150
g159 g320 16.860350 15.607150
g159 g322 16.237300 14.640230
g159 g323 16.299120 14.702050
g159 g321 16.299120 14.702050
g159 g403 15.342470 14.089270
g159 g404 15.172470 13.919270
g159 g402 15.172470 13.919270
g163 g163 1.967700 1.967700
g163 g186 25.961420 21.693130
g163 g189 25.961420 21.693130
g163 g192 25.961420 21.693130
g163 g231 25.776740 21.704430
g163 g234 25.776740 21.704430
g163 g237 25.776740 21.704430
g163 g195 25.776740 21.704430
g163 g198 25.776740 21.704430
g163 g201 25.776740 21.704430
g163 g240 25.776740 21.704430
g163 g243 25.776740 21.704430
g163 g246 25.776740 21.704430
g163 g204 25.961420 21.693130
g163 g207 25.961420 21.693130
g163 g210 25.961420 21.693130
g163 g249 25.961420 21.693130
g163 g252 25.961420 21.693130
g163 g255 25.961420 21.693130
g163 g213 25.961420 21.693130
g163 g216 25.961420 21.693130
g163 g219 25.961420 21.693130
g163 g258 25.961420 21.693130
g163 g261 25.961420 21.693130
g163 g264 25.961420 21.693130
g163 g222 25.776740 21.704430
g163 g225 25.776740 21.704430
g163 g228 25.776740 21.704430
g163 g267 25.776740 21.704430
g163 g270 25.776740 21.704430
g163 g273 25.776740 21.704430
g163 g312 14.843240 13.641940
g163 g313 14.843240 13.641940
g163 g314 14.843240 13.641940
g163 g315 20.324760 13.955140
g163 g316 20.324760 13.955140
g163 g317 20.324760 13.955140
g163 g318 15.537720 14.336420
g163 g319 15.537720 14.336420
g163 g320 15.537720 14.336420
g163 g322 14.914670 13.369500
g163 g323 14.976490 13.431320
g163 g321 14.976490 13.431320
g163 g403 14.019840 12.818540
g163 g404 13.849840 12.648540
g163 g402 13.849840 12.648540
g164 g164 1.967700 1.967700
g164 g186 25.782980 21.514690
g164 g189 25.782980 21.514690
g164 g192 25.782980 21.514690
g164 g231 25.598300 21.525990
g164 g234 25.598300 21.525990
g164 g237 25.598300 21.525990
g164 g195 25.598300 21.525990
g164 g198 25.598300 21.525990
g164 g201 25.598300 21.525990
g164 g240 25.598300 21.525990
g164 g243 25.598300 21.525990
g164 g246 25.598300 21.525990
g164 g204 25.782980 21.514690
g164 g207 25.782980 21.514690
g164 g210 25.782980 21.514690
g164 g249 25.782980 21.514690
g164 g252 25.782980 21.514690
g164 g255 25.782980 21.514690
g164 g213 25.782980 21.514690
g164 g216 25.782980 21.514690
g164 g219 25.782980 21.514690
g164 g258 25.782980 21.514690
g164 g261 25.782980 21.514690
g164 g264 25.782980 21.514690
g164 g222 25.598300 21.525990
g164 g225 25.598300 21.525990
g164 g228 25.598300 21.525990
g164 g267 25.598300 21.525990
g164 g270 25.598300 21.525990
g164 g273 25.598300 21.525990
g164 g312 14.664800 13.463500
g164 g313 14.664800 13.463500
g164 g314 14.664800 13.463500
g164 g315 20.146320 13.776700
g164 g316 20.146320 13.776700
g164 g317 20.146320 13.776700
g164 g318 15.359280 14.157980
g164 g319 15.359280 14.157980
g164 g320 15.359280 14.157980
g164 g322 14.736230 13.191060
g164 g323 14.798050 13.252880
g164 g321 14.798050 13.252880
g164 g403 13.841400 12.640100
g164 g404 13.671400 12.470100
g164 g402 13.671400 12.470100
g162 g162 1.967700 1.967700
g162 g186 26.587940 22.319650
g162 g189 26.587940 22.319650
g162 g192 26.587940 22.319650
g162 g231 26.403260 22.330950
g162 g234 26.403260 22.330950
g162 g237 26.403260 22.330950
g162 g195 26.403260 22.330950
g162 g198 26.403260 22.330950
g162 g201 26.403260 22.330950
g162 g240 26.403260 22.330950
g162 g243 26.403260 22.330950
g162 g246 26.403260 22.330950
g162 g204 26.587940 22.319650
g162 g207 26.587940 22.319650
g162 g210 26.587940 22.319650
g162 g249 26.587940 22.319650
g162 g252 26.587940 22.319650
g162 g255 26.587940 22.319650
g162 g213 26.587940 22.319650
g162 g216 26.587940 22.319650
g162 g219 26.587940 22.319650
g162 g258 26.587940 22.319650
g162 g261 26.587940 22.319650
g162 g264 26.587940 22.319650
g162 g222 26.403260 22.330950
g162 g225 26.403260 22.330950
g162 g228 26.403260 22.330950
g162 g267 26.403260 22.330950
g162 g270 26.403260 22.330950
g162 g273 26.403260 22.330950
g162 g312 15.469760 14.268460
g162 g313 15.469760 14.268460
g162 g314 15.469760 14.268460
g162 g315 20.951280 14.581660
g162 g316 20.951280 14.581660
g162 g317 20.951280 14.581660
g162 g318 16.164240 14.962940
g162 g319 16.164240 14.962940
g162 g320 16.164240 14.962940
g162 g322 15.541190 13.996020
g162 g323 15.603010 14.057840
g162 g321 15.603010 14.057840
g162 g403 14.646360 13.445060
g162 g404 14.476360 13.275060
g162 g402 14.476360 13.275060
g169 g169 1.967700 1.967700
g169 g186 22.454440 17.524240
g169 g189 22.454440 17.524240
g169 g192 22.454440 17.524240
g169 g231 22.269760 17.535540
g169 g234 22.269760 17.535540
g169 g237 22.269760 17.535540
g169 g195 22.269760 17.535540
g169 g198 22.269760 17.535540
g169 g201 22.269760 17.535540
g169 g240 22.269760 17.535540
g169 g243 22.269760 17.535540
g169 g246 22.269760 17.535540
g169 g204 22.454440 17.524240
g169 g207 22.454440 17.524240
g169 g210 22.454440 17.524240
g169 g249 22.454440 17.524240
g169 g252 22.454440 17.524240
g169 g255 22.454440 17.524240
g169 g213 22.454440 17.524240
g169 g216 22.454440 17.524240
g169 g219 22.454440 17.524240
g169 g258 22.454440 17.524240
g169 g261 22.454440 17.524240
g169 g264 22.454440 17.524240
g169 g222 22.269760 17.535540
g169 g225 22.269760 17.535540
g169 g228 22.269760 17.535540
g169 g267 22.269760 17.535540
g169 g270 22.269760 17.535540
g169 g273 22.269760 17.535540
g169 g408 17.001130 14.825490
g169 g411 17.001130 14.825490
g169 g414 17.001130 14.825490
g169 g417 16.870990 15.322380
g169 g420 16.870990 15.322380
g169 g423 16.870990 15.322380
g169 g427 16.518930 13.342950
g169 g428 16.518930 13.342950
g169 g426 16.518930 13.342950
g169 g312 13.646700 9.473050
g169 g313 13.646700 9.473050
g169 g314 13.646700 9.473050
g169 g315 17.459900 9.786250
g169 g316 17.459900 9.786250
g169 g317 17.459900 9.786250
g169 g318 16.985600 10.167530
g169 g319 16.985600 10.167530
g169 g320 16.985600 10.167530
g169 g322 11.817240 8.977880
g169 g323 11.879060 9.606300
g169 g321 11.879060 9.606300
g169 g403 8.649650 8.649650
g169 g404 8.479650 8.479650
g169 g402 8.479650 8.479650
g170 g170 1.967700 1.967700
g170 g186 22.278270 17.348070
g170 g189 22.278270 17.348070
g170 g192 22.278270 17.348070
g170 g231 22.093590 17.359370
g170 g234 22.093590 17.359370
g170 g237 22.093590 17.359370
g170 g195 22.093590 17.359370
g170 g198 22.093590 17.359370
g170 g201 22.093590 17.359370
g170 g240 22.093590 17.359370
g170 g243 22.093590 17.359370
g170 g246 22.093590 17.359370
g170 g204 22.278270 17.348070
g170 g207 22.278270 17.348070
g170 g210 22.278270 17.348070
g170 g249 22.278270 17.348070
g170 g252 22.278270 17.348070
g170 g255 22.278270 17.348070
g170 g213 22.278270 17.348070
g170 g216 22.278270 17.348070
g170 g219 22.278270 17.348070
g170 g258 22.278270 17.348070
g170 g261 22.278270 17.348070
g170 g264 22.278270 17.348070
g170 g222 22.093590 17.359370
g170 g225 22.093590 17.359370
g170 g228 22.093590 17.359370
g170 g267 22.093590 17.359370
g170 g270 22.093590 17.359370
g170 g273 22.093590 17.359370
g170 g408 16.824960 14.649320
g170 g411 16.824960 14.649320
g170 g414 16.824960 14.649320
g170 g417 16.694820 15.146210
g170 g420 16.694820 15.146210
g170 g423 16.694820 15.146210
g170 g427 16.342760 13.166780
g170 g428 16.342760 13.166780
g170 g426 16.342760 13.166780
g170 g312 13.470530 9.296880
g170 g313 13.470530 9.296880
g170 g314 13.470530 9.296880
g170 g315 17.283730 9.610080
g170 g316 17.283730 9.610080
g170 g317 17.283730 9.610080
g170 g318 16.809430 9.991360
g170 g319 16.809430 9.991360
g170 g320 16.809430 9.991360
g170 g322 11.641070 8.801710
g170 g323 11.702890 9.430130
g170 g321 11.702890 9.430130
g170 g403 8.473480 8.473480
g170 g404 8.303480 8.303480
g170 g402 8.303480 8.303480
g168 g168 1.967700 1.967700
g168 g186 23.119550 18.189350
g168 g189 23.119550 18.189350
g168 g192 23.119550 18.189350
g168 g231 22.934870 18.200650
g168 g234 22.934870 18.200650
g168 g237 22.934870 18.200650
g168 g195 22.934870 18.200650
g168 g198 22.934870 18.200650
g168 g201 22.934870 18.200650
g168 g240 22.934870 18.200650
g168 g243 22.934870 18.200650
g168 g246 22.934870 18.200650
g168 g204 23.119550 18.189350
g168 g207 23.119550 18.189350
g168 g210 23.119550 18.189350
g168 g249 23.119550 18.189350
g168 g252 23.119550 18.189350
g168 g255 23.119550 18.189350
g168 g213 23.119550 18.189350
g168 g216 23.119550 18.189350
g168 g219 23.119550 18.189350
g168 g258 23.119550 18.189350
g168 g261 23.119550 18.189350
g168 g264 23.119550 18.189350
g168 g222 22.934870 18.200650
g168 g225 22.934870 18.200650
g168 g228 22.934870 18.200650
g168 g267 22.934870 18.200650
g168 g270 22.934870 18.200650
g168 g273 22.934870 18.200650
g168 g408 17.666240 15.490600
g168 g411 17.666240 15.490600
g168 g414 17.666240 15.490600
g168 g417 17.536100 15.987490
g168 g420 17.536100 15.987490
g168 g423 17.536100 15.987490
g168 g427 17.184040 14.008060
g168 g428 17.184040 14.008060
g168 g426 17.184040 14.008060
g168 g312 14.311810 10.138160
g168 g313 14.311810 10.138160
g168 g314 14.311810 10.138160
g168 g315 18.125010 10.451360
g168 g316 18.125010 10.451360
g168 g317 18.125010 10.451360
g168 g318 17.650710 10.832640
g168 g319 17.650710 10.832640
g168 g320 17.650710 10.832640
g168 g322 12.482350 9.642990
g168 g323 12.544170 10.271410
g168 g321 12.544170 10.271410
g168 g403 9.314760 9.314760
g168 g404 9.144760 9.144760
g168 g402 9.144760 9.144760
g172 g163 5.778380 5.778380
g172 g164 5.778380 5.778380
g172 g162 5.778380 5.778380
g172 g172 1.967700 1.967700
g172 g186 30.577530 22.858560
g172 g189 30.577530 22.858560
g172 g192 30.577530 22.858560
g172 g231 30.392850 22.869860
g172 g234 30.392850 22.869860
g172 g237 30.392850 22.869860
g172 g195 30.392850 22.869860
g172 g198 30.392850 22.869860
g172 g201 30.392850 22.869860
g172 g240 30.392850 22.869860
g172 g243 30.392850 22.869860
g172 g246 30.392850 22.869860
g172 g204 30.577530 22.858560
g172 g207 30.577530 22.858560
g172 g210 30.577530 22.858560
g172 g249 30.577530 22.858560
g172 g252 30.577530 22.858560
g172 g255 30.577530 22.858560
g172 g213 30.577530 22.858560
g172 g216 30.577530 22.858560
g172 g219 30.577530 22.858560
g172 g258 30.577530 22.858560
g172 g261 30.577530 22.858560
g172 g264 30.577530 22.858560
g172 g222 30.392850 22.869860
g172 g225 30.392850 22.869860
g172 g228 30.392850 22.869860
g172 g267 30.392850 8.262410
g172 g270 30.392850 8.262410
g172 g273 30.392850 8.262410
g172 g408 17.441650 14.781160
g172 g411 17.441650 14.781160
g172 g414 17.441650 14.781160
g172 g417 17.603520 14.904100
g172 g420 17.603520 14.904100
g172 g423 17.603520 14.904100
g172 g427 16.805280 13.162120
g172 g428 16.805280 13.162120
g172 g426 16.805280 13.162120
g172 g312 22.055350 14.807370
g172 g313 22.055350 14.807370
g172 g314 22.055350 14.807370
g172 g315 25.582990 15.120570
g172 g316 25.582990 15.120570
g172 g317 25.582990 15.120570
g172 g318 25.394250 15.501850
g172 g319 25.394250 15.501850
g172 g320 25.394250 15.501850
g172 g322 19.940330 14.534930
g172 g323 20.002150 14.596750
g172 g321 20.002150 14.596750
g172 g403 16.122110 13.983970
g172 g404 15.952110 13.813970
g172 g402 15.952110 13.813970
g173 g163 5.606310 5.606310
g173 g164 5.606310 5.606310
g173 g162 5.606310 5.606310
g173 g173 1.967700 1.967700
g173 g186 30.405460 22.686490
g173 g189 30.405460 22.686490
g173 g192 30.405460 22.686490
g173 g231 30.220780 22.697790
g173 g234 30.220780 22.697790
g173 g237 30.220780 22.697790
g173 g195 30.220780 22.697790
g173 g198 30.220780 22.697790
g173 g201 30.220780 22.697790
g173 g240 30.220780 22.697790
g173 g243 30.220780 22.697790
g173 g246 30.220780 22.697790
g173 g204 30.405460 22.686490
g173 g207 30.405460 22.686490
g173 g210 30.405460 22.686490
g173 g249 30.405460 22.686490
g173 g252 30.405460 22.686490
g173 g255 30.405460 22.686490
g173 g213 30.405460 22.686490
g173 g216 30.405460 22.686490
g173 g219 30.405460 22.686490
g173 g258 30.405460 22.686490
g173 g261 30.405460 22.686490
g173 g264 30.405460 22.686490
g173 g222 30.220780 22.697790
g173 g225 30.220780 22.697790
g173 g228 30.220780 22.697790
g173 g267 30.220780 8.090340
g173 g270 30.220780 8.090340
g173 g273 30.220780 8.090340
g173 g408 17.269580 14.609090
g173 g411 17.269580 14.609090
g173 g414 17.269580 14.609090
g173 g417 17.431450 14.732030
g173 g420 17.431450 14.732030
g173 g423 17.431450 14.732030
g173 g427 16.633210 12.990050
g173 g428 16.633210 12.990050
g173 g426 16.633210 12.990050
g173 g312 21.883280 14.635300
g173 g313 21.883280 14.635300
g173 g314 21.883280 14.635300
g173 g315 25.410920 14.948500
g173 g316 25.410920 14.948500
g173 g317 25.410920 14.948500
g173 g318 25.222180 15.329780
g173 g319 25.222180 15.329780
g173 g320 25.222180 15.329780
g173 g322 19.768260 14.362860
g173 g323 19.830080 14.424680
g173 g321 19.830080 14.424680
g173 g403 15.950040 13.811900
g173 g404 15.780040 13.641900
g173 g402 15.780040 13.641900
g171 g163 6.513190 6.513190
g171 g164 6.513190 6.513190
g171 g162 6.513190 6.513190
g171 g171 1.967700 1.967700
g171 g186 31.312340 23.593370
g171 g189 31.312340 23.593370
g171 g192 31.312340 23.593370
g171 g231 31.127660 23.604670
g171 g234 31.127660 23.604670
g171 g237 31.127660 23.604670
g171 g195 31.127660 23.604670
g171 g198 31.127660 23.604670
g171 g201 31.127660 23.604670
g171 g240 31.127660 23.604670
g171 g243 31.127660 23.604670
g171 g246 31.127660 23.604670
g171 g204 31.312340 23.593370
g171 g207 31.312340 23.593370
g171 g210 31.312340 23.593370
g171 g249 31.312340 23.593370
g171 g252 31.312340 23.593370
g171 g255 31.312340 23.593370
g171 g213 31.312340 23.593370
g171 g216 31.312340 23.593370
g171 g219 31.312340 23.593370
g171 g258 31.312340 23.593370
g171 g261 31.312340 23.593370
g171 g264 31.312340 23.593370
g171 g222 31.127660 23.604670
g171 g225 31.127660 23.604670
g171 g228 31.127660 23.604670
g171 g267 31.127660 8.997220
g171 g270 31.127660 8.997220
g171 g273 31.127660 8.997220
g171 g408 18.176460 15.515970
g171 g411 18.176460 15.515970
g171 g414 18.176460 15.515970
g171 g417 18.338330 15.638910
g171 g420 18.338330 15.638910
g171 g423 18.338330 15.638910
g171 g427 17.540090 13.896930
g171 g428 17.540090 13.896930
g171 g426 17.540090 13.896930
g171 g312 22.790160 15.542180
g171 g313 22.790160 15.542180
g171 g314 22.790160 15.542180
g171 g315 26.317800 15.855380
g171 g316 26.317800 15.855380
g171 g317 26.317800 15.855380
g171 g318 26.129060 16.236660
g171 g319 26.129060 16.236660
g171 g320 26.129060 16.236660
g171 g322 20.675140 15.269740
g171 g323 20.736960 15.331560
g171 g321 20.736960 15.331560
g171 g403 16.856920 14.718780
g171 g404 16.686920 14.548780
g171 g402 16.686920 14.548780
g175 g160 5.667400 5.667400
g175 g161 5.667400 5.667400
g175 g159 5.667400 5.667400
g175 g175 1.967700 1.967700
g175 g186 30.490280 24.710280
g175 g189 30.490280 24.710280
g175 g192 30.490280 24.710280
g175 g231 30.305600 24.721580
g175 g234 30.305600 24.721580
g175 g237 30.305600 24.721580
g175 g195 30.305600 24.721580
g175 g198 30.305600 24.721580
g175 g201 30.305600 24.721580
g175 g240 30.305600 24.721580
g175 g243 30.305600 24.721580
g175 g246 30.305600 24.721580
g175 g204 30.490280 24.710280
g175 g207 30.490280 24.710280
g175 g210 30.490280 24.710280
g175 g249 30.490280 24.710280
g175 g252 30.490280 24.710280
g175 g255 30.490280 24.710280
g175 g213 30.490280 24.710280
g175 g216 30.490280 24.710280
g175 g219 30.490280 24.710280
g175 g258 30.490280 24.710280
g175 g261 30.490280 24.710280
g175 g264 30.490280 24.710280
g175 g222 30.305600 8.151430
g175 g225 30.305600 8.151430
g175 g228 30.305600 8.151430
g175 g267 30.305600 24.721580
g175 g270 30.305600 24.721580
g175 g273 30.305600 24.721580
g175 g408 17.349790 14.689300
g175 g411 17.349790 14.689300
g175 g414 17.349790 14.689300
g175 g417 17.511660 14.812240
g175 g420 17.511660 14.812240
g175 g423 17.511660 14.812240
g175 g427 16.713420 13.070260
g175 g428 16.713420 13.070260
g175 g426 16.713420 13.070260
g175 g312 21.638100 16.659090
g175 g313 21.638100 16.659090
g175 g314 21.638100 16.659090
g175 g315 25.495740 16.972290
g175 g316 25.495740 16.972290
g175 g317 25.495740 16.972290
g175 g318 25.096110 17.353570
g175 g319 25.096110 17.353570
g175 g320 25.096110 17.353570
g175 g322 19.853080 15.374430
g175 g323 19.914900 16.309010
g175 g321 19.914900 16.309010
g175 g403 16.706870 15.835690
g175 g404 16.536870 15.665690
g175 g402 16.536870 15.665690
g176 g160 5.495020 5.495020
g176 g161 5.495020 5.495020
g176 g159 5.495020 5.495020
g176 g176 1.967700 1.967700
g176 g186 30.317900 24.537900
g176 g189 30.317900 24.537900
g176 g192 30.317900 24.537900
g176 g231 30.133220 24.549200
g176 g234 30.133220 24.549200
g176 g237 30.133220 24.549200
g176 g195 30.133220 24.549200
g176 g198 30.133220 24.549200
g176 g201 30.133220 24.549200
g176 g240 30.133220 24.549200
g176 g243 30.133220 24.549200
g176 g246 30.133220 24.549200
g176 g204 30.317900 24.537900
g176 g207 30.317900 24.537900
g176 g210 30.317900 24.537900
g176 g249 30.317900 24.537900
g176 g252 30.317900 24.537900
g176 g255 30.317900 24.537900
g176 g213 30.317900 24.537900
g176 g216 30.317900 24.537900
g176 g219 30.317900 24.537900
g176 g258 30.317900 24.537900
g176 g261 30.317900 24.537900
g176 g264 30.317900 24.537900
g176 g222 30.133220 7.979050
g176 g225 30.133220 7.979050
g176 g228 30.133220 7.979050
g176 g267 30.133220 24.549200
g176 g270 30.133220 24.549200
g176 g273 30.133220 24.549200
g176 g408 17.177410 14.516920
g176 g411 17.177410 14.516920
g176 g414 17.177410 14.516920
g176 g417 17.339280 14.639860
g176 g420 17.339280 14.639860
g176 g423 17.339280 14.639860
g176 g427 16.541040 12.897880
g176 g428 16.541040 12.897880
g176 g426 16.541040 12.897880
g176 g312 21.465720 16.486710
g176 g313 21.465720 16.486710
g176 g314 21.465720 16.486710
g176 g315 25.323360 16.799910
g176 g316 25.323360 16.799910
g176 g317 25.323360 16.799910
g176 g318 24.923730 17.181190
g176 g319 24.923730 17.181190
g176 g320 24.923730 17.181190
g176 g322 19.680700 15.202050
g176 g323 19.742520 16.136630
g176 g321 19.742520 16.136630
g176 g403 16.534490 15.663310
g176 g404 16.364490 15.493310
g176 g402 16.364490 15.493310
g174 g160 6.396940 6.396940
g174 g161 6.396940 6.396940
g174 g159 6.396940 6.396940
g174 g174 1.967700 1.967700
g174 g186 31.219820 25.439820
g174 g189 31.219820 25.439820
g174 g192 31.219820 25.439820
g174 g231 31.035140 25.451120
g174 g234 31.035140 25.451120
g174 g237 31.035140 25.451120
g174 g195 31.035140 25.451120
g174 g198 31.035140 25.451120
g174 g201 31.035140 25.451120
g174 g240 31.035140 25.451120
g174 g243 31.035140 25.451120
g174 g246 31.035140 25.451120
g174 g204 31.219820 25.439820
g174 g207 31.219820 25.439820
g174 g210 31.219820 25.439820
g174 g249 31.219820 25.439820
g174 g252 31.219820 25.439820
g174 g255 31.219820 25.439820
g174 g213 31.219820 25.439820
g174 g216 31.219820 25.439820
g174 g219 31.219820 25.439820
g174 g258 31.219820 25.439820
g174 g261 31.219820 25.439820
g174 g264 31.219820 25.439820
g174 g222 31.035140 8.880970
g174 g225 31.035140 8.880970
g174 g228 31.035140 8.880970
g174 g267 31.035140 25.451120
g174 g270 31.035140 25.451120
g174 g273 31.035140 25.451120
g174 g408 18.079330 15.418840
g174 g411 18.079330 15.418840
g174 g414 18.079330 15.418840
g174 g417 18.241200 15.541780
g174 g420 18.241200 15.541780
g174 g423 18.241200 15.541780
g174 g427 17.442960 13.799800
g174 g428 17.442960 13.799800
g174 g426 17.442960 13.799800
g174 g312 22.367640 17.388630
g174 g313 22.367640 17.388630
g174 g314 22.367640 17.388630
g174 g315 26.225280 17.701830
g174 g316 26.225280 17.701830
g174 g317 26.225280 17.701830
g174 g318 25.825650 18.083110
g174 g319 25.825650 18.083110
g174 g320 25.825650 18.083110
g174 g322 20.582620 16.103970
g174 g323 20.644440 17.038550
g174 g321 20.644440 17.038550
g174 g403 17.436410 16.565230
g174 g404 17.266410 16.395230
g174 g402 17.266410 16.395230
g178 g178 2.109440 2.109440
g178 g429 13.507390 10.216050
g178 g432 13.507390 10.216050
g178 g435 13.507390 10.216050
g178 g438 13.613990 12.069390
g178 g441 13.613990 12.069390
g178 g444 13.613990 12.069390
g178 g448 13.451530 10.437170
g178 g449 13.451530 10.437170
g178 g447 13.451530 10.437170
g179 g179 2.109440 2.109440
g179 g429 13.328170 10.036830
g179 g432 13.328170 10.036830
g179 g435 13.328170 10.036830
g179 g438 13.434770 11.890170
g179 g441 13.434770 11.890170
g179 g444 13.434770 11.890170
g179 g448 13.272310 10.257950
g179 g449 13.272310 10.257950
g179 g447 13.272310 10.257950
g177 g177 2.109440 2.109440
g177 g429 14.120650 10.829310
g177 g432 14.120650 10.829310
g177 g435 14.120650 10.829310
g177 g438 14.227250 12.682650
g177 g441 14.227250 12.682650
g177 g444 14.227250 12.682650
g177 g448 14.064790 11.050430
g177 g449 14.064790 11.050430
g177 g447 14.064790 11.050430
g186 g186 31.388420 2.187800
g186 g189 31.388420 9.409630
g186 g192 31.388420 9.409630
g186 g231 31.203740 11.629600
g186 g234 31.203740 11.629600
g186 g237 31.203740 11.629600
g186 g195 31.203740 13.576600
g186 g198 31.203740 13.576600
g186 g201 31.203740 13.576600
g186 g240 31.203740 16.451520
g186 g243 31.203740 16.451520
g186 g246 31.203740 16.451520
g186 g204 31.388420 16.214370
g186 g207 31.388420 16.214370
g186 g210 31.388420 16.214370
g186 g249 31.388420 18.576470
g186 g252 31.388420 18.576470
g186 g255 31.388420 18.576470
g186 g213 31.388420 16.288470
g186 g216 31.388420 16.288470
g186 g219 31.388420 16.288470
g186 g258 31.388420 18.650570
g186 g261 31.388420 18.650570
g186 g264 31.388420 18.650570
g186 g222 31.203740 16.565970
g186 g225 31.203740 16.565970
g186 g228 31.203740 16.565970
g186 g267 31.203740 18.928070
g186 g270 31.203740 18.928070
g186 g273 31.203740 18.928070
g186 g312 22.536240 18.085860
g186 g313 22.536240 18.085860
g186 g314 22.536240 18.085860
g186 g315 26.393880 19.158050
g186 g316 26.393880 19.158050
g186 g317 26.393880 19.158050
g186 g318 25.994250 21.540150
g186 g319 25.994250 21.540150
g186 g320 25.994250 21.540150
g186 g322 20.751220 17.177800
g186 g323 20.813040 18.112380
g186 g321 20.813040 18.112380
g186 g298 13.302990 11.845990
g189 g186 30.499800 8.521010
g189 g189 30.499800 2.187800
g189 g192 30.499800 8.521010
g189 g231 30.315120 10.740980
g189 g234 30.315120 10.740980
g189 g237 30.315120 10.740980
g189 g195 30.315120 12.687980
g189 g198 30.315120 12.687980
g189 g201 30.315120 12.687980
g189 g240 30.315120 15.562900
g189 g243 30.315120 15.562900
g189 g246 30.315120 15.562900
g189 g204 30.499800 15.325750
g189 g207 30.499800 15.325750
g189 g210 30.499800 15.325750
g189 g249 30.499800 17.687850
g189 g252 30.499800 17.687850
g189 g255 30.499800 17.687850
g189 g213 30.499800 15.399850
g189 g216 30.499800 15.399850
g189 g219 30.499800 15.399850
g189 g258 30.499800 17.761950
g189 g261 30.499800 17.761950
g189 g264 30.499800 17.761950
g189 g222 30.315120 15.677350
g189 g225 30.315120 15.677350
g189 g228 30.315120 15.677350
g189 g267 30.315120 18.039450
g189 g270 30.315120 18.039450
g189 g273 30.315120 18.039450
g189 g312 21.647620 17.197240
g189 g313 21.647620 17.197240
g189 g314 21.647620 17.197240
g189 g315 25.505260 18.269430
g189 g316 25.505260 18.269430
g189 g317 25.505260 18.269430
g189 g318 25.105630 20.651530
g189 g319 25.105630 20.651530
g189 g320 25.105630 20.651530
g189 g322 19.862600 16.289180
g189 g323 19.924420 17.223760
g189 g321 19.924420 17.223760
g189 g298 12.414370 10.957370
g192 g186 31.618420 9.639630
g192 g189 31.618420 9.639630
g192 g192 31.618420 2.187800
g192 g231 31.433740 11.859600
g192 g234 31.433740 11.859600
g192 g237 31.433740 11.859600
g192 g195 31.433740 13.806600
g192 g198 31.433740 13.806600
g192 g201 31.433740 13.806600
g192 g240 31.433740 16.681520
g192 g243 31.433740 16.681520
g192 g246 31.433740 16.681520
g192 g204 31.618420 16.444370
g192 g207 31.618420 16.444370
g192 g210 31.618420 16.444370
g192 g249 31.618420 18.806470
g192 g252 31.618420 18.806470
g192 g255 31.618420 18.806470
g192 g213 31.618420 16.518470
g192 g216 31.618420 16.518470
g192 g219 31.618420 16.518470
g192 g258 31.618420 18.880570
g192 g261 31.618420 18.880570
g192 g264 31.618420 18.880570
g192 g222 31.433740 16.795970
g192 g225 31.433740 16.795970
g192 g228 31.433740 16.795970
g192 g267 31.433740 19.158070
g192 g270 31.433740 19.158070
g192 g273 31.433740 19.158070
g192 g312 22.766240 18.315860
g192 g313 22.766240 18.315860
g192 g314 22.766240 18.315860
g192 g315 26.623880 19.388050
g192 g316 26.623880 19.388050
g192 g317 26.623880 19.388050
g192 g318 26.224250 21.770150
g192 g319 26.224250 21.770150
g192 g320 26.224250 21.770150
g192 g322 20.981220 17.407800
g192 g323 21.043040 18.342380
g192 g321 21.043040 18.342380
g192 g298 13.532990 12.075990
g231 g186 32.004040 20.046060
g231 g189 32.004040 20.046060
g231 g192 32.004040 20.046060
g231 g231 31.819360 2.187800
g231 g234 31.819360 10.327830
g231 g237 31.819360 10.327830
g231 g195 31.819360 12.693760
g231 g198 31.819360 12.693760
g231 g201 31.819360 12.693760
g231 g240 31.819360 15.568680
g231 g243 31.819360 15.568680
g231 g246 31.819360 15.568680
g231 g204 32.004040 15.331530
g231 g207 32.004040 15.331530
g231 g210 32.004040 15.331530
g231 g249 32.004040 17.693630
g231 g252 32.004040 17.693630
g231 g255 32.004040 17.693630
g231 g213 32.004040 15.405630
g231 g216 32.004040 15.405630
g231 g219 32.004040 15.405630
g231 g258 32.004040 17.767730
g231 g261 32.004040 17.767730
g231 g264 32.004040 17.767730
g231 g222 31.819360 15.683130
g231 g225 31.819360 15.683130
g231 g228 31.819360 15.683130
g231 g267 31.819360 18.045230
g231 g270 31.819360 18.045230
g231 g273 31.819360 18.045230
g231 g312 23.481860 18.931480
g231 g313 23.481860 18.931480
g231 g314 23.481860 18.931480
g231 g315 27.009500 20.911580
g231 g316 27.009500 20.911580
g231 g317 27.009500 20.911580
g231 g318 26.820760 21.781820
g231 g319 26.820760 21.781820
g231 g320 26.820760 21.781820
g231 g322 21.366840 17.419470
g231 g323 21.428660 18.354050
g231 g321 21.428660 18.354050
g231 g298 13.157210 11.562330
g234 g186 31.093420 19.135440
g234 g189 31.093420 19.135440
g234 g192 31.093420 19.135440
g234 g231 30.908740 9.417210
g234 g234 30.908740 2.187800
g234 g237 30.908740 9.417210
g234 g195 30.908740 11.783140
g234 g198 30.908740 11.783140
g234 g201 30.908740 11.783140
g234 g240 30.908740 14.658060
g234 g243 30.908740 14.658060
g234 g246 30.908740 14.658060
g234 g204 31.093420 14.420910
g234 g207 31.093420 14.420910
g234 g210 31.093420 14.420910
g234 g249 31.093420 16.783010
g234 g252 31.093420 16.783010
g234 g255 31.093420 16.783010
g234 g213 31.093420 14.495010
g234 g216 31.093420 14.495010
g234 g219 31.093420 14.495010
g234 g258 31.093420 16.857110
g234 g261 31.093420 16.857110
g234 g264 31.093420 16.857110
g234 g222 30.908740 14.772510
g234 g225 30.908740 14.772510
g234 g228 30.908740 14.772510
g234 g267 30.908740 17.134610
g234 g270 30.908740 17.134610
g234 g273 30.908740 17.134610
g234 g312 22.571240 18.020860
g234 g313 22.571240 18.020860
g234 g314 22.571240 18.020860
g234 g315 26.098880 20.000960
g234 g316 26.098880 20.000960
g234 g317 26.098880 20.000960
g234 g318 25.910140 20.871200
g234 g319 25.910140 20.871200
g234 g320 25.910140 20.871200
g234 g322 20.456220 16.508850
g234 g323 20.518040 17.443430
g234 g321 20.518040 17.443430
g234 g298 12.246590 10.651710
g237 g186 32.234040 20.276060
g237 g189 32.234040 20.276060
g237 g192 32.234040 20.276060
g237 g231 32.049360 10.557830
g237 g234 32.049360 10.557830
g237 g237 32.049360 2.187800
g237 g195 32.049360 12.923760
g237 g198 32.049360 12.923760
g237 g201 32.049360 12.923760
g237 g240 32.049360 15.798680
g237 g243 32.049360 15.798680
g237 g246 32.049360 15.798680
g237 g204 32.234040 15.561530
g237 g207 32.234040 15.561530
g237 g210 32.234040 15.561530
g237 g249 32.234040 17.923630
g237 g252 32.234040 17.923630
g237 g255 32.234040 17.923630
g237 g213 32.234040 15.635630
g237 g216 32.234040 15.635630
g237 g219 32.234040 15.635630
g237 g258 32.234040 17.997730
g237 g261 32.234040 17.997730
g237 g264 32.234040 17.997730
g237 g222 32.049360 15.913130
g237 g225 32.049360 15.913130
g237 g228 32.049360 15.913130
g237 g267 32.049360 18.275230
g237 g270 32.049360 18.275230
g237 g273 32.049360 18.275230
g237 g312 23.711860 19.161480
g237 g313 23.711860 19.161480
g237 g314 23.711860 19.161480
g237 g315 27.239500 21.141580
g237 g316 27.239500 21.141580
g237 g317 27.239500 21.141580
g237 g318 27.050760 22.011820
g237 g319 27.050760 22.011820
g237 g320 27.050760 22.011820
g237 g322 21.596840 17.649470
g237 g323 21.658660 18.584050
g237 g321 21.658660 18.584050
g237 g298 13.387210 11.792330
g195 g186 32.016850 19.865010
g195 g189 32.016850 19.865010
g195 g192 32.016850 19.865010
g195 g231 31.832170 19.876310
g195 g234 31.832170 19.876310
g195 g237 31.832170 19.876310
g195 g195 31.832170 2.187800
g195 g198 31.832170 10.407560
g195 g201 31.832170 10.407560
g195 g240 31.832170 13.505280
g195 g243 31.832170 13.505280
g195 g246 31.832170 13.505280
g195 g204 32.016850 14.760310
g195 g207 32.016850 14.760310
g195 g210 32.016850 14.760310
g195 g249 32.016850 17.122410
g195 g252 32.016850 17.122410
g195 g255 32.016850 17.122410
g195 g213 32.016850 15.087810
g195 g216 32.016850 15.087810
g195 g219 32.016850 15.087810
g195 g258 32.016850 17.449910
g195 g261 32.016850 17.449910
g195 g264 32.016850 17.449910
g195 g222 31.832170 17.028940
g195 g225 31.832170 17.028940
g195 g228 31.832170 17.028940
g195 g267 31.832170 19.391040
g195 g270 31.832170 19.391040
g195 g273 31.832170 19.391040
g195 g312 23.164670 19.561710
g195 g313 23.164670 19.561710
g195 g314 23.164670 19.561710
g195 g315 27.022310 20.633900
g195 g316 27.022310 20.633900
g195 g317 27.022310 20.633900
g195 g318 26.622680 22.328580
g195 g319 26.622680 22.328580
g195 g320 26.622680 22.328580
g195 g322 21.379650 17.966230
g195 g323 21.441470 18.900810
g195 g321 21.441470 18.900810
g195 g298 14.102210 12.006770
g198 g186 31.102490 18.950650
g198 g189 31.102490 18.950650
g198 g192 31.102490 18.950650
g198 g231 30.917810 18.961950
g198 g234 30.917810 18.961950
g198 g237 30.917810 18.961950
g198 g195 30.917810 9.493200
g198 g198 30.917810 2.187800
g198 g201 30.917810 9.493200
g198 g240 30.917810 12.590920
g198 g243 30.917810 12.590920
g198 g246 30.917810 12.590920
g198 g204 31.102490 13.845950
g198 g207 31.102490 13.845950
g198 g210 31.102490 13.845950
g198 g249 31.102490 16.208050
g198 g252 31.102490 16.208050
g198 g255 31.102490 16.208050
g198 g213 31.102490 14.173450
g198 g216 31.102490 14.173450
g198 g219 31.102490 14.173450
g198 g258 31.102490 16.535550
g198 g261 31.102490 16.535550
g198 g264 31.102490 16.535550
g198 g222 30.917810 16.114580
g198 g225 30.917810 16.114580
g198 g228 30.917810 16.114580
g198 g267 30.917810 18.476680
g198 g270 30.917810 18.476680
g198 g273 30.917810 18.476680
g198 g312 22.250310 18.647350
g198 g313 22.250310 18.647350
g198 g314 22.250310 18.647350
g198 g315 26.107950 19.719540
g198 g316 26.107950 19.719540
g198 g317 26.107950 19.719540
g198 g318 25.708320 21.414220
g198 g319 25.708320 21.414220
g198 g320 25.708320 21.414220
g198 g322 20.465290 17.051870
g198 g323 20.527110 17.986450
g198 g321 20.527110 17.986450
g198 g298 13.187850 11.092410
g201 g186 32.246850 20.095010
g201 g189 32.246850 20.095010
g201 g192 32.246850 20.095010
g201 g231 32.062170 20.106310
g201 g234 32.062170 20.106310
g201 g237 32.062170 20.106310
g201 g195 32.062170 10.637560
g201 g198 32.062170 10.637560
g201 g201 32.062170 2.187800
g201 g240 32.062170 13.735280
g201 g243 32.062170 13.735280
g201 g246 32.062170 13.735280
g201 g204 32.246850 14.990310
g201 g207 32.246850 14.990310
g201 g210 32.246850 14.990310
g201 g249 32.246850 17.352410
g201 g252 32.246850 17.352410
g201 g255 32.246850 17.352410
g201 g213 32.246850 15.317810
g201 g216 32.246850 15.317810
g201 g219 32.246850 15.317810
g201 g258 32.246850 17.679910
g201 g261 32.246850 17.679910
g201 g264 32.246850 17.679910
g201 g222 32.062170 17.258940
g201 g225 32.062170 17.258940
g201 g228 32.062170 17.258940
g201 g267 32.062170 19.621040
g201 g270 32.062170 19.621040
g201 g273 32.062170 19.621040
g201 g312 23.394670 19.791710
g201 g313 23.394670 19.791710
g201 g314 23.394670 19.791710
g201 g315 27.252310 20.863900
g201 g316 27.252310 20.863900
g201 g317 27.252310 20.863900
g201 g318 26.852680 22.558580
g201 g319 26.852680 22.558580
g201 g320 26.852680 22.558580
g201 g322 21.609650 18.196230
g201 g323 21.671470 19.130810
g201 g321 21.671470 19.130810
g201 g298 14.332210 12.236770
g240 g186 31.870580 20.167760
g240 g189 31.870580 20.167760
g240 g192 31.870580 20.167760
g240 g231 31.685900 20.179060
g240 g234 31.685900 20.179060
g240 g237 31.685900 20.179060
g240 g195 31.685900 20.179060
g240 g198 31.685900 20.179060
g240 g201 31.685900 20.179060
g240 g240 31.685900 2.187800
g240 g243 31.685900 9.841110
g240 g246 31.685900 9.841110
g240 g204 31.870580 14.123030
g240 g207 31.870580 14.123030
g240 g210 31.870580 14.123030
g240 g249 31.870580 16.485130
g240 g252 31.870580 16.485130
g240 g255 31.870580 16.485130
g240 g213 31.870580 14.450530
g240 g216 31.870580 14.450530
g240 g219 31.870580 14.450530
g240 g258 31.870580 16.812630
g240 g261 31.870580 16.812630
g240 g264 31.870580 16.812630
g240 g222 31.685900 16.391660
g240 g225 31.685900 16.391660
g240 g228 31.685900 16.391660
g240 g267 31.685900 18.753760
g240 g270 31.685900 18.753760
g240 g273 31.685900 18.753760
g240 g312 23.348400 19.845440
g240 g313 23.348400 19.845440
g240 g314 23.348400 19.845440
g240 g315 26.876040 21.296480
g240 g316 26.876040 21.296480
g240 g317 26.876040 21.296480
g240 g318 26.687300 21.488360
g240 g319 26.687300 21.488360
g240 g320 26.687300 21.488360
g240 g322 21.233380 17.126010
g240 g323 21.295200 18.060590
g240 g321 21.295200 18.060590
g240 g298 12.821260 11.256780
g243 g186 30.961720 19.258900
g243 g189 30.961720 19.258900
g243 g192 30.961720 19.258900
g243 g231 30.777040 19.270200
g243 g234 30.777040 19.270200
g243 g237 30.777040 19.270200
g243 g195 30.777040 19.270200
g243 g198 30.777040 19.270200
g243 g201 30.777040 19.270200
g243 g240 30.777040 8.932250
g243 g243 30.777040 2.187800
g243 g246 30.777040 8.932250
g243 g204 30.961720 13.214170
g243 g207 30.961720 13.214170
g243 g210 30.961720 13.214170
g243 g249 30.961720 15.576270
g243 g252 30.961720 15.576270
g243 g255 30.961720 15.576270
g243 g213 30.961720 13.541670
g243 g216 30.961720 13.541670
g243 g219 30.961720 13.541670
g243 g258 30.961720 15.903770
g243 g261 30.961720 15.903770
g243 g264 30.961720 15.903770
g243 g222 30.777040 15.482800
g243 g225 30.777040 15.482800
g243 g228 30.777040 15.482800
g243 g267 30.777040 17.844900
g243 g270 30.777040 17.844900
g243 g273 30.777040 17.844900
g243 g312 22.439540 18.936580
g243 g313 22.439540 18.936580
g243 g314 22.439540 18.936580
g243 g315 25.967180 20.387620
g243 g316 25.967180 20.387620
g243 g317 25.967180 20.387620
g243 g318 25.778440 20.579500
g243 g319 25.778440 20.579500
g243 g320 25.778440 20.579500
g243 g322 20.324520 16.217150
g243 g323 20.386340 17.151730
g243 g321 20.386340 17.151730
g243 g298 11.912400 10.347920
g246 g186 32.100580 20.397760
g246 g189 32.100580 20.397760
g246 g192 32.100580 20.397760
g246 g231 31.915900 20.409060
g246 g234 31.915900 20.409060
g246 g237 31.915900 20.409060
g246 g195 31.915900 20.409060
g246 g198 31.915900 20.409060
g246 g201 31.915900 20.409060
g246 g240 31.915900 10.071110
g246 g243 31.915900 10.071110
g246 g246 31.915900 2.187800
g246 g204 32.100580 14.353030
g246 g207 32.100580 14.353030
g246 g210 32.100580 14.353030
g246 g249 32.100580 16.715130
g246 g252 32.100580 16.715130
g246 g255 32.100580 16.715130
g246 g213 32.100580 14.680530
g246 g216 32.100580 14.680530
g246 g219 32.100580 14.680530
g246 g258 32.100580 17.042630
g246 g261 32.100580 17.042630
g246 g264 32.100580 17.042630
g246 g222 31.915900 16.621660
g246 g225 31.915900 16.621660
g246 g228 31.915900 16.621660
g246 g267 31.915900 18.983760
g246 g270 31.915900 18.983760
g246 g273 31.915900 18.983760
g246 g312 23.578400 20.075440
g246 g313 23.578400 20.075440
g246 g314 23.578400 20.075440
g246 g315 27.106040 21.526480
g246 g316 27.106040 21.526480
g246 g317 27.106040 21.526480
g246 g318 26.917300 21.718360
g246 g319 26.917300 21.718360
g246 g320 26.917300 21.718360
g246 g322 21.463380 17.356010
g246 g323 21.525200 18.290590
g246 g321 21.525200 18.290590
g246 g298 13.051260 11.486780
g204 g186 31.204510 20.891110
g204 g189 31.204510 20.891110
g204 g192 31.204510 20.891110
g204 g231 31.019830 20.902410
g204 g234 31.019830 20.902410
g204 g237 31.019830 20.902410
g204 g195 31.019830 20.902410
g204 g198 31.019830 20.902410
g204 g201 31.019830 20.902410
g204 g240 31.019830 20.902410
g204 g243 31.019830 20.902410
g204 g246 31.019830 20.902410
g204 g204 31.204510 2.187800
g204 g207 31.204510 10.013600
g204 g210 31.204510 10.013600
g204 g249 31.204510 13.111320
g204 g252 31.204510 13.111320
g204 g255 31.204510 13.111320
g204 g213 31.204510 14.327800
g204 g216 31.204510 14.327800
g204 g219 31.204510 14.327800
g204 g258 31.204510 16.689900
g204 g261 31.204510 16.689900
g204 g264 31.204510 16.689900
g204 g222 31.019830 16.257990
g204 g225 31.019830 16.257990
g204 g228 31.019830 16.257990
g204 g267 31.019830 18.620090
g204 g270 31.019830 18.620090
g204 g273 31.019830 18.620090
g204 g312 22.352330 18.378090
g204 g313 22.352330 18.378090
g204 g314 22.352330 18.378090
g204 g315 26.209970 19.450280
g204 g316 26.209970 19.450280
g204 g317 26.209970 19.450280
g204 g318 25.810340 22.020010
g204 g319 25.810340 22.020010
g204 g320 25.810340 22.020010
g204 g322 20.567310 17.657660
g204 g323 20.629130 18.592240
g204 g321 20.629130 18.592240
g204 g298 12.329920 10.872870
g207 g186 30.308630 19.995230
g207 g189 30.308630 19.995230
g207 g192 30.308630 19.995230
g207 g231 30.123950 20.006530
g207 g234 30.123950 20.006530
g207 g237 30.123950 20.006530
g207 g195 30.123950 20.006530
g207 g198 30.123950 20.006530
g207 g201 30.123950 20.006530
g207 g240 30.123950 20.006530
g207 g243 30.123950 20.006530
g207 g246 30.123950 20.006530
g207 g204 30.308630 9.117720
g207 g207 30.308630 2.187800
g207 g210 30.308630 9.117720
g207 g249 30.308630 12.215440
g207 g252 30.308630 12.215440
g207 g255 30.308630 12.215440
g207 g213 30.308630 13.431920
g207 g216 30.308630 13.431920
g207 g219 30.308630 13.431920
g207 g258 30.308630 15.794020
g207 g261 30.308630 15.794020
g207 g264 30.308630 15.794020
g207 g222 30.123950 15.362110
g207 g225 30.123950 15.362110
g207 g228 30.123950 15.362110
g207 g267 30.123950 17.724210
g207 g270 30.123950 17.724210
g207 g273 30.123950 17.724210
g207 g312 21.456450 17.482210
g207 g313 21.456450 17.482210
g207 g314 21.456450 17.482210
g207 g315 25.314090 18.554400
g207 g316 25.314090 18.554400
g207 g317 25.314090 18.554400
g207 g318 24.914460 21.124130
g207 g319 24.914460 21.124130
g207 g320 24.914460 21.124130
g207 g322 19.671430 16.761780
g207 g323 19.733250 17.696360
g207 g321 19.733250 17.696360
g207 g298 11.434040 9.976990
g210 g186 31.434510 21.121110
g210 g189 31.434510 21.121110
g210 g192 31.434510 21.121110
g210 g231 31.249830 21.132410
g210 g234 31.249830 21.132410
g210 g237 31.249830 21.132410
g210 g195 31.249830 21.132410
g210 g198 31.249830 21.132410
g210 g201 31.249830 21.132410
g210 g240 31.249830 21.132410
g210 g243 31.249830 21.132410
g210 g246 31.249830 21.132410
g210 g204 31.434510 10.243600
g210 g207 31.434510 10.243600
g210 g210 31.434510 2.187800
g210 g249 31.434510 13.341320
g210 g252 31.434510 13.341320
g210 g255 31.434510 13.341320
g210 g213 31.434510 14.557800
g210 g216 31.434510 14.557800
g210 g219 31.434510 14.557800
g210 g258 31.434510 16.919900
g210 g261 31.434510 16.919900
g210 g264 31.434510 16.919900
g210 g222 31.249830 16.487990
g210 g225 31.249830 16.487990
g210 g228 31.249830 16.487990
g210 g267 31.249830 18.850090
g210 g270 31.249830 18.850090
g210 g273 31.249830 18.850090
g210 g312 22.582330 18.608090
g210 g313 22.582330 18.608090
g210 g314 22.582330 18.608090
g210 g315 26.439970 19.680280
g210 g316 26.439970 19.680280
g210 g317 26.439970 19.680280
g210 g318 26.040340 22.250010
g210 g319 26.040340 22.250010
g210 g320 26.040340 22.250010
g210 g322 20.797310 17.887660
g210 g323 20.859130 18.822240
g210 g321 20.859130 18.822240
g210 g298 12.559920 11.102870
g249 g186 31.122610 22.115910
g249 g189 31.122610 22.115910
g249 g192 31.122610 22.115910
g249 g231 30.937930 22.127210
g249 g234 30.937930 22.127210
g249 g237 30.937930 22.127210
g249 g195 30.937930 22.127210
g249 g198 30.937930 22.127210
g249 g201 30.937930 22.127210
g249 g240 30.937930 22.127210
g249 g243 30.937930 22.127210
g249 g246 30.937930 22.127210
g249 g204 31.122610 22.115910
g249 g207 31.122610 22.115910
g249 g210 31.122610 22.115910
g249 g249 31.122610 2.187800
g249 g252 31.122610 9.423700
g249 g255 31.122610 9.423700
g249 g213 31.122610 13.667070
g249 g216 31.122610 13.667070
g249 g219 31.122610 13.667070
g249 g258 31.122610 16.029170
g249 g261 31.122610 16.029170
g249 g264 31.122610 16.029170
g249 g222 30.937930 15.597260
g249 g225 30.937930 15.597260
g249 g228 30.937930 15.597260
g249 g267 30.937930 17.959360
g249 g270 30.937930 17.959360
g249 g273 30.937930 17.959360
g249 g312 22.600430 18.626190
g249 g313 22.600430 18.626190
g249 g314 22.600430 18.626190
g249 g315 26.128070 20.606290
g249 g316 26.128070 20.606290
g249 g317 26.128070 20.606290
g249 g318 25.939330 21.404110
g249 g319 25.939330 21.404110
g249 g320 25.939330 21.404110
g249 g322 20.485410 17.041760
g249 g323 20.547230 17.976340
g249 g321 20.547230 17.976340
g249 g298 15.006260 13.288470
g252 g186 30.233330 21.226630
g252 g189 30.233330 21.226630
g252 g192 30.233330 21.226630
g252 g231 30.048650 21.237930
g252 g234 30.048650 21.237930
g252 g237 30.048650 21.237930
g252 g195 30.048650 21.237930
g252 g198 30.048650 21.237930
g252 g201 30.048650 21.237930
g252 g240 30.048650 21.237930
g252 g243 30.048650 21.237930
g252 g246 30.048650 21.237930
g252 g204 30.233330 21.226630
g252 g207 30.233330 21.226630
g252 g210 30.233330 21.226630
g252 g249 30.233330 8.534420
g252 g252 30.233330 2.187800
g252 g255 30.233330 8.534420
g252 g213 30.233330 12.777790
g252 g216 30.233330 12.777790
g252 g219 30.233330 12.777790
g252 g258 30.233330 15.139890
g252 g261 30.233330 15.139890
g252 g264 30.233330 15.139890
g252 g222 30.048650 14.707980
g252 g225 30.048650 14.707980
g252 g228 30.048650 14.707980
g252 g267 30.048650 17.070080
g252 g270 30.048650 17.070080
g252 g273 30.048650 17.070080
g252 g312 21.711150 17.736910
g252 g313 21.711150 17.736910
g252 g314 21.711150 17.736910
g252 g315 25.238790 19.717010
g252 g316 25.238790 19.717010
g252 g317 25.238790 19.717010
g252 g318 25.050050 20.514830
g252 g319 25.050050 20.514830
g252 g320 25.050050 20.514830
g252 g322 19.596130 16.152480
g252 g323 19.657950 17.087060
g252 g321 19.657950 17.087060
g252 g298 14.116980 12.399190
g255 g186 31.352610 22.345910
g255 g189 31.352610 22.345910
g255 g192 31.352610 22.345910
g255 g231 31.167930 22.357210
g255 g234 31.167930 22.357210
g255 g237 31.167930 22.357210
g255 g195 31.167930 22.357210
g255 g198 31.167930 22.357210
g255 g201 31.167930 22.357210
g255 g240 31.167930 22.357210
g255 g243 31.167930 22.357210
g255 g246 31.167930 22.357210
g255 g204 31.352610 22.345910
g255 g207 31.352610 22.345910
g255 g210 31.352610 22.345910
g255 g249 31.352610 9.653700
g255 g252 31.352610 9.653700
g255 g255 31.352610 2.187800
g255 g213 31.352610 13.897070
g255 g216 31.352610 13.897070
g255 g219 31.352610 13.897070
g255 g258 31.352610 16.259170
g255 g261 31.352610 16.259170
g255 g264 31.352610 16.259170
g255 g222 31.167930 15.827260
g255 g225 31.167930 15.827260
g255 g228 31.167930 15.827260
g255 g267 31.167930 18.189360
g255 g270 31.167930 18.189360
g255 g273 31.167930 18.189360
g255 g312 22.830430 18.856190
g255 g313 22.830430 18.856190
g255 g314 22.830430 18.856190
g255 g315 26.358070 20.836290
g255 g316 26.358070 20.836290
g255 g317 26.358070 20.836290
g255 g318 26.169330 21.634110
g255 g319 26.169330 21.634110
g255 g320 26.169330 21.634110
g255 g322 20.715410 17.271760
g255 g323 20.777230 18.206340
g255 g321 20.777230 18.206340
g255 g298 15.236260 13.518470
g213 g186 30.957620 20.417660
g213 g189 30.957620 20.417660
g213 g192 30.957620 20.417660
g213 g231 30.772940 20.428960
g213 g234 30.772940 20.428960
g213 g237 30.772940 20.428960
g213 g195 30.772940 20.428960
g213 g198 30.772940 20.428960
g213 g201 30.772940 20.428960
g213 g240 30.772940 20.428960
g213 g243 30.772940 20.428960
g213 g246 30.772940 20.428960
g213 g204 30.957620 20.417660
g213 g207 30.957620 20.417660
g213 g210 30.957620 20.417660
g213 g249 30.957620 20.417660
g213 g252 30.957620 20.417660
g213 g255 30.957620 20.417660
g213 g213 30.957620 2.187800
g213 g216 30.957620 9.990150
g213 g219 30.957620 9.990150
g213 g258 30.957620 13.169070
g213 g261 30.957620 13.169070
g213 g264 30.957620 13.169070
g213 g222 30.772940 12.837610
g213 g225 30.772940 12.837610
g213 g228 30.772940 12.837610
g213 g267 30.772940 15.199710
g213 g270 30.772940 15.199710
g213 g273 30.772940 15.199710
g213 g312 22.105440 18.467710
g213 g313 22.105440 18.467710
g213 g314 22.105440 18.467710
g213 g315 25.963080 19.539900
g213 g316 25.963080 19.539900
g213 g317 25.963080 19.539900
g213 g318 25.563450 21.129890
g213 g319 25.563450 21.129890
g213 g320 25.563450 21.129890
g213 g322 20.320420 16.767540
g213 g323 20.382240 17.702120
g213 g321 20.382240 17.702120
g213 g298 14.508770 11.590220
g216 g186 30.062840 19.522880
g216 g189 30.062840 19.522880
g216 g192 30.062840 19.522880
g216 g231 29.878160 19.534180
g216 g234 29.878160 19.534180
g216 g237 29.878160 19.534180
g216 g195 29.878160 19.534180
g216 g198 29.878160 19.534180
g216 g201 29.878160 19.534180
g216 g240 29.878160 19.534180
g216 g243 29.878160 19.534180
g216 g246 29.878160 19.534180
g216 g204 30.062840 19.522880
g216 g207 30.062840 19.522880
g216 g210 30.062840 19.522880
g216 g249 30.062840 19.522880
g216 g252 30.062840 19.522880
g216 g255 30.062840 19.522880
g216 g213 30.062840 9.095370
g216 g216 30.062840 2.187800
g216 g219 30.062840 9.095370
g216 g258 30.062840 12.274290
g216 g261 30.062840 12.274290
g216 g264 30.062840 12.274290
g216 g222 29.878160 11.942830
g216 g225 29.878160 11.942830
g216 g228 29.878160 11.942830
g216 g267 29.878160 14.304930
g216 g270 29.878160 14.304930
g216 g273 29.878160 14.304930
g216 g312 21.210660 17.572930
g216 g313 21.210660 17.572930
g216 g314 21.210660 17.572930
g216 g315 25.068300 18.645120
g216 g316 25.068300 18.645120
g216 g317 25.068300 18.645120
g216 g318 24.668670 20.235110
g216 g319 24.668670 20.235110
g216 g320 24.668670 20.235110
g216 g322 19.425640 15.872760
g216 g323 19.487460 16.807340
g216 g321 19.487460 16.807340
g216 g298 13.613990 10.695440
g219 g186 31.187620 20.647660
g219 g189 31.187620 20.647660
g219 g192 31.187620 20.647660
g219 g231 31.002940 20.658960
g219 g234 31.002940 20.658960
g219 g237 31.002940 20.658960
g219 g195 31.002940 20.658960
g219 g198 31.002940 20.658960
g219 g201 31.002940 20.658960
g219 g240 31.002940 20.658960
g219 g243 31.002940 20.658960
g219 g246 31.002940 20.658960
g219 g204 31.187620 20.647660
g219 g207 31.187620 20.647660
g219 g210 31.187620 20.647660
g219 g249 31.187620 20.647660
g219 g252 31.187620 20.647660
g219 g255 31.187620 20.647660
g219 g213 31.187620 10.220150
g219 g216 31.187620 10.220150
g219 g219 31.187620 2.187800
g219 g258 31.187620 13.399070
g219 g261 31.187620 13.399070
g219 g264 31.187620 13.399070
g219 g222 31.002940 13.067610
g219 g225 31.002940 13.067610
g219 g228 31.002940 13.067610
g219 g267 31.002940 15.429710
g219 g270 31.002940 15.429710
g219 g273 31.002940 15.429710
g219 g312 22.335440 18.697710
g219 g313 22.335440 18.697710
g219 g314 22.335440 18.697710
g219 g315 26.193080 19.769900
g219 g316 26.193080 19.769900
g219 g317 26.193080 19.769900
g219 g318 25.793450 21.359890
g219 g319 25.793450 21.359890
g219 g320 25.793450 21.359890
g219 g322 20.550420 16.997540
g219 g323 20.612240 17.932120
g219 g321 20.612240 17.932120
g219 g298 14.738770 11.820220
g258 g186 31.111060 20.187040
g258 g189 31.111060 20.187040
g258 g192 31.111060 20.187040
g258 g231 30.926380 20.198340
g258 g234 30.926380 20.198340
g258 g237 30.926380 20.198340
g258 g195 30.926380 20.198340
g258 g198 30.926380 20.198340
g258 g201 30.926380 20.198340
g258 g240 30.926380 20.198340
g258 g243 30.926380 20.198340
g258 g246 30.926380 20.198340
g258 g204 31.111060 20.187040
g258 g207 31.111060 20.187040
g258 g210 31.111060 20.187040
g258 g249 31.111060 20.187040
g258 g252 31.111060 20.187040
g258 g255 31.111060 20.187040
g258 g213 31.111060 20.187040
g258 g216 31.111060 20.187040
g258 g219 31.111060 20.187040
g258 g258 31.111060 2.187800
g258 g261 31.111060 9.550330
g258 g264 31.111060 9.550330
g258 g222 30.926380 12.318730
g258 g225 30.926380 12.318730
g258 g228 30.926380 12.318730
g258 g267 30.926380 14.680830
g258 g270 30.926380 14.680830
g258 g273 30.926380 14.680830
g258 g312 22.588880 18.809000
g258 g313 22.588880 18.809000
g258 g314 22.588880 18.809000
g258 g315 26.116520 20.720220
g258 g316 26.116520 20.720220
g258 g317 26.116520 20.720220
g258 g318 25.927780 20.912100
g258 g319 25.927780 20.912100
g258 g320 25.927780 20.912100
g258 g322 20.473860 16.549750
g258 g323 20.535680 17.484330
g258 g321 20.535680 17.484330
g258 g298 15.383600 11.359600
g261 g186 30.215840 19.291820
g261 g189 30.215840 19.291820
g261 g192 30.215840 19.291820
g261 g231 30.031160 19.303120
g261 g234 30.031160 19.303120
g261 g237 30.031160 19.303120
g261 g195 30.031160 19.303120
g261 g198 30.031160 19.303120
g261 g201 30.031160 19.303120
g261 g240 30.031160 19.303120
g261 g243 30.031160 19.303120
g261 g246 30.031160 19.303120
g261 g204 30.215840 19.291820
g261 g207 30.215840 19.291820
g261 g210 30.215840 19.291820
g261 g249 30.215840 19.291820
g261 g252 30.215840 19.291820
g261 g255 30.215840 19.291820
g261 g213 30.215840 19.291820
g261 g216 30.215840 19.291820
g261 g219 30.215840 19.291820
g261 g258 30.215840 8.655110
g261 g261 30.215840 2.187800
g261 g264 30.215840 8.655110
g261 g222 30.031160 11.423510
g261 g225 30.031160 11.423510
g261 g228 30.031160 11.423510
g261 g267 30.031160 13.785610
g261 g270 30.031160 13.785610
g261 g273 30.031160 13.785610
g261 g312 21.693660 17.913780
g261 g313 21.693660 17.913780
g261 g314 21.693660 17.913780
g261 g315 25.221300 19.825000
g261 g316 25.221300 19.825000
g261 g317 25.221300 19.825000
g261 g318 25.032560 20.016880
g261 g319 25.032560 20.016880
g261 g320 25.032560 20.016880
g261 g322 19.578640 15.654530
g261 g323 19.640460 16.589110
g261 g321 19.640460 16.589110
g261 g298 14.488380 10.464380
g264 g186 31.341060 20.417040
g264 g189 31.341060 20.417040
g264 g192 31.341060 20.417040
g264 g231 31.156380 20.428340
g264 g234 31.156380 20.428340
g264 g237 31.156380 20.428340
g264 g195 31.156380 20.428340
g264 g198 31.156380 20.428340
g264 g201 31.156380 20.428340
g264 g240 31.156380 20.428340
g264 g243 31.156380 20.428340
g264 g246 31.156380 20.428340
g264 g204 31.341060 20.417040
g264 g207 31.341060 20.417040
g264 g210 31.341060 20.417040
g264 g249 31.341060 20.417040
g264 g252 31.341060 20.417040
g264 g255 31.341060 20.417040
g264 g213 31.341060 20.417040
g264 g216 31.341060 20.417040
g264 g219 31.341060 20.417040
g264 g258 31.341060 9.780330
g264 g261 31.341060 9.780330
g264 g264 31.341060 2.187800
g264 g222 31.156380 12.548730
g264 g225 31.156380 12.548730
g264 g228 31.156380 12.548730
g264 g267 31.156380 14.910830
g264 g270 31.156380 14.910830
g264 g273 31.156380 14.910830
g264 g312 22.818880 19.039000
g264 g313 22.818880 19.039000
g264 g314 22.818880 19.039000
g264 g315 26.346520 20.950220
g264 g316 26.346520 20.950220
g264 g317 26.346520 20.950220
g264 g318 26.157780 21.142100
g264 g319 26.157780 21.142100
g264 g320 26.157780 21.142100
g264 g322 20.703860 16.779750
g264 g323 20.765680 17.714330
g264 g321 20.765680 17.714330
g264 g298 15.613600 11.589600
g222 g186 32.460310 18.717210
g222 g189 32.460310 18.717210
g222 g192 32.460310 18.717210
g222 g231 32.275630 18.728510
g222 g234 32.275630 18.728510
g222 g237 32.275630 18.728510
g222 g195 32.275630 18.728510
g222 g198 32.275630 18.728510
g222 g201 32.275630 18.728510
g222 g240 32.275630 18.728510
g222 g243 32.275630 18.728510
g222 g246 32.275630 18.728510
g222 g204 32.460310 18.717210
g222 g207 32.460310 18.717210
g222 g210 32.460310 18.717210
g222 g249 32.460310 18.717210
g222 g252 32.460310 18.717210
g222 g255 32.460310 18.717210
g222 g213 32.460310 18.717210
g222 g216 32.460310 18.717210
g222 g219 32.460310 18.717210
g222 g258 32.460310 18.717210
g222 g261 32.460310 18.717210
g222 g264 32.460310 18.717210
g222 g222 32.275630 2.187800
g222 g225 32.275630 9.816620
g222 g228 32.275630 9.816620
g222 g267 32.275630 12.597660
g222 g270 32.275630 12.597660
g222 g273 32.275630 12.597660
g222 g312 23.608130 17.749670
g222 g313 23.608130 17.749670
g222 g314 23.608130 17.749670
g222 g315 27.465770 18.821860
g222 g316 27.465770 18.821860
g222 g317 27.465770 18.821860
g222 g318 27.066140 20.724000
g222 g319 27.066140 20.724000
g222 g320 27.066140 20.724000
g222 g322 21.823110 16.361650
g222 g323 21.884930 17.296230
g222 g321 21.884930 17.296230
g222 g298 11.812970 9.235140
g225 g186 31.573670 17.830570
g225 g189 31.573670 17.830570
g225 g192 31.573670 17.830570
g225 g231 31.388990 17.841870
g225 g234 31.388990 17.841870
g225 g237 31.388990 17.841870
g225 g195 31.388990 17.841870
g225 g198 31.388990 17.841870
g225 g201 31.388990 17.841870
g225 g240 31.388990 17.841870
g225 g243 31.388990 17.841870
g225 g246 31.388990 17.841870
g225 g204 31.573670 17.830570
g225 g207 31.573670 17.830570
g225 g210 31.573670 17.830570
g225 g249 31.573670 17.830570
g225 g252 31.573670 17.830570
g225 g255 31.573670 17.830570
g225 g213 31.573670 17.830570
g225 g216 31.573670 17.830570
g225 g219 31.573670 17.830570
g225 g258 31.573670 17.830570
g225 g261 31.573670 17.830570
g225 g264 31.573670 17.830570
g225 g222 31.388990 8.929980
g225 g225 31.388990 2.187800
g225 g228 31.388990 8.929980
g225 g267 31.388990 11.711020
g225 g270 31.388990 11.711020
g225 g273 31.388990 11.711020
g225 g312 22.721490 16.863030
g225 g313 22.721490 16.863030
g225 g314 22.721490 16.863030
g225 g315 26.579130 17.935220
g225 g316 26.579130 17.935220
g225 g317 26.579130 17.935220
g225 g318 26.179500 19.837360
g225 g319 26.179500 19.837360
g225 g320 26.179500 19.837360
g225 g322 20.936470 15.475010
g225 g323 20.998290 16.409590
g225 g321 20.998290 16.409590
g225 g298 10.926330 8.348500
g228 g186 32.690310 18.947210
g228 g189 32.690310 18.947210
g228 g192 32.690310 18.947210
g228 g231 32.505630 18.958510
g228 g234 32.505630 18.958510
g228 g237 32.505630 18.958510
g228 g195 32.505630 18.958510
g228 g198 32.505630 18.958510
g228 g201 32.505630 18.958510
g228 g240 32.505630 18.958510
g228 g243 32.505630 18.958510
g228 g246 32.505630 18.958510
g228 g204 32.690310 18.947210
g228 g207 32.690310 18.947210
g228 g210 32.690310 18.947210
g228 g249 32.690310 18.947210
g228 g252 32.690310 18.947210
g228 g255 32.690310 18.947210
g228 g213 32.690310 18.947210
g228 g216 32.690310 18.947210
g228 g219 32.690310 18.947210
g228 g258 32.690310 18.947210
g228 g261 32.690310 18.947210
g228 g264 32.690310 18.947210
g228 g222 32.505630 10.046620
g228 g225 32.505630 10.046620
g228 g228 32.505630 2.187800
g228 g267 32.505630 12.827660
g228 g270 32.505630 12.827660
g228 g273 32.505630 12.827660
g228 g312 23.838130 17.979670
g228 g313 23.838130 17.979670
g228 g314 23.838130 17.979670
g228 g315 27.695770 19.051860
g228 g316 27.695770 19.051860
g228 g317 27.695770 19.051860
g228 g318 27.296140 20.954000
g228 g319 27.296140 20.954000
g228 g320 27.296140 20.954000
g228 g322 22.053110 16.591650
g228 g323 22.114930 17.526230
g228 g321 22.114930 17.526230
g228 g298 12.042970 9.465140
g267 g186 31.827840 18.474490
g267 g189 31.827840 18.474490
g267 g192 31.827840 18.474490
g267 g231 31.643160 18.485790
g267 g234 31.643160 18.485790
g267 g237 31.643160 18.485790
g267 g195 31.643160 18.485790
g267 g198 31.643160 18.485790
g267 g201 31.643160 18.485790
g267 g240 31.643160 18.485790
g267 g243 31.643160 18.485790
g267 g246 31.643160 18.485790
g267 g204 31.827840 18.474490
g267 g207 31.827840 18.474490
g267 g210 31.827840 18.474490
g267 g249 31.827840 18.474490
g267 g252 31.827840 18.474490
g267 g255 31.827840 18.474490
g267 g213 31.827840 18.474490
g267 g216 31.827840 18.474490
g267 g219 31.827840 18.474490
g267 g258 31.827840 18.474490
g267 g261 31.827840 18.474490
g267 g264 31.827840 18.474490
g267 g222 31.643160 18.485790
g267 g225 31.643160 18.485790
g267 g228 31.643160 18.485790
g267 g267 31.643160 2.187800
g267 g270 31.643160 8.954700
g267 g273 31.643160 8.954700
g267 g312 23.305660 17.823010
g267 g313 23.305660 17.823010
g267 g314 23.305660 17.823010
g267 g315 26.833300 19.384230
g267 g316 26.833300 19.384230
g267 g317 26.833300 19.384230
g267 g318 26.644560 19.576110
g267 g319 26.644560 19.576110
g267 g320 26.644560 19.576110
g267 g322 21.190640 15.213760
g267 g323 21.252460 16.148340
g267 g321 21.252460 16.148340
g267 g298 12.140590 8.728700
g270 g186 30.960560 17.607210
g270 g189 30.960560 17.607210
g270 g192 30.960560 17.607210
g270 g231 30.775880 17.618510
g270 g234 30.775880 17.618510
g270 g237 30.775880 17.618510
g270 g195 30.775880 17.618510
g270 g198 30.775880 17.618510
g270 g201 30.775880 17.618510
g270 g240 30.775880 17.618510
g270 g243 30.775880 17.618510
g270 g246 30.775880 17.618510
g270 g204 30.960560 17.607210
g270 g207 30.960560 17.607210
g270 g210 30.960560 17.607210
g270 g249 30.960560 17.607210
g270 g252 30.960560 17.607210
g270 g255 30.960560 17.607210
g270 g213 30.960560 17.607210
g270 g216 30.960560 17.607210
g270 g219 30.960560 17.607210
g270 g258 30.960560 17.607210
g270 g261 30.960560 17.607210
g270 g264 30.960560 17.607210
g270 g222 30.775880 17.618510
g270 g225 30.775880 17.618510
g270 g228 30.775880 17.618510
g270 g267 30.775880 8.087420
g270 g270 30.775880 2.187800
g270 g273 30.775880 8.087420
g270 g312 22.438380 16.955730
g270 g313 22.438380 16.955730
g270 g314 22.438380 16.955730
g270 g315 25.966020 18.516950
g270 g316 25.966020 18.516950
g270 g317 25.966020 18.516950
g270 g318 25.777280 18.708830
g270 g319 25.777280 18.708830
g270 g320 25.777280 18.708830
g270 g322 20.323360 14.346480
g270 g323 20.385180 15.281060
g270 g321 20.385180 15.281060
g270 g298 11.273310 7.861420
g273 g186 32.057840 18.704490
g273 g189 32.057840 18.704490
g273 g192 32.057840 18.704490
g273 g231 31.873160 18.715790
g273 g234 31.873160 18.715790
g273 g237 31.873160 18.715790
g273 g195 31.873160 18.715790
g273 g198 31.873160 18.715790
g273 g201 31.873160 18.715790
g273 g240 31.873160 18.715790
g273 g243 31.873160 18.715790
g273 g246 31.873160 18.715790
g273 g204 32.057840 18.704490
g273 g207 32.057840 18.704490
g273 g210 32.057840 18.704490
g273 g249 32.057840 18.704490
g273 g252 32.057840 18.704490
g273 g255 32.057840 18.704490
g273 g213 32.057840 18.704490
g273 g216 32.057840 18.704490
g273 g219 32.057840 18.704490
g273 g258 32.057840 18.704490
g273 g261 32.057840 18.704490
g273 g264 32.057840 18.704490
g273 g222 31.873160 18.715790
g273 g225 31.873160 18.715790
g273 g228 31.873160 18.715790
g273 g267 31.873160 9.184700
g273 g270 31.873160 9.184700
g273 g273 31.873160 2.187800
g273 g312 23.535660 18.053010
g273 g313 23.535660 18.053010
g273 g314 23.535660 18.053010
g273 g315 27.063300 19.614230
g273 g316 27.063300 19.614230
g273 g317 27.063300 19.614230
g273 g318 26.874560 19.806110
g273 g319 26.874560 19.806110
g273 g320 26.874560 19.806110
g273 g322 21.420640 15.443760
g273 g323 21.482460 16.378340
g273 g321 21.482460 16.378340
g273 g298 12.370590 8.958700
g92 g92 2.781020 2.136980
g92 g88 5.075830 4.330150
g92 g83 7.212490 6.466810
g92 g79 9.349150 8.603470
g92 g74 11.485810 10.740130
g92 g70 13.622470 12.876790
g92 g65 15.759130 15.013450
g92 g61 17.895790 17.150110
g92 g56 20.016050 19.270370
g92 g52 21.993380 21.993380
g92 g298 8.243060 6.803470
g88 g88 3.034740 2.390700
g88 g83 5.075830 4.330150
g88 g79 7.212490 6.466810
g88 g74 9.349150 8.603470
g88 g70 11.485810 10.740130
g88 g65 13.622470 12.876790
g88 g61 15.759130 15.013450
g88 g56 17.879390 17.133710
g88 g52 19.856720 19.856720
g88 g298 7.628280 6.349640
g83 g83 3.034740 2.390700
g83 g79 5.075830 4.330150
g83 g74 7.212490 6.466810
g83 g70 9.349150 8.603470
g83 g65 11.485810 10.740130
g83 g61 13.622470 12.876790
g83 g56 15.742730 14.997050
g83 g52 17.720060 17.720060
g83 g298 8.493550 7.214970
g79 g79 3.034740 2.390700
g79 g74 5.075830 4.330150
g79 g70 7.212490 6.466810
g79 g65 9.349150 8.603470
g79 g61 11.485810 10.740130
g79 g56 13.606070 12.860390
g79 g52 15.583400 15.583400
g79 g298 7.329850 6.051270
g74 g74 3.034740 2.390700
g74 g70 5.075830 4.330150
g74 g65 7.212490 6.466810
g74 g61 9.349150 8.603470
g74 g56 11.469410 10.723730
g74 g52 13.446740 13.446740
g74 g298 7.115220 5.734310
g70 g70 3.034740 2.390700
g70 g65 5.075830 4.330150
g70 g61 7.212490 6.466810
g70 g56 9.332750 8.587070
g70 g52 11.310080 11.310080
g70 g298 9.932260 8.492690
g65 g65 3.034740 2.390700
g65 g61 5.075830 4.330150
g65 g56 7.196090 6.450410
g65 g52 9.173420 9.173420
g65 g298 9.317520 8.038880
g61 g61 3.034740 2.390700
g61 g56 5.059470 4.313790
g61 g52 7.036800 7.036800
g61 g298 10.182970 8.904390
g56 g56 3.034740 2.390700
g56 g52 5.458590 5.458590
g56 g298 6.795250 5.516680
g52 g52 4.269330 4.269330
g52 g298 7.535590 6.257080
g180 g182 0.499980 0.499980
g182 g181 0.499980 0.499980
g182 OUTPUT 0.000000 0.000000
g182 OUTPUT 0.000000 0.000000
g182 OUTPUT 0.000000 0.000000
g182 OUTPUT 0.000000 0.000000
g181 g130 27.177020 2.433520
g181 g131 27.177020 2.433520
g181 g129 27.007020 2.612530
g181 g133 27.177020 2.433520
g181 g134 27.177020 2.433520
g181 g132 27.007020 2.612530
g181 g142 27.177020 2.433520
g181 g143 27.177020 2.433520
g181 g141 27.007020 2.612530
g181 g145 27.177020 2.433520
g181 g146 27.177020 2.433520
g181 g144 27.007020 2.612530
g181 g148 27.177020 2.433520
g181 g149 27.177020 2.433520
g181 g147 27.007020 2.612530
g181 g151 27.177020 2.433520
g181 g152 27.177020 2.433520
g181 g150 27.007020 2.612530
g181 g154 27.177020 2.433520
g181 g155 27.177020 2.433520
g181 g153 27.007020 2.612530
g181 g157 27.177020 2.433520
g181 g158 27.177020 2.433520
g181 g156 27.007020 2.612530
g181 g160 27.177020 2.433520
g181 g161 27.177020 2.433520
g181 g159 27.007020 2.612530
g181 g163 27.177020 2.433520
g181 g164 27.177020 2.433520
g181 g162 27.007020 2.612530
g181 g186 43.119250 14.861380
g181 g189 43.119250 14.861380
g181 g192 43.119250 14.861380
g181 g231 42.934570 14.872680
g181 g234 42.934570 14.872680
g181 g237 42.934570 14.872680
g181 g195 42.934570 14.872680
g181 g198 42.934570 14.872680
g181 g201 42.934570 14.872680
g181 g240 42.934570 14.872680
g181 g243 42.934570 14.872680
g181 g246 42.934570 14.872680
g181 g204 43.119250 14.861380
g181 g207 43.119250 14.861380
g181 g210 43.119250 14.861380
g181 g249 43.119250 14.861380
g181 g252 43.119250 14.861380
g181 g255 43.119250 14.861380
g181 g213 43.119250 14.861380
g181 g216 43.119250 14.861380
g181 g219 43.119250 14.861380
g181 g258 43.119250 14.861380
g181 g261 43.119250 14.861380
g181 g264 43.119250 14.861380
g181 g222 42.934570 14.872680
g181 g225 42.934570 14.872680
g181 g228 42.934570 14.872680
g181 g267 42.934570 14.872680
g181 g270 42.934570 14.872680
g181 g273 42.934570 14.872680
g181 g92 4.303470 4.303470
g181 g88 4.133470 4.133470
g181 g83 4.133470 4.133470
g181 g79 4.133470 4.133470
g181 g74 4.133470 4.133470
g181 g70 4.133470 4.133470
g181 g65 4.133470 4.133470
g181 g61 4.133470 4.133470
g181 g56 4.133470 4.133470
g181 g52 4.133470 4.133470
g181 g408 13.035710 5.135740
g181 g411 13.035710 5.135740
g181 g414 13.035710 5.135740
g181 g417 12.905570 4.635740
g181 g420 12.905570 4.635740
g181 g423 12.905570 4.635740
g181 g427 12.553510 4.354660
g181 g428 12.553510 4.354660
g181 g426 12.553510 4.354660
g181 g429 6.217800 4.562020
g181 g432 6.217800 4.562020
g181 g435 6.217800 4.562020
g181 g438 6.649940 5.293740
g181 g441 6.649940 5.293740
g181 g444 6.649940 5.293740
g181 g448 30.188360 4.215080
g181 g449 30.188360 4.215080
g181 g447 30.188360 4.215080
g181 g312 11.091920 6.810190
g181 g313 11.091920 6.810190
g181 g314 11.091920 6.810190
g181 g315 38.124710 7.123390
g181 g316 38.124710 7.123390
g181 g317 38.124710 7.123390
g181 g318 36.350490 7.504670
g181 g319 36.350490 7.504670
g181 g320 36.350490 7.504670
g181 g322 32.482050 4.544600
g181 g323 32.543870 5.479180
g181 g321 32.543870 5.479180
g181 g403 5.986790 2.674120
g181 g404 5.816790 2.768420
g181 g402 5.816790 2.946540
g181 g818 27.177020 2.433520
g181 g819 27.177020 2.433520
g181 g817 27.007020 2.612530
g181 g821 27.177020 2.433520
g181 g822 27.177020 2.433520
g181 g820 27.007020 2.612530
g181 g830 27.177020 2.433520
g181 g831 27.177020 2.433520
g181 g829 27.007020 2.612530
g181 g833 27.177020 2.433520
g181 g834 27.177020 2.433520
g181 g832 27.007020 2.612530
g181 g836 27.177020 2.433520
g181 g837 27.177020 2.433520
g181 g835 27.007020 2.612530
g181 g839 27.177020 2.433520
g181 g840 27.177020 2.433520
g181 g838 27.007020 2.612530
g181 g842 27.177020 2.433520
g181 g843 27.177020 2.433520
g181 g841 27.007020 2.612530
g181 g845 27.177020 2.433520
g181 g846 27.177020 2.433520
g181 g844 27.007020 2.612530
g181 g848 27.177020 2.433520
g181 g849 27.177020 2.433520
g181 g847 27.007020 2.612530
g181 g851 27.177020 2.433520
g181 g852 27.177020 2.433520
g181 g850 27.007020 2.612530
g181 g873 43.119250 14.861380
g181 g876 43.119250 14.861380
g181 g879 43.119250 14.861380
g181 g918 42.934570 14.872680
g181 g921 42.934570 14.872680
g181 g924 42.934570 14.872680
g181 g882 42.934570 14.872680
g181 g885 42.934570 14.872680
g181 g888 42.934570 14.872680
g181 g927 42.934570 14.872680
g181 g930 42.934570 14.872680
g181 g933 42.934570 14.872680
g181 g891 43.119250 14.861380
g181 g894 43.119250 14.861380
g181 g897 43.119250 14.861380
g181 g936 43.119250 14.861380
g181 g939 43.119250 14.861380
g181 g942 43.119250 14.861380
g181 g900 43.119250 14.861380
g181 g903 43.119250 14.861380
g181 g906 43.119250 14.861380
g181 g945 43.119250 14.861380
g181 g948 43.119250 14.861380
g181 g951 43.119250 14.861380
g181 g909 42.934570 14.872680
g181 g912 42.934570 14.872680
g181 g915 42.934570 14.872680
g181 g954 42.934570 14.872680
g181 g957 42.934570 14.872680
g181 g960 42.934570 14.872680
g181 g780 4.303470 4.303470
g181 g776 4.133470 4.133470
g181 g771 4.133470 4.133470
g181 g767 4.133470 4.133470
g181 g762 4.133470 4.133470
g181 g758 4.133470 4.133470
g181 g753 4.133470 4.133470
g181 g749 4.133470 4.133470
g181 g744 4.133470 4.133470
g181 g740 4.133470 4.133470
g181 g1095 13.035710 5.135740
g181 g1098 13.035710 5.135740
g181 g1101 13.035710 5.135740
g181 g1104 12.905570 4.635740
g181 g1107 12.905570 4.635740
g181 g1110 12.905570 4.635740
g181 g1114 12.553510 4.354660
g181 g1115 12.553510 4.354660
g181 g1113 12.553510 4.354660
g181 g1116 6.217800 4.562020
g181 g1119 6.217800 4.562020
g181 g1122 6.217800 4.562020
g181 g1125 6.649940 5.293740
g181 g1128 6.649940 5.293740
g181 g1131 6.649940 5.293740
g181 g1135 30.188360 4.215080
g181 g1136 30.188360 4.215080
g181 g1134 30.188360 4.215080
g181 g999 11.091920 6.810190
g181 g1000 11.091920 6.810190
g181 g1001 11.091920 6.810190
g181 g1002 38.124710 7.123390
g181 g1003 38.124710 7.123390
g181 g1004 38.124710 7.123390
g181 g1005 36.350490 7.504670
g181 g1006 36.350490 7.504670
g181 g1007 36.350490 7.504670
g181 g1009 32.482050 4.544600
g181 g1010 32.543870 5.479180
g181 g1008 32.543870 5.479180
g181 g1090 5.986790 2.674120
g181 g1091 5.816790 2.768420
g181 g1089 5.816790 2.946540
g181 g1512 27.177020 2.433520
g181 g1513 27.177020 2.433520
g181 g1511 27.007020 2.612530
g181 g1515 27.177020 2.433520
g181 g1516 27.177020 2.433520
g181 g1514 27.007020 2.612530
g181 g1524 27.177020 2.433520
g181 g1525 27.177020 2.433520
g181 g1523 27.007020 2.612530
g181 g1527 27.177020 2.433520
g181 g1528 27.177020 2.433520
g181 g1526 27.007020 2.612530
g181 g1530 27.177020 2.433520
g181 g1531 27.177020 2.433520
g181 g1529 27.007020 2.612530
g181 g1533 27.177020 2.433520
g181 g1534 27.177020 2.433520
g181 g1532 27.007020 2.612530
g181 g1536 27.177020 2.433520
g181 g1537 27.177020 2.433520
g181 g1535 27.007020 2.612530
g181 g1539 27.177020 2.433520
g181 g1540 27.177020 2.433520
g181 g1538 27.007020 2.612530
g181 g1542 27.177020 2.433520
g181 g1543 27.177020 2.433520
g181 g1541 27.007020 2.612530
g181 g1545 27.177020 2.433520
g181 g1546 27.177020 2.433520
g181 g1544 27.007020 2.612530
g181 g1567 43.119250 14.861380
g181 g1570 43.119250 14.861380
g181 g1573 43.119250 14.861380
g181 g1612 42.934570 14.872680
g181 g1615 42.934570 14.872680
g181 g1618 42.934570 14.872680
g181 g1576 42.934570 14.872680
g181 g1579 42.934570 14.872680
g181 g1582 42.934570 14.872680
g181 g1621 42.934570 14.872680
g181 g1624 42.934570 14.872680
g181 g1627 42.934570 14.872680
g181 g1585 43.119250 14.861380
g181 g1588 43.119250 14.861380
g181 g1591 43.119250 14.861380
g181 g1630 43.119250 14.861380
g181 g1633 43.119250 14.861380
g181 g1636 43.119250 14.861380
g181 g1594 43.119250 14.861380
g181 g1597 43.119250 14.861380
g181 g1600 43.119250 14.861380
g181 g1639 43.119250 14.861380
g181 g1642 43.119250 14.861380
g181 g1645 43.119250 14.861380
g181 g1603 42.934570 14.872680
g181 g1606 42.934570 14.872680
g181 g1609 42.934570 14.872680
g181 g1648 42.934570 14.872680
g181 g1651 42.934570 14.872680
g181 g1654 42.934570 14.872680
g181 g1466 4.303470 4.303470
g181 g1462 4.133470 4.133470
g181 g1457 4.133470 4.133470
g181 g1453 4.133470 4.133470
g181 g1448 4.133470 4.133470
g181 g1444 4.133470 4.133470
g181 g1439 4.133470 4.133470
g181 g1435 4.133470 4.133470
g181 g1430 4.133470 4.133470
g181 g1426 4.133470 4.133470
g181 g1789 13.035710 5.135740
g181 g1792 13.035710 5.135740
g181 g1795 13.035710 5.135740
g181 g1798 12.905570 4.635740
g181 g1801 12.905570 4.635740
g181 g1804 12.905570 4.635740
g181 g1808 12.553510 4.354660
g181 g1809 12.553510 4.354660
g181 g1807 12.553510 4.354660
g181 g1810 6.217800 4.562020
g181 g1813 6.217800 4.562020
g181 g1816 6.217800 4.562020
g181 g1819 6.649940 5.293740
g181 g1822 6.649940 5.293740
g181 g1825 6.649940 5.293740
g181 g1829 30.188360 4.215080
g181 g1830 30.188360 4.215080
g181 g1828 30.188360 4.215080
g181 g1693 11.091920 6.810190
g181 g1694 11.091920 6.810190
g181 g1695 11.091920 6.810190
g181 g1696 38.124710 7.123390
g181 g1697 38.124710 7.123390
g181 g1698 38.124710 7.123390
g181 g1699 36.350490 7.504670
g181 g1700 36.350490 7.504670
g181 g1701 36.350490 7.504670
g181 g1703 32.482050 4.544600
g181 g1704 32.543870 5.479180
g181 g1702 32.543870 5.479180
g181 g1784 5.986790 2.674120
g181 g1785 5.816790 2.768420
g181 g1783 5.816790 2.946540
g181 g2206 27.177020 2.433520
g181 g2207 27.177020 2.433520
g181 g2205 27.007020 2.612530
g181 g2209 27.177020 2.433520
g181 g2210 27.177020 2.433520
g181 g2208 27.007020 2.612530
g181 g2218 27.177020 2.433520
g181 g2219 27.177020 2.433520
g181 g2217 27.007020 2.612530
g181 g2221 27.177020 2.433520
g181 g2222 27.177020 2.433520
g181 g2220 27.007020 2.612530
g181 g2224 27.177020 2.433520
g181 g2225 27.177020 2.433520
g181 g2223 27.007020 2.612530
g181 g2227 27.177020 2.433520
g181 g2228 27.177020 2.433520
g181 g2226 27.007020 2.612530
g181 g2230 27.177020 2.433520
g181 g2231 27.177020 2.433520
g181 g2229 27.007020 2.612530
g181 g2233 27.177020 2.433520
g181 g2234 27.177020 2.433520
g181 g2232 27.007020 2.612530
g181 g2236 27.177020 2.433520
g181 g2237 27.177020 2.433520
g181 g2235 27.007020 2.612530
g181 g2239 27.177020 2.433520
g181 g2240 27.177020 2.433520
g181 g2238 27.007020 2.612530
g181 g2261 43.119250 14.861380
g181 g2264 43.119250 14.861380
g181 g2267 43.119250 14.861380
g181 g2306 42.934570 14.872680
g181 g2309 42.934570 14.872680
g181 g2312 42.934570 14.872680
g181 g2270 42.934570 14.872680
g181 g2273 42.934570 14.872680
g181 g2276 42.934570 14.872680
g181 g2315 42.934570 14.872680
g181 g2318 42.934570 14.872680
g181 g2321 42.934570 14.872680
g181 g2279 43.119250 14.861380
g181 g2282 43.119250 14.861380
g181 g2285 43.119250 14.861380
g181 g2324 43.119250 14.861380
g181 g2327 43.119250 14.861380
g181 g2330 43.119250 14.861380
g181 g2288 43.119250 14.861380
g181 g2291 43.119250 14.861380
g181 g2294 43.119250 14.861380
g181 g2333 43.119250 14.861380
g181 g2336 43.119250 14.861380
g181 g2339 43.119250 14.861380
g181 g2297 42.934570 14.872680
g181 g2300 42.934570 14.872680
g181 g2303 42.934570 14.872680
g181 g2342 42.934570 14.872680
g181 g2345 42.934570 14.872680
g181 g2348 42.934570 14.872680
g181 g2160 4.303470 4.303470
g181 g2156 4.133470 4.133470
g181 g2151 4.133470 4.133470
g181 g2147 4.133470 4.133470
g181 g2142 4.133470 4.133470
g181 g2138 4.133470 4.133470
g181 g2133 4.133470 4.133470
g181 g2129 4.133470 4.133470
g181 g2124 4.133470 4.133470
g181 g2120 4.133470 4.133470
g181 g2483 13.035710 5.135740
g181 g2486 13.035710 5.135740
g181 g2489 13.035710 5.135740
g181 g2492 12.905570 4.635740
g181 g2495 12.905570 4.635740
g181 g2498 12.905570 4.635740
g181 g2502 12.553510 4.354660
g181 g2503 12.553510 4.354660
g181 g2501 12.553510 4.354660
g181 g2504 6.217800 4.562020
g181 g2507 6.217800 4.562020
g181 g2510 6.217800 4.562020
g181 g2513 6.649940 5.293740
g181 g2516 6.649940 5.293740
g181 g2519 6.649940 5.293740
g181 g2523 30.188360 4.215080
g181 g2524 30.188360 4.215080
g181 g2522 30.188360 4.215080
g181 g2387 11.091920 6.810190
g181 g2388 11.091920 6.810190
g181 g2389 11.091920 6.810190
g181 g2390 38.124710 7.123390
g181 g2391 38.124710 7.123390
g181 g2392 38.124710 7.123390
g181 g2393 36.350490 7.504670
g181 g2394 36.350490 7.504670
g181 g2395 36.350490 7.504670
g181 g2397 32.482050 4.544600
g181 g2398 32.543870 5.479180
g181 g2396 32.543870 5.479180
g181 g2478 5.986790 2.674120
g181 g2479 5.816790 2.768420
g181 g2477 5.816790 2.946540
g354 g354 10.949520 1.967700
g354 g343 10.949520 8.805250
g354 g346 10.949520 8.805250
g354 g369 8.988440 8.894670
g354 g358 8.988440 8.894670
g354 g361 8.988440 8.894670
g354 g384 10.175580 8.767070
g354 g373 10.175580 8.767070
g354 g376 10.175580 8.767070
g354 g398 8.998120 8.433900
g354 g388 8.998120 8.433900
g354 g391 8.998120 8.433900
g354 g342 0.499980 0.499980
g343 g354 10.777720 8.633450
g343 g343 10.777720 1.967700
g343 g346 10.777720 8.633450
g343 g369 8.816640 8.722870
g343 g358 8.816640 8.722870
g343 g361 8.816640 8.722870
g343 g384 10.003780 8.595270
g343 g373 10.003780 8.595270
g343 g376 10.003780 8.595270
g343 g398 8.826320 8.262100
g343 g388 8.826320 8.262100
g343 g391 8.826320 8.262100
g343 g350 0.499980 0.499980
g346 g354 11.688920 9.544650
g346 g343 11.688920 9.544650
g346 g346 11.688920 1.967700
g346 g369 9.727840 9.634070
g346 g358 9.727840 9.634070
g346 g361 9.727840 9.634070
g346 g384 10.914980 9.506470
g346 g373 10.914980 9.506470
g346 g376 10.914980 9.506470
g346 g398 9.737520 9.173300
g346 g388 9.737520 9.173300
g346 g391 9.737520 9.173300
g346 g352 0.499980 0.499980
g369 g354 8.522840 8.396720
g369 g343 8.522840 8.396720
g369 g346 8.522840 8.396720
g369 g369 7.125880 1.967700
g369 g358 7.125880 7.125880
g369 g361 7.125880 7.125880
g369 g384 11.649930 8.100720
g369 g373 11.649930 8.100720
g369 g376 11.649930 8.100720
g369 g398 9.938780 9.938780
g369 g388 9.938780 9.938780
g369 g391 9.938780 9.938780
g369 g357 0.499980 0.499980
g358 g354 8.348670 8.222550
g358 g343 8.348670 8.222550
g358 g346 8.348670 8.222550
g358 g369 6.951710 6.951710
g358 g358 6.951710 1.967700
g358 g361 6.951710 6.951710
g358 g384 11.475760 7.926550
g358 g373 11.475760 7.926550
g358 g376 11.475760 7.926550
g358 g398 9.764610 9.764610
g358 g388 9.764610 9.764610
g358 g391 9.764610 9.764610
g358 g365 0.499980 0.499980
g361 g354 9.221950 9.095830
g361 g343 9.221950 9.095830
g361 g346 9.221950 9.095830
g361 g369 7.824990 7.824990
g361 g358 7.824990 7.824990
g361 g361 7.824990 1.967700
g361 g384 12.349040 8.799830
g361 g373 12.349040 8.799830
g361 g376 12.349040 8.799830
g361 g398 10.637890 10.637890
g361 g388 10.637890 10.637890
g361 g391 10.637890 10.637890
g361 g367 0.499980 0.499980
g384 g354 7.473700 6.080100
g384 g343 7.473700 6.080100
g384 g346 7.473700 6.080100
g384 g369 8.241560 6.796460
g384 g358 8.241560 6.796460
g384 g361 8.241560 6.796460
g384 g384 1.967700 1.967700
g384 g398 9.393680 9.393680
g384 g388 9.393680 9.393680
g384 g391 9.393680 9.393680
g384 g372 0.499980 0.499980
g373 g354 7.295780 5.902180
g373 g343 7.295780 5.902180
g373 g346 7.295780 5.902180
g373 g369 8.063640 6.618540
g373 g358 8.063640 6.618540
g373 g361 8.063640 6.618540
g373 g373 1.967700 1.967700
g373 g398 9.215760 9.215760
g373 g388 9.215760 9.215760
g373 g391 9.215760 9.215760
g373 g380 0.499980 0.499980
g376 g354 8.109060 6.715460
g376 g343 8.109060 6.715460
g376 g346 8.109060 6.715460
g376 g369 8.876920 7.431820
g376 g358 8.876920 7.431820
g376 g361 8.876920 7.431820
g376 g376 1.967700 1.967700
g376 g398 10.029040 10.029040
g376 g388 10.029040 10.029040
g376 g391 10.029040 10.029040
g376 g382 0.499980 0.499980
g398 g354 7.419290 6.622790
g398 g343 7.419290 6.622790
g398 g346 7.419290 6.622790
g398 g384 10.554700 9.738760
g398 g373 10.554700 9.738760
g398 g376 10.554700 9.738760
g398 g398 1.967700 1.967700
g398 g387 0.499980 0.499980
g388 g354 7.242420 6.445920
g388 g343 7.242420 6.445920
g388 g346 7.242420 6.445920
g388 g384 10.377830 9.561890
g388 g373 10.377830 9.561890
g388 g376 10.377830 9.561890
g388 g388 1.967700 1.967700
g388 g395 0.499980 0.499980
g391 g354 8.072500 7.276000
g391 g343 8.072500 7.276000
g391 g346 8.072500 7.276000
g391 g384 11.207910 10.391970
g391 g373 11.207910 10.391970
g391 g376 11.207910 10.391970
g391 g391 1.967700 1.967700
g391 g397 0.499980 0.499980
g408 g408 12.954310 2.187800
g408 g411 12.954310 8.162330
g408 g414 12.954310 8.162330
g408 g417 13.587370 11.672070
g408 g420 13.587370 11.672070
g408 g423 13.587370 11.672070
g408 g427 13.078410 9.889010
g408 g428 13.078410 9.889010
g408 g426 13.078410 9.889010
g411 g408 12.076690 7.284710
g411 g411 12.076690 2.187800
g411 g414 12.076690 7.284710
g411 g417 12.709750 10.794450
g411 g420 12.709750 10.794450
g411 g423 12.709750 10.794450
g411 g427 12.200790 9.011390
g411 g428 12.200790 9.011390
g411 g426 12.200790 9.011390
g414 g408 13.184310 8.392330
g414 g411 13.184310 8.392330
g414 g414 13.184310 2.187800
g414 g417 13.817370 11.902070
g414 g420 13.817370 11.902070
g414 g423 13.817370 11.902070
g414 g427 13.308410 10.119010
g414 g428 13.308410 10.119010
g414 g426 13.308410 10.119010
g417 g408 16.986440 13.323240
g417 g411 16.986440 13.323240
g417 g414 16.986440 13.323240
g417 g417 15.671170 2.187800
g417 g420 15.671170 9.653750
g417 g423 15.671170 9.653750
g417 g427 17.345290 11.439670
g417 g428 17.345290 11.439670
g417 g426 17.345290 11.439670
g417 g299 8.308550 8.308550
g417 g480 9.286190 9.286190
g417 g484 9.286190 9.286190
g417 g464 9.286190 9.286190
g420 g408 16.038860 12.375660
g420 g411 16.038860 12.375660
g420 g414 16.038860 12.375660
g420 g417 14.723590 8.706170
g420 g420 14.723590 2.187800
g420 g423 14.723590 8.706170
g420 g427 16.397710 10.492090
g420 g428 16.397710 10.492090
g420 g426 16.397710 10.492090
g420 g299 7.360970 7.360970
g420 g480 8.338610 8.338610
g420 g484 8.338610 8.338610
g420 g464 8.338610 8.338610
g423 g408 17.216440 13.553240
g423 g411 17.216440 13.553240
g423 g414 17.216440 13.553240
g423 g417 15.901170 9.883750
g423 g420 15.901170 9.883750
g423 g423 15.901170 2.187800
g423 g427 17.575290 11.669670
g423 g428 17.575290 11.669670
g423 g426 17.575290 11.669670
g423 g299 8.538550 8.538550
g423 g480 9.516190 9.516190
g423 g484 9.516190 9.516190
g423 g464 9.516190 9.516190
g427 g408 12.904790 10.466310
g427 g411 12.904790 10.466310
g427 g414 12.904790 10.466310
g427 g417 12.794610 10.637520
g427 g420 12.794610 10.637520
g427 g423 12.794610 10.637520
g427 g427 10.398460 2.109440
g427 g428 10.398460 7.222480
g427 g426 10.398460 7.222480
g428 g408 12.729530 10.291050
g428 g411 12.729530 10.291050
g428 g414 12.729530 10.291050
g428 g417 12.619350 10.462260
g428 g420 12.619350 10.462260
g428 g423 12.619350 10.462260
g428 g427 10.223200 7.047220
g428 g428 10.223200 2.109440
g428 g426 10.223200 7.047220
g426 g408 13.585370 11.146890
g426 g411 13.585370 11.146890
g426 g414 13.585370 11.146890
g426 g417 13.475190 11.318100
g426 g420 13.475190 11.318100
g426 g423 13.475190 11.318100
g426 g427 11.079040 7.903060
g426 g428 11.079040 7.903060
g426 g426 11.079040 2.109440
g429 g429 13.709180 2.187800
g429 g432 13.709180 8.254180
g429 g435 13.709180 8.254180
g429 g438 13.825780 12.194920
g429 g441 13.825780 12.194920
g429 g444 13.825780 12.194920
g429 g448 13.663320 10.960040
g429 g449 13.663320 10.960040
g429 g447 13.663320 10.960040
g432 g429 12.817260 7.362260
g432 g432 12.817260 2.187800
g432 g435 12.817260 7.362260
g432 g438 12.933860 11.303000
g432 g441 12.933860 11.303000
g432 g444 12.933860 11.303000
g432 g448 12.771400 10.068120
g432 g449 12.771400 10.068120
g432 g447 12.771400 10.068120
g435 g429 13.939180 8.484180
g435 g432 13.939180 8.484180
g435 g435 13.939180 2.187800
g435 g438 14.055780 12.424920
g435 g441 14.055780 12.424920
g435 g444 14.055780 12.424920
g435 g448 13.893320 11.190040
g435 g449 13.893320 11.190040
g435 g447 13.893320 11.190040
g438 g438 14.515750 2.187800
g438 g441 14.515750 8.631330
g438 g444 14.515750 8.631330
g438 g448 14.353290 11.340870
g438 g449 14.353290 11.340870
g438 g447 14.353290 11.340870
g438 g486 6.683610 6.683610
g438 g487 6.683610 6.683610
g438 g488 6.683610 6.683610
g441 g438 13.616130 7.731710
g441 g441 13.616130 2.187800
g441 g444 13.616130 7.731710
g441 g448 13.453670 10.441250
g441 g449 13.453670 10.441250
g441 g447 13.453670 10.441250
g441 g486 5.783990 5.783990
g441 g487 5.783990 5.783990
g441 g488 5.783990 5.783990
g444 g438 14.745750 8.861330
g444 g441 14.745750 8.861330
g444 g444 14.745750 2.187800
g444 g448 14.583290 11.570870
g444 g449 14.583290 11.570870
g444 g447 14.583290 11.570870
g444 g486 6.913610 6.913610
g444 g487 6.913610 6.913610
g444 g488 6.913610 6.913610
g448 g438 8.572660 7.216460
g448 g441 8.572660 7.216460
g448 g444 8.572660 7.216460
g448 g448 8.867020 2.109440
g448 g449 8.867020 6.438400
g448 g447 8.867020 6.438400
g449 g438 8.394500 7.038300
g449 g441 8.394500 7.038300
g449 g444 8.394500 7.038300
g449 g448 8.688860 6.260240
g449 g449 8.688860 2.109440
g449 g447 8.688860 6.260240
g447 g438 9.203940 7.847740
g447 g441 9.203940 7.847740
g447 g444 9.203940 7.847740
g447 g448 9.498300 7.069680
g447 g449 9.498300 7.069680
g447 g447 9.498300 2.109440
g312 g186 29.681800 12.259550
g312 g189 29.681800 12.259550
g312 g192 29.681800 12.259550
g312 g231 29.497120 13.840070
g312 g234 29.497120 13.840070
g312 g237 29.497120 13.840070
g312 g195 29.497120 15.787070
g312 g198 29.497120 15.787070
g312 g201 29.497120 15.787070
g312 g240 29.497120 17.155390
g312 g243 29.497120 17.155390
g312 g246 29.497120 17.155390
g312 g204 29.681800 17.144090
g312 g207 29.681800 17.144090
g312 g210 29.681800 17.144090
g312 g249 29.681800 17.144090
g312 g252 29.681800 17.144090
g312 g255 29.681800 17.144090
g312 g213 29.681800 17.144090
g312 g216 29.681800 17.144090
g312 g219 29.681800 17.144090
g312 g258 29.681800 17.144090
g312 g261 29.681800 17.144090
g312 g264 29.681800 17.144090
g312 g222 29.497120 17.155390
g312 g225 29.497120 17.155390
g312 g228 29.497120 17.155390
g312 g267 30.253820 17.155390
g312 g270 30.253820 17.155390
g312 g273 30.253820 17.155390
g312 g354 16.618670 13.273470
g312 g343 16.618670 13.273470
g312 g346 16.618670 13.273470
g312 g369 16.618670 13.273470
g312 g358 16.618670 13.273470
g312 g361 16.618670 13.273470
g312 g384 16.618670 13.273470
g312 g373 16.618670 13.273470
g312 g376 16.618670 13.273470
g312 g398 16.618670 13.273470
g312 g388 16.618670 13.273470
g312 g391 16.618670 13.273470
g312 g312 14.946660 2.187800
g312 g313 14.946660 9.684340
g312 g314 14.946660 9.684340
g312 g315 15.425030 12.508140
g312 g316 15.425030 12.508140
g312 g317 15.425030 12.508140
g312 g318 15.496700 11.374560
g312 g319 15.496700 11.374560
g312 g320 15.496700 11.374560
g312 g322 12.509200 10.876420
g312 g323 13.543480 10.938240
g312 g321 13.543480 10.938240
g312 g298 15.559230 9.686660
g312 g455 9.248980 9.248980
g312 g458 9.248980 9.248980
g312 g461 9.248980 9.248980
g312 g477 8.766420 8.766420
g312 g478 8.766420 8.766420
g312 g479 8.766420 8.766420
g312 g465 8.705630 8.705630
g312 g468 8.705630 8.705630
g312 g471 8.705630 8.705630
g313 g186 29.511260 12.089010
g313 g189 29.511260 12.089010
g313 g192 29.511260 12.089010
g313 g231 29.326580 13.669530
g313 g234 29.326580 13.669530
g313 g237 29.326580 13.669530
g313 g195 29.326580 15.616530
g313 g198 29.326580 15.616530
g313 g201 29.326580 15.616530
g313 g240 29.326580 16.984850
g313 g243 29.326580 16.984850
g313 g246 29.326580 16.984850
g313 g204 29.511260 16.973550
g313 g207 29.511260 16.973550
g313 g210 29.511260 16.973550
g313 g249 29.511260 16.973550
g313 g252 29.511260 16.973550
g313 g255 29.511260 16.973550
g313 g213 29.511260 16.973550
g313 g216 29.511260 16.973550
g313 g219 29.511260 16.973550
g313 g258 29.511260 16.973550
g313 g261 29.511260 16.973550
g313 g264 29.511260 16.973550
g313 g222 29.326580 16.984850
g313 g225 29.326580 16.984850
g313 g228 29.326580 16.984850
g313 g267 30.083280 16.984850
g313 g270 30.083280 16.984850
g313 g273 30.083280 16.984850
g313 g354 16.448130 13.102930
g313 g343 16.448130 13.102930
g313 g346 16.448130 13.102930
g313 g369 16.448130 13.102930
g313 g358 16.448130 13.102930
g313 g361 16.448130 13.102930
g313 g384 16.448130 13.102930
g313 g373 16.448130 13.102930
g313 g376 16.448130 13.102930
g313 g398 16.448130 13.102930
g313 g388 16.448130 13.102930
g313 g391 16.448130 13.102930
g313 g312 14.776120 9.513800
g313 g313 14.776120 2.187800
g313 g314 14.776120 9.513800
g313 g315 15.254490 12.337600
g313 g316 15.254490 12.337600
g313 g317 15.254490 12.337600
g313 g318 15.326160 11.204020
g313 g319 15.326160 11.204020
g313 g320 15.326160 11.204020
g313 g322 12.338660 10.705880
g313 g323 13.372940 10.767700
g313 g321 13.372940 10.767700
g313 g298 15.388690 9.516120
g313 g455 9.078440 9.078440
g313 g458 9.078440 9.078440
g313 g461 9.078440 9.078440
g313 g477 8.595880 8.595880
g313 g478 8.595880 8.595880
g313 g479 8.595880 8.595880
g313 g465 8.535090 8.535090
g313 g468 8.535090 8.535090
g313 g471 8.535090 8.535090
g314 g186 30.442620 13.020370
g314 g189 30.442620 13.020370
g314 g192 30.442620 13.020370
g314 g231 30.257940 14.600890
g314 g234 30.257940 14.600890
g314 g237 30.257940 14.600890
g314 g195 30.257940 16.547890
g314 g198 30.257940 16.547890
g314 g201 30.257940 16.547890
g314 g240 30.257940 17.916210
g314 g243 30.257940 17.916210
g314 g246 30.257940 17.916210
g314 g204 30.442620 17.904910
g314 g207 30.442620 17.904910
g314 g210 30.442620 17.904910
g314 g249 30.442620 17.904910
g314 g252 30.442620 17.904910
g314 g255 30.442620 17.904910
g314 g213 30.442620 17.904910
g314 g216 30.442620 17.904910
g314 g219 30.442620 17.904910
g314 g258 30.442620 17.904910
g314 g261 30.442620 17.904910
g314 g264 30.442620 17.904910
g314 g222 30.257940 17.916210
g314 g225 30.257940 17.916210
g314 g228 30.257940 17.916210
g314 g267 31.014640 17.916210
g314 g270 31.014640 17.916210
g314 g273 31.014640 17.916210
g314 g354 17.379490 14.034290
g314 g343 17.379490 14.034290
g314 g346 17.379490 14.034290
g314 g369 17.379490 14.034290
g314 g358 17.379490 14.034290
g314 g361 17.379490 14.034290
g314 g384 17.379490 14.034290
g314 g373 17.379490 14.034290
g314 g376 17.379490 14.034290
g314 g398 17.379490 14.034290
g314 g388 17.379490 14.034290
g314 g391 17.379490 14.034290
g314 g312 15.707480 10.445160
g314 g313 15.707480 10.445160
g314 g314 15.707480 2.187800
g314 g315 16.185850 13.268960
g314 g316 16.185850 13.268960
g314 g317 16.185850 13.268960
g314 g318 16.257520 12.135380
g314 g319 16.257520 12.135380
g314 g320 16.257520 12.135380
g314 g322 13.270020 11.637240
g314 g323 14.304300 11.699060
g314 g321 14.304300 11.699060
g314 g298 16.320050 10.447480
g314 g455 10.009800 10.009800
g314 g458 10.009800 10.009800
g314 g461 10.009800 10.009800
g314 g477 9.527240 9.527240
g314 g478 9.527240 9.527240
g314 g479 9.527240 9.527240
g314 g465 9.466450 9.466450
g314 g468 9.466450 9.466450
g314 g471 9.466450 9.466450
g315 g186 30.879380 10.674950
g315 g189 30.879380 10.674950
g315 g192 30.879380 10.674950
g315 g231 30.694700 12.255470
g315 g234 30.694700 12.255470
g315 g237 30.694700 12.255470
g315 g195 30.694700 14.202470
g315 g198 30.694700 14.202470
g315 g201 30.694700 14.202470
g315 g240 30.694700 17.077390
g315 g243 30.694700 17.077390
g315 g246 30.694700 17.077390
g315 g204 30.879380 16.840240
g315 g207 30.879380 16.840240
g315 g210 30.879380 16.840240
g315 g249 30.879380 18.345350
g315 g252 30.879380 18.345350
g315 g255 30.879380 18.345350
g315 g213 30.879380 16.914340
g315 g216 30.879380 16.914340
g315 g219 30.879380 16.914340
g315 g258 30.879380 18.345350
g315 g261 30.879380 18.345350
g315 g264 30.879380 18.345350
g315 g222 30.694700 17.191840
g315 g225 30.694700 17.191840
g315 g228 30.694700 17.191840
g315 g267 31.451400 18.356650
g315 g270 31.451400 18.356650
g315 g273 31.451400 18.356650
g315 g354 16.088990 12.986130
g315 g343 16.088990 12.986130
g315 g346 16.088990 12.986130
g315 g369 16.088990 12.986130
g315 g358 16.088990 12.986130
g315 g361 16.088990 12.986130
g315 g384 16.088990 12.986130
g315 g373 16.088990 12.986130
g315 g376 16.088990 12.986130
g315 g398 16.088990 12.986130
g315 g388 16.088990 12.986130
g315 g391 16.088990 12.986130
g315 g312 14.028250 11.356440
g315 g313 14.028250 11.356440
g315 g314 14.028250 11.356440
g315 g315 14.541440 2.187800
g315 g316 14.541440 8.674500
g315 g317 14.541440 8.674500
g315 g318 14.216600 11.041800
g315 g319 14.216600 11.041800
g315 g320 14.216600 11.041800
g315 g322 13.434540 10.423610
g315 g323 14.468820 10.485430
g315 g321 14.468820 10.485430
g315 g298 15.029550 8.102060
g315 g455 10.016560 10.016560
g315 g458 10.016560 10.016560
g315 g461 10.016560 10.016560
g315 g477 9.691760 9.691760
g315 g478 9.691760 9.691760
g315 g479 9.691760 9.691760
g315 g465 7.121030 7.121030
g315 g468 7.121030 7.121030
g315 g471 7.121030 7.121030
g316 g186 30.705140 10.500710
g316 g189 30.705140 10.500710
g316 g192 30.705140 10.500710
g316 g231 30.520460 12.081230
g316 g234 30.520460 12.081230
g316 g237 30.520460 12.081230
g316 g195 30.520460 14.028230
g316 g198 30.520460 14.028230
g316 g201 30.520460 14.028230
g316 g240 30.520460 16.903150
g316 g243 30.520460 16.903150
g316 g246 30.520460 16.903150
g316 g204 30.705140 16.666000
g316 g207 30.705140 16.666000
g316 g210 30.705140 16.666000
g316 g249 30.705140 18.171110
g316 g252 30.705140 18.171110
g316 g255 30.705140 18.171110
g316 g213 30.705140 16.740100
g316 g216 30.705140 16.740100
g316 g219 30.705140 16.740100
g316 g258 30.705140 18.171110
g316 g261 30.705140 18.171110
g316 g264 30.705140 18.171110
g316 g222 30.520460 17.017600
g316 g225 30.520460 17.017600
g316 g228 30.520460 17.017600
g316 g267 31.277160 18.182410
g316 g270 31.277160 18.182410
g316 g273 31.277160 18.182410
g316 g354 15.914750 12.811890
g316 g343 15.914750 12.811890
g316 g346 15.914750 12.811890
g316 g369 15.914750 12.811890
g316 g358 15.914750 12.811890
g316 g361 15.914750 12.811890
g316 g384 15.914750 12.811890
g316 g373 15.914750 12.811890
g316 g376 15.914750 12.811890
g316 g398 15.914750 12.811890
g316 g388 15.914750 12.811890
g316 g391 15.914750 12.811890
g316 g312 13.854010 11.182200
g316 g313 13.854010 11.182200
g316 g314 13.854010 11.182200
g316 g315 14.367200 8.500260
g316 g316 14.367200 2.187800
g316 g317 14.367200 8.500260
g316 g318 14.042360 10.867560
g316 g319 14.042360 10.867560
g316 g320 14.042360 10.867560
g316 g322 13.260300 10.249370
g316 g323 14.294580 10.311190
g316 g321 14.294580 10.311190
g316 g298 14.855310 7.927820
g316 g455 9.842320 9.842320
g316 g458 9.842320 9.842320
g316 g461 9.842320 9.842320
g316 g477 9.517520 9.517520
g316 g478 9.517520 9.517520
g316 g479 9.517520 9.517520
g316 g465 6.946790 6.946790
g316 g468 6.946790 6.946790
g316 g471 6.946790 6.946790
g317 g186 31.577300 11.372870
g317 g189 31.577300 11.372870
g317 g192 31.577300 11.372870
g317 g231 31.392620 12.953390
g317 g234 31.392620 12.953390
g317 g237 31.392620 12.953390
g317 g195 31.392620 14.900390
g317 g198 31.392620 14.900390
g317 g201 31.392620 14.900390
g317 g240 31.392620 17.775310
g317 g243 31.392620 17.775310
g317 g246 31.392620 17.775310
g317 g204 31.577300 17.538160
g317 g207 31.577300 17.538160
g317 g210 31.577300 17.538160
g317 g249 31.577300 19.043270
g317 g252 31.577300 19.043270
g317 g255 31.577300 19.043270
g317 g213 31.577300 17.612260
g317 g216 31.577300 17.612260
g317 g219 31.577300 17.612260
g317 g258 31.577300 19.043270
g317 g261 31.577300 19.043270
g317 g264 31.577300 19.043270
g317 g222 31.392620 17.889760
g317 g225 31.392620 17.889760
g317 g228 31.392620 17.889760
g317 g267 32.149320 19.054570
g317 g270 32.149320 19.054570
g317 g273 32.149320 19.054570
g317 g354 16.786910 13.684050
g317 g343 16.786910 13.684050
g317 g346 16.786910 13.684050
g317 g369 16.786910 13.684050
g317 g358 16.786910 13.684050
g317 g361 16.786910 13.684050
g317 g384 16.786910 13.684050
g317 g373 16.786910 13.684050
g317 g376 16.786910 13.684050
g317 g398 16.786910 13.684050
g317 g388 16.786910 13.684050
g317 g391 16.786910 13.684050
g317 g312 14.726170 12.054360
g317 g313 14.726170 12.054360
g317 g314 14.726170 12.054360
g317 g315 15.239360 9.372420
g317 g316 15.239360 9.372420
g317 g317 15.239360 2.187800
g317 g318 14.914520 11.739720
g317 g319 14.914520 11.739720
g317 g320 14.914520 11.739720
g317 g322 14.132460 11.121530
g317 g323 15.166740 11.183350
g317 g321 15.166740 11.183350
g317 g298 15.727470 8.799980
g317 g455 10.714480 10.714480
g317 g458 10.714480 10.714480
g317 g461 10.714480 10.714480
g317 g477 10.389680 10.389680
g317 g478 10.389680 10.389680
g317 g479 10.389680 10.389680
g317 g465 7.818950 7.818950
g317 g468 7.818950 7.818950
g317 g471 7.818950 7.818950
g318 g186 33.800360 16.101780
g318 g189 33.800360 16.101780
g318 g192 33.800360 16.101780
g318 g231 33.615680 17.682300
g318 g234 33.615680 17.682300
g318 g237 33.615680 17.682300
g318 g195 33.615680 19.629300
g318 g198 33.615680 19.629300
g318 g201 33.615680 19.629300
g318 g240 33.615680 21.790790
g318 g243 33.615680 21.790790
g318 g246 33.615680 21.790790
g318 g204 33.800360 21.779490
g318 g207 33.800360 21.779490
g318 g210 33.800360 21.779490
g318 g249 33.800360 21.779490
g318 g252 33.800360 21.779490
g318 g255 33.800360 21.779490
g318 g213 33.800360 21.779490
g318 g216 33.800360 21.779490
g318 g219 33.800360 21.779490
g318 g258 33.800360 21.779490
g318 g261 33.800360 21.779490
g318 g264 33.800360 21.779490
g318 g222 33.615680 21.790790
g318 g225 33.615680 21.790790
g318 g228 33.615680 21.790790
g318 g267 34.372380 21.790790
g318 g270 34.372380 21.790790
g318 g273 34.372380 21.790790
g318 g354 20.461180 16.467010
g318 g343 20.461180 16.467010
g318 g346 20.461180 16.467010
g318 g369 20.461180 16.467010
g318 g358 20.461180 16.467010
g318 g361 20.461180 16.467010
g318 g384 20.461180 16.467010
g318 g373 20.461180 16.467010
g318 g376 20.461180 16.467010
g318 g398 20.461180 16.467010
g318 g388 20.461180 16.467010
g318 g391 20.461180 16.467010
g318 g312 16.930810 13.939340
g318 g313 16.930810 13.939340
g318 g314 16.930810 13.939340
g318 g315 18.552170 13.600640
g318 g316 18.552170 13.600640
g318 g317 18.552170 13.600640
g318 g318 18.958010 2.187800
g318 g319 18.958010 13.145260
g318 g320 18.958010 13.145260
g318 g322 16.218760 13.188150
g318 g323 17.253040 13.249970
g318 g321 17.253040 13.249970
g318 g298 19.401740 13.528890
g318 g455 12.442520 12.442520
g318 g458 12.442520 12.442520
g318 g461 12.442520 12.442520
g318 g477 12.475980 12.475980
g318 g478 12.475980 12.475980
g318 g479 12.475980 12.475980
g318 g465 12.548140 12.548140
g318 g468 12.548140 12.548140
g318 g471 12.548140 12.548140
g319 g186 33.640380 15.941800
g319 g189 33.640380 15.941800
g319 g192 33.640380 15.941800
g319 g231 33.455700 17.522320
g319 g234 33.455700 17.522320
g319 g237 33.455700 17.522320
g319 g195 33.455700 19.469320
g319 g198 33.455700 19.469320
g319 g201 33.455700 19.469320
g319 g240 33.455700 21.630810
g319 g243 33.455700 21.630810
g319 g246 33.455700 21.630810
g319 g204 33.640380 21.619510
g319 g207 33.640380 21.619510
g319 g210 33.640380 21.619510
g319 g249 33.640380 21.619510
g319 g252 33.640380 21.619510
g319 g255 33.640380 21.619510
g319 g213 33.640380 21.619510
g319 g216 33.640380 21.619510
g319 g219 33.640380 21.619510
g319 g258 33.640380 21.619510
g319 g261 33.640380 21.619510
g319 g264 33.640380 21.619510
g319 g222 33.455700 21.630810
g319 g225 33.455700 21.630810
g319 g228 33.455700 21.630810
g319 g267 34.212400 21.630810
g319 g270 34.212400 21.630810
g319 g273 34.212400 21.630810
g319 g354 20.301200 16.307030
g319 g343 20.301200 16.307030
g319 g346 20.301200 16.307030
g319 g369 20.301200 16.307030
g319 g358 20.301200 16.307030
g319 g361 20.301200 16.307030
g319 g384 20.301200 16.307030
g319 g373 20.301200 16.307030
g319 g376 20.301200 16.307030
g319 g398 20.301200 16.307030
g319 g388 20.301200 16.307030
g319 g391 20.301200 16.307030
g319 g312 16.770830 13.779360
g319 g313 16.770830 13.779360
g319 g314 16.770830 13.779360
g319 g315 18.392190 13.440660
g319 g316 18.392190 13.440660
g319 g317 18.392190 13.440660
g319 g318 18.798030 12.985280
g319 g319 18.798030 2.187800
g319 g320 18.798030 12.985280
g319 g322 16.058780 13.028170
g319 g323 17.093060 13.089990
g319 g321 17.093060 13.089990
g319 g298 19.241760 13.368910
g319 g455 12.282540 12.282540
g319 g458 12.282540 12.282540
g319 g461 12.282540 12.282540
g319 g477 12.316000 12.316000
g319 g478 12.316000 12.316000
g319 g479 12.316000 12.316000
g319 g465 12.388160 12.388160
g319 g468 12.388160 12.388160
g319 g471 12.388160 12.388160
g320 g186 34.740700 17.042120
g320 g189 34.740700 17.042120
g320 g192 34.740700 17.042120
g320 g231 34.556020 18.622640
g320 g234 34.556020 18.622640
g320 g237 34.556020 18.622640
g320 g195 34.556020 20.569640
g320 g198 34.556020 20.569640
g320 g201 34.556020 20.569640
g320 g240 34.556020 22.731130
g320 g243 34.556020 22.731130
g320 g246 34.556020 22.731130
g320 g204 34.740700 22.719830
g320 g207 34.740700 22.719830
g320 g210 34.740700 22.719830
g320 g249 34.740700 22.719830
g320 g252 34.740700 22.719830
g320 g255 34.740700 22.719830
g320 g213 34.740700 22.719830
g320 g216 34.740700 22.719830
g320 g219 34.740700 22.719830
g320 g258 34.740700 22.719830
g320 g261 34.740700 22.719830
g320 g264 34.740700 22.719830
g320 g222 34.556020 22.731130
g320 g225 34.556020 22.731130
g320 g228 34.556020 22.731130
g320 g267 35.312720 22.731130
g320 g270 35.312720 22.731130
g320 g273 35.312720 22.731130
g320 g354 21.401520 17.407350
g320 g343 21.401520 17.407350
g320 g346 21.401520 17.407350
g320 g369 21.401520 17.407350
g320 g358 21.401520 17.407350
g320 g361 21.401520 17.407350
g320 g384 21.401520 17.407350
g320 g373 21.401520 17.407350
g320 g376 21.401520 17.407350
g320 g398 21.401520 17.407350
g320 g388 21.401520 17.407350
g320 g391 21.401520 17.407350
g320 g312 17.871150 14.879680
g320 g313 17.871150 14.879680
g320 g314 17.871150 14.879680
g320 g315 19.492510 14.540980
g320 g316 19.492510 14.540980
g320 g317 19.492510 14.540980
g320 g318 19.898350 14.085600
g320 g319 19.898350 14.085600
g320 g320 19.898350 2.187800
g320 g322 17.159100 14.128490
g320 g323 18.193380 14.190310
g320 g321 18.193380 14.190310
g320 g298 20.342080 14.469230
g320 g455 13.382860 13.382860
g320 g458 13.382860 13.382860
g320 g461 13.382860 13.382860
g320 g477 13.416320 13.416320
g320 g478 13.416320 13.416320
g320 g479 13.416320 13.416320
g320 g465 13.488480 13.488480
g320 g468 13.488480 13.488480
g320 g471 13.488480 13.488480
g322 g186 17.525250 15.112120
g322 g189 17.525250 15.112120
g322 g192 17.525250 15.112120
g322 g231 17.340570 15.123420
g322 g234 17.340570 15.123420
g322 g237 17.340570 15.123420
g322 g195 17.340570 15.123420
g322 g198 17.340570 15.123420
g322 g201 17.340570 15.123420
g322 g240 17.340570 15.123420
g322 g243 17.340570 15.123420
g322 g246 17.340570 15.123420
g322 g204 17.525250 15.112120
g322 g207 17.525250 15.112120
g322 g210 17.525250 15.112120
g322 g249 17.525250 15.112120
g322 g252 17.525250 15.112120
g322 g255 17.525250 15.112120
g322 g213 17.525250 15.112120
g322 g216 17.525250 15.112120
g322 g219 17.525250 15.112120
g322 g258 17.525250 15.112120
g322 g261 17.525250 15.112120
g322 g264 17.525250 15.112120
g322 g222 17.340570 15.123420
g322 g225 17.340570 15.123420
g322 g228 17.340570 15.123420
g322 g267 17.340570 15.123420
g322 g270 17.340570 15.123420
g322 g273 17.340570 15.123420
g322 g315 13.954630 10.711400
g322 g316 13.954630 10.711400
g322 g317 13.954630 10.711400
g322 g322 1.967700 1.967700
g323 g186 17.349130 14.936000
g323 g189 17.349130 14.936000
g323 g192 17.349130 14.936000
g323 g231 17.164450 14.947300
g323 g234 17.164450 14.947300
g323 g237 17.164450 14.947300
g323 g195 17.164450 14.947300
g323 g198 17.164450 14.947300
g323 g201 17.164450 14.947300
g323 g240 17.164450 14.947300
g323 g243 17.164450 14.947300
g323 g246 17.164450 14.947300
g323 g204 17.349130 14.936000
g323 g207 17.349130 14.936000
g323 g210 17.349130 14.936000
g323 g249 17.349130 14.936000
g323 g252 17.349130 14.936000
g323 g255 17.349130 14.936000
g323 g213 17.349130 14.936000
g323 g216 17.349130 14.936000
g323 g219 17.349130 14.936000
g323 g258 17.349130 14.936000
g323 g261 17.349130 14.936000
g323 g264 17.349130 14.936000
g323 g222 17.164450 14.947300
g323 g225 17.164450 14.947300
g323 g228 17.164450 14.947300
g323 g267 17.164450 14.947300
g323 g270 17.164450 14.947300
g323 g273 17.164450 14.947300
g323 g315 13.778510 10.535280
g323 g316 13.778510 10.535280
g323 g317 13.778510 10.535280
g323 g323 1.967700 1.967700
g321 g186 18.191210 15.778080
g321 g189 18.191210 15.778080
g321 g192 18.191210 15.778080
g321 g231 18.006530 15.789380
g321 g234 18.006530 15.789380
g321 g237 18.006530 15.789380
g321 g195 18.006530 15.789380
g321 g198 18.006530 15.789380
g321 g201 18.006530 15.789380
g321 g240 18.006530 15.789380
g321 g243 18.006530 15.789380
g321 g246 18.006530 15.789380
g321 g204 18.191210 15.778080
g321 g207 18.191210 15.778080
g321 g210 18.191210 15.778080
g321 g249 18.191210 15.778080
g321 g252 18.191210 15.778080
g321 g255 18.191210 15.778080
g321 g213 18.191210 15.778080
g321 g216 18.191210 15.778080
g321 g219 18.191210 15.778080
g321 g258 18.191210 15.778080
g321 g261 18.191210 15.778080
g321 g264 18.191210 15.778080
g321 g222 18.006530 15.789380
g321 g225 18.006530 15.789380
g321 g228 18.006530 15.789380
g321 g267 18.006530 15.789380
g321 g270 18.006530 15.789380
g321 g273 18.006530 15.789380
g321 g315 14.620590 11.377360
g321 g316 14.620590 11.377360
g321 g317 14.620590 11.377360
g321 g321 1.967700 1.967700
g403 g186 17.744710 15.655910
g403 g189 17.744710 15.655910
g403 g192 17.744710 15.655910
g403 g231 17.560030 15.667210
g403 g234 17.560030 15.667210
g403 g237 17.560030 15.667210
g403 g195 17.560030 15.667210
g403 g198 17.560030 15.667210
g403 g201 17.560030 15.667210
g403 g240 17.560030 15.667210
g403 g243 17.560030 15.667210
g403 g246 17.560030 15.667210
g403 g204 17.744710 15.655910
g403 g207 17.744710 15.655910
g403 g210 17.744710 15.655910
g403 g249 17.744710 15.655910
g403 g252 17.744710 15.655910
g403 g255 17.744710 15.655910
g403 g213 17.744710 15.655910
g403 g216 17.744710 15.655910
g403 g219 17.744710 15.655910
g403 g258 17.744710 15.655910
g403 g261 17.744710 15.655910
g403 g264 17.744710 15.655910
g403 g222 17.560030 15.667210
g403 g225 17.560030 15.667210
g403 g228 17.560030 15.667210
g403 g267 17.560030 15.667210
g403 g270 17.560030 15.667210
g403 g273 17.560030 15.667210
g403 g312 6.626530 6.626530
g403 g313 6.626530 6.626530
g403 g314 6.626530 6.626530
g403 g315 6.939730 6.939730
g403 g316 6.939730 6.939730
g403 g317 6.939730 6.939730
g403 g318 7.321010 7.321010
g403 g319 7.321010 7.321010
g403 g320 7.321010 7.321010
g403 g403 6.258970 2.109440
g403 g404 6.088970 6.088970
g403 g402 6.088970 6.088970
g404 g186 17.566500 15.477700
g404 g189 17.566500 15.477700
g404 g192 17.566500 15.477700
g404 g231 17.381820 15.489000
g404 g234 17.381820 15.489000
g404 g237 17.381820 15.489000
g404 g195 17.381820 15.489000
g404 g198 17.381820 15.489000
g404 g201 17.381820 15.489000
g404 g240 17.381820 15.489000
g404 g243 17.381820 15.489000
g404 g246 17.381820 15.489000
g404 g204 17.566500 15.477700
g404 g207 17.566500 15.477700
g404 g210 17.566500 15.477700
g404 g249 17.566500 15.477700
g404 g252 17.566500 15.477700
g404 g255 17.566500 15.477700
g404 g213 17.566500 15.477700
g404 g216 17.566500 15.477700
g404 g219 17.566500 15.477700
g404 g258 17.566500 15.477700
g404 g261 17.566500 15.477700
g404 g264 17.566500 15.477700
g404 g222 17.381820 15.489000
g404 g225 17.381820 15.489000
g404 g228 17.381820 15.489000
g404 g267 17.381820 15.489000
g404 g270 17.381820 15.489000
g404 g273 17.381820 15.489000
g404 g312 6.448320 6.448320
g404 g313 6.448320 6.448320
g404 g314 6.448320 6.448320
g404 g315 6.761520 6.761520
g404 g316 6.761520 6.761520
g404 g317 6.761520 6.761520
g404 g318 7.142800 7.142800
g404 g319 7.142800 7.142800
g404 g320 7.142800 7.142800
g404 g403 6.080760 6.080760
g404 g404 5.910760 2.109440
g404 g402 5.910760 5.910760
g402 g186 18.375140 16.286340
g402 g189 18.375140 16.286340
g402 g192 18.375140 16.286340
g402 g231 18.190460 16.297640
g402 g234 18.190460 16.297640
g402 g237 18.190460 16.297640
g402 g195 18.190460 16.297640
g402 g198 18.190460 16.297640
g402 g201 18.190460 16.297640
g402 g240 18.190460 16.297640
g402 g243 18.190460 16.297640
g402 g246 18.190460 16.297640
g402 g204 18.375140 16.286340
g402 g207 18.375140 16.286340
g402 g210 18.375140 16.286340
g402 g249 18.375140 16.286340
g402 g252 18.375140 16.286340
g402 g255 18.375140 16.286340
g402 g213 18.375140 16.286340
g402 g216 18.375140 16.286340
g402 g219 18.375140 16.286340
g402 g258 18.375140 16.286340
g402 g261 18.375140 16.286340
g402 g264 18.375140 16.286340
g402 g222 18.190460 16.297640
g402 g225 18.190460 16.297640
g402 g228 18.190460 16.297640
g402 g267 18.190460 16.297640
g402 g270 18.190460 16.297640
g402 g273 18.190460 16.297640
g402 g312 7.256960 7.256960
g402 g313 7.256960 7.256960
g402 g314 7.256960 7.256960
g402 g315 7.570160 7.570160
g402 g316 7.570160 7.570160
g402 g317 7.570160 7.570160
g402 g318 7.951440 7.951440
g402 g319 7.951440 7.951440
g402 g320 7.951440 7.951440
g402 g403 6.889400 6.889400
g402 g404 6.719400 6.719400
g402 g402 6.719400 2.109440
g450 g451 0.499980 0.499980
g451 g529 0.999960 0.999960
g452 g453 0.499980 0.499980
g453 g530 0.999960 0.999960
g454 g279 0.499980 0.499980
g279 g531 0.999960 0.999960
g280 g281 0.499980 0.499980
g281 g532 0.999960 0.999960
g282 g283 0.499980 0.499980
g283 g533 0.999960 0.999960
g284 g285 0.499980 0.499980
g285 g534 0.999960 0.999960
g286 g287 0.499980 0.499980
g287 g536 0.999960 0.999960
g288 g289 0.499980 0.499980
g289 g537 0.999960 0.999960
g290 g291 0.499980 0.499980
g291 g538 1.769440 1.769440
g291 g541 0.999960 0.999960
g299 g305 2.501600 2.367260
g299 g992 5.190900 5.056560
g299 g1686 7.860970 7.726630
g299 g2380 10.099850 9.965510
g305 g305 3.745320 3.745320
g305 g538 2.257680 2.257680
g305 g992 6.434620 6.434620
g305 g1686 9.104690 9.104690
g305 g2380 11.343570 11.343570
g298 g305 3.173580 3.173580
g298 g992 5.862880 5.862880
g298 g1686 8.532950 8.532950
g298 g2380 10.771830 10.771830
g342 g349 0.499980 0.499980
g349 g614 21.236810 16.154950
g349 g617 21.236810 16.154950
g349 g620 21.236810 16.154950
g349 g605 21.141460 16.080930
g349 g608 21.141460 16.080930
g349 g611 21.141460 16.080930
g350 g351 0.499980 0.499980
g351 g614 20.237310 15.155450
g351 g617 20.237310 15.155450
g351 g620 20.237310 15.155450
g351 g605 20.141960 15.081430
g351 g608 20.141960 15.081430
g351 g611 20.141960 15.081430
g352 g353 0.499980 0.499980
g353 g614 21.466810 16.384950
g353 g617 21.466810 16.384950
g353 g620 21.466810 16.384950
g353 g605 21.371460 16.310930
g353 g608 21.371460 16.310930
g353 g611 21.371460 16.310930
g357 g364 0.499980 0.499980
g364 g614 21.035510 15.876490
g364 g617 21.035510 15.876490
g364 g620 21.035510 15.876490
g364 g605 20.940160 15.802470
g364 g608 20.940160 15.802470
g364 g611 20.940160 15.802470
g365 g366 0.499980 0.499980
g366 g614 20.030510 14.871490
g366 g617 20.030510 14.871490
g366 g620 20.030510 14.871490
g366 g605 19.935160 14.797470
g366 g608 19.935160 14.797470
g366 g611 19.935160 14.797470
g367 g368 0.499980 0.499980
g368 g614 21.265510 16.106490
g368 g617 21.265510 16.106490
g368 g620 21.265510 16.106490
g368 g605 21.170160 16.032470
g368 g608 21.170160 16.032470
g368 g611 21.170160 16.032470
g372 g379 0.499980 0.499980
g379 g614 18.972290 15.401790
g379 g617 18.972290 15.401790
g379 g620 18.972290 15.401790
g379 g605 18.876940 15.327770
g379 g608 18.876940 15.327770
g379 g611 18.876940 15.327770
g380 g381 0.499980 0.499980
g381 g614 17.999630 14.429130
g381 g617 17.999630 14.429130
g381 g620 17.999630 14.429130
g381 g605 17.904280 14.355110
g381 g608 17.904280 14.355110
g381 g611 17.904280 14.355110
g382 g383 0.499980 0.499980
g383 g614 19.202290 15.631790
g383 g617 19.202290 15.631790
g383 g620 19.202290 15.631790
g383 g605 19.106940 15.557770
g383 g608 19.106940 15.557770
g383 g611 19.106940 15.557770
g387 g394 0.499980 0.499980
g394 g614 16.545780 13.344700
g394 g617 16.545780 13.344700
g394 g620 16.545780 13.344700
g394 g605 16.450430 13.249350
g394 g608 16.450430 13.249350
g394 g611 16.450430 13.249350
g395 g396 0.499980 0.499980
g396 g614 15.657600 12.456520
g396 g617 15.657600 12.456520
g396 g620 15.657600 12.456520
g396 g605 15.562250 12.361170
g396 g608 15.562250 12.361170
g396 g611 15.562250 12.361170
g397 g324 0.499980 0.499980
g324 g614 16.775780 13.574700
g324 g617 16.775780 13.574700
g324 g620 16.775780 13.574700
g324 g605 16.680430 13.479350
g324 g608 16.680430 13.479350
g324 g611 16.680430 13.479350
g554 g554 2.187800 2.187800
g554 g557 1.567620 1.567620
g557 g557 2.736260 2.736260
g557 g510 2.506260 2.506260
g557 g3043 13.412030 7.297460
g557 g3044 13.412030 7.297460
g557 g3045 13.412030 7.297460
g557 g3046 13.412030 7.297460
g557 g3047 13.412030 7.297460
g557 g3048 13.412030 7.297460
g557 g3049 13.412030 7.297460
g557 g3050 13.412030 7.297460
g557 g3051 11.390940 2.192540
g510 g510 2.928320 2.928320
g510 g576 8.452470 6.347110
g510 g577 9.486750 8.866570
g510 g575 9.486750 8.866570
g510 g579 9.486750 8.866570
g510 g580 9.486750 8.866570
g510 g578 9.486750 8.866570
g510 g582 9.601410 8.787370
g510 g583 9.601410 8.787370
g510 g581 9.601410 8.787370
g510 g585 9.486750 8.866570
g510 g586 9.486750 8.866570
g510 g584 9.486750 8.866570
g510 g490 7.691800 6.335600
g510 g493 7.691800 6.335600
g510 g496 7.691800 6.335600
g510 g507 6.518930 6.518930
g510 g630 2.698320 2.698320
g510 g3043 14.608130 7.465850
g510 g3044 14.608130 7.465850
g510 g3045 14.608130 7.465850
g510 g3046 14.608130 7.465850
g510 g3047 14.608130 7.465850
g510 g3048 14.608130 7.465850
g510 g3049 14.608130 7.465850
g510 g3050 14.608130 7.465850
g510 g3051 11.699250 2.880520
g513 g523 0.499980 0.499980
g523 g524 0.499980 0.499980
g524 g587 5.300680 5.300680
g524 g590 5.300680 5.300680
g524 g593 5.300680 5.300680
g524 g614 8.744780 8.744780
g524 g617 8.744780 8.744780
g524 g620 8.744780 8.744780
g524 g605 8.870080 8.494580
g524 g608 8.870080 8.494580
g524 g611 8.870080 8.494580
g564 g569 0.499980 0.499980
g569 g513 2.820730 2.820730
g569 g587 6.593730 6.593730
g569 g590 6.593730 6.593730
g569 g593 6.593730 6.593730
g569 g614 10.037830 10.037830
g569 g617 10.037830 10.037830
g569 g620 10.037830 10.037830
g569 g605 10.163130 9.787630
g569 g608 10.163130 9.787630
g569 g611 10.163130 9.787630
g570 g571 0.499980 0.499980
g571 g513 2.052230 2.052230
g571 g587 5.825230 5.825230
g571 g590 5.825230 5.825230
g571 g593 5.825230 5.825230
g571 g614 9.269330 9.269330
g571 g617 9.269330 9.269330
g571 g620 9.269330 9.269330
g571 g605 9.394630 9.019130
g571 g608 9.394630 9.019130
g571 g611 9.394630 9.019130
g572 g573 0.499980 0.499980
g573 g513 3.050730 3.050730
g573 g587 6.823730 6.823730
g573 g590 6.823730 6.823730
g573 g593 6.823730 6.823730
g573 g614 10.267830 10.267830
g573 g617 10.267830 10.267830
g573 g620 10.267830 10.267830
g573 g605 10.393130 10.017630
g573 g608 10.393130 10.017630
g573 g611 10.393130 10.017630
g574 g565 0.499980 0.499980
g565 g528 2.820730 2.820730
g565 g596 6.593730 6.593730
g565 g599 6.593730 6.593730
g565 g602 6.593730 6.593730
g565 g614 10.037930 9.807130
g565 g617 10.037930 9.807130
g565 g620 10.037930 9.807130
g565 g605 10.296270 10.296270
g565 g608 10.296270 10.296270
g565 g611 10.296270 10.296270
g566 g567 0.499980 0.499980
g567 g528 2.052230 2.052230
g567 g596 5.825230 5.825230
g567 g599 5.825230 5.825230
g567 g602 5.825230 5.825230
g567 g614 9.269430 9.038630
g567 g617 9.269430 9.038630
g567 g620 9.269430 9.038630
g567 g605 9.527770 9.527770
g567 g608 9.527770 9.527770
g567 g611 9.527770 9.527770
g568 g489 0.499980 0.499980
g489 g528 3.050730 3.050730
g489 g596 6.823730 6.823730
g489 g599 6.823730 6.823730
g489 g602 6.823730 6.823730
g489 g614 10.267930 10.037130
g489 g617 10.267930 10.037130
g489 g620 10.267930 10.037130
g489 g605 10.526270 10.526270
g489 g608 10.526270 10.526270
g489 g611 10.526270 10.526270
g486 g486 2.187800 2.187800
g486 g558 2.998280 2.998280
g487 g487 2.187800 2.187800
g487 g558 2.543880 2.543880
g488 g488 2.391740 2.391740
g488 g558 2.289620 2.289620
g455 g564 0.499980 0.499980
g455 g455 2.187800 2.187800
g458 g570 0.499980 0.499980
g458 g458 2.187800 2.187800
g461 g572 0.499980 0.499980
g461 g461 2.187800 2.187800
g477 g477 2.187800 2.187800
g477 g543 2.998280 2.998280
g478 g478 2.187800 2.187800
g478 g543 2.543880 2.543880
g479 g479 2.391740 2.391740
g479 g543 2.289620 2.289620
g480 g480 2.187800 2.187800
g480 g549 2.998280 2.998280
g484 g484 2.187800 2.187800
g484 g549 2.543880 2.543880
g464 g464 2.391740 2.391740
g464 g549 2.289620 2.289620
g465 g574 0.499980 0.499980
g465 g465 2.187800 2.187800
g468 g566 0.499980 0.499980
g468 g468 2.187800 2.187800
g471 g568 0.499980 0.499980
g471 g471 2.187800 2.187800
g528 g535 0.499980 0.499980
g535 g542 0.499980 0.499980
g542 g596 5.300680 5.300680
g542 g599 5.300680 5.300680
g542 g602 5.300680 5.300680
g542 g614 8.744880 8.514080
g542 g617 8.744880 8.514080
g542 g620 8.744880 8.514080
g542 g605 9.003220 9.003220
g542 g608 9.003220 9.003220
g542 g611 9.003220 9.003220
g543 g544 0.499980 0.499980
g544 g3097 4.356300 4.356300
g544 g3098 4.356300 4.356300
g544 g3099 4.356300 4.356300
g544 g3100 8.651540 8.651540
g544 g3101 8.651540 8.651540
g544 g3102 8.651540 8.651540
g544 g3103 12.946780 12.946780
g544 g3104 12.946780 12.946780
g544 g3105 12.946780 12.946780
g544 g3106 16.819780 16.819780
g544 g3107 16.819780 16.819780
g544 g3108 16.819780 16.819780
g544 g548 3.878640 3.878640
g544 g1234 8.173880 8.173880
g544 g1928 12.469120 12.469120
g544 g2622 16.342120 16.342120
g544 g3043 13.049750 9.050870
g544 g3044 13.146330 9.050870
g544 g3045 13.049750 9.050870
g544 g3046 13.146330 9.050870
g544 g3047 13.049750 9.050870
g544 g3048 13.146330 9.050870
g544 g3049 13.162450 9.050870
g544 g3050 13.259030 9.050870
g544 g3051 22.858610 13.564790
g544 g3052 19.886580 15.351990
g544 g3053 19.965780 15.351990
g544 g3055 19.886580 15.351990
g544 g3056 19.965780 15.351990
g544 g3057 19.886580 15.351990
g544 g3058 19.965780 15.351990
g544 g3059 20.008760 15.351990
g544 g3060 20.087960 15.351990
g544 g3061 29.678060 20.301510
g544 g3062 24.181820 19.647230
g544 g3063 24.261020 19.647230
g544 g3064 24.181820 19.647230
g544 g3065 24.261020 19.647230
g544 g3066 24.181820 19.647230
g544 g3067 24.261020 19.647230
g544 g3068 24.304000 19.647230
g544 g3069 24.383200 19.647230
g544 g3070 33.973300 24.596750
g544 g3071 28.054820 23.520230
g544 g3072 28.134020 23.520230
g544 g3073 28.054820 23.520230
g544 g3074 28.134020 23.520230
g544 g3075 28.054820 23.520230
g544 g3076 28.134020 23.520230
g544 g3077 28.177000 23.520230
g544 g3078 28.256200 23.520230
g544 g2997 37.846300 28.469750
g548 g3097 6.262480 6.262480
g548 g3098 6.262480 6.262480
g548 g3099 6.262480 6.262480
g548 g3100 10.557720 10.557720
g548 g3101 10.557720 10.557720
g548 g3102 10.557720 10.557720
g548 g3103 14.852960 14.852960
g548 g3104 14.852960 14.852960
g548 g3105 14.852960 14.852960
g548 g3106 18.725960 18.725960
g548 g3107 18.725960 18.725960
g548 g3108 18.725960 18.725960
g548 g548 5.784820 5.784820
g548 g1234 10.080060 10.080060
g548 g1928 14.375300 14.375300
g548 g2622 18.248300 18.248300
g548 g3043 14.955930 10.957050
g548 g3044 15.052510 10.957050
g548 g3045 14.955930 10.957050
g548 g3046 15.052510 10.957050
g548 g3047 14.955930 10.957050
g548 g3048 15.052510 10.957050
g548 g3049 15.068630 10.957050
g548 g3050 15.165210 10.957050
g548 g3051 24.764790 15.470970
g548 g3052 21.792760 17.258170
g548 g3053 21.871960 17.258170
g548 g3055 21.792760 17.258170
g548 g3056 21.871960 17.258170
g548 g3057 21.792760 17.258170
g548 g3058 21.871960 17.258170
g548 g3059 21.914940 17.258170
g548 g3060 21.994140 17.258170
g548 g3061 31.584240 22.207690
g548 g3062 26.088000 21.553410
g548 g3063 26.167200 21.553410
g548 g3064 26.088000 21.553410
g548 g3065 26.167200 21.553410
g548 g3066 26.088000 21.553410
g548 g3067 26.167200 21.553410
g548 g3068 26.210180 21.553410
g548 g3069 26.289380 21.553410
g548 g3070 35.879480 26.502930
g548 g3071 29.961000 25.426410
g548 g3072 30.040200 25.426410
g548 g3073 29.961000 25.426410
g548 g3074 30.040200 25.426410
g548 g3075 29.961000 25.426410
g548 g3076 30.040200 25.426410
g548 g3077 30.083180 25.426410
g548 g3078 30.162380 25.426410
g548 g2997 39.752480 30.375930
g549 g499 0.499980 0.499980
g499 g3097 5.352460 5.005500
g499 g3098 5.352460 5.005500
g499 g3099 5.352460 5.005500
g499 g3100 9.647700 9.300740
g499 g3101 9.647700 9.300740
g499 g3102 9.647700 9.300740
g499 g3103 13.942940 13.595980
g499 g3104 13.942940 13.595980
g499 g3105 13.942940 13.595980
g499 g3106 17.815940 17.468980
g499 g3107 17.815940 17.468980
g499 g3108 17.815940 17.468980
g499 g3155 2.553780 2.553780
g499 g3158 2.553780 2.553780
g499 g3161 2.553780 2.553780
g499 g548 4.874800 4.527840
g499 g506 0.499980 0.499980
g499 g1234 9.170040 8.823080
g499 g1928 13.465280 13.118320
g499 g2622 17.338280 16.991320
g499 g3043 14.045910 4.208150
g499 g3044 14.142490 4.543350
g499 g3045 14.045910 4.452930
g499 g3046 14.142490 4.208150
g499 g3047 14.045910 4.452930
g499 g3048 14.142490 4.543350
g499 g3049 14.158610 4.452930
g499 g3050 14.255190 4.543350
g499 g3051 23.854770 5.055100
g499 g3052 20.882740 16.001190
g499 g3053 20.961940 16.001190
g499 g3055 20.882740 16.001190
g499 g3056 20.961940 16.001190
g499 g3057 20.882740 16.001190
g499 g3058 20.961940 16.001190
g499 g3059 21.004920 16.001190
g499 g3060 21.084120 16.001190
g499 g3061 30.674220 20.950710
g499 g3062 25.177980 20.296430
g499 g3063 25.257180 20.296430
g499 g3064 25.177980 20.296430
g499 g3065 25.257180 20.296430
g499 g3066 25.177980 20.296430
g499 g3067 25.257180 20.296430
g499 g3068 25.300160 20.296430
g499 g3069 25.379360 20.296430
g499 g3070 34.969460 25.245950
g499 g3071 29.050980 24.169430
g499 g3072 29.130180 24.169430
g499 g3073 29.050980 24.169430
g499 g3074 29.130180 24.169430
g499 g3075 29.050980 24.169430
g499 g3076 29.130180 24.169430
g499 g3077 29.173160 24.169430
g499 g3078 29.252360 24.169430
g499 g2997 38.842460 29.118950
g558 g559 0.499980 0.499980
g559 g3210 2.347860 2.347860
g559 g3211 2.347860 2.347860
g559 g3084 2.347860 2.347860
g559 g3043 10.704560 6.705680
g559 g3044 10.801140 6.705680
g559 g3045 10.704560 6.705680
g559 g3046 10.801140 6.705680
g559 g3047 10.704560 6.705680
g559 g3048 10.801140 6.705680
g559 g3049 10.817260 6.705680
g559 g3050 10.913840 6.705680
g559 g3051 20.513420 11.219600
g576 g576 12.969190 1.967700
g576 g577 12.969190 10.971150
g576 g575 12.969190 10.971150
g576 g579 10.946280 10.344270
g576 g580 10.946280 10.344270
g576 g578 10.946280 10.344270
g576 g582 13.857860 11.040180
g576 g583 13.857860 11.040180
g576 g581 13.857860 11.040180
g576 g585 13.197480 10.599800
g576 g586 13.197480 10.599800
g576 g584 13.197480 10.599800
g576 g614 21.100180 14.731200
g576 g617 21.100180 14.731200
g576 g620 21.100180 14.731200
g576 g605 21.004830 14.657180
g576 g608 21.004830 14.657180
g576 g611 21.004830 14.657180
g577 g576 12.803440 10.805400
g577 g577 12.803440 1.967700
g577 g575 12.803440 10.805400
g577 g579 10.780530 10.178520
g577 g580 10.780530 10.178520
g577 g578 10.780530 10.178520
g577 g582 13.692110 10.874430
g577 g583 13.692110 10.874430
g577 g581 13.692110 10.874430
g577 g585 13.031730 10.434050
g577 g586 13.031730 10.434050
g577 g584 13.031730 10.434050
g577 g614 20.934430 14.565450
g577 g617 20.934430 14.565450
g577 g620 20.934430 14.565450
g577 g605 20.839080 14.491430
g577 g608 20.839080 14.491430
g577 g611 20.839080 14.491430
g575 g576 13.811440 11.813400
g575 g577 13.811440 11.813400
g575 g575 13.811440 1.967700
g575 g579 11.788530 11.186520
g575 g580 11.788530 11.186520
g575 g578 11.788530 11.186520
g575 g582 14.700110 11.882430
g575 g583 14.700110 11.882430
g575 g581 14.700110 11.882430
g575 g585 14.039730 11.442050
g575 g586 14.039730 11.442050
g575 g584 14.039730 11.442050
g575 g614 21.942430 15.573450
g575 g617 21.942430 15.573450
g575 g620 21.942430 15.573450
g575 g605 21.847080 15.499430
g575 g608 21.847080 15.499430
g575 g611 21.847080 15.499430
g579 g576 9.020460 8.986510
g579 g577 9.020460 8.986510
g579 g575 9.020460 8.986510
g579 g579 10.689280 1.967700
g579 g580 10.689280 10.689280
g579 g578 10.689280 10.689280
g579 g582 13.371890 11.741760
g579 g583 13.371890 11.741760
g579 g581 13.371890 11.741760
g579 g585 12.608460 12.608460
g579 g586 12.608460 12.608460
g579 g584 12.608460 12.608460
g579 g614 18.294210 11.974460
g579 g617 18.294210 11.974460
g579 g620 18.294210 11.974460
g579 g605 18.198860 11.900440
g579 g608 18.198860 11.900440
g579 g611 18.198860 11.900440
g580 g576 8.847680 8.813730
g580 g577 8.847680 8.813730
g580 g575 8.847680 8.813730
g580 g579 10.516500 10.516500
g580 g580 10.516500 1.967700
g580 g578 10.516500 10.516500
g580 g582 13.199110 11.568980
g580 g583 13.199110 11.568980
g580 g581 13.199110 11.568980
g580 g585 12.435680 12.435680
g580 g586 12.435680 12.435680
g580 g584 12.435680 12.435680
g580 g614 18.121430 11.801680
g580 g617 18.121430 11.801680
g580 g620 18.121430 11.801680
g580 g605 18.026080 11.727660
g580 g608 18.026080 11.727660
g580 g611 18.026080 11.727660
g578 g576 9.743200 9.709250
g578 g577 9.743200 9.709250
g578 g575 9.743200 9.709250
g578 g579 11.412020 11.412020
g578 g580 11.412020 11.412020
g578 g578 11.412020 1.967700
g578 g582 14.094630 12.464500
g578 g583 14.094630 12.464500
g578 g581 14.094630 12.464500
g578 g585 13.331200 13.331200
g578 g586 13.331200 13.331200
g578 g584 13.331200 13.331200
g578 g614 19.016950 12.697200
g578 g617 19.016950 12.697200
g578 g620 19.016950 12.697200
g578 g605 18.921600 12.623180
g578 g608 18.921600 12.623180
g578 g611 18.921600 12.623180
g582 g576 9.273460 9.158820
g582 g577 9.273460 9.158820
g582 g575 9.273460 9.158820
g582 g579 9.450400 9.199650
g582 g580 9.450400 9.199650
g582 g578 9.450400 9.199650
g582 g582 2.109440 2.109440
g582 g585 13.169160 13.169160
g582 g586 13.169160 13.169160
g582 g584 13.169160 13.169160
g582 g614 18.931550 13.353040
g582 g617 18.931550 13.353040
g582 g620 18.931550 13.353040
g582 g605 18.836200 13.279020
g582 g608 18.836200 13.279020
g582 g611 18.836200 13.279020
g583 g576 9.104460 8.989820
g583 g577 9.104460 8.989820
g583 g575 9.104460 8.989820
g583 g579 9.281400 9.030650
g583 g580 9.281400 9.030650
g583 g578 9.281400 9.030650
g583 g583 2.109440 2.109440
g583 g585 13.000160 13.000160
g583 g586 13.000160 13.000160
g583 g584 13.000160 13.000160
g583 g614 18.762550 13.184040
g583 g617 18.762550 13.184040
g583 g620 18.762550 13.184040
g583 g605 18.667200 13.110020
g583 g608 18.667200 13.110020
g583 g611 18.667200 13.110020
g581 g576 10.060460 9.945820
g581 g577 10.060460 9.945820
g581 g575 10.060460 9.945820
g581 g579 10.237400 9.986650
g581 g580 10.237400 9.986650
g581 g578 10.237400 9.986650
g581 g581 2.109440 2.109440
g581 g585 13.956160 13.956160
g581 g586 13.956160 13.956160
g581 g584 13.956160 13.956160
g581 g614 19.718550 14.140040
g581 g617 19.718550 14.140040
g581 g620 19.718550 14.140040
g581 g605 19.623200 14.066020
g581 g608 19.623200 14.066020
g581 g611 19.623200 14.066020
g585 g576 8.930990 7.192010
g585 g577 8.930990 7.192010
g585 g575 8.930990 7.192010
g585 g582 11.119000 11.119000
g585 g583 11.119000 11.119000
g585 g581 11.119000 11.119000
g585 g585 1.967700 1.967700
g585 g614 16.027310 11.857000
g585 g617 16.027310 11.857000
g585 g620 16.027310 11.857000
g585 g605 15.931960 11.761650
g585 g608 15.931960 11.761650
g585 g611 15.931960 11.761650
g586 g576 8.755710 7.016730
g586 g577 8.755710 7.016730
g586 g575 8.755710 7.016730
g586 g582 10.943720 10.943720
g586 g583 10.943720 10.943720
g586 g581 10.943720 10.943720
g586 g586 1.967700 1.967700
g586 g614 15.852030 11.681720
g586 g617 15.852030 11.681720
g586 g620 15.852030 11.681720
g586 g605 15.756680 11.586370
g586 g608 15.756680 11.586370
g586 g611 15.756680 11.586370
g584 g576 9.611230 7.872250
g584 g577 9.611230 7.872250
g584 g575 9.611230 7.872250
g584 g582 11.799240 11.799240
g584 g583 11.799240 11.799240
g584 g581 11.799240 11.799240
g584 g584 1.967700 1.967700
g584 g614 16.707550 12.537240
g584 g617 16.707550 12.537240
g584 g620 16.707550 12.537240
g584 g605 16.612200 12.441890
g584 g608 16.612200 12.441890
g584 g611 16.612200 12.441890
g587 g587 6.139250 2.187800
g587 g590 6.139250 6.139250
g587 g593 6.139250 6.139250
g587 g614 9.576230 9.576230
g587 g617 9.576230 9.576230
g587 g620 9.576230 9.576230
g587 g605 9.701530 9.326030
g587 g608 9.701530 9.326030
g587 g611 9.701530 9.326030
g590 g587 5.387030 5.387030
g590 g590 5.387030 2.187800
g590 g593 5.387030 5.387030
g590 g614 8.824010 8.824010
g590 g617 8.824010 8.824010
g590 g620 8.824010 8.824010
g590 g605 8.949310 8.573810
g590 g608 8.949310 8.573810
g590 g611 8.949310 8.573810
g593 g587 6.369250 6.369250
g593 g590 6.369250 6.369250
g593 g593 6.369250 2.187800
g593 g614 9.806230 9.806230
g593 g617 9.806230 9.806230
g593 g620 9.806230 9.806230
g593 g605 9.931530 9.556030
g593 g608 9.931530 9.556030
g593 g611 9.931530 9.556030
g596 g596 6.139250 2.187800
g596 g599 6.139250 6.139250
g596 g602 6.139250 6.139250
g596 g614 9.576330 9.345530
g596 g617 9.576330 9.345530
g596 g620 9.576330 9.345530
g596 g605 9.834670 9.834670
g596 g608 9.834670 9.834670
g596 g611 9.834670 9.834670
g599 g596 5.387030 5.387030
g599 g599 5.387030 2.187800
g599 g602 5.387030 5.387030
g599 g614 8.824110 8.593310
g599 g617 8.824110 8.593310
g599 g620 8.824110 8.593310
g599 g605 9.082450 9.082450
g599 g608 9.082450 9.082450
g599 g611 9.082450 9.082450
g602 g596 6.369250 6.369250
g602 g599 6.369250 6.369250
g602 g602 6.369250 2.187800
g602 g614 9.806330 9.575530
g602 g617 9.806330 9.575530
g602 g620 9.806330 9.575530
g602 g605 10.064670 10.064670
g602 g608 10.064670 10.064670
g602 g611 10.064670 10.064670
g614 g576 15.049100 12.943740
g614 g577 16.083380 15.463200
g614 g575 16.083380 15.463200
g614 g579 16.083380 15.463200
g614 g580 16.083380 15.463200
g614 g578 16.083380 15.463200
g614 g582 16.198040 15.384000
g614 g583 16.198040 15.384000
g614 g581 16.198040 15.384000
g614 g585 16.083380 15.463200
g614 g586 16.083380 15.463200
g614 g584 16.083380 15.463200
g614 g614 11.111380 2.187800
g614 g617 11.111380 11.111380
g614 g620 11.111380 11.111380
g614 g490 14.946500 13.590300
g614 g493 14.946500 13.590300
g614 g496 14.946500 13.590300
g614 g507 13.115560 13.115560
g614 g729 9.985020 9.985020
g614 g730 9.985020 9.985020
g614 g728 9.985020 9.985020
g614 g3044 14.846560 13.873080
g614 g3046 14.846560 13.873080
g614 g3048 14.846560 13.873080
g614 g3050 14.968740 13.873080
g614 g3051 24.558840 14.902570
g617 g576 14.023420 11.918060
g617 g577 15.057700 14.437520
g617 g575 15.057700 14.437520
g617 g579 15.057700 14.437520
g617 g580 15.057700 14.437520
g617 g578 15.057700 14.437520
g617 g582 15.172360 14.358320
g617 g583 15.172360 14.358320
g617 g581 15.172360 14.358320
g617 g585 15.057700 14.437520
g617 g586 15.057700 14.437520
g617 g584 15.057700 14.437520
g617 g614 10.085700 10.085700
g617 g617 10.085700 2.187800
g617 g620 10.085700 10.085700
g617 g490 13.920820 12.564620
g617 g493 13.920820 12.564620
g617 g496 13.920820 12.564620
g617 g507 12.089880 12.089880
g617 g729 8.959340 8.959340
g617 g730 8.959340 8.959340
g617 g728 8.959340 8.959340
g617 g3044 13.820880 12.847400
g617 g3046 13.820880 12.847400
g617 g3048 13.820880 12.847400
g617 g3050 13.943060 12.847400
g617 g3051 23.533160 13.876890
g620 g576 15.279100 13.173740
g620 g577 16.313380 15.693200
g620 g575 16.313380 15.693200
g620 g579 16.313380 15.693200
g620 g580 16.313380 15.693200
g620 g578 16.313380 15.693200
g620 g582 16.428040 15.614000
g620 g583 16.428040 15.614000
g620 g581 16.428040 15.614000
g620 g585 16.313380 15.693200
g620 g586 16.313380 15.693200
g620 g584 16.313380 15.693200
g620 g614 11.341380 11.341380
g620 g617 11.341380 11.341380
g620 g620 11.341380 2.187800
g620 g490 15.176500 13.820300
g620 g493 15.176500 13.820300
g620 g496 15.176500 13.820300
g620 g507 13.345560 13.345560
g620 g729 10.215020 10.215020
g620 g730 10.215020 10.215020
g620 g728 10.215020 10.215020
g620 g3044 15.076560 14.103080
g620 g3046 15.076560 14.103080
g620 g3048 15.076560 14.103080
g620 g3050 15.198740 14.103080
g620 g3051 24.788840 15.132570
g605 g576 13.449270 11.343910
g605 g577 14.483550 13.863370
g605 g575 14.483550 13.863370
g605 g579 14.483550 13.863370
g605 g580 14.483550 13.863370
g605 g578 14.483550 13.863370
g605 g582 14.598210 13.784170
g605 g583 14.598210 13.784170
g605 g581 14.598210 13.784170
g605 g585 14.483550 13.863370
g605 g586 14.483550 13.863370
g605 g584 14.483550 13.863370
g605 g605 10.778390 2.187800
g605 g608 10.778390 10.778390
g605 g611 10.778390 10.778390
g605 g507 11.515730 11.515730
g605 g732 9.652030 9.652030
g605 g733 9.652030 9.652030
g605 g731 9.652030 9.652030
g605 g3043 14.434370 13.460890
g605 g3045 14.434370 13.460890
g605 g3047 14.434370 13.460890
g605 g3049 14.556550 13.460890
g605 g3051 23.976650 14.069180
g608 g576 12.439210 10.333850
g608 g577 13.473490 12.853310
g608 g575 13.473490 12.853310
g608 g579 13.473490 12.853310
g608 g580 13.473490 12.853310
g608 g578 13.473490 12.853310
g608 g582 13.588150 12.774110
g608 g583 13.588150 12.774110
g608 g581 13.588150 12.774110
g608 g585 13.473490 12.853310
g608 g586 13.473490 12.853310
g608 g584 13.473490 12.853310
g608 g605 9.768330 9.768330
g608 g608 9.768330 2.187800
g608 g611 9.768330 9.768330
g608 g507 10.505670 10.505670
g608 g732 8.641970 8.641970
g608 g733 8.641970 8.641970
g608 g731 8.641970 8.641970
g608 g3043 13.424310 12.450830
g608 g3045 13.424310 12.450830
g608 g3047 13.424310 12.450830
g608 g3049 13.546490 12.450830
g608 g3051 22.966590 13.059120
g611 g576 13.679270 11.573910
g611 g577 14.713550 14.093370
g611 g575 14.713550 14.093370
g611 g579 14.713550 14.093370
g611 g580 14.713550 14.093370
g611 g578 14.713550 14.093370
g611 g582 14.828210 14.014170
g611 g583 14.828210 14.014170
g611 g581 14.828210 14.014170
g611 g585 14.713550 14.093370
g611 g586 14.713550 14.093370
g611 g584 14.713550 14.093370
g611 g605 11.008390 11.008390
g611 g608 11.008390 11.008390
g611 g611 11.008390 2.187800
g611 g507 11.745730 11.745730
g611 g732 9.882030 9.882030
g611 g733 9.882030 9.882030
g611 g731 9.882030 9.882030
g611 g3043 14.664370 13.690890
g611 g3045 14.664370 13.690890
g611 g3047 14.664370 13.690890
g611 g3049 14.786550 13.690890
g611 g3051 24.206650 14.299180
g490 g576 11.827660 7.507760
g490 g577 12.861940 10.027220
g490 g575 12.861940 10.027220
g490 g579 12.861940 10.027220
g490 g580 12.861940 10.027220
g490 g578 12.861940 10.027220
g490 g582 12.976600 9.948020
g490 g583 12.976600 9.948020
g490 g581 12.976600 9.948020
g490 g585 12.861940 10.027220
g490 g586 12.861940 10.027220
g490 g584 12.861940 10.027220
g490 g490 9.327320 2.187800
g490 g493 9.327320 6.775920
g490 g496 9.327320 6.775920
g490 g507 9.894120 7.679580
g493 g576 11.001300 6.681400
g493 g577 12.035580 9.200860
g493 g575 12.035580 9.200860
g493 g579 12.035580 9.200860
g493 g580 12.035580 9.200860
g493 g578 12.035580 9.200860
g493 g582 12.150240 9.121660
g493 g583 12.150240 9.121660
g493 g581 12.150240 9.121660
g493 g585 12.035580 9.200860
g493 g586 12.035580 9.200860
g493 g584 12.035580 9.200860
g493 g490 8.500960 5.949560
g493 g493 8.500960 2.187800
g493 g496 8.500960 5.949560
g493 g507 9.067760 6.853220
g496 g576 12.057660 7.737760
g496 g577 13.091940 10.257220
g496 g575 13.091940 10.257220
g496 g579 13.091940 10.257220
g496 g580 13.091940 10.257220
g496 g578 13.091940 10.257220
g496 g582 13.206600 10.178020
g496 g583 13.206600 10.178020
g496 g581 13.206600 10.178020
g496 g585 13.091940 10.257220
g496 g586 13.091940 10.257220
g496 g584 13.091940 10.257220
g496 g490 9.557320 7.005920
g496 g493 9.557320 7.005920
g496 g496 9.557320 2.187800
g496 g507 10.124120 7.909580
g506 g520 3.304260 2.861750
g506 g1206 6.113540 5.671030
g506 g1900 8.688680 8.246170
g506 g2594 11.562480 11.119970
g507 g520 2.235960 2.235960
g507 g1206 5.045240 5.045240
g507 g1900 7.620380 7.620380
g507 g2594 10.494180 10.494180
g520 g520 4.311280 4.311280
g520 g525 0.499980 0.499980
g520 g1206 7.120560 7.120560
g520 g1900 9.695700 9.695700
g520 g2594 12.569500 12.569500
g520 OUTPUT 0.000000 0.000000
g525 g699 22.015140 17.116000
g525 g700 22.015140 17.116000
g525 g698 22.015140 17.116000
g525 g702 22.015140 17.116000
g525 g703 22.015140 17.116000
g525 g701 22.015140 17.116000
g525 g705 22.015140 17.116000
g525 g706 22.015140 17.116000
g525 g704 22.015140 17.116000
g525 g708 22.015140 17.116000
g525 g709 22.015140 17.116000
g525 g707 22.015140 17.116000
g525 g711 22.015140 17.116000
g525 g712 22.015140 17.116000
g525 g710 22.015140 17.116000
g525 g714 22.015140 17.116000
g525 g715 22.015140 17.116000
g525 g713 22.015140 17.116000
g525 g717 22.015140 17.116000
g525 g718 22.015140 17.116000
g525 g716 22.015140 17.116000
g525 g720 22.015140 17.116000
g525 g721 22.015140 17.116000
g525 g719 22.015140 17.116000
g525 g723 22.015140 17.116000
g525 g724 22.015140 17.116000
g525 g722 22.015140 17.116000
g525 g726 22.015140 17.116000
g525 g727 22.015140 17.116000
g525 g725 22.015140 17.116000
g525 g735 22.015140 17.116000
g525 g736 22.015140 17.116000
g525 g734 22.015140 17.116000
g525 g738 19.642340 19.022160
g525 g739 19.642340 19.022160
g525 g737 19.642340 19.022160
g525 g3043 12.461390 6.540590
g525 g3044 12.461390 6.540590
g525 g3045 12.461390 6.540590
g525 g3046 12.461390 6.540590
g525 g3047 12.461390 6.540590
g525 g3048 12.461390 6.540590
g525 g3049 12.461390 6.540590
g525 g3050 12.461390 6.540590
g525 g3051 9.552510 9.406180
g529 g3043 3.258170 3.258170
g530 g3044 3.258170 3.258170
g531 g3045 3.258170 3.258170
g532 g3046 3.258170 3.258170
g533 g3047 3.258170 3.258170
g534 g3048 3.258170 3.258170
g536 g3049 3.258170 3.258170
g537 g3050 3.258170 3.258170
g538 g699 22.809860 17.910720
g538 g700 22.809860 17.910720
g538 g698 22.809860 17.910720
g538 g702 22.809860 17.910720
g538 g703 22.809860 17.910720
g538 g701 22.809860 17.910720
g538 g705 22.809860 17.910720
g538 g706 22.809860 17.910720
g538 g704 22.809860 17.910720
g538 g708 22.809860 17.910720
g538 g709 22.809860 17.910720
g538 g707 22.809860 17.910720
g538 g711 22.809860 17.910720
g538 g712 22.809860 17.910720
g538 g710 22.809860 17.910720
g538 g714 22.809860 17.910720
g538 g715 22.809860 17.910720
g538 g713 22.809860 17.910720
g538 g717 22.809860 17.910720
g538 g718 22.809860 17.910720
g538 g716 22.809860 17.910720
g538 g720 22.809860 17.910720
g538 g721 22.809860 17.910720
g538 g719 22.809860 17.910720
g538 g723 22.809860 17.910720
g538 g724 22.809860 17.910720
g538 g722 22.809860 17.910720
g538 g726 22.809860 17.910720
g538 g727 22.809860 17.910720
g538 g725 22.809860 17.910720
g538 g735 22.809860 17.910720
g538 g736 22.809860 17.910720
g538 g734 22.809860 17.910720
g538 g738 20.437060 19.816880
g538 g739 20.437060 19.816880
g538 g737 20.437060 19.816880
g538 g3051 5.867660 5.867660
g541 g3051 5.035200 5.035200
g630 g630 2.342240 2.342240
g630 g640 4.052460 4.052460
g630 g633 3.882460 3.882460
g630 g653 3.882460 3.882460
g630 g646 3.882460 3.882460
g630 g660 3.882460 3.882460
g630 g672 3.882460 3.882460
g630 g666 3.882460 3.882460
g630 g679 3.882460 3.882460
g630 g686 3.882460 3.882460
g630 g692 3.882460 3.882460
g630 g729 3.582460 2.768420
g630 g730 3.582460 2.768420
g630 g728 3.582460 2.768420
g630 g732 3.582460 2.768420
g630 g733 3.582460 2.768420
g630 g731 3.582460 2.768420
g630 g738 5.877480 1.769440
g630 g739 5.877480 1.769440
g630 g737 5.877480 1.769440
g659 g659 2.540240 2.540240
g659 g640 5.241640 4.498720
g659 g633 5.490920 4.745240
g659 g653 7.627580 6.881900
g659 g646 9.764240 9.018560
g659 g660 11.900900 11.155220
g659 g672 14.037560 13.291880
g659 g666 16.174220 15.428540
g659 g679 18.310880 17.565200
g659 g686 20.431140 19.685460
g659 g692 22.408470 22.408470
g659 g699 21.307020 16.407880
g659 g700 21.307020 16.407880
g659 g698 21.307020 16.407880
g659 g702 21.307020 16.407880
g659 g703 21.307020 16.407880
g659 g701 21.307020 16.407880
g659 g705 21.307020 16.407880
g659 g706 21.307020 16.407880
g659 g704 21.307020 16.407880
g659 g708 21.307020 16.407880
g659 g709 21.307020 16.407880
g659 g707 21.307020 16.407880
g659 g711 21.307020 16.407880
g659 g712 21.307020 16.407880
g659 g710 21.307020 16.407880
g659 g714 21.307020 16.407880
g659 g715 21.307020 16.407880
g659 g713 21.307020 16.407880
g659 g717 21.307020 16.407880
g659 g718 21.307020 16.407880
g659 g716 21.307020 16.407880
g659 g720 21.307020 16.407880
g659 g721 21.307020 16.407880
g659 g719 21.307020 16.407880
g659 g723 21.307020 16.407880
g659 g724 21.307020 16.407880
g659 g722 21.307020 16.407880
g659 g726 21.307020 16.407880
g659 g727 21.307020 16.407880
g659 g725 21.307020 16.407880
g659 g735 21.307020 16.407880
g659 g736 21.307020 16.407880
g659 g734 21.307020 16.407880
g659 g738 18.934220 18.314040
g659 g739 18.934220 18.314040
g659 g737 18.934220 18.314040
g640 g640 2.781020 2.136980
g640 g633 5.075830 4.330150
g640 g653 7.212490 6.466810
g640 g646 9.349150 8.603470
g640 g660 11.485810 10.740130
g640 g672 13.622470 12.876790
g640 g666 15.759130 15.013450
g640 g679 17.895790 17.150110
g640 g686 20.016050 19.270370
g640 g692 21.993380 21.993380
g640 g699 1.769440 1.769440
g640 g700 1.769440 1.769440
g640 g698 1.769440 1.769440
g640 g735 9.447200 8.236220
g640 g736 9.447200 8.236220
g640 g734 9.447200 8.236220
g633 g633 3.034740 2.390700
g633 g653 5.075830 4.330150
g633 g646 7.212490 6.466810
g633 g660 9.349150 8.603470
g633 g672 11.485810 10.740130
g633 g666 13.622470 12.876790
g633 g679 15.759130 15.013450
g633 g686 17.879390 17.133710
g633 g692 19.856720 19.856720
g633 g702 1.769440 1.769440
g633 g703 1.769440 1.769440
g633 g701 1.769440 1.769440
g633 g735 8.832440 7.782520
g633 g736 8.832440 7.782520
g633 g734 8.832440 7.782520
g653 g653 3.034740 2.390700
g653 g646 5.075830 4.330150
g653 g660 7.212490 6.466810
g653 g672 9.349150 8.603470
g653 g666 11.485810 10.740130
g653 g679 13.622470 12.876790
g653 g686 15.742730 14.997050
g653 g692 17.720060 17.720060
g653 g705 1.769440 1.769440
g653 g706 1.769440 1.769440
g653 g704 1.769440 1.769440
g653 g735 9.698220 8.648240
g653 g736 9.698220 8.648240
g653 g734 9.698220 8.648240
g646 g646 3.034740 2.390700
g646 g660 5.075830 4.330150
g646 g672 7.212490 6.466810
g646 g666 9.349150 8.603470
g646 g679 11.485810 10.740130
g646 g686 13.606070 12.860390
g646 g692 15.583400 15.583400
g646 g708 1.769440 1.769440
g646 g709 1.769440 1.769440
g646 g707 1.769440 1.769440
g646 g735 8.522680 7.472700
g646 g736 8.522680 7.472700
g646 g734 8.522680 7.472700
g660 g660 3.034740 2.390700
g660 g672 5.075830 4.330150
g660 g666 7.212490 6.466810
g660 g679 9.349150 8.603470
g660 g686 11.469410 10.723730
g660 g692 13.446740 13.446740
g660 g711 1.769440 1.769440
g660 g712 1.769440 1.769440
g660 g710 1.769440 1.769440
g660 g735 8.309280 7.157060
g660 g736 8.309280 7.157060
g660 g734 8.309280 7.157060
g672 g672 3.034740 2.390700
g672 g666 5.075830 4.330150
g672 g679 7.212490 6.466810
g672 g686 9.332750 8.587070
g672 g692 11.310080 11.310080
g672 g714 1.769440 1.769440
g672 g715 1.769440 1.769440
g672 g713 1.769440 1.769440
g672 g735 9.920650 8.709620
g672 g736 9.920650 8.709620
g672 g734 9.920650 8.709620
g666 g666 3.034740 2.390700
g666 g679 5.075830 4.330150
g666 g686 7.196090 6.450410
g666 g692 9.173420 9.173420
g666 g717 1.769440 1.769440
g666 g718 1.769440 1.769440
g666 g716 1.769440 1.769440
g666 g735 9.305790 8.255870
g666 g736 9.305790 8.255870
g666 g734 9.305790 8.255870
g679 g679 3.034740 2.390700
g679 g686 5.059470 4.313790
g679 g692 7.036800 7.036800
g679 g720 1.769440 1.769440
g679 g721 1.769440 1.769440
g679 g719 1.769440 1.769440
g679 g735 10.171120 9.121140
g679 g736 10.171120 9.121140
g679 g734 10.171120 9.121140
g686 g686 3.034740 2.390700
g686 g692 5.767470 5.767470
g686 g723 1.769440 1.769440
g686 g724 1.769440 1.769440
g686 g722 1.769440 1.769440
g686 g735 9.154200 8.104220
g686 g736 9.154200 8.104220
g686 g734 9.154200 8.104220
g692 g692 4.269330 4.269330
g692 g726 1.769440 1.769440
g692 g727 1.769440 1.769440
g692 g725 1.769440 1.769440
g692 g735 8.793020 7.640800
g692 g736 8.793020 7.640800
g692 g734 8.793020 7.640800
g699 g699 1.967700 1.967700
g699 g735 10.728340 9.856900
g699 g736 10.728340 9.856900
g699 g734 10.728340 9.856900
g699 g3043 16.885700 13.408080
g699 g3044 16.964900 13.905930
g699 g3045 16.885700 13.905930
g699 g3046 16.964900 13.408080
g699 g3047 16.885700 15.292220
g699 g3048 16.964900 15.371420
g699 g3049 17.007880 15.292220
g699 g3050 17.087080 9.321780
g699 g3051 26.677180 15.582960
g700 g700 1.967700 1.967700
g700 g735 10.550850 9.679410
g700 g736 10.550850 9.679410
g700 g734 10.550850 9.679410
g700 g3043 16.708210 13.230590
g700 g3044 16.787410 13.728440
g700 g3045 16.708210 13.728440
g700 g3046 16.787410 13.230590
g700 g3047 16.708210 15.114730
g700 g3048 16.787410 15.193930
g700 g3049 16.830390 15.114730
g700 g3050 16.909590 9.144290
g700 g3051 26.499690 15.405470
g698 g698 1.967700 1.967700
g698 g735 11.371010 10.499570
g698 g736 11.371010 10.499570
g698 g734 11.371010 10.499570
g698 g3043 17.528370 14.050750
g698 g3044 17.607570 14.548600
g698 g3045 17.528370 14.548600
g698 g3046 17.607570 14.050750
g698 g3047 17.528370 15.934890
g698 g3048 17.607570 16.014090
g698 g3049 17.650550 15.934890
g698 g3050 17.729750 9.964450
g698 g3051 27.319850 16.225630
g702 g702 1.967700 1.967700
g702 g735 10.410720 9.402480
g702 g736 10.410720 9.402480
g702 g734 10.410720 9.402480
g702 g3043 16.707800 13.230180
g702 g3044 16.787000 13.728030
g702 g3045 16.707800 13.728030
g702 g3046 16.787000 13.230180
g702 g3047 16.707800 15.114320
g702 g3048 16.787000 15.193520
g702 g3049 16.829980 9.385280
g702 g3050 16.909180 15.193520
g702 g3051 26.499280 15.204060
g703 g703 1.967700 1.967700
g703 g735 10.234060 9.225820
g703 g736 10.234060 9.225820
g703 g734 10.234060 9.225820
g703 g3043 16.531140 13.053520
g703 g3044 16.610340 13.551370
g703 g3045 16.531140 13.551370
g703 g3046 16.610340 13.053520
g703 g3047 16.531140 14.937660
g703 g3048 16.610340 15.016860
g703 g3049 16.653320 9.208620
g703 g3050 16.732520 15.016860
g703 g3051 26.322620 15.027400
g701 g701 1.967700 1.967700
g701 g735 11.067500 10.059260
g701 g736 11.067500 10.059260
g701 g734 11.067500 10.059260
g701 g3043 17.364580 13.886960
g701 g3044 17.443780 14.384810
g701 g3045 17.364580 14.384810
g701 g3046 17.443780 13.886960
g701 g3047 17.364580 15.771100
g701 g3048 17.443780 15.850300
g701 g3049 17.486760 10.042060
g701 g3050 17.565960 15.850300
g701 g3051 27.156060 15.860840
g705 g705 1.967700 1.967700
g705 g735 11.337360 10.412180
g705 g736 11.337360 10.412180
g705 g734 11.337360 10.412180
g705 g3043 16.904800 13.427180
g705 g3044 16.984000 13.925030
g705 g3045 16.904800 13.925030
g705 g3046 16.984000 13.427180
g705 g3047 16.904800 15.311320
g705 g3048 16.984000 9.525340
g705 g3049 17.026980 15.311320
g705 g3050 17.106180 15.390520
g705 g3051 26.696280 15.559120
g706 g706 1.967700 1.967700
g706 g735 11.160870 10.235690
g706 g736 11.160870 10.235690
g706 g734 11.160870 10.235690
g706 g3043 16.728310 13.250690
g706 g3044 16.807510 13.748540
g706 g3045 16.728310 13.748540
g706 g3046 16.807510 13.250690
g706 g3047 16.728310 15.134830
g706 g3048 16.807510 9.348850
g706 g3049 16.850490 15.134830
g706 g3050 16.929690 15.214030
g706 g3051 26.519790 15.382630
g704 g704 1.967700 1.967700
g704 g735 11.997030 11.071850
g704 g736 11.997030 11.071850
g704 g734 11.997030 11.071850
g704 g3043 17.564470 14.086850
g704 g3044 17.643670 14.584700
g704 g3045 17.564470 14.584700
g704 g3046 17.643670 14.086850
g704 g3047 17.564470 15.970990
g704 g3048 17.643670 10.185010
g704 g3049 17.686650 15.970990
g704 g3050 17.765850 16.050190
g704 g3051 27.355950 16.218790
g708 g708 1.967700 1.967700
g708 g735 9.803820 8.826310
g708 g736 9.803820 8.826310
g708 g734 9.803820 8.826310
g708 g3043 15.893120 12.415500
g708 g3044 15.972320 12.913350
g708 g3045 15.893120 12.913350
g708 g3046 15.972320 12.415500
g708 g3047 15.893120 9.248520
g708 g3048 15.972320 14.378840
g708 g3049 16.015300 14.299640
g708 g3050 16.094500 14.378840
g708 g3051 25.684600 14.842300
g709 g709 1.967700 1.967700
g709 g735 9.626330 8.648820
g709 g736 9.626330 8.648820
g709 g734 9.626330 8.648820
g709 g3043 15.715630 12.238010
g709 g3044 15.794830 12.735860
g709 g3045 15.715630 12.735860
g709 g3046 15.794830 12.238010
g709 g3047 15.715630 9.071030
g709 g3048 15.794830 14.201350
g709 g3049 15.837810 14.122150
g709 g3050 15.917010 14.201350
g709 g3051 25.507110 14.664810
g707 g707 1.967700 1.967700
g707 g735 10.446490 9.468980
g707 g736 10.446490 9.468980
g707 g734 10.446490 9.468980
g707 g3043 16.535790 13.058170
g707 g3044 16.614990 13.556020
g707 g3045 16.535790 13.556020
g707 g3046 16.614990 13.058170
g707 g3047 16.535790 9.891190
g707 g3048 16.614990 15.021510
g707 g3049 16.657970 14.942310
g707 g3050 16.737170 15.021510
g707 g3051 26.327270 15.484970
g711 g711 1.967700 1.967700
g711 g735 9.887560 9.016170
g711 g736 9.887560 9.016170
g711 g734 9.887560 9.016170
g711 g3043 15.323360 11.845740
g711 g3044 15.402560 12.343590
g711 g3045 15.323360 12.343590
g711 g3046 15.402560 9.464480
g711 g3047 15.323360 13.729880
g711 g3048 15.402560 13.809080
g711 g3049 15.445540 13.729880
g711 g3050 15.524740 13.809080
g711 g3051 25.114840 14.338170
g712 g712 1.967700 1.967700
g712 g735 9.710900 8.839510
g712 g736 9.710900 8.839510
g712 g734 9.710900 8.839510
g712 g3043 15.146700 11.669080
g712 g3044 15.225900 12.166930
g712 g3045 15.146700 12.166930
g712 g3046 15.225900 9.287820
g712 g3047 15.146700 13.553220
g712 g3048 15.225900 13.632420
g712 g3049 15.268880 13.553220
g712 g3050 15.348080 13.632420
g712 g3051 24.938180 14.161510
g710 g710 1.967700 1.967700
g710 g735 10.544340 9.672950
g710 g736 10.544340 9.672950
g710 g734 10.544340 9.672950
g710 g3043 15.980140 12.502520
g710 g3044 16.059340 13.000370
g710 g3045 15.980140 13.000370
g710 g3046 16.059340 10.121260
g710 g3047 15.980140 14.386660
g710 g3048 16.059340 14.465860
g710 g3049 16.102320 14.386660
g710 g3050 16.181520 14.465860
g710 g3051 25.771620 14.994950
g714 g714 1.967700 1.967700
g714 g735 11.513250 10.641810
g714 g736 11.513250 10.641810
g714 g734 11.513250 10.641810
g714 g3043 15.816340 12.338720
g714 g3044 15.895540 12.836570
g714 g3045 15.816340 9.399600
g714 g3046 15.895540 12.338720
g714 g3047 15.816340 14.222860
g714 g3048 15.895540 14.302060
g714 g3049 15.938520 14.222860
g714 g3050 16.017720 14.302060
g714 g3051 25.607820 14.831150
g715 g715 1.967700 1.967700
g715 g735 11.336630 10.465190
g715 g736 11.336630 10.465190
g715 g734 11.336630 10.465190
g715 g3043 15.639720 12.162100
g715 g3044 15.718920 12.659950
g715 g3045 15.639720 9.222980
g715 g3046 15.718920 12.162100
g715 g3047 15.639720 14.046240
g715 g3048 15.718920 14.125440
g715 g3049 15.761900 14.046240
g715 g3050 15.841100 14.125440
g715 g3051 25.431200 14.654530
g713 g713 1.967700 1.967700
g713 g735 12.170710 11.299270
g713 g736 12.170710 11.299270
g713 g734 12.170710 11.299270
g713 g3043 16.473800 12.996180
g713 g3044 16.553000 13.494030
g713 g3045 16.473800 10.057060
g713 g3046 16.553000 12.996180
g713 g3047 16.473800 14.880320
g713 g3048 16.553000 14.959520
g713 g3049 16.595980 14.880320
g713 g3050 16.675180 14.959520
g713 g3051 26.265280 15.488610
g717 g717 1.967700 1.967700
g717 g735 10.905550 9.896310
g717 g736 10.905550 9.896310
g717 g734 10.905550 9.896310
g717 g3043 15.982450 12.504830
g717 g3044 16.061650 9.485960
g717 g3045 15.982450 13.002680
g717 g3046 16.061650 12.504830
g717 g3047 15.982450 14.388970
g717 g3048 16.061650 14.468170
g717 g3049 16.104630 14.388970
g717 g3050 16.183830 14.468170
g717 g3051 25.773930 14.997260
g718 g718 1.967700 1.967700
g718 g735 10.728950 9.719710
g718 g736 10.728950 9.719710
g718 g734 10.728950 9.719710
g718 g3043 15.805850 12.328230
g718 g3044 15.885050 9.309360
g718 g3045 15.805850 12.826080
g718 g3046 15.885050 12.328230
g718 g3047 15.805850 14.212370
g718 g3048 15.885050 14.291570
g718 g3049 15.928030 14.212370
g718 g3050 16.007230 14.291570
g718 g3051 25.597330 14.820660
g716 g716 1.967700 1.967700
g716 g735 11.563350 10.554110
g716 g736 11.563350 10.554110
g716 g734 11.563350 10.554110
g716 g3043 16.640250 13.162630
g716 g3044 16.719450 10.143760
g716 g3045 16.640250 13.660480
g716 g3046 16.719450 13.162630
g716 g3047 16.640250 15.046770
g716 g3048 16.719450 15.125970
g716 g3049 16.762430 15.046770
g716 g3050 16.841630 15.125970
g716 g3051 26.431730 15.655060
g720 g720 1.967700 1.967700
g720 g735 11.763720 10.839090
g720 g736 11.763720 10.839090
g720 g734 11.763720 10.839090
g720 g3043 15.555290 9.399600
g720 g3044 15.634490 12.575520
g720 g3045 15.555290 12.575520
g720 g3046 15.634490 12.077670
g720 g3047 15.555290 13.961810
g720 g3048 15.634490 14.041010
g720 g3049 15.677470 13.961810
g720 g3050 15.756670 14.041010
g720 g3051 25.346770 14.570100
g721 g721 1.967700 1.967700
g721 g735 11.587100 10.662470
g721 g736 11.587100 10.662470
g721 g734 11.587100 10.662470
g721 g3043 15.378670 9.222980
g721 g3044 15.457870 12.398900
g721 g3045 15.378670 12.398900
g721 g3046 15.457870 11.901050
g721 g3047 15.378670 13.785190
g721 g3048 15.457870 13.864390
g721 g3049 15.500850 13.785190
g721 g3050 15.580050 13.864390
g721 g3051 25.170150 14.393480
g719 g719 1.967700 1.967700
g719 g735 12.421180 11.496550
g719 g736 12.421180 11.496550
g719 g734 12.421180 11.496550
g719 g3043 16.212750 10.057060
g719 g3044 16.291950 13.232980
g719 g3045 16.212750 13.232980
g719 g3046 16.291950 12.735130
g719 g3047 16.212750 14.619270
g719 g3048 16.291950 14.698470
g719 g3049 16.334930 14.619270
g719 g3050 16.414130 14.698470
g719 g3051 26.004230 15.227560
g723 g723 1.967700 1.967700
g723 g735 10.546580 9.567810
g723 g736 10.546580 9.567810
g723 g734 10.546580 9.567810
g723 g3043 15.886490 12.408870
g723 g3044 15.965690 12.906720
g723 g3045 15.886490 12.906720
g723 g3046 15.965690 12.408870
g723 g3047 15.886490 14.293010
g723 g3048 15.965690 14.372210
g723 g3049 16.008670 14.293010
g723 g3050 16.087870 9.547280
g723 g3051 25.677970 10.454590
g724 g724 1.967700 1.967700
g724 g735 10.369810 9.391040
g724 g736 10.369810 9.391040
g724 g734 10.369810 9.391040
g724 g3043 15.709720 12.232100
g724 g3044 15.788920 12.729950
g724 g3045 15.709720 12.729950
g724 g3046 15.788920 12.232100
g724 g3047 15.709720 14.116240
g724 g3048 15.788920 14.195440
g724 g3049 15.831900 14.116240
g724 g3050 15.911100 9.370510
g724 g3051 25.501200 10.277820
g722 g722 1.967700 1.967700
g722 g735 11.201490 10.222720
g722 g736 11.201490 10.222720
g722 g734 11.201490 10.222720
g722 g3043 16.541400 13.063780
g722 g3044 16.620600 13.561630
g722 g3045 16.541400 13.561630
g722 g3046 16.620600 13.063780
g722 g3047 16.541400 14.947920
g722 g3048 16.620600 15.027120
g722 g3049 16.663580 14.947920
g722 g3050 16.742780 10.202190
g722 g3051 26.332880 11.109500
g726 g726 1.967700 1.967700
g726 g735 10.353400 9.482010
g726 g736 10.353400 9.482010
g726 g734 10.353400 9.482010
g726 g3043 16.087080 12.609460
g726 g3044 16.166280 13.107310
g726 g3045 16.087080 13.107310
g726 g3046 16.166280 12.609460
g726 g3047 16.087080 14.493600
g726 g3048 16.166280 14.572800
g726 g3049 16.209260 9.489560
g726 g3050 16.288460 14.572800
g726 g3051 25.878560 9.975670
g727 g727 1.967700 1.967700
g727 g735 10.176690 9.305300
g727 g736 10.176690 9.305300
g727 g734 10.176690 9.305300
g727 g3043 15.910370 12.432750
g727 g3044 15.989570 12.930600
g727 g3045 15.910370 12.930600
g727 g3046 15.989570 12.432750
g727 g3047 15.910370 14.316890
g727 g3048 15.989570 14.396090
g727 g3049 16.032550 9.312850
g727 g3050 16.111750 14.396090
g727 g3051 25.701850 9.798960
g725 g725 1.967700 1.967700
g725 g735 11.009330 10.137940
g725 g736 11.009330 10.137940
g725 g734 11.009330 10.137940
g725 g3043 16.743010 13.265390
g725 g3044 16.822210 13.763240
g725 g3045 16.743010 13.763240
g725 g3046 16.822210 13.265390
g725 g3047 16.743010 15.149530
g725 g3048 16.822210 15.228730
g725 g3049 16.865190 10.145490
g725 g3050 16.944390 15.228730
g725 g3051 26.534490 10.631600
g729 g729 2.109440 2.109440
g729 g735 5.511040 5.511040
g729 g736 5.511040 5.511040
g729 g734 5.511040 5.511040
g730 g730 2.109440 2.109440
g730 g735 5.331780 5.331780
g730 g736 5.331780 5.331780
g730 g734 5.331780 5.331780
g728 g728 2.109440 2.109440
g728 g735 6.123620 6.123620
g728 g736 6.123620 6.123620
g728 g734 6.123620 6.123620
g732 g732 2.109440 2.109440
g732 g735 6.132120 6.132120
g732 g736 6.132120 6.132120
g732 g734 6.132120 6.132120
g732 g3043 14.280700 10.803080
g732 g3044 14.359900 11.300930
g732 g3045 14.280700 11.300930
g732 g3046 14.359900 10.803080
g732 g3047 14.280700 12.687220
g732 g3048 14.359900 12.766420
g732 g3049 14.402880 12.687220
g732 g3050 14.482080 12.766420
g732 g3051 24.072180 13.295510
g733 g733 2.109440 2.109440
g733 g735 5.954120 5.954120
g733 g736 5.954120 5.954120
g733 g734 5.954120 5.954120
g733 g3043 14.102700 10.625080
g733 g3044 14.181900 11.122930
g733 g3045 14.102700 11.122930
g733 g3046 14.181900 10.625080
g733 g3047 14.102700 12.509220
g733 g3048 14.181900 12.588420
g733 g3049 14.224880 12.509220
g733 g3050 14.304080 12.588420
g733 g3051 23.894180 13.117510
g731 g731 2.109440 2.109440
g731 g735 6.766120 6.766120
g731 g736 6.766120 6.766120
g731 g734 6.766120 6.766120
g731 g3043 14.914700 11.437080
g731 g3044 14.993900 11.934930
g731 g3045 14.914700 11.934930
g731 g3046 14.993900 11.437080
g731 g3047 14.914700 13.321220
g731 g3048 14.993900 13.400420
g731 g3049 15.036880 13.321220
g731 g3050 15.116080 13.400420
g731 g3051 24.706180 13.929510
g735 g735 1.967700 1.967700
g735 g3043 6.557990 6.557990
g735 g3044 7.055840 7.055840
g735 g3045 7.055840 7.055840
g735 g3046 6.557990 6.557990
g736 g736 1.967700 1.967700
g736 g3043 6.378970 6.378970
g736 g3044 6.876820 6.876820
g736 g3045 6.876820 6.876820
g736 g3046 6.378970 6.378970
g734 g734 1.967700 1.967700
g734 g3043 7.174650 7.174650
g734 g3044 7.672500 7.672500
g734 g3045 7.672500 7.672500
g734 g3046 7.174650 7.174650
g738 g738 1.967700 1.967700
g738 g3043 13.734530 10.256910
g738 g3044 13.813730 10.754760
g738 g3045 13.734530 10.754760
g738 g3046 13.813730 10.256910
g738 g3047 13.734530 12.141050
g738 g3048 13.813730 12.220250
g738 g3049 13.856710 12.141050
g738 g3050 13.935910 12.220250
g738 g3051 23.526010 12.749340
g739 g739 1.967700 1.967700
g739 g3043 13.555510 10.077890
g739 g3044 13.634710 10.575740
g739 g3045 13.555510 10.575740
g739 g3046 13.634710 10.077890
g739 g3047 13.555510 11.962030
g739 g3048 13.634710 12.041230
g739 g3049 13.677690 11.962030
g739 g3050 13.756890 12.041230
g739 g3051 23.346990 12.570320
g737 g737 1.967700 1.967700
g737 g3043 14.351190 10.873570
g737 g3044 14.430390 11.371420
g737 g3045 14.351190 11.371420
g737 g3046 14.430390 10.873570
g737 g3047 14.351190 12.757710
g737 g3048 14.430390 12.836910
g737 g3049 14.473370 12.757710
g737 g3050 14.552570 12.836910
g737 g3051 24.142670 13.366000
g818 g818 1.967700 1.967700
g818 g873 26.870240 22.730290
g818 g876 26.870240 22.730290
g818 g879 26.870240 22.730290
g818 g918 26.685560 22.741590
g818 g921 26.685560 22.741590
g818 g924 26.685560 22.741590
g818 g882 26.685560 22.741590
g818 g885 26.685560 22.741590
g818 g888 26.685560 22.741590
g818 g927 26.685560 22.741590
g818 g930 26.685560 22.741590
g818 g933 26.685560 22.741590
g818 g891 26.870240 22.730290
g818 g894 26.870240 22.730290
g818 g897 26.870240 22.730290
g818 g936 26.870240 22.730290
g818 g939 26.870240 22.730290
g818 g942 26.870240 22.730290
g818 g900 26.870240 22.730290
g818 g903 26.870240 22.730290
g818 g906 26.870240 22.730290
g818 g945 26.870240 22.730290
g818 g948 26.870240 22.730290
g818 g951 26.870240 22.730290
g818 g909 26.685560 22.741590
g818 g912 26.685560 22.741590
g818 g915 26.685560 22.741590
g818 g954 26.685560 22.741590
g818 g957 26.685560 22.741590
g818 g960 26.685560 22.741590
g818 g999 15.752060 14.679100
g818 g1000 15.752060 14.679100
g818 g1001 15.752060 14.679100
g818 g1002 21.233580 14.992300
g818 g1003 21.233580 14.992300
g818 g1004 21.233580 14.992300
g818 g1005 16.446540 15.373580
g818 g1006 16.446540 15.373580
g818 g1007 16.446540 15.373580
g818 g1009 15.823490 14.406660
g818 g1010 15.885310 14.468480
g818 g1008 15.885310 14.468480
g818 g1090 14.928660 13.855700
g818 g1091 14.758660 13.685700
g818 g1089 14.758660 13.685700
g819 g819 1.967700 1.967700
g819 g873 26.691740 22.551790
g819 g876 26.691740 22.551790
g819 g879 26.691740 22.551790
g819 g918 26.507060 22.563090
g819 g921 26.507060 22.563090
g819 g924 26.507060 22.563090
g819 g882 26.507060 22.563090
g819 g885 26.507060 22.563090
g819 g888 26.507060 22.563090
g819 g927 26.507060 22.563090
g819 g930 26.507060 22.563090
g819 g933 26.507060 22.563090
g819 g891 26.691740 22.551790
g819 g894 26.691740 22.551790
g819 g897 26.691740 22.551790
g819 g936 26.691740 22.551790
g819 g939 26.691740 22.551790
g819 g942 26.691740 22.551790
g819 g900 26.691740 22.551790
g819 g903 26.691740 22.551790
g819 g906 26.691740 22.551790
g819 g945 26.691740 22.551790
g819 g948 26.691740 22.551790
g819 g951 26.691740 22.551790
g819 g909 26.507060 22.563090
g819 g912 26.507060 22.563090
g819 g915 26.507060 22.563090
g819 g954 26.507060 22.563090
g819 g957 26.507060 22.563090
g819 g960 26.507060 22.563090
g819 g999 15.573560 14.500600
g819 g1000 15.573560 14.500600
g819 g1001 15.573560 14.500600
g819 g1002 21.055080 14.813800
g819 g1003 21.055080 14.813800
g819 g1004 21.055080 14.813800
g819 g1005 16.268040 15.195080
g819 g1006 16.268040 15.195080
g819 g1007 16.268040 15.195080
g819 g1009 15.644990 14.228160
g819 g1010 15.706810 14.289980
g819 g1008 15.706810 14.289980
g819 g1090 14.750160 13.677200
g819 g1091 14.580160 13.507200
g819 g1089 14.580160 13.507200
g817 g817 1.967700 1.967700
g817 g873 27.495740 23.355790
g817 g876 27.495740 23.355790
g817 g879 27.495740 23.355790
g817 g918 27.311060 23.367090
g817 g921 27.311060 23.367090
g817 g924 27.311060 23.367090
g817 g882 27.311060 23.367090
g817 g885 27.311060 23.367090
g817 g888 27.311060 23.367090
g817 g927 27.311060 23.367090
g817 g930 27.311060 23.367090
g817 g933 27.311060 23.367090
g817 g891 27.495740 23.355790
g817 g894 27.495740 23.355790
g817 g897 27.495740 23.355790
g817 g936 27.495740 23.355790
g817 g939 27.495740 23.355790
g817 g942 27.495740 23.355790
g817 g900 27.495740 23.355790
g817 g903 27.495740 23.355790
g817 g906 27.495740 23.355790
g817 g945 27.495740 23.355790
g817 g948 27.495740 23.355790
g817 g951 27.495740 23.355790
g817 g909 27.311060 23.367090
g817 g912 27.311060 23.367090
g817 g915 27.311060 23.367090
g817 g954 27.311060 23.367090
g817 g957 27.311060 23.367090
g817 g960 27.311060 23.367090
g817 g999 16.377560 15.304600
g817 g1000 16.377560 15.304600
g817 g1001 16.377560 15.304600
g817 g1002 21.859080 15.617800
g817 g1003 21.859080 15.617800
g817 g1004 21.859080 15.617800
g817 g1005 17.072040 15.999080
g817 g1006 17.072040 15.999080
g817 g1007 17.072040 15.999080
g817 g1009 16.448990 15.032160
g817 g1010 16.510810 15.093980
g817 g1008 16.510810 15.093980
g817 g1090 15.554160 14.481200
g817 g1091 15.384160 14.311200
g817 g1089 15.384160 14.311200
g821 g821 1.967700 1.967700
g821 g873 26.399740 22.250000
g821 g876 26.399740 22.250000
g821 g879 26.399740 22.250000
g821 g918 26.215060 22.261300
g821 g921 26.215060 22.261300
g821 g924 26.215060 22.261300
g821 g882 26.215060 22.261300
g821 g885 26.215060 22.261300
g821 g888 26.215060 22.261300
g821 g927 26.215060 22.261300
g821 g930 26.215060 22.261300
g821 g933 26.215060 22.261300
g821 g891 26.399740 22.250000
g821 g894 26.399740 22.250000
g821 g897 26.399740 22.250000
g821 g936 26.399740 22.250000
g821 g939 26.399740 22.250000
g821 g942 26.399740 22.250000
g821 g900 26.399740 22.250000
g821 g903 26.399740 22.250000
g821 g906 26.399740 22.250000
g821 g945 26.399740 22.250000
g821 g948 26.399740 22.250000
g821 g951 26.399740 22.250000
g821 g909 26.215060 22.261300
g821 g912 26.215060 22.261300
g821 g915 26.215060 22.261300
g821 g954 26.215060 22.261300
g821 g957 26.215060 22.261300
g821 g960 26.215060 22.261300
g821 g999 15.281560 14.198810
g821 g1000 15.281560 14.198810
g821 g1001 15.281560 14.198810
g821 g1002 20.763080 14.512010
g821 g1003 20.763080 14.512010
g821 g1004 20.763080 14.512010
g821 g1005 15.976040 14.893290
g821 g1006 15.976040 14.893290
g821 g1007 15.976040 14.893290
g821 g1009 15.352990 13.926370
g821 g1010 15.414810 13.988190
g821 g1008 15.414810 13.988190
g821 g1090 14.458160 13.375410
g821 g1091 14.288160 13.205410
g821 g1089 14.288160 13.205410
g822 g822 1.967700 1.967700
g822 g873 26.221240 22.071500
g822 g876 26.221240 22.071500
g822 g879 26.221240 22.071500
g822 g918 26.036560 22.082800
g822 g921 26.036560 22.082800
g822 g924 26.036560 22.082800
g822 g882 26.036560 22.082800
g822 g885 26.036560 22.082800
g822 g888 26.036560 22.082800
g822 g927 26.036560 22.082800
g822 g930 26.036560 22.082800
g822 g933 26.036560 22.082800
g822 g891 26.221240 22.071500
g822 g894 26.221240 22.071500
g822 g897 26.221240 22.071500
g822 g936 26.221240 22.071500
g822 g939 26.221240 22.071500
g822 g942 26.221240 22.071500
g822 g900 26.221240 22.071500
g822 g903 26.221240 22.071500
g822 g906 26.221240 22.071500
g822 g945 26.221240 22.071500
g822 g948 26.221240 22.071500
g822 g951 26.221240 22.071500
g822 g909 26.036560 22.082800
g822 g912 26.036560 22.082800
g822 g915 26.036560 22.082800
g822 g954 26.036560 22.082800
g822 g957 26.036560 22.082800
g822 g960 26.036560 22.082800
g822 g999 15.103060 14.020310
g822 g1000 15.103060 14.020310
g822 g1001 15.103060 14.020310
g822 g1002 20.584580 14.333510
g822 g1003 20.584580 14.333510
g822 g1004 20.584580 14.333510
g822 g1005 15.797540 14.714790
g822 g1006 15.797540 14.714790
g822 g1007 15.797540 14.714790
g822 g1009 15.174490 13.747870
g822 g1010 15.236310 13.809690
g822 g1008 15.236310 13.809690
g822 g1090 14.279660 13.196910
g822 g1091 14.109660 13.026910
g822 g1089 14.109660 13.026910
g820 g820 1.967700 1.967700
g820 g873 27.025240 22.875500
g820 g876 27.025240 22.875500
g820 g879 27.025240 22.875500
g820 g918 26.840560 22.886800
g820 g921 26.840560 22.886800
g820 g924 26.840560 22.886800
g820 g882 26.840560 22.886800
g820 g885 26.840560 22.886800
g820 g888 26.840560 22.886800
g820 g927 26.840560 22.886800
g820 g930 26.840560 22.886800
g820 g933 26.840560 22.886800
g820 g891 27.025240 22.875500
g820 g894 27.025240 22.875500
g820 g897 27.025240 22.875500
g820 g936 27.025240 22.875500
g820 g939 27.025240 22.875500
g820 g942 27.025240 22.875500
g820 g900 27.025240 22.875500
g820 g903 27.025240 22.875500
g820 g906 27.025240 22.875500
g820 g945 27.025240 22.875500
g820 g948 27.025240 22.875500
g820 g951 27.025240 22.875500
g820 g909 26.840560 22.886800
g820 g912 26.840560 22.886800
g820 g915 26.840560 22.886800
g820 g954 26.840560 22.886800
g820 g957 26.840560 22.886800
g820 g960 26.840560 22.886800
g820 g999 15.907060 14.824310
g820 g1000 15.907060 14.824310
g820 g1001 15.907060 14.824310
g820 g1002 21.388580 15.137510
g820 g1003 21.388580 15.137510
g820 g1004 21.388580 15.137510
g820 g1005 16.601540 15.518790
g820 g1006 16.601540 15.518790
g820 g1007 16.601540 15.518790
g820 g1009 15.978490 14.551870
g820 g1010 16.040310 14.613690
g820 g1008 16.040310 14.613690
g820 g1090 15.083660 14.000910
g820 g1091 14.913660 13.830910
g820 g1089 14.913660 13.830910
g830 g830 1.967700 1.967700
g830 g873 25.585840 20.380710
g830 g876 25.585840 20.380710
g830 g879 25.585840 20.380710
g830 g918 25.401160 20.392010
g830 g921 25.401160 20.392010
g830 g924 25.401160 20.392010
g830 g882 25.401160 20.392010
g830 g885 25.401160 20.392010
g830 g888 25.401160 20.392010
g830 g927 25.401160 20.392010
g830 g930 25.401160 20.392010
g830 g933 25.401160 20.392010
g830 g891 25.585840 20.380710
g830 g894 25.585840 20.380710
g830 g897 25.585840 20.380710
g830 g936 25.585840 20.380710
g830 g939 25.585840 20.380710
g830 g942 25.585840 20.380710
g830 g900 25.585840 20.380710
g830 g903 25.585840 20.380710
g830 g906 25.585840 20.380710
g830 g945 25.585840 20.380710
g830 g948 25.585840 20.380710
g830 g951 25.585840 20.380710
g830 g909 25.401160 20.392010
g830 g912 25.401160 20.392010
g830 g915 25.401160 20.392010
g830 g954 25.401160 20.392010
g830 g957 25.401160 20.392010
g830 g960 25.401160 20.392010
g830 g999 14.467660 12.329520
g830 g1000 14.467660 12.329520
g830 g1001 14.467660 12.329520
g830 g1002 19.949180 12.642720
g830 g1003 19.949180 12.642720
g830 g1004 19.949180 12.642720
g830 g1005 15.162140 13.024000
g830 g1006 15.162140 13.024000
g830 g1007 15.162140 13.024000
g830 g1009 14.539090 12.057080
g830 g1010 14.600910 12.118900
g830 g1008 14.600910 12.118900
g830 g1090 13.644260 11.506120
g830 g1091 13.474260 11.336120
g830 g1089 13.474260 11.336120
g831 g831 1.967700 1.967700
g831 g873 25.407600 20.202470
g831 g876 25.407600 20.202470
g831 g879 25.407600 20.202470
g831 g918 25.222920 20.213770
g831 g921 25.222920 20.213770
g831 g924 25.222920 20.213770
g831 g882 25.222920 20.213770
g831 g885 25.222920 20.213770
g831 g888 25.222920 20.213770
g831 g927 25.222920 20.213770
g831 g930 25.222920 20.213770
g831 g933 25.222920 20.213770
g831 g891 25.407600 20.202470
g831 g894 25.407600 20.202470
g831 g897 25.407600 20.202470
g831 g936 25.407600 20.202470
g831 g939 25.407600 20.202470
g831 g942 25.407600 20.202470
g831 g900 25.407600 20.202470
g831 g903 25.407600 20.202470
g831 g906 25.407600 20.202470
g831 g945 25.407600 20.202470
g831 g948 25.407600 20.202470
g831 g951 25.407600 20.202470
g831 g909 25.222920 20.213770
g831 g912 25.222920 20.213770
g831 g915 25.222920 20.213770
g831 g954 25.222920 20.213770
g831 g957 25.222920 20.213770
g831 g960 25.222920 20.213770
g831 g999 14.289420 12.151280
g831 g1000 14.289420 12.151280
g831 g1001 14.289420 12.151280
g831 g1002 19.770940 12.464480
g831 g1003 19.770940 12.464480
g831 g1004 19.770940 12.464480
g831 g1005 14.983900 12.845760
g831 g1006 14.983900 12.845760
g831 g1007 14.983900 12.845760
g831 g1009 14.360850 11.878840
g831 g1010 14.422670 11.940660
g831 g1008 14.422670 11.940660
g831 g1090 13.466020 11.327880
g831 g1091 13.296020 11.157880
g831 g1089 13.296020 11.157880
g829 g829 1.967700 1.967700
g829 g873 26.215760 21.010630
g829 g876 26.215760 21.010630
g829 g879 26.215760 21.010630
g829 g918 26.031080 21.021930
g829 g921 26.031080 21.021930
g829 g924 26.031080 21.021930
g829 g882 26.031080 21.021930
g829 g885 26.031080 21.021930
g829 g888 26.031080 21.021930
g829 g927 26.031080 21.021930
g829 g930 26.031080 21.021930
g829 g933 26.031080 21.021930
g829 g891 26.215760 21.010630
g829 g894 26.215760 21.010630
g829 g897 26.215760 21.010630
g829 g936 26.215760 21.010630
g829 g939 26.215760 21.010630
g829 g942 26.215760 21.010630
g829 g900 26.215760 21.010630
g829 g903 26.215760 21.010630
g829 g906 26.215760 21.010630
g829 g945 26.215760 21.010630
g829 g948 26.215760 21.010630
g829 g951 26.215760 21.010630
g829 g909 26.031080 21.021930
g829 g912 26.031080 21.021930
g829 g915 26.031080 21.021930
g829 g954 26.031080 21.021930
g829 g957 26.031080 21.021930
g829 g960 26.031080 21.021930
g829 g999 15.097580 12.959440
g829 g1000 15.097580 12.959440
g829 g1001 15.097580 12.959440
g829 g1002 20.579100 13.272640
g829 g1003 20.579100 13.272640
g829 g1004 20.579100 13.272640
g829 g1005 15.792060 13.653920
g829 g1006 15.792060 13.653920
g829 g1007 15.792060 13.653920
g829 g1009 15.169010 12.687000
g829 g1010 15.230830 12.748820
g829 g1008 15.230830 12.748820
g829 g1090 14.274180 12.136040
g829 g1091 14.104180 11.966040
g829 g1089 14.104180 11.966040
g833 g833 1.967700 1.967700
g833 g873 25.982310 21.840680
g833 g876 25.982310 21.840680
g833 g879 25.982310 21.840680
g833 g918 25.797630 21.851980
g833 g921 25.797630 21.851980
g833 g924 25.797630 21.851980
g833 g882 25.797630 21.851980
g833 g885 25.797630 21.851980
g833 g888 25.797630 21.851980
g833 g927 25.797630 21.851980
g833 g930 25.797630 21.851980
g833 g933 25.797630 21.851980
g833 g891 25.982310 21.840680
g833 g894 25.982310 21.840680
g833 g897 25.982310 21.840680
g833 g936 25.982310 21.840680
g833 g939 25.982310 21.840680
g833 g942 25.982310 21.840680
g833 g900 25.982310 21.840680
g833 g903 25.982310 21.840680
g833 g906 25.982310 21.840680
g833 g945 25.982310 21.840680
g833 g948 25.982310 21.840680
g833 g951 25.982310 21.840680
g833 g909 25.797630 21.851980
g833 g912 25.797630 21.851980
g833 g915 25.797630 21.851980
g833 g954 25.797630 21.851980
g833 g957 25.797630 21.851980
g833 g960 25.797630 21.851980
g833 g999 14.864130 13.789490
g833 g1000 14.864130 13.789490
g833 g1001 14.864130 13.789490
g833 g1002 20.345650 14.102690
g833 g1003 20.345650 14.102690
g833 g1004 20.345650 14.102690
g833 g1005 15.558610 14.483970
g833 g1006 15.558610 14.483970
g833 g1007 15.558610 14.483970
g833 g1009 14.935560 13.517050
g833 g1010 14.997380 13.578870
g833 g1008 14.997380 13.578870
g833 g1090 14.040730 12.966090
g833 g1091 13.870730 12.796090
g833 g1089 13.870730 12.796090
g834 g834 1.967700 1.967700
g834 g873 25.803810 21.662180
g834 g876 25.803810 21.662180
g834 g879 25.803810 21.662180
g834 g918 25.619130 21.673480
g834 g921 25.619130 21.673480
g834 g924 25.619130 21.673480
g834 g882 25.619130 21.673480
g834 g885 25.619130 21.673480
g834 g888 25.619130 21.673480
g834 g927 25.619130 21.673480
g834 g930 25.619130 21.673480
g834 g933 25.619130 21.673480
g834 g891 25.803810 21.662180
g834 g894 25.803810 21.662180
g834 g897 25.803810 21.662180
g834 g936 25.803810 21.662180
g834 g939 25.803810 21.662180
g834 g942 25.803810 21.662180
g834 g900 25.803810 21.662180
g834 g903 25.803810 21.662180
g834 g906 25.803810 21.662180
g834 g945 25.803810 21.662180
g834 g948 25.803810 21.662180
g834 g951 25.803810 21.662180
g834 g909 25.619130 21.673480
g834 g912 25.619130 21.673480
g834 g915 25.619130 21.673480
g834 g954 25.619130 21.673480
g834 g957 25.619130 21.673480
g834 g960 25.619130 21.673480
g834 g999 14.685630 13.610990
g834 g1000 14.685630 13.610990
g834 g1001 14.685630 13.610990
g834 g1002 20.167150 13.924190
g834 g1003 20.167150 13.924190
g834 g1004 20.167150 13.924190
g834 g1005 15.380110 14.305470
g834 g1006 15.380110 14.305470
g834 g1007 15.380110 14.305470
g834 g1009 14.757060 13.338550
g834 g1010 14.818880 13.400370
g834 g1008 14.818880 13.400370
g834 g1090 13.862230 12.787590
g834 g1091 13.692230 12.617590
g834 g1089 13.692230 12.617590
g832 g832 1.967700 1.967700
g832 g873 26.607810 22.466180
g832 g876 26.607810 22.466180
g832 g879 26.607810 22.466180
g832 g918 26.423130 22.477480
g832 g921 26.423130 22.477480
g832 g924 26.423130 22.477480
g832 g882 26.423130 22.477480
g832 g885 26.423130 22.477480
g832 g888 26.423130 22.477480
g832 g927 26.423130 22.477480
g832 g930 26.423130 22.477480
g832 g933 26.423130 22.477480
g832 g891 26.607810 22.466180
g832 g894 26.607810 22.466180
g832 g897 26.607810 22.466180
g832 g936 26.607810 22.466180
g832 g939 26.607810 22.466180
g832 g942 26.607810 22.466180
g832 g900 26.607810 22.466180
g832 g903 26.607810 22.466180
g832 g906 26.607810 22.466180
g832 g945 26.607810 22.466180
g832 g948 26.607810 22.466180
g832 g951 26.607810 22.466180
g832 g909 26.423130 22.477480
g832 g912 26.423130 22.477480
g832 g915 26.423130 22.477480
g832 g954 26.423130 22.477480
g832 g957 26.423130 22.477480
g832 g960 26.423130 22.477480
g832 g999 15.489630 14.414990
g832 g1000 15.489630 14.414990
g832 g1001 15.489630 14.414990
g832 g1002 20.971150 14.728190
g832 g1003 20.971150 14.728190
g832 g1004 20.971150 14.728190
g832 g1005 16.184110 15.109470
g832 g1006 16.184110 15.109470
g832 g1007 16.184110 15.109470
g832 g1009 15.561060 14.142550
g832 g1010 15.622880 14.204370
g832 g1008 15.622880 14.204370
g832 g1090 14.666230 13.591590
g832 g1091 14.496230 13.421590
g832 g1089 14.496230 13.421590
g836 g836 1.967700 1.967700
g836 g873 25.379650 20.174380
g836 g876 25.379650 20.174380
g836 g879 25.379650 20.174380
g836 g918 25.194970 20.185680
g836 g921 25.194970 20.185680
g836 g924 25.194970 20.185680
g836 g882 25.194970 20.185680
g836 g885 25.194970 20.185680
g836 g888 25.194970 20.185680
g836 g927 25.194970 20.185680
g836 g930 25.194970 20.185680
g836 g933 25.194970 20.185680
g836 g891 25.379650 20.174380
g836 g894 25.379650 20.174380
g836 g897 25.379650 20.174380
g836 g936 25.379650 20.174380
g836 g939 25.379650 20.174380
g836 g942 25.379650 20.174380
g836 g900 25.379650 20.174380
g836 g903 25.379650 20.174380
g836 g906 25.379650 20.174380
g836 g945 25.379650 20.174380
g836 g948 25.379650 20.174380
g836 g951 25.379650 20.174380
g836 g909 25.194970 20.185680
g836 g912 25.194970 20.185680
g836 g915 25.194970 20.185680
g836 g954 25.194970 20.185680
g836 g957 25.194970 20.185680
g836 g960 25.194970 20.185680
g836 g999 14.261470 12.123190
g836 g1000 14.261470 12.123190
g836 g1001 14.261470 12.123190
g836 g1002 19.742990 12.436390
g836 g1003 19.742990 12.436390
g836 g1004 19.742990 12.436390
g836 g1005 14.955950 12.817670
g836 g1006 14.955950 12.817670
g836 g1007 14.955950 12.817670
g836 g1009 14.332900 11.850750
g836 g1010 14.394720 11.912570
g836 g1008 14.394720 11.912570
g836 g1090 13.438070 11.299790
g836 g1091 13.268070 11.129790
g836 g1089 13.268070 11.129790
g837 g837 1.967700 1.967700
g837 g873 25.201410 19.996140
g837 g876 25.201410 19.996140
g837 g879 25.201410 19.996140
g837 g918 25.016730 20.007440
g837 g921 25.016730 20.007440
g837 g924 25.016730 20.007440
g837 g882 25.016730 20.007440
g837 g885 25.016730 20.007440
g837 g888 25.016730 20.007440
g837 g927 25.016730 20.007440
g837 g930 25.016730 20.007440
g837 g933 25.016730 20.007440
g837 g891 25.201410 19.996140
g837 g894 25.201410 19.996140
g837 g897 25.201410 19.996140
g837 g936 25.201410 19.996140
g837 g939 25.201410 19.996140
g837 g942 25.201410 19.996140
g837 g900 25.201410 19.996140
g837 g903 25.201410 19.996140
g837 g906 25.201410 19.996140
g837 g945 25.201410 19.996140
g837 g948 25.201410 19.996140
g837 g951 25.201410 19.996140
g837 g909 25.016730 20.007440
g837 g912 25.016730 20.007440
g837 g915 25.016730 20.007440
g837 g954 25.016730 20.007440
g837 g957 25.016730 20.007440
g837 g960 25.016730 20.007440
g837 g999 14.083230 11.944950
g837 g1000 14.083230 11.944950
g837 g1001 14.083230 11.944950
g837 g1002 19.564750 12.258150
g837 g1003 19.564750 12.258150
g837 g1004 19.564750 12.258150
g837 g1005 14.777710 12.639430
g837 g1006 14.777710 12.639430
g837 g1007 14.777710 12.639430
g837 g1009 14.154660 11.672510
g837 g1010 14.216480 11.734330
g837 g1008 14.216480 11.734330
g837 g1090 13.259830 11.121550
g837 g1091 13.089830 10.951550
g837 g1089 13.089830 10.951550
g835 g835 1.967700 1.967700
g835 g873 26.009570 20.804300
g835 g876 26.009570 20.804300
g835 g879 26.009570 20.804300
g835 g918 25.824890 20.815600
g835 g921 25.824890 20.815600
g835 g924 25.824890 20.815600
g835 g882 25.824890 20.815600
g835 g885 25.824890 20.815600
g835 g888 25.824890 20.815600
g835 g927 25.824890 20.815600
g835 g930 25.824890 20.815600
g835 g933 25.824890 20.815600
g835 g891 26.009570 20.804300
g835 g894 26.009570 20.804300
g835 g897 26.009570 20.804300
g835 g936 26.009570 20.804300
g835 g939 26.009570 20.804300
g835 g942 26.009570 20.804300
g835 g900 26.009570 20.804300
g835 g903 26.009570 20.804300
g835 g906 26.009570 20.804300
g835 g945 26.009570 20.804300
g835 g948 26.009570 20.804300
g835 g951 26.009570 20.804300
g835 g909 25.824890 20.815600
g835 g912 25.824890 20.815600
g835 g915 25.824890 20.815600
g835 g954 25.824890 20.815600
g835 g957 25.824890 20.815600
g835 g960 25.824890 20.815600
g835 g999 14.891390 12.753110
g835 g1000 14.891390 12.753110
g835 g1001 14.891390 12.753110
g835 g1002 20.372910 13.066310
g835 g1003 20.372910 13.066310
g835 g1004 20.372910 13.066310
g835 g1005 15.585870 13.447590
g835 g1006 15.585870 13.447590
g835 g1007 15.585870 13.447590
g835 g1009 14.962820 12.480670
g835 g1010 15.024640 12.542490
g835 g1008 15.024640 12.542490
g835 g1090 14.067990 11.929710
g835 g1091 13.897990 11.759710
g835 g1089 13.897990 11.759710
g839 g839 1.967700 1.967700
g839 g873 27.344390 23.204440
g839 g876 27.344390 23.204440
g839 g879 27.344390 23.204440
g839 g918 27.159710 23.215740
g839 g921 27.159710 23.215740
g839 g924 27.159710 23.215740
g839 g882 27.159710 23.215740
g839 g885 27.159710 23.215740
g839 g888 27.159710 23.215740
g839 g927 27.159710 23.215740
g839 g930 27.159710 23.215740
g839 g933 27.159710 23.215740
g839 g891 27.344390 23.204440
g839 g894 27.344390 23.204440
g839 g897 27.344390 23.204440
g839 g936 27.344390 23.204440
g839 g939 27.344390 23.204440
g839 g942 27.344390 23.204440
g839 g900 27.344390 23.204440
g839 g903 27.344390 23.204440
g839 g906 27.344390 23.204440
g839 g945 27.344390 23.204440
g839 g948 27.344390 23.204440
g839 g951 27.344390 23.204440
g839 g909 27.159710 23.215740
g839 g912 27.159710 23.215740
g839 g915 27.159710 23.215740
g839 g954 27.159710 23.215740
g839 g957 27.159710 23.215740
g839 g960 27.159710 23.215740
g839 g999 16.226210 15.153250
g839 g1000 16.226210 15.153250
g839 g1001 16.226210 15.153250
g839 g1002 21.707730 15.466450
g839 g1003 21.707730 15.466450
g839 g1004 21.707730 15.466450
g839 g1005 16.920690 15.847730
g839 g1006 16.920690 15.847730
g839 g1007 16.920690 15.847730
g839 g1009 16.297640 14.880810
g839 g1010 16.359460 14.942630
g839 g1008 16.359460 14.942630
g839 g1090 15.402810 14.329850
g839 g1091 15.232810 14.159850
g839 g1089 15.232810 14.159850
g840 g840 1.967700 1.967700
g840 g873 27.165890 23.025940
g840 g876 27.165890 23.025940
g840 g879 27.165890 23.025940
g840 g918 26.981210 23.037240
g840 g921 26.981210 23.037240
g840 g924 26.981210 23.037240
g840 g882 26.981210 23.037240
g840 g885 26.981210 23.037240
g840 g888 26.981210 23.037240
g840 g927 26.981210 23.037240
g840 g930 26.981210 23.037240
g840 g933 26.981210 23.037240
g840 g891 27.165890 23.025940
g840 g894 27.165890 23.025940
g840 g897 27.165890 23.025940
g840 g936 27.165890 23.025940
g840 g939 27.165890 23.025940
g840 g942 27.165890 23.025940
g840 g900 27.165890 23.025940
g840 g903 27.165890 23.025940
g840 g906 27.165890 23.025940
g840 g945 27.165890 23.025940
g840 g948 27.165890 23.025940
g840 g951 27.165890 23.025940
g840 g909 26.981210 23.037240
g840 g912 26.981210 23.037240
g840 g915 26.981210 23.037240
g840 g954 26.981210 23.037240
g840 g957 26.981210 23.037240
g840 g960 26.981210 23.037240
g840 g999 16.047710 14.974750
g840 g1000 16.047710 14.974750
g840 g1001 16.047710 14.974750
g840 g1002 21.529230 15.287950
g840 g1003 21.529230 15.287950
g840 g1004 21.529230 15.287950
g840 g1005 16.742190 15.669230
g840 g1006 16.742190 15.669230
g840 g1007 16.742190 15.669230
g840 g1009 16.119140 14.702310
g840 g1010 16.180960 14.764130
g840 g1008 16.180960 14.764130
g840 g1090 15.224310 14.151350
g840 g1091 15.054310 13.981350
g840 g1089 15.054310 13.981350
g838 g838 1.967700 1.967700
g838 g873 27.969890 23.829940
g838 g876 27.969890 23.829940
g838 g879 27.969890 23.829940
g838 g918 27.785210 23.841240
g838 g921 27.785210 23.841240
g838 g924 27.785210 23.841240
g838 g882 27.785210 23.841240
g838 g885 27.785210 23.841240
g838 g888 27.785210 23.841240
g838 g927 27.785210 23.841240
g838 g930 27.785210 23.841240
g838 g933 27.785210 23.841240
g838 g891 27.969890 23.829940
g838 g894 27.969890 23.829940
g838 g897 27.969890 23.829940
g838 g936 27.969890 23.829940
g838 g939 27.969890 23.829940
g838 g942 27.969890 23.829940
g838 g900 27.969890 23.829940
g838 g903 27.969890 23.829940
g838 g906 27.969890 23.829940
g838 g945 27.969890 23.829940
g838 g948 27.969890 23.829940
g838 g951 27.969890 23.829940
g838 g909 27.785210 23.841240
g838 g912 27.785210 23.841240
g838 g915 27.785210 23.841240
g838 g954 27.785210 23.841240
g838 g957 27.785210 23.841240
g838 g960 27.785210 23.841240
g838 g999 16.851710 15.778750
g838 g1000 16.851710 15.778750
g838 g1001 16.851710 15.778750
g838 g1002 22.333230 16.091950
g838 g1003 22.333230 16.091950
g838 g1004 22.333230 16.091950
g838 g1005 17.546190 16.473230
g838 g1006 17.546190 16.473230
g838 g1007 17.546190 16.473230
g838 g1009 16.923140 15.506310
g838 g1010 16.984960 15.568130
g838 g1008 16.984960 15.568130
g838 g1090 16.028310 14.955350
g838 g1091 15.858310 14.785350
g838 g1089 15.858310 14.785350
g842 g842 1.967700 1.967700
g842 g873 26.873890 22.724150
g842 g876 26.873890 22.724150
g842 g879 26.873890 22.724150
g842 g918 26.689210 22.735450
g842 g921 26.689210 22.735450
g842 g924 26.689210 22.735450
g842 g882 26.689210 22.735450
g842 g885 26.689210 22.735450
g842 g888 26.689210 22.735450
g842 g927 26.689210 22.735450
g842 g930 26.689210 22.735450
g842 g933 26.689210 22.735450
g842 g891 26.873890 22.724150
g842 g894 26.873890 22.724150
g842 g897 26.873890 22.724150
g842 g936 26.873890 22.724150
g842 g939 26.873890 22.724150
g842 g942 26.873890 22.724150
g842 g900 26.873890 22.724150
g842 g903 26.873890 22.724150
g842 g906 26.873890 22.724150
g842 g945 26.873890 22.724150
g842 g948 26.873890 22.724150
g842 g951 26.873890 22.724150
g842 g909 26.689210 22.735450
g842 g912 26.689210 22.735450
g842 g915 26.689210 22.735450
g842 g954 26.689210 22.735450
g842 g957 26.689210 22.735450
g842 g960 26.689210 22.735450
g842 g999 15.755710 14.672960
g842 g1000 15.755710 14.672960
g842 g1001 15.755710 14.672960
g842 g1002 21.237230 14.986160
g842 g1003 21.237230 14.986160
g842 g1004 21.237230 14.986160
g842 g1005 16.450190 15.367440
g842 g1006 16.450190 15.367440
g842 g1007 16.450190 15.367440
g842 g1009 15.827140 14.400520
g842 g1010 15.888960 14.462340
g842 g1008 15.888960 14.462340
g842 g1090 14.932310 13.849560
g842 g1091 14.762310 13.679560
g842 g1089 14.762310 13.679560
g843 g843 1.967700 1.967700
g843 g873 26.695390 22.545650
g843 g876 26.695390 22.545650
g843 g879 26.695390 22.545650
g843 g918 26.510710 22.556950
g843 g921 26.510710 22.556950
g843 g924 26.510710 22.556950
g843 g882 26.510710 22.556950
g843 g885 26.510710 22.556950
g843 g888 26.510710 22.556950
g843 g927 26.510710 22.556950
g843 g930 26.510710 22.556950
g843 g933 26.510710 22.556950
g843 g891 26.695390 22.545650
g843 g894 26.695390 22.545650
g843 g897 26.695390 22.545650
g843 g936 26.695390 22.545650
g843 g939 26.695390 22.545650
g843 g942 26.695390 22.545650
g843 g900 26.695390 22.545650
g843 g903 26.695390 22.545650
g843 g906 26.695390 22.545650
g843 g945 26.695390 22.545650
g843 g948 26.695390 22.545650
g843 g951 26.695390 22.545650
g843 g909 26.510710 22.556950
g843 g912 26.510710 22.556950
g843 g915 26.510710 22.556950
g843 g954 26.510710 22.556950
g843 g957 26.510710 22.556950
g843 g960 26.510710 22.556950
g843 g999 15.577210 14.494460
g843 g1000 15.577210 14.494460
g843 g1001 15.577210 14.494460
g843 g1002 21.058730 14.807660
g843 g1003 21.058730 14.807660
g843 g1004 21.058730 14.807660
g843 g1005 16.271690 15.188940
g843 g1006 16.271690 15.188940
g843 g1007 16.271690 15.188940
g843 g1009 15.648640 14.222020
g843 g1010 15.710460 14.283840
g843 g1008 15.710460 14.283840
g843 g1090 14.753810 13.671060
g843 g1091 14.583810 13.501060
g843 g1089 14.583810 13.501060
g841 g841 1.967700 1.967700
g841 g873 27.499390 23.349650
g841 g876 27.499390 23.349650
g841 g879 27.499390 23.349650
g841 g918 27.314710 23.360950
g841 g921 27.314710 23.360950
g841 g924 27.314710 23.360950
g841 g882 27.314710 23.360950
g841 g885 27.314710 23.360950
g841 g888 27.314710 23.360950
g841 g927 27.314710 23.360950
g841 g930 27.314710 23.360950
g841 g933 27.314710 23.360950
g841 g891 27.499390 23.349650
g841 g894 27.499390 23.349650
g841 g897 27.499390 23.349650
g841 g936 27.499390 23.349650
g841 g939 27.499390 23.349650
g841 g942 27.499390 23.349650
g841 g900 27.499390 23.349650
g841 g903 27.499390 23.349650
g841 g906 27.499390 23.349650
g841 g945 27.499390 23.349650
g841 g948 27.499390 23.349650
g841 g951 27.499390 23.349650
g841 g909 27.314710 23.360950
g841 g912 27.314710 23.360950
g841 g915 27.314710 23.360950
g841 g954 27.314710 23.360950
g841 g957 27.314710 23.360950
g841 g960 27.314710 23.360950
g841 g999 16.381210 15.298460
g841 g1000 16.381210 15.298460
g841 g1001 16.381210 15.298460
g841 g1002 21.862730 15.611660
g841 g1003 21.862730 15.611660
g841 g1004 21.862730 15.611660
g841 g1005 17.075690 15.992940
g841 g1006 17.075690 15.992940
g841 g1007 17.075690 15.992940
g841 g1009 16.452640 15.026020
g841 g1010 16.514460 15.087840
g841 g1008 16.514460 15.087840
g841 g1090 15.557810 14.475060
g841 g1091 15.387810 14.305060
g841 g1089 15.387810 14.305060
g845 g845 1.967700 1.967700
g845 g873 26.059990 20.854760
g845 g876 26.059990 20.854760
g845 g879 26.059990 20.854760
g845 g918 25.875310 20.866060
g845 g921 25.875310 20.866060
g845 g924 25.875310 20.866060
g845 g882 25.875310 20.866060
g845 g885 25.875310 20.866060
g845 g888 25.875310 20.866060
g845 g927 25.875310 20.866060
g845 g930 25.875310 20.866060
g845 g933 25.875310 20.866060
g845 g891 26.059990 20.854760
g845 g894 26.059990 20.854760
g845 g897 26.059990 20.854760
g845 g936 26.059990 20.854760
g845 g939 26.059990 20.854760
g845 g942 26.059990 20.854760
g845 g900 26.059990 20.854760
g845 g903 26.059990 20.854760
g845 g906 26.059990 20.854760
g845 g945 26.059990 20.854760
g845 g948 26.059990 20.854760
g845 g951 26.059990 20.854760
g845 g909 25.875310 20.866060
g845 g912 25.875310 20.866060
g845 g915 25.875310 20.866060
g845 g954 25.875310 20.866060
g845 g957 25.875310 20.866060
g845 g960 25.875310 20.866060
g845 g999 14.941810 12.803570
g845 g1000 14.941810 12.803570
g845 g1001 14.941810 12.803570
g845 g1002 20.423330 13.116770
g845 g1003 20.423330 13.116770
g845 g1004 20.423330 13.116770
g845 g1005 15.636290 13.498050
g845 g1006 15.636290 13.498050
g845 g1007 15.636290 13.498050
g845 g1009 15.013240 12.531130
g845 g1010 15.075060 12.592950
g845 g1008 15.075060 12.592950
g845 g1090 14.118410 11.980170
g845 g1091 13.948410 11.810170
g845 g1089 13.948410 11.810170
g846 g846 1.967700 1.967700
g846 g873 25.881750 20.676520
g846 g876 25.881750 20.676520
g846 g879 25.881750 20.676520
g846 g918 25.697070 20.687820
g846 g921 25.697070 20.687820
g846 g924 25.697070 20.687820
g846 g882 25.697070 20.687820
g846 g885 25.697070 20.687820
g846 g888 25.697070 20.687820
g846 g927 25.697070 20.687820
g846 g930 25.697070 20.687820
g846 g933 25.697070 20.687820
g846 g891 25.881750 20.676520
g846 g894 25.881750 20.676520
g846 g897 25.881750 20.676520
g846 g936 25.881750 20.676520
g846 g939 25.881750 20.676520
g846 g942 25.881750 20.676520
g846 g900 25.881750 20.676520
g846 g903 25.881750 20.676520
g846 g906 25.881750 20.676520
g846 g945 25.881750 20.676520
g846 g948 25.881750 20.676520
g846 g951 25.881750 20.676520
g846 g909 25.697070 20.687820
g846 g912 25.697070 20.687820
g846 g915 25.697070 20.687820
g846 g954 25.697070 20.687820
g846 g957 25.697070 20.687820
g846 g960 25.697070 20.687820
g846 g999 14.763570 12.625330
g846 g1000 14.763570 12.625330
g846 g1001 14.763570 12.625330
g846 g1002 20.245090 12.938530
g846 g1003 20.245090 12.938530
g846 g1004 20.245090 12.938530
g846 g1005 15.458050 13.319810
g846 g1006 15.458050 13.319810
g846 g1007 15.458050 13.319810
g846 g1009 14.835000 12.352890
g846 g1010 14.896820 12.414710
g846 g1008 14.896820 12.414710
g846 g1090 13.940170 11.801930
g846 g1091 13.770170 11.631930
g846 g1089 13.770170 11.631930
g844 g844 1.967700 1.967700
g844 g873 26.689910 21.484680
g844 g876 26.689910 21.484680
g844 g879 26.689910 21.484680
g844 g918 26.505230 21.495980
g844 g921 26.505230 21.495980
g844 g924 26.505230 21.495980
g844 g882 26.505230 21.495980
g844 g885 26.505230 21.495980
g844 g888 26.505230 21.495980
g844 g927 26.505230 21.495980
g844 g930 26.505230 21.495980
g844 g933 26.505230 21.495980
g844 g891 26.689910 21.484680
g844 g894 26.689910 21.484680
g844 g897 26.689910 21.484680
g844 g936 26.689910 21.484680
g844 g939 26.689910 21.484680
g844 g942 26.689910 21.484680
g844 g900 26.689910 21.484680
g844 g903 26.689910 21.484680
g844 g906 26.689910 21.484680
g844 g945 26.689910 21.484680
g844 g948 26.689910 21.484680
g844 g951 26.689910 21.484680
g844 g909 26.505230 21.495980
g844 g912 26.505230 21.495980
g844 g915 26.505230 21.495980
g844 g954 26.505230 21.495980
g844 g957 26.505230 21.495980
g844 g960 26.505230 21.495980
g844 g999 15.571730 13.433490
g844 g1000 15.571730 13.433490
g844 g1001 15.571730 13.433490
g844 g1002 21.053250 13.746690
g844 g1003 21.053250 13.746690
g844 g1004 21.053250 13.746690
g844 g1005 16.266210 14.127970
g844 g1006 16.266210 14.127970
g844 g1007 16.266210 14.127970
g844 g1009 15.643160 13.161050
g844 g1010 15.704980 13.222870
g844 g1008 15.704980 13.222870
g844 g1090 14.748330 12.610090
g844 g1091 14.578330 12.440090
g844 g1089 14.578330 12.440090
g848 g848 1.967700 1.967700
g848 g873 26.657530 22.337340
g848 g876 26.657530 22.337340
g848 g879 26.657530 22.337340
g848 g918 26.472850 22.348640
g848 g921 26.472850 22.348640
g848 g924 26.472850 22.348640
g848 g882 26.472850 22.348640
g848 g885 26.472850 22.348640
g848 g888 26.472850 22.348640
g848 g927 26.472850 22.348640
g848 g930 26.472850 22.348640
g848 g933 26.472850 22.348640
g848 g891 26.657530 22.337340
g848 g894 26.657530 22.337340
g848 g897 26.657530 22.337340
g848 g936 26.657530 22.337340
g848 g939 26.657530 22.337340
g848 g942 26.657530 22.337340
g848 g900 26.657530 22.337340
g848 g903 26.657530 22.337340
g848 g906 26.657530 22.337340
g848 g945 26.657530 22.337340
g848 g948 26.657530 22.337340
g848 g951 26.657530 22.337340
g848 g909 26.472850 22.348640
g848 g912 26.472850 22.348640
g848 g915 26.472850 22.348640
g848 g954 26.472850 22.348640
g848 g957 26.472850 22.348640
g848 g960 26.472850 22.348640
g848 g999 15.539350 14.286150
g848 g1000 15.539350 14.286150
g848 g1001 15.539350 14.286150
g848 g1002 21.020870 14.599350
g848 g1003 21.020870 14.599350
g848 g1004 21.020870 14.599350
g848 g1005 16.233830 14.980630
g848 g1006 16.233830 14.980630
g848 g1007 16.233830 14.980630
g848 g1009 15.610780 14.013710
g848 g1010 15.672600 14.075530
g848 g1008 15.672600 14.075530
g848 g1090 14.715950 13.462750
g848 g1091 14.545950 13.292750
g848 g1089 14.545950 13.292750
g849 g849 1.967700 1.967700
g849 g873 26.479090 22.158900
g849 g876 26.479090 22.158900
g849 g879 26.479090 22.158900
g849 g918 26.294410 22.170200
g849 g921 26.294410 22.170200
g849 g924 26.294410 22.170200
g849 g882 26.294410 22.170200
g849 g885 26.294410 22.170200
g849 g888 26.294410 22.170200
g849 g927 26.294410 22.170200
g849 g930 26.294410 22.170200
g849 g933 26.294410 22.170200
g849 g891 26.479090 22.158900
g849 g894 26.479090 22.158900
g849 g897 26.479090 22.158900
g849 g936 26.479090 22.158900
g849 g939 26.479090 22.158900
g849 g942 26.479090 22.158900
g849 g900 26.479090 22.158900
g849 g903 26.479090 22.158900
g849 g906 26.479090 22.158900
g849 g945 26.479090 22.158900
g849 g948 26.479090 22.158900
g849 g951 26.479090 22.158900
g849 g909 26.294410 22.170200
g849 g912 26.294410 22.170200
g849 g915 26.294410 22.170200
g849 g954 26.294410 22.170200
g849 g957 26.294410 22.170200
g849 g960 26.294410 22.170200
g849 g999 15.360910 14.107710
g849 g1000 15.360910 14.107710
g849 g1001 15.360910 14.107710
g849 g1002 20.842430 14.420910
g849 g1003 20.842430 14.420910
g849 g1004 20.842430 14.420910
g849 g1005 16.055390 14.802190
g849 g1006 16.055390 14.802190
g849 g1007 16.055390 14.802190
g849 g1009 15.432340 13.835270
g849 g1010 15.494160 13.897090
g849 g1008 15.494160 13.897090
g849 g1090 14.537510 13.284310
g849 g1091 14.367510 13.114310
g849 g1089 14.367510 13.114310
g847 g847 1.967700 1.967700
g847 g873 27.284050 22.963860
g847 g876 27.284050 22.963860
g847 g879 27.284050 22.963860
g847 g918 27.099370 22.975160
g847 g921 27.099370 22.975160
g847 g924 27.099370 22.975160
g847 g882 27.099370 22.975160
g847 g885 27.099370 22.975160
g847 g888 27.099370 22.975160
g847 g927 27.099370 22.975160
g847 g930 27.099370 22.975160
g847 g933 27.099370 22.975160
g847 g891 27.284050 22.963860
g847 g894 27.284050 22.963860
g847 g897 27.284050 22.963860
g847 g936 27.284050 22.963860
g847 g939 27.284050 22.963860
g847 g942 27.284050 22.963860
g847 g900 27.284050 22.963860
g847 g903 27.284050 22.963860
g847 g906 27.284050 22.963860
g847 g945 27.284050 22.963860
g847 g948 27.284050 22.963860
g847 g951 27.284050 22.963860
g847 g909 27.099370 22.975160
g847 g912 27.099370 22.975160
g847 g915 27.099370 22.975160
g847 g954 27.099370 22.975160
g847 g957 27.099370 22.975160
g847 g960 27.099370 22.975160
g847 g999 16.165870 14.912670
g847 g1000 16.165870 14.912670
g847 g1001 16.165870 14.912670
g847 g1002 21.647390 15.225870
g847 g1003 21.647390 15.225870
g847 g1004 21.647390 15.225870
g847 g1005 16.860350 15.607150
g847 g1006 16.860350 15.607150
g847 g1007 16.860350 15.607150
g847 g1009 16.237300 14.640230
g847 g1010 16.299120 14.702050
g847 g1008 16.299120 14.702050
g847 g1090 15.342470 14.089270
g847 g1091 15.172470 13.919270
g847 g1089 15.172470 13.919270
g851 g851 1.967700 1.967700
g851 g873 25.961420 21.693130
g851 g876 25.961420 21.693130
g851 g879 25.961420 21.693130
g851 g918 25.776740 21.704430
g851 g921 25.776740 21.704430
g851 g924 25.776740 21.704430
g851 g882 25.776740 21.704430
g851 g885 25.776740 21.704430
g851 g888 25.776740 21.704430
g851 g927 25.776740 21.704430
g851 g930 25.776740 21.704430
g851 g933 25.776740 21.704430
g851 g891 25.961420 21.693130
g851 g894 25.961420 21.693130
g851 g897 25.961420 21.693130
g851 g936 25.961420 21.693130
g851 g939 25.961420 21.693130
g851 g942 25.961420 21.693130
g851 g900 25.961420 21.693130
g851 g903 25.961420 21.693130
g851 g906 25.961420 21.693130
g851 g945 25.961420 21.693130
g851 g948 25.961420 21.693130
g851 g951 25.961420 21.693130
g851 g909 25.776740 21.704430
g851 g912 25.776740 21.704430
g851 g915 25.776740 21.704430
g851 g954 25.776740 21.704430
g851 g957 25.776740 21.704430
g851 g960 25.776740 21.704430
g851 g999 14.843240 13.641940
g851 g1000 14.843240 13.641940
g851 g1001 14.843240 13.641940
g851 g1002 20.324760 13.955140
g851 g1003 20.324760 13.955140
g851 g1004 20.324760 13.955140
g851 g1005 15.537720 14.336420
g851 g1006 15.537720 14.336420
g851 g1007 15.537720 14.336420
g851 g1009 14.914670 13.369500
g851 g1010 14.976490 13.431320
g851 g1008 14.976490 13.431320
g851 g1090 14.019840 12.818540
g851 g1091 13.849840 12.648540
g851 g1089 13.849840 12.648540
g852 g852 1.967700 1.967700
g852 g873 25.782980 21.514690
g852 g876 25.782980 21.514690
g852 g879 25.782980 21.514690
g852 g918 25.598300 21.525990
g852 g921 25.598300 21.525990
g852 g924 25.598300 21.525990
g852 g882 25.598300 21.525990
g852 g885 25.598300 21.525990
g852 g888 25.598300 21.525990
g852 g927 25.598300 21.525990
g852 g930 25.598300 21.525990
g852 g933 25.598300 21.525990
g852 g891 25.782980 21.514690
g852 g894 25.782980 21.514690
g852 g897 25.782980 21.514690
g852 g936 25.782980 21.514690
g852 g939 25.782980 21.514690
g852 g942 25.782980 21.514690
g852 g900 25.782980 21.514690
g852 g903 25.782980 21.514690
g852 g906 25.782980 21.514690
g852 g945 25.782980 21.514690
g852 g948 25.782980 21.514690
g852 g951 25.782980 21.514690
g852 g909 25.598300 21.525990
g852 g912 25.598300 21.525990
g852 g915 25.598300 21.525990
g852 g954 25.598300 21.525990
g852 g957 25.598300 21.525990
g852 g960 25.598300 21.525990
g852 g999 14.664800 13.463500
g852 g1000 14.664800 13.463500
g852 g1001 14.664800 13.463500
g852 g1002 20.146320 13.776700
g852 g1003 20.146320 13.776700
g852 g1004 20.146320 13.776700
g852 g1005 15.359280 14.157980
g852 g1006 15.359280 14.157980
g852 g1007 15.359280 14.157980
g852 g1009 14.736230 13.191060
g852 g1010 14.798050 13.252880
g852 g1008 14.798050 13.252880
g852 g1090 13.841400 12.640100
g852 g1091 13.671400 12.470100
g852 g1089 13.671400 12.470100
g850 g850 1.967700 1.967700
g850 g873 26.587940 22.319650
g850 g876 26.587940 22.319650
g850 g879 26.587940 22.319650
g850 g918 26.403260 22.330950
g850 g921 26.403260 22.330950
g850 g924 26.403260 22.330950
g850 g882 26.403260 22.330950
g850 g885 26.403260 22.330950
g850 g888 26.403260 22.330950
g850 g927 26.403260 22.330950
g850 g930 26.403260 22.330950
g850 g933 26.403260 22.330950
g850 g891 26.587940 22.319650
g850 g894 26.587940 22.319650
g850 g897 26.587940 22.319650
g850 g936 26.587940 22.319650
g850 g939 26.587940 22.319650
g850 g942 26.587940 22.319650
g850 g900 26.587940 22.319650
g850 g903 26.587940 22.319650
g850 g906 26.587940 22.319650
g850 g945 26.587940 22.319650
g850 g948 26.587940 22.319650
g850 g951 26.587940 22.319650
g850 g909 26.403260 22.330950
g850 g912 26.403260 22.330950
g850 g915 26.403260 22.330950
g850 g954 26.403260 22.330950
g850 g957 26.403260 22.330950
g850 g960 26.403260 22.330950
g850 g999 15.469760 14.268460
g850 g1000 15.469760 14.268460
g850 g1001 15.469760 14.268460
g850 g1002 20.951280 14.581660
g850 g1003 20.951280 14.581660
g850 g1004 20.951280 14.581660
g850 g1005 16.164240 14.962940
g850 g1006 16.164240 14.962940
g850 g1007 16.164240 14.962940
g850 g1009 15.541190 13.996020
g850 g1010 15.603010 14.057840
g850 g1008 15.603010 14.057840
g850 g1090 14.646360 13.445060
g850 g1091 14.476360 13.275060
g850 g1089 14.476360 13.275060
g857 g857 1.967700 1.967700
g857 g873 22.454440 17.524240
g857 g876 22.454440 17.524240
g857 g879 22.454440 17.524240
g857 g918 22.269760 17.535540
g857 g921 22.269760 17.535540
g857 g924 22.269760 17.535540
g857 g882 22.269760 17.535540
g857 g885 22.269760 17.535540
g857 g888 22.269760 17.535540
g857 g927 22.269760 17.535540
g857 g930 22.269760 17.535540
g857 g933 22.269760 17.535540
g857 g891 22.454440 17.524240
g857 g894 22.454440 17.524240
g857 g897 22.454440 17.524240
g857 g936 22.454440 17.524240
g857 g939 22.454440 17.524240
g857 g942 22.454440 17.524240
g857 g900 22.454440 17.524240
g857 g903 22.454440 17.524240
g857 g906 22.454440 17.524240
g857 g945 22.454440 17.524240
g857 g948 22.454440 17.524240
g857 g951 22.454440 17.524240
g857 g909 22.269760 17.535540
g857 g912 22.269760 17.535540
g857 g915 22.269760 17.535540
g857 g954 22.269760 17.535540
g857 g957 22.269760 17.535540
g857 g960 22.269760 17.535540
g857 g1095 17.001130 14.825490
g857 g1098 17.001130 14.825490
g857 g1101 17.001130 14.825490
g857 g1104 16.870990 15.322380
g857 g1107 16.870990 15.322380
g857 g1110 16.870990 15.322380
g857 g1114 16.518930 13.342950
g857 g1115 16.518930 13.342950
g857 g1113 16.518930 13.342950
g857 g999 13.646700 9.473050
g857 g1000 13.646700 9.473050
g857 g1001 13.646700 9.473050
g857 g1002 17.459900 9.786250
g857 g1003 17.459900 9.786250
g857 g1004 17.459900 9.786250
g857 g1005 16.985600 10.167530
g857 g1006 16.985600 10.167530
g857 g1007 16.985600 10.167530
g857 g1009 11.817240 8.977880
g857 g1010 11.879060 9.606300
g857 g1008 11.879060 9.606300
g857 g1090 8.649650 8.649650
g857 g1091 8.479650 8.479650
g857 g1089 8.479650 8.479650
g858 g858 1.967700 1.967700
g858 g873 22.278270 17.348070
g858 g876 22.278270 17.348070
g858 g879 22.278270 17.348070
g858 g918 22.093590 17.359370
g858 g921 22.093590 17.359370
g858 g924 22.093590 17.359370
g858 g882 22.093590 17.359370
g858 g885 22.093590 17.359370
g858 g888 22.093590 17.359370
g858 g927 22.093590 17.359370
g858 g930 22.093590 17.359370
g858 g933 22.093590 17.359370
g858 g891 22.278270 17.348070
g858 g894 22.278270 17.348070
g858 g897 22.278270 17.348070
g858 g936 22.278270 17.348070
g858 g939 22.278270 17.348070
g858 g942 22.278270 17.348070
g858 g900 22.278270 17.348070
g858 g903 22.278270 17.348070
g858 g906 22.278270 17.348070
g858 g945 22.278270 17.348070
g858 g948 22.278270 17.348070
g858 g951 22.278270 17.348070
g858 g909 22.093590 17.359370
g858 g912 22.093590 17.359370
g858 g915 22.093590 17.359370
g858 g954 22.093590 17.359370
g858 g957 22.093590 17.359370
g858 g960 22.093590 17.359370
g858 g1095 16.824960 14.649320
g858 g1098 16.824960 14.649320
g858 g1101 16.824960 14.649320
g858 g1104 16.694820 15.146210
g858 g1107 16.694820 15.146210
g858 g1110 16.694820 15.146210
g858 g1114 16.342760 13.166780
g858 g1115 16.342760 13.166780
g858 g1113 16.342760 13.166780
g858 g999 13.470530 9.296880
g858 g1000 13.470530 9.296880
g858 g1001 13.470530 9.296880
g858 g1002 17.283730 9.610080
g858 g1003 17.283730 9.610080
g858 g1004 17.283730 9.610080
g858 g1005 16.809430 9.991360
g858 g1006 16.809430 9.991360
g858 g1007 16.809430 9.991360
g858 g1009 11.641070 8.801710
g858 g1010 11.702890 9.430130
g858 g1008 11.702890 9.430130
g858 g1090 8.473480 8.473480
g858 g1091 8.303480 8.303480
g858 g1089 8.303480 8.303480
g856 g856 1.967700 1.967700
g856 g873 23.119550 18.189350
g856 g876 23.119550 18.189350
g856 g879 23.119550 18.189350
g856 g918 22.934870 18.200650
g856 g921 22.934870 18.200650
g856 g924 22.934870 18.200650
g856 g882 22.934870 18.200650
g856 g885 22.934870 18.200650
g856 g888 22.934870 18.200650
g856 g927 22.934870 18.200650
g856 g930 22.934870 18.200650
g856 g933 22.934870 18.200650
g856 g891 23.119550 18.189350
g856 g894 23.119550 18.189350
g856 g897 23.119550 18.189350
g856 g936 23.119550 18.189350
g856 g939 23.119550 18.189350
g856 g942 23.119550 18.189350
g856 g900 23.119550 18.189350
g856 g903 23.119550 18.189350
g856 g906 23.119550 18.189350
g856 g945 23.119550 18.189350
g856 g948 23.119550 18.189350
g856 g951 23.119550 18.189350
g856 g909 22.934870 18.200650
g856 g912 22.934870 18.200650
g856 g915 22.934870 18.200650
g856 g954 22.934870 18.200650
g856 g957 22.934870 18.200650
g856 g960 22.934870 18.200650
g856 g1095 17.666240 15.490600
g856 g1098 17.666240 15.490600
g856 g1101 17.666240 15.490600
g856 g1104 17.536100 15.987490
g856 g1107 17.536100 15.987490
g856 g1110 17.536100 15.987490
g856 g1114 17.184040 14.008060
g856 g1115 17.184040 14.008060
g856 g1113 17.184040 14.008060
g856 g999 14.311810 10.138160
g856 g1000 14.311810 10.138160
g856 g1001 14.311810 10.138160
g856 g1002 18.125010 10.451360
g856 g1003 18.125010 10.451360
g856 g1004 18.125010 10.451360
g856 g1005 17.650710 10.832640
g856 g1006 17.650710 10.832640
g856 g1007 17.650710 10.832640
g856 g1009 12.482350 9.642990
g856 g1010 12.544170 10.271410
g856 g1008 12.544170 10.271410
g856 g1090 9.314760 9.314760
g856 g1091 9.144760 9.144760
g856 g1089 9.144760 9.144760
g860 g851 5.778380 5.778380
g860 g852 5.778380 5.778380
g860 g850 5.778380 5.778380
g860 g860 1.967700 1.967700
g860 g873 30.577530 22.858560
g860 g876 30.577530 22.858560
g860 g879 30.577530 22.858560
g860 g918 30.392850 22.869860
g860 g921 30.392850 22.869860
g860 g924 30.392850 22.869860
g860 g882 30.392850 22.869860
g860 g885 30.392850 22.869860
g860 g888 30.392850 22.869860
g860 g927 30.392850 22.869860
g860 g930 30.392850 22.869860
g860 g933 30.392850 22.869860
g860 g891 30.577530 22.858560
g860 g894 30.577530 22.858560
g860 g897 30.577530 22.858560
g860 g936 30.577530 22.858560
g860 g939 30.577530 22.858560
g860 g942 30.577530 22.858560
g860 g900 30.577530 22.858560
g860 g903 30.577530 22.858560
g860 g906 30.577530 22.858560
g860 g945 30.577530 22.858560
g860 g948 30.577530 22.858560
g860 g951 30.577530 22.858560
g860 g909 30.392850 22.869860
g860 g912 30.392850 22.869860
g860 g915 30.392850 22.869860
g860 g954 30.392850 8.262410
g860 g957 30.392850 8.262410
g860 g960 30.392850 8.262410
g860 g1095 17.441650 14.781160
g860 g1098 17.441650 14.781160
g860 g1101 17.441650 14.781160
g860 g1104 17.603520 14.904100
g860 g1107 17.603520 14.904100
g860 g1110 17.603520 14.904100
g860 g1114 16.805280 13.162120
g860 g1115 16.805280 13.162120
g860 g1113 16.805280 13.162120
g860 g999 22.055350 14.807370
g860 g1000 22.055350 14.807370
g860 g1001 22.055350 14.807370
g860 g1002 25.582990 15.120570
g860 g1003 25.582990 15.120570
g860 g1004 25.582990 15.120570
g860 g1005 25.394250 15.501850
g860 g1006 25.394250 15.501850
g860 g1007 25.394250 15.501850
g860 g1009 19.940330 14.534930
g860 g1010 20.002150 14.596750
g860 g1008 20.002150 14.596750
g860 g1090 16.122110 13.983970
g860 g1091 15.952110 13.813970
g860 g1089 15.952110 13.813970
g861 g851 5.606310 5.606310
g861 g852 5.606310 5.606310
g861 g850 5.606310 5.606310
g861 g861 1.967700 1.967700
g861 g873 30.405460 22.686490
g861 g876 30.405460 22.686490
g861 g879 30.405460 22.686490
g861 g918 30.220780 22.697790
g861 g921 30.220780 22.697790
g861 g924 30.220780 22.697790
g861 g882 30.220780 22.697790
g861 g885 30.220780 22.697790
g861 g888 30.220780 22.697790
g861 g927 30.220780 22.697790
g861 g930 30.220780 22.697790
g861 g933 30.220780 22.697790
g861 g891 30.405460 22.686490
g861 g894 30.405460 22.686490
g861 g897 30.405460 22.686490
g861 g936 30.405460 22.686490
g861 g939 30.405460 22.686490
g861 g942 30.405460 22.686490
g861 g900 30.405460 22.686490
g861 g903 30.405460 22.686490
g861 g906 30.405460 22.686490
g861 g945 30.405460 22.686490
g861 g948 30.405460 22.686490
g861 g951 30.405460 22.686490
g861 g909 30.220780 22.697790
g861 g912 30.220780 22.697790
g861 g915 30.220780 22.697790
g861 g954 30.220780 8.090340
g861 g957 30.220780 8.090340
g861 g960 30.220780 8.090340
g861 g1095 17.269580 14.609090
g861 g1098 17.269580 14.609090
g861 g1101 17.269580 14.609090
g861 g1104 17.431450 14.732030
g861 g1107 17.431450 14.732030
g861 g1110 17.431450 14.732030
g861 g1114 16.633210 12.990050
g861 g1115 16.633210 12.990050
g861 g1113 16.633210 12.990050
g861 g999 21.883280 14.635300
g861 g1000 21.883280 14.635300
g861 g1001 21.883280 14.635300
g861 g1002 25.410920 14.948500
g861 g1003 25.410920 14.948500
g861 g1004 25.410920 14.948500
g861 g1005 25.222180 15.329780
g861 g1006 25.222180 15.329780
g861 g1007 25.222180 15.329780
g861 g1009 19.768260 14.362860
g861 g1010 19.830080 14.424680
g861 g1008 19.830080 14.424680
g861 g1090 15.950040 13.811900
g861 g1091 15.780040 13.641900
g861 g1089 15.780040 13.641900
g859 g851 6.513190 6.513190
g859 g852 6.513190 6.513190
g859 g850 6.513190 6.513190
g859 g859 1.967700 1.967700
g859 g873 31.312340 23.593370
g859 g876 31.312340 23.593370
g859 g879 31.312340 23.593370
g859 g918 31.127660 23.604670
g859 g921 31.127660 23.604670
g859 g924 31.127660 23.604670
g859 g882 31.127660 23.604670
g859 g885 31.127660 23.604670
g859 g888 31.127660 23.604670
g859 g927 31.127660 23.604670
g859 g930 31.127660 23.604670
g859 g933 31.127660 23.604670
g859 g891 31.312340 23.593370
g859 g894 31.312340 23.593370
g859 g897 31.312340 23.593370
g859 g936 31.312340 23.593370
g859 g939 31.312340 23.593370
g859 g942 31.312340 23.593370
g859 g900 31.312340 23.593370
g859 g903 31.312340 23.593370
g859 g906 31.312340 23.593370
g859 g945 31.312340 23.593370
g859 g948 31.312340 23.593370
g859 g951 31.312340 23.593370
g859 g909 31.127660 23.604670
g859 g912 31.127660 23.604670
g859 g915 31.127660 23.604670
g859 g954 31.127660 8.997220
g859 g957 31.127660 8.997220
g859 g960 31.127660 8.997220
g859 g1095 18.176460 15.515970
g859 g1098 18.176460 15.515970
g859 g1101 18.176460 15.515970
g859 g1104 18.338330 15.638910
g859 g1107 18.338330 15.638910
g859 g1110 18.338330 15.638910
g859 g1114 17.540090 13.896930
g859 g1115 17.540090 13.896930
g859 g1113 17.540090 13.896930
g859 g999 22.790160 15.542180
g859 g1000 22.790160 15.542180
g859 g1001 22.790160 15.542180
g859 g1002 26.317800 15.855380
g859 g1003 26.317800 15.855380
g859 g1004 26.317800 15.855380
g859 g1005 26.129060 16.236660
g859 g1006 26.129060 16.236660
g859 g1007 26.129060 16.236660
g859 g1009 20.675140 15.269740
g859 g1010 20.736960 15.331560
g859 g1008 20.736960 15.331560
g859 g1090 16.856920 14.718780
g859 g1091 16.686920 14.548780
g859 g1089 16.686920 14.548780
g863 g848 5.667400 5.667400
g863 g849 5.667400 5.667400
g863 g847 5.667400 5.667400
g863 g863 1.967700 1.967700
g863 g873 30.490280 24.710280
g863 g876 30.490280 24.710280
g863 g879 30.490280 24.710280
g863 g918 30.305600 24.721580
g863 g921 30.305600 24.721580
g863 g924 30.305600 24.721580
g863 g882 30.305600 24.721580
g863 g885 30.305600 24.721580
g863 g888 30.305600 24.721580
g863 g927 30.305600 24.721580
g863 g930 30.305600 24.721580
g863 g933 30.305600 24.721580
g863 g891 30.490280 24.710280
g863 g894 30.490280 24.710280
g863 g897 30.490280 24.710280
g863 g936 30.490280 24.710280
g863 g939 30.490280 24.710280
g863 g942 30.490280 24.710280
g863 g900 30.490280 24.710280
g863 g903 30.490280 24.710280
g863 g906 30.490280 24.710280
g863 g945 30.490280 24.710280
g863 g948 30.490280 24.710280
g863 g951 30.490280 24.710280
g863 g909 30.305600 8.151430
g863 g912 30.305600 8.151430
g863 g915 30.305600 8.151430
g863 g954 30.305600 24.721580
g863 g957 30.305600 24.721580
g863 g960 30.305600 24.721580
g863 g1095 17.349790 14.689300
g863 g1098 17.349790 14.689300
g863 g1101 17.349790 14.689300
g863 g1104 17.511660 14.812240
g863 g1107 17.511660 14.812240
g863 g1110 17.511660 14.812240
g863 g1114 16.713420 13.070260
g863 g1115 16.713420 13.070260
g863 g1113 16.713420 13.070260
g863 g999 21.638100 16.659090
g863 g1000 21.638100 16.659090
g863 g1001 21.638100 16.659090
g863 g1002 25.495740 16.972290
g863 g1003 25.495740 16.972290
g863 g1004 25.495740 16.972290
g863 g1005 25.096110 17.353570
g863 g1006 25.096110 17.353570
g863 g1007 25.096110 17.353570
g863 g1009 19.853080 15.374430
g863 g1010 19.914900 16.309010
g863 g1008 19.914900 16.309010
g863 g1090 16.706870 15.835690
g863 g1091 16.536870 15.665690
g863 g1089 16.536870 15.665690
g864 g848 5.495020 5.495020
g864 g849 5.495020 5.495020
g864 g847 5.495020 5.495020
g864 g864 1.967700 1.967700
g864 g873 30.317900 24.537900
g864 g876 30.317900 24.537900
g864 g879 30.317900 24.537900
g864 g918 30.133220 24.549200
g864 g921 30.133220 24.549200
g864 g924 30.133220 24.549200
g864 g882 30.133220 24.549200
g864 g885 30.133220 24.549200
g864 g888 30.133220 24.549200
g864 g927 30.133220 24.549200
g864 g930 30.133220 24.549200
g864 g933 30.133220 24.549200
g864 g891 30.317900 24.537900
g864 g894 30.317900 24.537900
g864 g897 30.317900 24.537900
g864 g936 30.317900 24.537900
g864 g939 30.317900 24.537900
g864 g942 30.317900 24.537900
g864 g900 30.317900 24.537900
g864 g903 30.317900 24.537900
g864 g906 30.317900 24.537900
g864 g945 30.317900 24.537900
g864 g948 30.317900 24.537900
g864 g951 30.317900 24.537900
g864 g909 30.133220 7.979050
g864 g912 30.133220 7.979050
g864 g915 30.133220 7.979050
g864 g954 30.133220 24.549200
g864 g957 30.133220 24.549200
g864 g960 30.133220 24.549200
g864 g1095 17.177410 14.516920
g864 g1098 17.177410 14.516920
g864 g1101 17.177410 14.516920
g864 g1104 17.339280 14.639860
g864 g1107 17.339280 14.639860
g864 g1110 17.339280 14.639860
g864 g1114 16.541040 12.897880
g864 g1115 16.541040 12.897880
g864 g1113 16.541040 12.897880
g864 g999 21.465720 16.486710
g864 g1000 21.465720 16.486710
g864 g1001 21.465720 16.486710
g864 g1002 25.323360 16.799910
g864 g1003 25.323360 16.799910
g864 g1004 25.323360 16.799910
g864 g1005 24.923730 17.181190
g864 g1006 24.923730 17.181190
g864 g1007 24.923730 17.181190
g864 g1009 19.680700 15.202050
g864 g1010 19.742520 16.136630
g864 g1008 19.742520 16.136630
g864 g1090 16.534490 15.663310
g864 g1091 16.364490 15.493310
g864 g1089 16.364490 15.493310
g862 g848 6.396940 6.396940
g862 g849 6.396940 6.396940
g862 g847 6.396940 6.396940
g862 g862 1.967700 1.967700
g862 g873 31.219820 25.439820
g862 g876 31.219820 25.439820
g862 g879 31.219820 25.439820
g862 g918 31.035140 25.451120
g862 g921 31.035140 25.451120
g862 g924 31.035140 25.451120
g862 g882 31.035140 25.451120
g862 g885 31.035140 25.451120
g862 g888 31.035140 25.451120
g862 g927 31.035140 25.451120
g862 g930 31.035140 25.451120
g862 g933 31.035140 25.451120
g862 g891 31.219820 25.439820
g862 g894 31.219820 25.439820
g862 g897 31.219820 25.439820
g862 g936 31.219820 25.439820
g862 g939 31.219820 25.439820
g862 g942 31.219820 25.439820
g862 g900 31.219820 25.439820
g862 g903 31.219820 25.439820
g862 g906 31.219820 25.439820
g862 g945 31.219820 25.439820
g862 g948 31.219820 25.439820
g862 g951 31.219820 25.439820
g862 g909 31.035140 8.880970
g862 g912 31.035140 8.880970
g862 g915 31.035140 8.880970
g862 g954 31.035140 25.451120
g862 g957 31.035140 25.451120
g862 g960 31.035140 25.451120
g862 g1095 18.079330 15.418840
g862 g1098 18.079330 15.418840
g862 g1101 18.079330 15.418840
g862 g1104 18.241200 15.541780
g862 g1107 18.241200 15.541780
g862 g1110 18.241200 15.541780
g862 g1114 17.442960 13.799800
g862 g1115 17.442960 13.799800
g862 g1113 17.442960 13.799800
g862 g999 22.367640 17.388630
g862 g1000 22.367640 17.388630
g862 g1001 22.367640 17.388630
g862 g1002 26.225280 17.701830
g862 g1003 26.225280 17.701830
g862 g1004 26.225280 17.701830
g862 g1005 25.825650 18.083110
g862 g1006 25.825650 18.083110
g862 g1007 25.825650 18.083110
g862 g1009 20.582620 16.103970
g862 g1010 20.644440 17.038550
g862 g1008 20.644440 17.038550
g862 g1090 17.436410 16.565230
g862 g1091 17.266410 16.395230
g862 g1089 17.266410 16.395230
g866 g866 2.109440 2.109440
g866 g1116 13.507390 10.216050
g866 g1119 13.507390 10.216050
g866 g1122 13.507390 10.216050
g866 g1125 13.613990 12.069390
g866 g1128 13.613990 12.069390
g866 g1131 13.613990 12.069390
g866 g1135 13.451530 10.437170
g866 g1136 13.451530 10.437170
g866 g1134 13.451530 10.437170
g867 g867 2.109440 2.109440
g867 g1116 13.328170 10.036830
g867 g1119 13.328170 10.036830
g867 g1122 13.328170 10.036830
g867 g1125 13.434770 11.890170
g867 g1128 13.434770 11.890170
g867 g1131 13.434770 11.890170
g867 g1135 13.272310 10.257950
g867 g1136 13.272310 10.257950
g867 g1134 13.272310 10.257950
g865 g865 2.109440 2.109440
g865 g1116 14.120650 10.829310
g865 g1119 14.120650 10.829310
g865 g1122 14.120650 10.829310
g865 g1125 14.227250 12.682650
g865 g1128 14.227250 12.682650
g865 g1131 14.227250 12.682650
g865 g1135 14.064790 11.050430
g865 g1136 14.064790 11.050430
g865 g1134 14.064790 11.050430
g873 g873 31.388420 2.187800
g873 g876 31.388420 9.409630
g873 g879 31.388420 9.409630
g873 g918 31.203740 11.629600
g873 g921 31.203740 11.629600
g873 g924 31.203740 11.629600
g873 g882 31.203740 13.576600
g873 g885 31.203740 13.576600
g873 g888 31.203740 13.576600
g873 g927 31.203740 16.451520
g873 g930 31.203740 16.451520
g873 g933 31.203740 16.451520
g873 g891 31.388420 16.214370
g873 g894 31.388420 16.214370
g873 g897 31.388420 16.214370
g873 g936 31.388420 18.576470
g873 g939 31.388420 18.576470
g873 g942 31.388420 18.576470
g873 g900 31.388420 16.288470
g873 g903 31.388420 16.288470
g873 g906 31.388420 16.288470
g873 g945 31.388420 18.650570
g873 g948 31.388420 18.650570
g873 g951 31.388420 18.650570
g873 g909 31.203740 16.565970
g873 g912 31.203740 16.565970
g873 g915 31.203740 16.565970
g873 g954 31.203740 18.928070
g873 g957 31.203740 18.928070
g873 g960 31.203740 18.928070
g873 g999 22.536240 18.085860
g873 g1000 22.536240 18.085860
g873 g1001 22.536240 18.085860
g873 g1002 26.393880 19.158050
g873 g1003 26.393880 19.158050
g873 g1004 26.393880 19.158050
g873 g1005 25.994250 21.540150
g873 g1006 25.994250 21.540150
g873 g1007 25.994250 21.540150
g873 g1009 20.751220 17.177800
g873 g1010 20.813040 18.112380
g873 g1008 20.813040 18.112380
g873 g985 13.302990 11.845990
g876 g873 30.499800 8.521010
g876 g876 30.499800 2.187800
g876 g879 30.499800 8.521010
g876 g918 30.315120 10.740980
g876 g921 30.315120 10.740980
g876 g924 30.315120 10.740980
g876 g882 30.315120 12.687980
g876 g885 30.315120 12.687980
g876 g888 30.315120 12.687980
g876 g927 30.315120 15.562900
g876 g930 30.315120 15.562900
g876 g933 30.315120 15.562900
g876 g891 30.499800 15.325750
g876 g894 30.499800 15.325750
g876 g897 30.499800 15.325750
g876 g936 30.499800 17.687850
g876 g939 30.499800 17.687850
g876 g942 30.499800 17.687850
g876 g900 30.499800 15.399850
g876 g903 30.499800 15.399850
g876 g906 30.499800 15.399850
g876 g945 30.499800 17.761950
g876 g948 30.499800 17.761950
g876 g951 30.499800 17.761950
g876 g909 30.315120 15.677350
g876 g912 30.315120 15.677350
g876 g915 30.315120 15.677350
g876 g954 30.315120 18.039450
g876 g957 30.315120 18.039450
g876 g960 30.315120 18.039450
g876 g999 21.647620 17.197240
g876 g1000 21.647620 17.197240
g876 g1001 21.647620 17.197240
g876 g1002 25.505260 18.269430
g876 g1003 25.505260 18.269430
g876 g1004 25.505260 18.269430
g876 g1005 25.105630 20.651530
g876 g1006 25.105630 20.651530
g876 g1007 25.105630 20.651530
g876 g1009 19.862600 16.289180
g876 g1010 19.924420 17.223760
g876 g1008 19.924420 17.223760
g876 g985 12.414370 10.957370
g879 g873 31.618420 9.639630
g879 g876 31.618420 9.639630
g879 g879 31.618420 2.187800
g879 g918 31.433740 11.859600
g879 g921 31.433740 11.859600
g879 g924 31.433740 11.859600
g879 g882 31.433740 13.806600
g879 g885 31.433740 13.806600
g879 g888 31.433740 13.806600
g879 g927 31.433740 16.681520
g879 g930 31.433740 16.681520
g879 g933 31.433740 16.681520
g879 g891 31.618420 16.444370
g879 g894 31.618420 16.444370
g879 g897 31.618420 16.444370
g879 g936 31.618420 18.806470
g879 g939 31.618420 18.806470
g879 g942 31.618420 18.806470
g879 g900 31.618420 16.518470
g879 g903 31.618420 16.518470
g879 g906 31.618420 16.518470
g879 g945 31.618420 18.880570
g879 g948 31.618420 18.880570
g879 g951 31.618420 18.880570
g879 g909 31.433740 16.795970
g879 g912 31.433740 16.795970
g879 g915 31.433740 16.795970
g879 g954 31.433740 19.158070
g879 g957 31.433740 19.158070
g879 g960 31.433740 19.158070
g879 g999 22.766240 18.315860
g879 g1000 22.766240 18.315860
g879 g1001 22.766240 18.315860
g879 g1002 26.623880 19.388050
g879 g1003 26.623880 19.388050
g879 g1004 26.623880 19.388050
g879 g1005 26.224250 21.770150
g879 g1006 26.224250 21.770150
g879 g1007 26.224250 21.770150
g879 g1009 20.981220 17.407800
g879 g1010 21.043040 18.342380
g879 g1008 21.043040 18.342380
g879 g985 13.532990 12.075990
g918 g873 32.004040 20.046060
g918 g876 32.004040 20.046060
g918 g879 32.004040 20.046060
g918 g918 31.819360 2.187800
g918 g921 31.819360 10.327830
g918 g924 31.819360 10.327830
g918 g882 31.819360 12.693760
g918 g885 31.819360 12.693760
g918 g888 31.819360 12.693760
g918 g927 31.819360 15.568680
g918 g930 31.819360 15.568680
g918 g933 31.819360 15.568680
g918 g891 32.004040 15.331530
g918 g894 32.004040 15.331530
g918 g897 32.004040 15.331530
g918 g936 32.004040 17.693630
g918 g939 32.004040 17.693630
g918 g942 32.004040 17.693630
g918 g900 32.004040 15.405630
g918 g903 32.004040 15.405630
g918 g906 32.004040 15.405630
g918 g945 32.004040 17.767730
g918 g948 32.004040 17.767730
g918 g951 32.004040 17.767730
g918 g909 31.819360 15.683130
g918 g912 31.819360 15.683130
g918 g915 31.819360 15.683130
g918 g954 31.819360 18.045230
g918 g957 31.819360 18.045230
g918 g960 31.819360 18.045230
g918 g999 23.481860 18.931480
g918 g1000 23.481860 18.931480
g918 g1001 23.481860 18.931480
g918 g1002 27.009500 20.911580
g918 g1003 27.009500 20.911580
g918 g1004 27.009500 20.911580
g918 g1005 26.820760 21.781820
g918 g1006 26.820760 21.781820
g918 g1007 26.820760 21.781820
g918 g1009 21.366840 17.419470
g918 g1010 21.428660 18.354050
g918 g1008 21.428660 18.354050
g918 g985 13.157210 11.562330
g921 g873 31.093420 19.135440
g921 g876 31.093420 19.135440
g921 g879 31.093420 19.135440
g921 g918 30.908740 9.417210
g921 g921 30.908740 2.187800
g921 g924 30.908740 9.417210
g921 g882 30.908740 11.783140
g921 g885 30.908740 11.783140
g921 g888 30.908740 11.783140
g921 g927 30.908740 14.658060
g921 g930 30.908740 14.658060
g921 g933 30.908740 14.658060
g921 g891 31.093420 14.420910
g921 g894 31.093420 14.420910
g921 g897 31.093420 14.420910
g921 g936 31.093420 16.783010
g921 g939 31.093420 16.783010
g921 g942 31.093420 16.783010
g921 g900 31.093420 14.495010
g921 g903 31.093420 14.495010
g921 g906 31.093420 14.495010
g921 g945 31.093420 16.857110
g921 g948 31.093420 16.857110
g921 g951 31.093420 16.857110
g921 g909 30.908740 14.772510
g921 g912 30.908740 14.772510
g921 g915 30.908740 14.772510
g921 g954 30.908740 17.134610
g921 g957 30.908740 17.134610
g921 g960 30.908740 17.134610
g921 g999 22.571240 18.020860
g921 g1000 22.571240 18.020860
g921 g1001 22.571240 18.020860
g921 g1002 26.098880 20.000960
g921 g1003 26.098880 20.000960
g921 g1004 26.098880 20.000960
g921 g1005 25.910140 20.871200
g921 g1006 25.910140 20.871200
g921 g1007 25.910140 20.871200
g921 g1009 20.456220 16.508850
g921 g1010 20.518040 17.443430
g921 g1008 20.518040 17.443430
g921 g985 12.246590 10.651710
g924 g873 32.234040 20.276060
g924 g876 32.234040 20.276060
g924 g879 32.234040 20.276060
g924 g918 32.049360 10.557830
g924 g921 32.049360 10.557830
g924 g924 32.049360 2.187800
g924 g882 32.049360 12.923760
g924 g885 32.049360 12.923760
g924 g888 32.049360 12.923760
g924 g927 32.049360 15.798680
g924 g930 32.049360 15.798680
g924 g933 32.049360 15.798680
g924 g891 32.234040 15.561530
g924 g894 32.234040 15.561530
g924 g897 32.234040 15.561530
g924 g936 32.234040 17.923630
g924 g939 32.234040 17.923630
g924 g942 32.234040 17.923630
g924 g900 32.234040 15.635630
g924 g903 32.234040 15.635630
g924 g906 32.234040 15.635630
g924 g945 32.234040 17.997730
g924 g948 32.234040 17.997730
g924 g951 32.234040 17.997730
g924 g909 32.049360 15.913130
g924 g912 32.049360 15.913130
g924 g915 32.049360 15.913130
g924 g954 32.049360 18.275230
g924 g957 32.049360 18.275230
g924 g960 32.049360 18.275230
g924 g999 23.711860 19.161480
g924 g1000 23.711860 19.161480
g924 g1001 23.711860 19.161480
g924 g1002 27.239500 21.141580
g924 g1003 27.239500 21.141580
g924 g1004 27.239500 21.141580
g924 g1005 27.050760 22.011820
g924 g1006 27.050760 22.011820
g924 g1007 27.050760 22.011820
g924 g1009 21.596840 17.649470
g924 g1010 21.658660 18.584050
g924 g1008 21.658660 18.584050
g924 g985 13.387210 11.792330
g882 g873 32.016850 19.865010
g882 g876 32.016850 19.865010
g882 g879 32.016850 19.865010
g882 g918 31.832170 19.876310
g882 g921 31.832170 19.876310
g882 g924 31.832170 19.876310
g882 g882 31.832170 2.187800
g882 g885 31.832170 10.407560
g882 g888 31.832170 10.407560
g882 g927 31.832170 13.505280
g882 g930 31.832170 13.505280
g882 g933 31.832170 13.505280
g882 g891 32.016850 14.760310
g882 g894 32.016850 14.760310
g882 g897 32.016850 14.760310
g882 g936 32.016850 17.122410
g882 g939 32.016850 17.122410
g882 g942 32.016850 17.122410
g882 g900 32.016850 15.087810
g882 g903 32.016850 15.087810
g882 g906 32.016850 15.087810
g882 g945 32.016850 17.449910
g882 g948 32.016850 17.449910
g882 g951 32.016850 17.449910
g882 g909 31.832170 17.028940
g882 g912 31.832170 17.028940
g882 g915 31.832170 17.028940
g882 g954 31.832170 19.391040
g882 g957 31.832170 19.391040
g882 g960 31.832170 19.391040
g882 g999 23.164670 19.561710
g882 g1000 23.164670 19.561710
g882 g1001 23.164670 19.561710
g882 g1002 27.022310 20.633900
g882 g1003 27.022310 20.633900
g882 g1004 27.022310 20.633900
g882 g1005 26.622680 22.328580
g882 g1006 26.622680 22.328580
g882 g1007 26.622680 22.328580
g882 g1009 21.379650 17.966230
g882 g1010 21.441470 18.900810
g882 g1008 21.441470 18.900810
g882 g985 14.102210 12.006770
g885 g873 31.102490 18.950650
g885 g876 31.102490 18.950650
g885 g879 31.102490 18.950650
g885 g918 30.917810 18.961950
g885 g921 30.917810 18.961950
g885 g924 30.917810 18.961950
g885 g882 30.917810 9.493200
g885 g885 30.917810 2.187800
g885 g888 30.917810 9.493200
g885 g927 30.917810 12.590920
g885 g930 30.917810 12.590920
g885 g933 30.917810 12.590920
g885 g891 31.102490 13.845950
g885 g894 31.102490 13.845950
g885 g897 31.102490 13.845950
g885 g936 31.102490 16.208050
g885 g939 31.102490 16.208050
g885 g942 31.102490 16.208050
g885 g900 31.102490 14.173450
g885 g903 31.102490 14.173450
g885 g906 31.102490 14.173450
g885 g945 31.102490 16.535550
g885 g948 31.102490 16.535550
g885 g951 31.102490 16.535550
g885 g909 30.917810 16.114580
g885 g912 30.917810 16.114580
g885 g915 30.917810 16.114580
g885 g954 30.917810 18.476680
g885 g957 30.917810 18.476680
g885 g960 30.917810 18.476680
g885 g999 22.250310 18.647350
g885 g1000 22.250310 18.647350
g885 g1001 22.250310 18.647350
g885 g1002 26.107950 19.719540
g885 g1003 26.107950 19.719540
g885 g1004 26.107950 19.719540
g885 g1005 25.708320 21.414220
g885 g1006 25.708320 21.414220
g885 g1007 25.708320 21.414220
g885 g1009 20.465290 17.051870
g885 g1010 20.527110 17.986450
g885 g1008 20.527110 17.986450
g885 g985 13.187850 11.092410
g888 g873 32.246850 20.095010
g888 g876 32.246850 20.095010
g888 g879 32.246850 20.095010
g888 g918 32.062170 20.106310
g888 g921 32.062170 20.106310
g888 g924 32.062170 20.106310
g888 g882 32.062170 10.637560
g888 g885 32.062170 10.637560
g888 g888 32.062170 2.187800
g888 g927 32.062170 13.735280
g888 g930 32.062170 13.735280
g888 g933 32.062170 13.735280
g888 g891 32.246850 14.990310
g888 g894 32.246850 14.990310
g888 g897 32.246850 14.990310
g888 g936 32.246850 17.352410
g888 g939 32.246850 17.352410
g888 g942 32.246850 17.352410
g888 g900 32.246850 15.317810
g888 g903 32.246850 15.317810
g888 g906 32.246850 15.317810
g888 g945 32.246850 17.679910
g888 g948 32.246850 17.679910
g888 g951 32.246850 17.679910
g888 g909 32.062170 17.258940
g888 g912 32.062170 17.258940
g888 g915 32.062170 17.258940
g888 g954 32.062170 19.621040
g888 g957 32.062170 19.621040
g888 g960 32.062170 19.621040
g888 g999 23.394670 19.791710
g888 g1000 23.394670 19.791710
g888 g1001 23.394670 19.791710
g888 g1002 27.252310 20.863900
g888 g1003 27.252310 20.863900
g888 g1004 27.252310 20.863900
g888 g1005 26.852680 22.558580
g888 g1006 26.852680 22.558580
g888 g1007 26.852680 22.558580
g888 g1009 21.609650 18.196230
g888 g1010 21.671470 19.130810
g888 g1008 21.671470 19.130810
g888 g985 14.332210 12.236770
g927 g873 31.870580 20.167760
g927 g876 31.870580 20.167760
g927 g879 31.870580 20.167760
g927 g918 31.685900 20.179060
g927 g921 31.685900 20.179060
g927 g924 31.685900 20.179060
g927 g882 31.685900 20.179060
g927 g885 31.685900 20.179060
g927 g888 31.685900 20.179060
g927 g927 31.685900 2.187800
g927 g930 31.685900 9.841110
g927 g933 31.685900 9.841110
g927 g891 31.870580 14.123030
g927 g894 31.870580 14.123030
g927 g897 31.870580 14.123030
g927 g936 31.870580 16.485130
g927 g939 31.870580 16.485130
g927 g942 31.870580 16.485130
g927 g900 31.870580 14.450530
g927 g903 31.870580 14.450530
g927 g906 31.870580 14.450530
g927 g945 31.870580 16.812630
g927 g948 31.870580 16.812630
g927 g951 31.870580 16.812630
g927 g909 31.685900 16.391660
g927 g912 31.685900 16.391660
g927 g915 31.685900 16.391660
g927 g954 31.685900 18.753760
g927 g957 31.685900 18.753760
g927 g960 31.685900 18.753760
g927 g999 23.348400 19.845440
g927 g1000 23.348400 19.845440
g927 g1001 23.348400 19.845440
g927 g1002 26.876040 21.296480
g927 g1003 26.876040 21.296480
g927 g1004 26.876040 21.296480
g927 g1005 26.687300 21.488360
g927 g1006 26.687300 21.488360
g927 g1007 26.687300 21.488360
g927 g1009 21.233380 17.126010
g927 g1010 21.295200 18.060590
g927 g1008 21.295200 18.060590
g927 g985 12.821260 11.256780
g930 g873 30.961720 19.258900
g930 g876 30.961720 19.258900
g930 g879 30.961720 19.258900
g930 g918 30.777040 19.270200
g930 g921 30.777040 19.270200
g930 g924 30.777040 19.270200
g930 g882 30.777040 19.270200
g930 g885 30.777040 19.270200
g930 g888 30.777040 19.270200
g930 g927 30.777040 8.932250
g930 g930 30.777040 2.187800
g930 g933 30.777040 8.932250
g930 g891 30.961720 13.214170
g930 g894 30.961720 13.214170
g930 g897 30.961720 13.214170
g930 g936 30.961720 15.576270
g930 g939 30.961720 15.576270
g930 g942 30.961720 15.576270
g930 g900 30.961720 13.541670
g930 g903 30.961720 13.541670
g930 g906 30.961720 13.541670
g930 g945 30.961720 15.903770
g930 g948 30.961720 15.903770
g930 g951 30.961720 15.903770
g930 g909 30.777040 15.482800
g930 g912 30.777040 15.482800
g930 g915 30.777040 15.482800
g930 g954 30.777040 17.844900
g930 g957 30.777040 17.844900
g930 g960 30.777040 17.844900
g930 g999 22.439540 18.936580
g930 g1000 22.439540 18.936580
g930 g1001 22.439540 18.936580
g930 g1002 25.967180 20.387620
g930 g1003 25.967180 20.387620
g930 g1004 25.967180 20.387620
g930 g1005 25.778440 20.579500
g930 g1006 25.778440 20.579500
g930 g1007 25.778440 20.579500
g930 g1009 20.324520 16.217150
g930 g1010 20.386340 17.151730
g930 g1008 20.386340 17.151730
g930 g985 11.912400 10.347920
g933 g873 32.100580 20.397760
g933 g876 32.100580 20.397760
g933 g879 32.100580 20.397760
g933 g918 31.915900 20.409060
g933 g921 31.915900 20.409060
g933 g924 31.915900 20.409060
g933 g882 31.915900 20.409060
g933 g885 31.915900 20.409060
g933 g888 31.915900 20.409060
g933 g927 31.915900 10.071110
g933 g930 31.915900 10.071110
g933 g933 31.915900 2.187800
g933 g891 32.100580 14.353030
g933 g894 32.100580 14.353030
g933 g897 32.100580 14.353030
g933 g936 32.100580 16.715130
g933 g939 32.100580 16.715130
g933 g942 32.100580 16.715130
g933 g900 32.100580 14.680530
g933 g903 32.100580 14.680530
g933 g906 32.100580 14.680530
g933 g945 32.100580 17.042630
g933 g948 32.100580 17.042630
g933 g951 32.100580 17.042630
g933 g909 31.915900 16.621660
g933 g912 31.915900 16.621660
g933 g915 31.915900 16.621660
g933 g954 31.915900 18.983760
g933 g957 31.915900 18.983760
g933 g960 31.915900 18.983760
g933 g999 23.578400 20.075440
g933 g1000 23.578400 20.075440
g933 g1001 23.578400 20.075440
g933 g1002 27.106040 21.526480
g933 g1003 27.106040 21.526480
g933 g1004 27.106040 21.526480
g933 g1005 26.917300 21.718360
g933 g1006 26.917300 21.718360
g933 g1007 26.917300 21.718360
g933 g1009 21.463380 17.356010
g933 g1010 21.525200 18.290590
g933 g1008 21.525200 18.290590
g933 g985 13.051260 11.486780
g891 g873 31.204510 20.891110
g891 g876 31.204510 20.891110
g891 g879 31.204510 20.891110
g891 g918 31.019830 20.902410
g891 g921 31.019830 20.902410
g891 g924 31.019830 20.902410
g891 g882 31.019830 20.902410
g891 g885 31.019830 20.902410
g891 g888 31.019830 20.902410
g891 g927 31.019830 20.902410
g891 g930 31.019830 20.902410
g891 g933 31.019830 20.902410
g891 g891 31.204510 2.187800
g891 g894 31.204510 10.013600
g891 g897 31.204510 10.013600
g891 g936 31.204510 13.111320
g891 g939 31.204510 13.111320
g891 g942 31.204510 13.111320
g891 g900 31.204510 14.327800
g891 g903 31.204510 14.327800
g891 g906 31.204510 14.327800
g891 g945 31.204510 16.689900
g891 g948 31.204510 16.689900
g891 g951 31.204510 16.689900
g891 g909 31.019830 16.257990
g891 g912 31.019830 16.257990
g891 g915 31.019830 16.257990
g891 g954 31.019830 18.620090
g891 g957 31.019830 18.620090
g891 g960 31.019830 18.620090
g891 g999 22.352330 18.378090
g891 g1000 22.352330 18.378090
g891 g1001 22.352330 18.378090
g891 g1002 26.209970 19.450280
g891 g1003 26.209970 19.450280
g891 g1004 26.209970 19.450280
g891 g1005 25.810340 22.020010
g891 g1006 25.810340 22.020010
g891 g1007 25.810340 22.020010
g891 g1009 20.567310 17.657660
g891 g1010 20.629130 18.592240
g891 g1008 20.629130 18.592240
g891 g985 12.329920 10.872870
g894 g873 30.308630 19.995230
g894 g876 30.308630 19.995230
g894 g879 30.308630 19.995230
g894 g918 30.123950 20.006530
g894 g921 30.123950 20.006530
g894 g924 30.123950 20.006530
g894 g882 30.123950 20.006530
g894 g885 30.123950 20.006530
g894 g888 30.123950 20.006530
g894 g927 30.123950 20.006530
g894 g930 30.123950 20.006530
g894 g933 30.123950 20.006530
g894 g891 30.308630 9.117720
g894 g894 30.308630 2.187800
g894 g897 30.308630 9.117720
g894 g936 30.308630 12.215440
g894 g939 30.308630 12.215440
g894 g942 30.308630 12.215440
g894 g900 30.308630 13.431920
g894 g903 30.308630 13.431920
g894 g906 30.308630 13.431920
g894 g945 30.308630 15.794020
g894 g948 30.308630 15.794020
g894 g951 30.308630 15.794020
g894 g909 30.123950 15.362110
g894 g912 30.123950 15.362110
g894 g915 30.123950 15.362110
g894 g954 30.123950 17.724210
g894 g957 30.123950 17.724210
g894 g960 30.123950 17.724210
g894 g999 21.456450 17.482210
g894 g1000 21.456450 17.482210
g894 g1001 21.456450 17.482210
g894 g1002 25.314090 18.554400
g894 g1003 25.314090 18.554400
g894 g1004 25.314090 18.554400
g894 g1005 24.914460 21.124130
g894 g1006 24.914460 21.124130
g894 g1007 24.914460 21.124130
g894 g1009 19.671430 16.761780
g894 g1010 19.733250 17.696360
g894 g1008 19.733250 17.696360
g894 g985 11.434040 9.976990
g897 g873 31.434510 21.121110
g897 g876 31.434510 21.121110
g897 g879 31.434510 21.121110
g897 g918 31.249830 21.132410
g897 g921 31.249830 21.132410
g897 g924 31.249830 21.132410
g897 g882 31.249830 21.132410
g897 g885 31.249830 21.132410
g897 g888 31.249830 21.132410
g897 g927 31.249830 21.132410
g897 g930 31.249830 21.132410
g897 g933 31.249830 21.132410
g897 g891 31.434510 10.243600
g897 g894 31.434510 10.243600
g897 g897 31.434510 2.187800
g897 g936 31.434510 13.341320
g897 g939 31.434510 13.341320
g897 g942 31.434510 13.341320
g897 g900 31.434510 14.557800
g897 g903 31.434510 14.557800
g897 g906 31.434510 14.557800
g897 g945 31.434510 16.919900
g897 g948 31.434510 16.919900
g897 g951 31.434510 16.919900
g897 g909 31.249830 16.487990
g897 g912 31.249830 16.487990
g897 g915 31.249830 16.487990
g897 g954 31.249830 18.850090
g897 g957 31.249830 18.850090
g897 g960 31.249830 18.850090
g897 g999 22.582330 18.608090
g897 g1000 22.582330 18.608090
g897 g1001 22.582330 18.608090
g897 g1002 26.439970 19.680280
g897 g1003 26.439970 19.680280
g897 g1004 26.439970 19.680280
g897 g1005 26.040340 22.250010
g897 g1006 26.040340 22.250010
g897 g1007 26.040340 22.250010
g897 g1009 20.797310 17.887660
g897 g1010 20.859130 18.822240
g897 g1008 20.859130 18.822240
g897 g985 12.559920 11.102870
g936 g873 31.122610 22.115910
g936 g876 31.122610 22.115910
g936 g879 31.122610 22.115910
g936 g918 30.937930 22.127210
g936 g921 30.937930 22.127210
g936 g924 30.937930 22.127210
g936 g882 30.937930 22.127210
g936 g885 30.937930 22.127210
g936 g888 30.937930 22.127210
g936 g927 30.937930 22.127210
g936 g930 30.937930 22.127210
g936 g933 30.937930 22.127210
g936 g891 31.122610 22.115910
g936 g894 31.122610 22.115910
g936 g897 31.122610 22.115910
g936 g936 31.122610 2.187800
g936 g939 31.122610 9.423700
g936 g942 31.122610 9.423700
g936 g900 31.122610 13.667070
g936 g903 31.122610 13.667070
g936 g906 31.122610 13.667070
g936 g945 31.122610 16.029170
g936 g948 31.122610 16.029170
g936 g951 31.122610 16.029170
g936 g909 30.937930 15.597260
g936 g912 30.937930 15.597260
g936 g915 30.937930 15.597260
g936 g954 30.937930 17.959360
g936 g957 30.937930 17.959360
g936 g960 30.937930 17.959360
g936 g999 22.600430 18.626190
g936 g1000 22.600430 18.626190
g936 g1001 22.600430 18.626190
g936 g1002 26.128070 20.606290
g936 g1003 26.128070 20.606290
g936 g1004 26.128070 20.606290
g936 g1005 25.939330 21.404110
g936 g1006 25.939330 21.404110
g936 g1007 25.939330 21.404110
g936 g1009 20.485410 17.041760
g936 g1010 20.547230 17.976340
g936 g1008 20.547230 17.976340
g936 g985 15.006260 13.288470
g939 g873 30.233330 21.226630
g939 g876 30.233330 21.226630
g939 g879 30.233330 21.226630
g939 g918 30.048650 21.237930
g939 g921 30.048650 21.237930
g939 g924 30.048650 21.237930
g939 g882 30.048650 21.237930
g939 g885 30.048650 21.237930
g939 g888 30.048650 21.237930
g939 g927 30.048650 21.237930
g939 g930 30.048650 21.237930
g939 g933 30.048650 21.237930
g939 g891 30.233330 21.226630
g939 g894 30.233330 21.226630
g939 g897 30.233330 21.226630
g939 g936 30.233330 8.534420
g939 g939 30.233330 2.187800
g939 g942 30.233330 8.534420
g939 g900 30.233330 12.777790
g939 g903 30.233330 12.777790
g939 g906 30.233330 12.777790
g939 g945 30.233330 15.139890
g939 g948 30.233330 15.139890
g939 g951 30.233330 15.139890
g939 g909 30.048650 14.707980
g939 g912 30.048650 14.707980
g939 g915 30.048650 14.707980
g939 g954 30.048650 17.070080
g939 g957 30.048650 17.070080
g939 g960 30.048650 17.070080
g939 g999 21.711150 17.736910
g939 g1000 21.711150 17.736910
g939 g1001 21.711150 17.736910
g939 g1002 25.238790 19.717010
g939 g1003 25.238790 19.717010
g939 g1004 25.238790 19.717010
g939 g1005 25.050050 20.514830
g939 g1006 25.050050 20.514830
g939 g1007 25.050050 20.514830
g939 g1009 19.596130 16.152480
g939 g1010 19.657950 17.087060
g939 g1008 19.657950 17.087060
g939 g985 14.116980 12.399190
g942 g873 31.352610 22.345910
g942 g876 31.352610 22.345910
g942 g879 31.352610 22.345910
g942 g918 31.167930 22.357210
g942 g921 31.167930 22.357210
g942 g924 31.167930 22.357210
g942 g882 31.167930 22.357210
g942 g885 31.167930 22.357210
g942 g888 31.167930 22.357210
g942 g927 31.167930 22.357210
g942 g930 31.167930 22.357210
g942 g933 31.167930 22.357210
g942 g891 31.352610 22.345910
g942 g894 31.352610 22.345910
g942 g897 31.352610 22.345910
g942 g936 31.352610 9.653700
g942 g939 31.352610 9.653700
g942 g942 31.352610 2.187800
g942 g900 31.352610 13.897070
g942 g903 31.352610 13.897070
g942 g906 31.352610 13.897070
g942 g945 31.352610 16.259170
g942 g948 31.352610 16.259170
g942 g951 31.352610 16.259170
g942 g909 31.167930 15.827260
g942 g912 31.167930 15.827260
g942 g915 31.167930 15.827260
g942 g954 31.167930 18.189360
g942 g957 31.167930 18.189360
g942 g960 31.167930 18.189360
g942 g999 22.830430 18.856190
g942 g1000 22.830430 18.856190
g942 g1001 22.830430 18.856190
g942 g1002 26.358070 20.836290
g942 g1003 26.358070 20.836290
g942 g1004 26.358070 20.836290
g942 g1005 26.169330 21.634110
g942 g1006 26.169330 21.634110
g942 g1007 26.169330 21.634110
g942 g1009 20.715410 17.271760
g942 g1010 20.777230 18.206340
g942 g1008 20.777230 18.206340
g942 g985 15.236260 13.518470
g900 g873 30.957620 20.417660
g900 g876 30.957620 20.417660
g900 g879 30.957620 20.417660
g900 g918 30.772940 20.428960
g900 g921 30.772940 20.428960
g900 g924 30.772940 20.428960
g900 g882 30.772940 20.428960
g900 g885 30.772940 20.428960
g900 g888 30.772940 20.428960
g900 g927 30.772940 20.428960
g900 g930 30.772940 20.428960
g900 g933 30.772940 20.428960
g900 g891 30.957620 20.417660
g900 g894 30.957620 20.417660
g900 g897 30.957620 20.417660
g900 g936 30.957620 20.417660
g900 g939 30.957620 20.417660
g900 g942 30.957620 20.417660
g900 g900 30.957620 2.187800
g900 g903 30.957620 9.990150
g900 g906 30.957620 9.990150
g900 g945 30.957620 13.169070
g900 g948 30.957620 13.169070
g900 g951 30.957620 13.169070
g900 g909 30.772940 12.837610
g900 g912 30.772940 12.837610
g900 g915 30.772940 12.837610
g900 g954 30.772940 15.199710
g900 g957 30.772940 15.199710
g900 g960 30.772940 15.199710
g900 g999 22.105440 18.467710
g900 g1000 22.105440 18.467710
g900 g1001 22.105440 18.467710
g900 g1002 25.963080 19.539900
g900 g1003 25.963080 19.539900
g900 g1004 25.963080 19.539900
g900 g1005 25.563450 21.129890
g900 g1006 25.563450 21.129890
g900 g1007 25.563450 21.129890
g900 g1009 20.320420 16.767540
g900 g1010 20.382240 17.702120
g900 g1008 20.382240 17.702120
g900 g985 14.508770 11.590220
g903 g873 30.062840 19.522880
g903 g876 30.062840 19.522880
g903 g879 30.062840 19.522880
g903 g918 29.878160 19.534180
g903 g921 29.878160 19.534180
g903 g924 29.878160 19.534180
g903 g882 29.878160 19.534180
g903 g885 29.878160 19.534180
g903 g888 29.878160 19.534180
g903 g927 29.878160 19.534180
g903 g930 29.878160 19.534180
g903 g933 29.878160 19.534180
g903 g891 30.062840 19.522880
g903 g894 30.062840 19.522880
g903 g897 30.062840 19.522880
g903 g936 30.062840 19.522880
g903 g939 30.062840 19.522880
g903 g942 30.062840 19.522880
g903 g900 30.062840 9.095370
g903 g903 30.062840 2.187800
g903 g906 30.062840 9.095370
g903 g945 30.062840 12.274290
g903 g948 30.062840 12.274290
g903 g951 30.062840 12.274290
g903 g909 29.878160 11.942830
g903 g912 29.878160 11.942830
g903 g915 29.878160 11.942830
g903 g954 29.878160 14.304930
g903 g957 29.878160 14.304930
g903 g960 29.878160 14.304930
g903 g999 21.210660 17.572930
g903 g1000 21.210660 17.572930
g903 g1001 21.210660 17.572930
g903 g1002 25.068300 18.645120
g903 g1003 25.068300 18.645120
g903 g1004 25.068300 18.645120
g903 g1005 24.668670 20.235110
g903 g1006 24.668670 20.235110
g903 g1007 24.668670 20.235110
g903 g1009 19.425640 15.872760
g903 g1010 19.487460 16.807340
g903 g1008 19.487460 16.807340
g903 g985 13.613990 10.695440
g906 g873 31.187620 20.647660
g906 g876 31.187620 20.647660
g906 g879 31.187620 20.647660
g906 g918 31.002940 20.658960
g906 g921 31.002940 20.658960
g906 g924 31.002940 20.658960
g906 g882 31.002940 20.658960
g906 g885 31.002940 20.658960
g906 g888 31.002940 20.658960
g906 g927 31.002940 20.658960
g906 g930 31.002940 20.658960
g906 g933 31.002940 20.658960
g906 g891 31.187620 20.647660
g906 g894 31.187620 20.647660
g906 g897 31.187620 20.647660
g906 g936 31.187620 20.647660
g906 g939 31.187620 20.647660
g906 g942 31.187620 20.647660
g906 g900 31.187620 10.220150
g906 g903 31.187620 10.220150
g906 g906 31.187620 2.187800
g906 g945 31.187620 13.399070
g906 g948 31.187620 13.399070
g906 g951 31.187620 13.399070
g906 g909 31.002940 13.067610
g906 g912 31.002940 13.067610
g906 g915 31.002940 13.067610
g906 g954 31.002940 15.429710
g906 g957 31.002940 15.429710
g906 g960 31.002940 15.429710
g906 g999 22.335440 18.697710
g906 g1000 22.335440 18.697710
g906 g1001 22.335440 18.697710
g906 g1002 26.193080 19.769900
g906 g1003 26.193080 19.769900
g906 g1004 26.193080 19.769900
g906 g1005 25.793450 21.359890
g906 g1006 25.793450 21.359890
g906 g1007 25.793450 21.359890
g906 g1009 20.550420 16.997540
g906 g1010 20.612240 17.932120
g906 g1008 20.612240 17.932120
g906 g985 14.738770 11.820220
g945 g873 31.111060 20.187040
g945 g876 31.111060 20.187040
g945 g879 31.111060 20.187040
g945 g918 30.926380 20.198340
g945 g921 30.926380 20.198340
g945 g924 30.926380 20.198340
g945 g882 30.926380 20.198340
g945 g885 30.926380 20.198340
g945 g888 30.926380 20.198340
g945 g927 30.926380 20.198340
g945 g930 30.926380 20.198340
g945 g933 30.926380 20.198340
g945 g891 31.111060 20.187040
g945 g894 31.111060 20.187040
g945 g897 31.111060 20.187040
g945 g936 31.111060 20.187040
g945 g939 31.111060 20.187040
g945 g942 31.111060 20.187040
g945 g900 31.111060 20.187040
g945 g903 31.111060 20.187040
g945 g906 31.111060 20.187040
g945 g945 31.111060 2.187800
g945 g948 31.111060 9.550330
g945 g951 31.111060 9.550330
g945 g909 30.926380 12.318730
g945 g912 30.926380 12.318730
g945 g915 30.926380 12.318730
g945 g954 30.926380 14.680830
g945 g957 30.926380 14.680830
g945 g960 30.926380 14.680830
g945 g999 22.588880 18.809000
g945 g1000 22.588880 18.809000
g945 g1001 22.588880 18.809000
g945 g1002 26.116520 20.720220
g945 g1003 26.116520 20.720220
g945 g1004 26.116520 20.720220
g945 g1005 25.927780 20.912100
g945 g1006 25.927780 20.912100
g945 g1007 25.927780 20.912100
g945 g1009 20.473860 16.549750
g945 g1010 20.535680 17.484330
g945 g1008 20.535680 17.484330
g945 g985 15.383600 11.359600
g948 g873 30.215840 19.291820
g948 g876 30.215840 19.291820
g948 g879 30.215840 19.291820
g948 g918 30.031160 19.303120
g948 g921 30.031160 19.303120
g948 g924 30.031160 19.303120
g948 g882 30.031160 19.303120
g948 g885 30.031160 19.303120
g948 g888 30.031160 19.303120
g948 g927 30.031160 19.303120
g948 g930 30.031160 19.303120
g948 g933 30.031160 19.303120
g948 g891 30.215840 19.291820
g948 g894 30.215840 19.291820
g948 g897 30.215840 19.291820
g948 g936 30.215840 19.291820
g948 g939 30.215840 19.291820
g948 g942 30.215840 19.291820
g948 g900 30.215840 19.291820
g948 g903 30.215840 19.291820
g948 g906 30.215840 19.291820
g948 g945 30.215840 8.655110
g948 g948 30.215840 2.187800
g948 g951 30.215840 8.655110
g948 g909 30.031160 11.423510
g948 g912 30.031160 11.423510
g948 g915 30.031160 11.423510
g948 g954 30.031160 13.785610
g948 g957 30.031160 13.785610
g948 g960 30.031160 13.785610
g948 g999 21.693660 17.913780
g948 g1000 21.693660 17.913780
g948 g1001 21.693660 17.913780
g948 g1002 25.221300 19.825000
g948 g1003 25.221300 19.825000
g948 g1004 25.221300 19.825000
g948 g1005 25.032560 20.016880
g948 g1006 25.032560 20.016880
g948 g1007 25.032560 20.016880
g948 g1009 19.578640 15.654530
g948 g1010 19.640460 16.589110
g948 g1008 19.640460 16.589110
g948 g985 14.488380 10.464380
g951 g873 31.341060 20.417040
g951 g876 31.341060 20.417040
g951 g879 31.341060 20.417040
g951 g918 31.156380 20.428340
g951 g921 31.156380 20.428340
g951 g924 31.156380 20.428340
g951 g882 31.156380 20.428340
g951 g885 31.156380 20.428340
g951 g888 31.156380 20.428340
g951 g927 31.156380 20.428340
g951 g930 31.156380 20.428340
g951 g933 31.156380 20.428340
g951 g891 31.341060 20.417040
g951 g894 31.341060 20.417040
g951 g897 31.341060 20.417040
g951 g936 31.341060 20.417040
g951 g939 31.341060 20.417040
g951 g942 31.341060 20.417040
g951 g900 31.341060 20.417040
g951 g903 31.341060 20.417040
g951 g906 31.341060 20.417040
g951 g945 31.341060 9.780330
g951 g948 31.341060 9.780330
g951 g951 31.341060 2.187800
g951 g909 31.156380 12.548730
g951 g912 31.156380 12.548730
g951 g915 31.156380 12.548730
g951 g954 31.156380 14.910830
g951 g957 31.156380 14.910830
g951 g960 31.156380 14.910830
g951 g999 22.818880 19.039000
g951 g1000 22.818880 19.039000
g951 g1001 22.818880 19.039000
g951 g1002 26.346520 20.950220
g951 g1003 26.346520 20.950220
g951 g1004 26.346520 20.950220
g951 g1005 26.157780 21.142100
g951 g1006 26.157780 21.142100
g951 g1007 26.157780 21.142100
g951 g1009 20.703860 16.779750
g951 g1010 20.765680 17.714330
g951 g1008 20.765680 17.714330
g951 g985 15.613600 11.589600
g909 g873 32.460310 18.717210
g909 g876 32.460310 18.717210
g909 g879 32.460310 18.717210
g909 g918 32.275630 18.728510
g909 g921 32.275630 18.728510
g909 g924 32.275630 18.728510
g909 g882 32.275630 18.728510
g909 g885 32.275630 18.728510
g909 g888 32.275630 18.728510
g909 g927 32.275630 18.728510
g909 g930 32.275630 18.728510
g909 g933 32.275630 18.728510
g909 g891 32.460310 18.717210
g909 g894 32.460310 18.717210
g909 g897 32.460310 18.717210
g909 g936 32.460310 18.717210
g909 g939 32.460310 18.717210
g909 g942 32.460310 18.717210
g909 g900 32.460310 18.717210
g909 g903 32.460310 18.717210
g909 g906 32.460310 18.717210
g909 g945 32.460310 18.717210
g909 g948 32.460310 18.717210
g909 g951 32.460310 18.717210
g909 g909 32.275630 2.187800
g909 g912 32.275630 9.816620
g909 g915 32.275630 9.816620
g909 g954 32.275630 12.597660
g909 g957 32.275630 12.597660
g909 g960 32.275630 12.597660
g909 g999 23.608130 17.749670
g909 g1000 23.608130 17.749670
g909 g1001 23.608130 17.749670
g909 g1002 27.465770 18.821860
g909 g1003 27.465770 18.821860
g909 g1004 27.465770 18.821860
g909 g1005 27.066140 20.724000
g909 g1006 27.066140 20.724000
g909 g1007 27.066140 20.724000
g909 g1009 21.823110 16.361650
g909 g1010 21.884930 17.296230
g909 g1008 21.884930 17.296230
g909 g985 11.812970 9.235140
g912 g873 31.573670 17.830570
g912 g876 31.573670 17.830570
g912 g879 31.573670 17.830570
g912 g918 31.388990 17.841870
g912 g921 31.388990 17.841870
g912 g924 31.388990 17.841870
g912 g882 31.388990 17.841870
g912 g885 31.388990 17.841870
g912 g888 31.388990 17.841870
g912 g927 31.388990 17.841870
g912 g930 31.388990 17.841870
g912 g933 31.388990 17.841870
g912 g891 31.573670 17.830570
g912 g894 31.573670 17.830570
g912 g897 31.573670 17.830570
g912 g936 31.573670 17.830570
g912 g939 31.573670 17.830570
g912 g942 31.573670 17.830570
g912 g900 31.573670 17.830570
g912 g903 31.573670 17.830570
g912 g906 31.573670 17.830570
g912 g945 31.573670 17.830570
g912 g948 31.573670 17.830570
g912 g951 31.573670 17.830570
g912 g909 31.388990 8.929980
g912 g912 31.388990 2.187800
g912 g915 31.388990 8.929980
g912 g954 31.388990 11.711020
g912 g957 31.388990 11.711020
g912 g960 31.388990 11.711020
g912 g999 22.721490 16.863030
g912 g1000 22.721490 16.863030
g912 g1001 22.721490 16.863030
g912 g1002 26.579130 17.935220
g912 g1003 26.579130 17.935220
g912 g1004 26.579130 17.935220
g912 g1005 26.179500 19.837360
g912 g1006 26.179500 19.837360
g912 g1007 26.179500 19.837360
g912 g1009 20.936470 15.475010
g912 g1010 20.998290 16.409590
g912 g1008 20.998290 16.409590
g912 g985 10.926330 8.348500
g915 g873 32.690310 18.947210
g915 g876 32.690310 18.947210
g915 g879 32.690310 18.947210
g915 g918 32.505630 18.958510
g915 g921 32.505630 18.958510
g915 g924 32.505630 18.958510
g915 g882 32.505630 18.958510
g915 g885 32.505630 18.958510
g915 g888 32.505630 18.958510
g915 g927 32.505630 18.958510
g915 g930 32.505630 18.958510
g915 g933 32.505630 18.958510
g915 g891 32.690310 18.947210
g915 g894 32.690310 18.947210
g915 g897 32.690310 18.947210
g915 g936 32.690310 18.947210
g915 g939 32.690310 18.947210
g915 g942 32.690310 18.947210
g915 g900 32.690310 18.947210
g915 g903 32.690310 18.947210
g915 g906 32.690310 18.947210
g915 g945 32.690310 18.947210
g915 g948 32.690310 18.947210
g915 g951 32.690310 18.947210
g915 g909 32.505630 10.046620
g915 g912 32.505630 10.046620
g915 g915 32.505630 2.187800
g915 g954 32.505630 12.827660
g915 g957 32.505630 12.827660
g915 g960 32.505630 12.827660
g915 g999 23.838130 17.979670
g915 g1000 23.838130 17.979670
g915 g1001 23.838130 17.979670
g915 g1002 27.695770 19.051860
g915 g1003 27.695770 19.051860
g915 g1004 27.695770 19.051860
g915 g1005 27.296140 20.954000
g915 g1006 27.296140 20.954000
g915 g1007 27.296140 20.954000
g915 g1009 22.053110 16.591650
g915 g1010 22.114930 17.526230
g915 g1008 22.114930 17.526230
g915 g985 12.042970 9.465140
g954 g873 31.827840 18.474490
g954 g876 31.827840 18.474490
g954 g879 31.827840 18.474490
g954 g918 31.643160 18.485790
g954 g921 31.643160 18.485790
g954 g924 31.643160 18.485790
g954 g882 31.643160 18.485790
g954 g885 31.643160 18.485790
g954 g888 31.643160 18.485790
g954 g927 31.643160 18.485790
g954 g930 31.643160 18.485790
g954 g933 31.643160 18.485790
g954 g891 31.827840 18.474490
g954 g894 31.827840 18.474490
g954 g897 31.827840 18.474490
g954 g936 31.827840 18.474490
g954 g939 31.827840 18.474490
g954 g942 31.827840 18.474490
g954 g900 31.827840 18.474490
g954 g903 31.827840 18.474490
g954 g906 31.827840 18.474490
g954 g945 31.827840 18.474490
g954 g948 31.827840 18.474490
g954 g951 31.827840 18.474490
g954 g909 31.643160 18.485790
g954 g912 31.643160 18.485790
g954 g915 31.643160 18.485790
g954 g954 31.643160 2.187800
g954 g957 31.643160 8.954700
g954 g960 31.643160 8.954700
g954 g999 23.305660 17.823010
g954 g1000 23.305660 17.823010
g954 g1001 23.305660 17.823010
g954 g1002 26.833300 19.384230
g954 g1003 26.833300 19.384230
g954 g1004 26.833300 19.384230
g954 g1005 26.644560 19.576110
g954 g1006 26.644560 19.576110
g954 g1007 26.644560 19.576110
g954 g1009 21.190640 15.213760
g954 g1010 21.252460 16.148340
g954 g1008 21.252460 16.148340
g954 g985 12.140590 8.728700
g957 g873 30.960560 17.607210
g957 g876 30.960560 17.607210
g957 g879 30.960560 17.607210
g957 g918 30.775880 17.618510
g957 g921 30.775880 17.618510
g957 g924 30.775880 17.618510
g957 g882 30.775880 17.618510
g957 g885 30.775880 17.618510
g957 g888 30.775880 17.618510
g957 g927 30.775880 17.618510
g957 g930 30.775880 17.618510
g957 g933 30.775880 17.618510
g957 g891 30.960560 17.607210
g957 g894 30.960560 17.607210
g957 g897 30.960560 17.607210
g957 g936 30.960560 17.607210
g957 g939 30.960560 17.607210
g957 g942 30.960560 17.607210
g957 g900 30.960560 17.607210
g957 g903 30.960560 17.607210
g957 g906 30.960560 17.607210
g957 g945 30.960560 17.607210
g957 g948 30.960560 17.607210
g957 g951 30.960560 17.607210
g957 g909 30.775880 17.618510
g957 g912 30.775880 17.618510
g957 g915 30.775880 17.618510
g957 g954 30.775880 8.087420
g957 g957 30.775880 2.187800
g957 g960 30.775880 8.087420
g957 g999 22.438380 16.955730
g957 g1000 22.438380 16.955730
g957 g1001 22.438380 16.955730
g957 g1002 25.966020 18.516950
g957 g1003 25.966020 18.516950
g957 g1004 25.966020 18.516950
g957 g1005 25.777280 18.708830
g957 g1006 25.777280 18.708830
g957 g1007 25.777280 18.708830
g957 g1009 20.323360 14.346480
g957 g1010 20.385180 15.281060
g957 g1008 20.385180 15.281060
g957 g985 11.273310 7.861420
g960 g873 32.057840 18.704490
g960 g876 32.057840 18.704490
g960 g879 32.057840 18.704490
g960 g918 31.873160 18.715790
g960 g921 31.873160 18.715790
g960 g924 31.873160 18.715790
g960 g882 31.873160 18.715790
g960 g885 31.873160 18.715790
g960 g888 31.873160 18.715790
g960 g927 31.873160 18.715790
g960 g930 31.873160 18.715790
g960 g933 31.873160 18.715790
g960 g891 32.057840 18.704490
g960 g894 32.057840 18.704490
g960 g897 32.057840 18.704490
g960 g936 32.057840 18.704490
g960 g939 32.057840 18.704490
g960 g942 32.057840 18.704490
g960 g900 32.057840 18.704490
g960 g903 32.057840 18.704490
g960 g906 32.057840 18.704490
g960 g945 32.057840 18.704490
g960 g948 32.057840 18.704490
g960 g951 32.057840 18.704490
g960 g909 31.873160 18.715790
g960 g912 31.873160 18.715790
g960 g915 31.873160 18.715790
g960 g954 31.873160 9.184700
g960 g957 31.873160 9.184700
g960 g960 31.873160 2.187800
g960 g999 23.535660 18.053010
g960 g1000 23.535660 18.053010
g960 g1001 23.535660 18.053010
g960 g1002 27.063300 19.614230
g960 g1003 27.063300 19.614230
g960 g1004 27.063300 19.614230
g960 g1005 26.874560 19.806110
g960 g1006 26.874560 19.806110
g960 g1007 26.874560 19.806110
g960 g1009 21.420640 15.443760
g960 g1010 21.482460 16.378340
g960 g1008 21.482460 16.378340
g960 g985 12.370590 8.958700
g780 g780 2.781020 2.136980
g780 g776 5.075830 4.330150
g780 g771 7.212490 6.466810
g780 g767 9.349150 8.603470
g780 g762 11.485810 10.740130
g780 g758 13.622470 12.876790
g780 g753 15.759130 15.013450
g780 g749 17.895790 17.150110
g780 g744 20.016050 19.270370
g780 g740 21.993380 21.993380
g780 g985 8.243060 6.803470
g776 g776 3.034740 2.390700
g776 g771 5.075830 4.330150
g776 g767 7.212490 6.466810
g776 g762 9.349150 8.603470
g776 g758 11.485810 10.740130
g776 g753 13.622470 12.876790
g776 g749 15.759130 15.013450
g776 g744 17.879390 17.133710
g776 g740 19.856720 19.856720
g776 g985 7.628280 6.349640
g771 g771 3.034740 2.390700
g771 g767 5.075830 4.330150
g771 g762 7.212490 6.466810
g771 g758 9.349150 8.603470
g771 g753 11.485810 10.740130
g771 g749 13.622470 12.876790
g771 g744 15.742730 14.997050
g771 g740 17.720060 17.720060
g771 g985 8.493550 7.214970
g767 g767 3.034740 2.390700
g767 g762 5.075830 4.330150
g767 g758 7.212490 6.466810
g767 g753 9.349150 8.603470
g767 g749 11.485810 10.740130
g767 g744 13.606070 12.860390
g767 g740 15.583400 15.583400
g767 g985 7.329850 6.051270
g762 g762 3.034740 2.390700
g762 g758 5.075830 4.330150
g762 g753 7.212490 6.466810
g762 g749 9.349150 8.603470
g762 g744 11.469410 10.723730
g762 g740 13.446740 13.446740
g762 g985 7.115220 5.734310
g758 g758 3.034740 2.390700
g758 g753 5.075830 4.330150
g758 g749 7.212490 6.466810
g758 g744 9.332750 8.587070
g758 g740 11.310080 11.310080
g758 g985 9.932260 8.492690
g753 g753 3.034740 2.390700
g753 g749 5.075830 4.330150
g753 g744 7.196090 6.450410
g753 g740 9.173420 9.173420
g753 g985 9.317520 8.038880
g749 g749 3.034740 2.390700
g749 g744 5.059470 4.313790
g749 g740 7.036800 7.036800
g749 g985 10.182970 8.904390
g744 g744 3.034740 2.390700
g744 g740 5.458590 5.458590
g744 g985 6.795250 5.516680
g740 g740 4.269330 4.269330
g740 g985 7.535590 6.257080
g1041 g1041 10.949520 1.967700
g1041 g1030 10.949520 8.805250
g1041 g1033 10.949520 8.805250
g1041 g1056 8.988440 8.894670
g1041 g1045 8.988440 8.894670
g1041 g1048 8.988440 8.894670
g1041 g1071 10.175580 8.767070
g1041 g1060 10.175580 8.767070
g1041 g1063 10.175580 8.767070
g1041 g1085 8.998120 8.433900
g1041 g1075 8.998120 8.433900
g1041 g1078 8.998120 8.433900
g1041 g1029 0.499980 0.499980
g1030 g1041 10.777720 8.633450
g1030 g1030 10.777720 1.967700
g1030 g1033 10.777720 8.633450
g1030 g1056 8.816640 8.722870
g1030 g1045 8.816640 8.722870
g1030 g1048 8.816640 8.722870
g1030 g1071 10.003780 8.595270
g1030 g1060 10.003780 8.595270
g1030 g1063 10.003780 8.595270
g1030 g1085 8.826320 8.262100
g1030 g1075 8.826320 8.262100
g1030 g1078 8.826320 8.262100
g1030 g1037 0.499980 0.499980
g1033 g1041 11.688920 9.544650
g1033 g1030 11.688920 9.544650
g1033 g1033 11.688920 1.967700
g1033 g1056 9.727840 9.634070
g1033 g1045 9.727840 9.634070
g1033 g1048 9.727840 9.634070
g1033 g1071 10.914980 9.506470
g1033 g1060 10.914980 9.506470
g1033 g1063 10.914980 9.506470
g1033 g1085 9.737520 9.173300
g1033 g1075 9.737520 9.173300
g1033 g1078 9.737520 9.173300
g1033 g1039 0.499980 0.499980
g1056 g1041 8.522840 8.396720
g1056 g1030 8.522840 8.396720
g1056 g1033 8.522840 8.396720
g1056 g1056 7.125880 1.967700
g1056 g1045 7.125880 7.125880
g1056 g1048 7.125880 7.125880
g1056 g1071 11.649930 8.100720
g1056 g1060 11.649930 8.100720
g1056 g1063 11.649930 8.100720
g1056 g1085 9.938780 9.938780
g1056 g1075 9.938780 9.938780
g1056 g1078 9.938780 9.938780
g1056 g1044 0.499980 0.499980
g1045 g1041 8.348670 8.222550
g1045 g1030 8.348670 8.222550
g1045 g1033 8.348670 8.222550
g1045 g1056 6.951710 6.951710
g1045 g1045 6.951710 1.967700
g1045 g1048 6.951710 6.951710
g1045 g1071 11.475760 7.926550
g1045 g1060 11.475760 7.926550
g1045 g1063 11.475760 7.926550
g1045 g1085 9.764610 9.764610
g1045 g1075 9.764610 9.764610
g1045 g1078 9.764610 9.764610
g1045 g1052 0.499980 0.499980
g1048 g1041 9.221950 9.095830
g1048 g1030 9.221950 9.095830
g1048 g1033 9.221950 9.095830
g1048 g1056 7.824990 7.824990
g1048 g1045 7.824990 7.824990
g1048 g1048 7.824990 1.967700
g1048 g1071 12.349040 8.799830
g1048 g1060 12.349040 8.799830
g1048 g1063 12.349040 8.799830
g1048 g1085 10.637890 10.637890
g1048 g1075 10.637890 10.637890
g1048 g1078 10.637890 10.637890
g1048 g1054 0.499980 0.499980
g1071 g1041 7.473700 6.080100
g1071 g1030 7.473700 6.080100
g1071 g1033 7.473700 6.080100
g1071 g1056 8.241560 6.796460
g1071 g1045 8.241560 6.796460
g1071 g1048 8.241560 6.796460
g1071 g1071 1.967700 1.967700
g1071 g1085 9.393680 9.393680
g1071 g1075 9.393680 9.393680
g1071 g1078 9.393680 9.393680
g1071 g1059 0.499980 0.499980
g1060 g1041 7.295780 5.902180
g1060 g1030 7.295780 5.902180
g1060 g1033 7.295780 5.902180
g1060 g1056 8.063640 6.618540
g1060 g1045 8.063640 6.618540
g1060 g1048 8.063640 6.618540
g1060 g1060 1.967700 1.967700
g1060 g1085 9.215760 9.215760
g1060 g1075 9.215760 9.215760
g1060 g1078 9.215760 9.215760
g1060 g1067 0.499980 0.499980
g1063 g1041 8.109060 6.715460
g1063 g1030 8.109060 6.715460
g1063 g1033 8.109060 6.715460
g1063 g1056 8.876920 7.431820
g1063 g1045 8.876920 7.431820
g1063 g1048 8.876920 7.431820
g1063 g1063 1.967700 1.967700
g1063 g1085 10.029040 10.029040
g1063 g1075 10.029040 10.029040
g1063 g1078 10.029040 10.029040
g1063 g1069 0.499980 0.499980
g1085 g1041 7.419290 6.622790
g1085 g1030 7.419290 6.622790
g1085 g1033 7.419290 6.622790
g1085 g1071 10.554700 9.738760
g1085 g1060 10.554700 9.738760
g1085 g1063 10.554700 9.738760
g1085 g1085 1.967700 1.967700
g1085 g1074 0.499980 0.499980
g1075 g1041 7.242420 6.445920
g1075 g1030 7.242420 6.445920
g1075 g1033 7.242420 6.445920
g1075 g1071 10.377830 9.561890
g1075 g1060 10.377830 9.561890
g1075 g1063 10.377830 9.561890
g1075 g1075 1.967700 1.967700
g1075 g1082 0.499980 0.499980
g1078 g1041 8.072500 7.276000
g1078 g1030 8.072500 7.276000
g1078 g1033 8.072500 7.276000
g1078 g1071 11.207910 10.391970
g1078 g1060 11.207910 10.391970
g1078 g1063 11.207910 10.391970
g1078 g1078 1.967700 1.967700
g1078 g1084 0.499980 0.499980
g1095 g1095 12.954310 2.187800
g1095 g1098 12.954310 8.162330
g1095 g1101 12.954310 8.162330
g1095 g1104 13.587370 11.672070
g1095 g1107 13.587370 11.672070
g1095 g1110 13.587370 11.672070
g1095 g1114 13.078410 9.889010
g1095 g1115 13.078410 9.889010
g1095 g1113 13.078410 9.889010
g1098 g1095 12.076690 7.284710
g1098 g1098 12.076690 2.187800
g1098 g1101 12.076690 7.284710
g1098 g1104 12.709750 10.794450
g1098 g1107 12.709750 10.794450
g1098 g1110 12.709750 10.794450
g1098 g1114 12.200790 9.011390
g1098 g1115 12.200790 9.011390
g1098 g1113 12.200790 9.011390
g1101 g1095 13.184310 8.392330
g1101 g1098 13.184310 8.392330
g1101 g1101 13.184310 2.187800
g1101 g1104 13.817370 11.902070
g1101 g1107 13.817370 11.902070
g1101 g1110 13.817370 11.902070
g1101 g1114 13.308410 10.119010
g1101 g1115 13.308410 10.119010
g1101 g1113 13.308410 10.119010
g1104 g1095 16.986440 13.323240
g1104 g1098 16.986440 13.323240
g1104 g1101 16.986440 13.323240
g1104 g1104 15.671170 2.187800
g1104 g1107 15.671170 9.653750
g1104 g1110 15.671170 9.653750
g1104 g1114 17.345290 11.439670
g1104 g1115 17.345290 11.439670
g1104 g1113 17.345290 11.439670
g1104 g986 8.308550 8.308550
g1104 g1167 9.286190 9.286190
g1104 g1171 9.286190 9.286190
g1104 g1151 9.286190 9.286190
g1107 g1095 16.038860 12.375660
g1107 g1098 16.038860 12.375660
g1107 g1101 16.038860 12.375660
g1107 g1104 14.723590 8.706170
g1107 g1107 14.723590 2.187800
g1107 g1110 14.723590 8.706170
g1107 g1114 16.397710 10.492090
g1107 g1115 16.397710 10.492090
g1107 g1113 16.397710 10.492090
g1107 g986 7.360970 7.360970
g1107 g1167 8.338610 8.338610
g1107 g1171 8.338610 8.338610
g1107 g1151 8.338610 8.338610
g1110 g1095 17.216440 13.553240
g1110 g1098 17.216440 13.553240
g1110 g1101 17.216440 13.553240
g1110 g1104 15.901170 9.883750
g1110 g1107 15.901170 9.883750
g1110 g1110 15.901170 2.187800
g1110 g1114 17.575290 11.669670
g1110 g1115 17.575290 11.669670
g1110 g1113 17.575290 11.669670
g1110 g986 8.538550 8.538550
g1110 g1167 9.516190 9.516190
g1110 g1171 9.516190 9.516190
g1110 g1151 9.516190 9.516190
g1114 g1095 12.904790 10.466310
g1114 g1098 12.904790 10.466310
g1114 g1101 12.904790 10.466310
g1114 g1104 12.794610 10.637520
g1114 g1107 12.794610 10.637520
g1114 g1110 12.794610 10.637520
g1114 g1114 10.398460 2.109440
g1114 g1115 10.398460 7.222480
g1114 g1113 10.398460 7.222480
g1115 g1095 12.729530 10.291050
g1115 g1098 12.729530 10.291050
g1115 g1101 12.729530 10.291050
g1115 g1104 12.619350 10.462260
g1115 g1107 12.619350 10.462260
g1115 g1110 12.619350 10.462260
g1115 g1114 10.223200 7.047220
g1115 g1115 10.223200 2.109440
g1115 g1113 10.223200 7.047220
g1113 g1095 13.585370 11.146890
g1113 g1098 13.585370 11.146890
g1113 g1101 13.585370 11.146890
g1113 g1104 13.475190 11.318100
g1113 g1107 13.475190 11.318100
g1113 g1110 13.475190 11.318100
g1113 g1114 11.079040 7.903060
g1113 g1115 11.079040 7.903060
g1113 g1113 11.079040 2.109440
g1116 g1116 13.709180 2.187800
g1116 g1119 13.709180 8.254180
g1116 g1122 13.709180 8.254180
g1116 g1125 13.825780 12.194920
g1116 g1128 13.825780 12.194920
g1116 g1131 13.825780 12.194920
g1116 g1135 13.663320 10.960040
g1116 g1136 13.663320 10.960040
g1116 g1134 13.663320 10.960040
g1119 g1116 12.817260 7.362260
g1119 g1119 12.817260 2.187800
g1119 g1122 12.817260 7.362260
g1119 g1125 12.933860 11.303000
g1119 g1128 12.933860 11.303000
g1119 g1131 12.933860 11.303000
g1119 g1135 12.771400 10.068120
g1119 g1136 12.771400 10.068120
g1119 g1134 12.771400 10.068120
g1122 g1116 13.939180 8.484180
g1122 g1119 13.939180 8.484180
g1122 g1122 13.939180 2.187800
g1122 g1125 14.055780 12.424920
g1122 g1128 14.055780 12.424920
g1122 g1131 14.055780 12.424920
g1122 g1135 13.893320 11.190040
g1122 g1136 13.893320 11.190040
g1122 g1134 13.893320 11.190040
g1125 g1125 14.515750 2.187800
g1125 g1128 14.515750 8.631330
g1125 g1131 14.515750 8.631330
g1125 g1135 14.353290 11.340870
g1125 g1136 14.353290 11.340870
g1125 g1134 14.353290 11.340870
g1125 g1173 6.683610 6.683610
g1125 g1174 6.683610 6.683610
g1125 g1175 6.683610 6.683610
g1128 g1125 13.616130 7.731710
g1128 g1128 13.616130 2.187800
g1128 g1131 13.616130 7.731710
g1128 g1135 13.453670 10.441250
g1128 g1136 13.453670 10.441250
g1128 g1134 13.453670 10.441250
g1128 g1173 5.783990 5.783990
g1128 g1174 5.783990 5.783990
g1128 g1175 5.783990 5.783990
g1131 g1125 14.745750 8.861330
g1131 g1128 14.745750 8.861330
g1131 g1131 14.745750 2.187800
g1131 g1135 14.583290 11.570870
g1131 g1136 14.583290 11.570870
g1131 g1134 14.583290 11.570870
g1131 g1173 6.913610 6.913610
g1131 g1174 6.913610 6.913610
g1131 g1175 6.913610 6.913610
g1135 g1125 8.572660 7.216460
g1135 g1128 8.572660 7.216460
g1135 g1131 8.572660 7.216460
g1135 g1135 8.867020 2.109440
g1135 g1136 8.867020 6.438400
g1135 g1134 8.867020 6.438400
g1136 g1125 8.394500 7.038300
g1136 g1128 8.394500 7.038300
g1136 g1131 8.394500 7.038300
g1136 g1135 8.688860 6.260240
g1136 g1136 8.688860 2.109440
g1136 g1134 8.688860 6.260240
g1134 g1125 9.203940 7.847740
g1134 g1128 9.203940 7.847740
g1134 g1131 9.203940 7.847740
g1134 g1135 9.498300 7.069680
g1134 g1136 9.498300 7.069680
g1134 g1134 9.498300 2.109440
g999 g873 29.681800 12.259550
g999 g876 29.681800 12.259550
g999 g879 29.681800 12.259550
g999 g918 29.497120 13.840070
g999 g921 29.497120 13.840070
g999 g924 29.497120 13.840070
g999 g882 29.497120 15.787070
g999 g885 29.497120 15.787070
g999 g888 29.497120 15.787070
g999 g927 29.497120 17.155390
g999 g930 29.497120 17.155390
g999 g933 29.497120 17.155390
g999 g891 29.681800 17.144090
g999 g894 29.681800 17.144090
g999 g897 29.681800 17.144090
g999 g936 29.681800 17.144090
g999 g939 29.681800 17.144090
g999 g942 29.681800 17.144090
g999 g900 29.681800 17.144090
g999 g903 29.681800 17.144090
g999 g906 29.681800 17.144090
g999 g945 29.681800 17.144090
g999 g948 29.681800 17.144090
g999 g951 29.681800 17.144090
g999 g909 29.497120 17.155390
g999 g912 29.497120 17.155390
g999 g915 29.497120 17.155390
g999 g954 30.253820 17.155390
g999 g957 30.253820 17.155390
g999 g960 30.253820 17.155390
g999 g1041 16.618670 13.273470
g999 g1030 16.618670 13.273470
g999 g1033 16.618670 13.273470
g999 g1056 16.618670 13.273470
g999 g1045 16.618670 13.273470
g999 g1048 16.618670 13.273470
g999 g1071 16.618670 13.273470
g999 g1060 16.618670 13.273470
g999 g1063 16.618670 13.273470
g999 g1085 16.618670 13.273470
g999 g1075 16.618670 13.273470
g999 g1078 16.618670 13.273470
g999 g999 14.946660 2.187800
g999 g1000 14.946660 9.684340
g999 g1001 14.946660 9.684340
g999 g1002 15.425030 12.508140
g999 g1003 15.425030 12.508140
g999 g1004 15.425030 12.508140
g999 g1005 15.496700 11.374560
g999 g1006 15.496700 11.374560
g999 g1007 15.496700 11.374560
g999 g1009 12.509200 10.876420
g999 g1010 13.543480 10.938240
g999 g1008 13.543480 10.938240
g999 g985 15.559230 9.686660
g999 g1142 9.248980 9.248980
g999 g1145 9.248980 9.248980
g999 g1148 9.248980 9.248980
g999 g1164 8.766420 8.766420
g999 g1165 8.766420 8.766420
g999 g1166 8.766420 8.766420
g999 g1152 8.705630 8.705630
g999 g1155 8.705630 8.705630
g999 g1158 8.705630 8.705630
g1000 g873 29.511260 12.089010
g1000 g876 29.511260 12.089010
g1000 g879 29.511260 12.089010
g1000 g918 29.326580 13.669530
g1000 g921 29.326580 13.669530
g1000 g924 29.326580 13.669530
g1000 g882 29.326580 15.616530
g1000 g885 29.326580 15.616530
g1000 g888 29.326580 15.616530
g1000 g927 29.326580 16.984850
g1000 g930 29.326580 16.984850
g1000 g933 29.326580 16.984850
g1000 g891 29.511260 16.973550
g1000 g894 29.511260 16.973550
g1000 g897 29.511260 16.973550
g1000 g936 29.511260 16.973550
g1000 g939 29.511260 16.973550
g1000 g942 29.511260 16.973550
g1000 g900 29.511260 16.973550
g1000 g903 29.511260 16.973550
g1000 g906 29.511260 16.973550
g1000 g945 29.511260 16.973550
g1000 g948 29.511260 16.973550
g1000 g951 29.511260 16.973550
g1000 g909 29.326580 16.984850
g1000 g912 29.326580 16.984850
g1000 g915 29.326580 16.984850
g1000 g954 30.083280 16.984850
g1000 g957 30.083280 16.984850
g1000 g960 30.083280 16.984850
g1000 g1041 16.448130 13.102930
g1000 g1030 16.448130 13.102930
g1000 g1033 16.448130 13.102930
g1000 g1056 16.448130 13.102930
g1000 g1045 16.448130 13.102930
g1000 g1048 16.448130 13.102930
g1000 g1071 16.448130 13.102930
g1000 g1060 16.448130 13.102930
g1000 g1063 16.448130 13.102930
g1000 g1085 16.448130 13.102930
g1000 g1075 16.448130 13.102930
g1000 g1078 16.448130 13.102930
g1000 g999 14.776120 9.513800
g1000 g1000 14.776120 2.187800
g1000 g1001 14.776120 9.513800
g1000 g1002 15.254490 12.337600
g1000 g1003 15.254490 12.337600
g1000 g1004 15.254490 12.337600
g1000 g1005 15.326160 11.204020
g1000 g1006 15.326160 11.204020
g1000 g1007 15.326160 11.204020
g1000 g1009 12.338660 10.705880
g1000 g1010 13.372940 10.767700
g1000 g1008 13.372940 10.767700
g1000 g985 15.388690 9.516120
g1000 g1142 9.078440 9.078440
g1000 g1145 9.078440 9.078440
g1000 g1148 9.078440 9.078440
g1000 g1164 8.595880 8.595880
g1000 g1165 8.595880 8.595880
g1000 g1166 8.595880 8.595880
g1000 g1152 8.535090 8.535090
g1000 g1155 8.535090 8.535090
g1000 g1158 8.535090 8.535090
g1001 g873 30.442620 13.020370
g1001 g876 30.442620 13.020370
g1001 g879 30.442620 13.020370
g1001 g918 30.257940 14.600890
g1001 g921 30.257940 14.600890
g1001 g924 30.257940 14.600890
g1001 g882 30.257940 16.547890
g1001 g885 30.257940 16.547890
g1001 g888 30.257940 16.547890
g1001 g927 30.257940 17.916210
g1001 g930 30.257940 17.916210
g1001 g933 30.257940 17.916210
g1001 g891 30.442620 17.904910
g1001 g894 30.442620 17.904910
g1001 g897 30.442620 17.904910
g1001 g936 30.442620 17.904910
g1001 g939 30.442620 17.904910
g1001 g942 30.442620 17.904910
g1001 g900 30.442620 17.904910
g1001 g903 30.442620 17.904910
g1001 g906 30.442620 17.904910
g1001 g945 30.442620 17.904910
g1001 g948 30.442620 17.904910
g1001 g951 30.442620 17.904910
g1001 g909 30.257940 17.916210
g1001 g912 30.257940 17.916210
g1001 g915 30.257940 17.916210
g1001 g954 31.014640 17.916210
g1001 g957 31.014640 17.916210
g1001 g960 31.014640 17.916210
g1001 g1041 17.379490 14.034290
g1001 g1030 17.379490 14.034290
g1001 g1033 17.379490 14.034290
g1001 g1056 17.379490 14.034290
g1001 g1045 17.379490 14.034290
g1001 g1048 17.379490 14.034290
g1001 g1071 17.379490 14.034290
g1001 g1060 17.379490 14.034290
g1001 g1063 17.379490 14.034290
g1001 g1085 17.379490 14.034290
g1001 g1075 17.379490 14.034290
g1001 g1078 17.379490 14.034290
g1001 g999 15.707480 10.445160
g1001 g1000 15.707480 10.445160
g1001 g1001 15.707480 2.187800
g1001 g1002 16.185850 13.268960
g1001 g1003 16.185850 13.268960
g1001 g1004 16.185850 13.268960
g1001 g1005 16.257520 12.135380
g1001 g1006 16.257520 12.135380
g1001 g1007 16.257520 12.135380
g1001 g1009 13.270020 11.637240
g1001 g1010 14.304300 11.699060
g1001 g1008 14.304300 11.699060
g1001 g985 16.320050 10.447480
g1001 g1142 10.009800 10.009800
g1001 g1145 10.009800 10.009800
g1001 g1148 10.009800 10.009800
g1001 g1164 9.527240 9.527240
g1001 g1165 9.527240 9.527240
g1001 g1166 9.527240 9.527240
g1001 g1152 9.466450 9.466450
g1001 g1155 9.466450 9.466450
g1001 g1158 9.466450 9.466450
g1002 g873 30.879380 10.674950
g1002 g876 30.879380 10.674950
g1002 g879 30.879380 10.674950
g1002 g918 30.694700 12.255470
g1002 g921 30.694700 12.255470
g1002 g924 30.694700 12.255470
g1002 g882 30.694700 14.202470
g1002 g885 30.694700 14.202470
g1002 g888 30.694700 14.202470
g1002 g927 30.694700 17.077390
g1002 g930 30.694700 17.077390
g1002 g933 30.694700 17.077390
g1002 g891 30.879380 16.840240
g1002 g894 30.879380 16.840240
g1002 g897 30.879380 16.840240
g1002 g936 30.879380 18.345350
g1002 g939 30.879380 18.345350
g1002 g942 30.879380 18.345350
g1002 g900 30.879380 16.914340
g1002 g903 30.879380 16.914340
g1002 g906 30.879380 16.914340
g1002 g945 30.879380 18.345350
g1002 g948 30.879380 18.345350
g1002 g951 30.879380 18.345350
g1002 g909 30.694700 17.191840
g1002 g912 30.694700 17.191840
g1002 g915 30.694700 17.191840
g1002 g954 31.451400 18.356650
g1002 g957 31.451400 18.356650
g1002 g960 31.451400 18.356650
g1002 g1041 16.088990 12.986130
g1002 g1030 16.088990 12.986130
g1002 g1033 16.088990 12.986130
g1002 g1056 16.088990 12.986130
g1002 g1045 16.088990 12.986130
g1002 g1048 16.088990 12.986130
g1002 g1071 16.088990 12.986130
g1002 g1060 16.088990 12.986130
g1002 g1063 16.088990 12.986130
g1002 g1085 16.088990 12.986130
g1002 g1075 16.088990 12.986130
g1002 g1078 16.088990 12.986130
g1002 g999 14.028250 11.356440
g1002 g1000 14.028250 11.356440
g1002 g1001 14.028250 11.356440
g1002 g1002 14.541440 2.187800
g1002 g1003 14.541440 8.674500
g1002 g1004 14.541440 8.674500
g1002 g1005 14.216600 11.041800
g1002 g1006 14.216600 11.041800
g1002 g1007 14.216600 11.041800
g1002 g1009 13.434540 10.423610
g1002 g1010 14.468820 10.485430
g1002 g1008 14.468820 10.485430
g1002 g985 15.029550 8.102060
g1002 g1142 10.016560 10.016560
g1002 g1145 10.016560 10.016560
g1002 g1148 10.016560 10.016560
g1002 g1164 9.691760 9.691760
g1002 g1165 9.691760 9.691760
g1002 g1166 9.691760 9.691760
g1002 g1152 7.121030 7.121030
g1002 g1155 7.121030 7.121030
g1002 g1158 7.121030 7.121030
g1003 g873 30.705140 10.500710
g1003 g876 30.705140 10.500710
g1003 g879 30.705140 10.500710
g1003 g918 30.520460 12.081230
g1003 g921 30.520460 12.081230
g1003 g924 30.520460 12.081230
g1003 g882 30.520460 14.028230
g1003 g885 30.520460 14.028230
g1003 g888 30.520460 14.028230
g1003 g927 30.520460 16.903150
g1003 g930 30.520460 16.903150
g1003 g933 30.520460 16.903150
g1003 g891 30.705140 16.666000
g1003 g894 30.705140 16.666000
g1003 g897 30.705140 16.666000
g1003 g936 30.705140 18.171110
g1003 g939 30.705140 18.171110
g1003 g942 30.705140 18.171110
g1003 g900 30.705140 16.740100
g1003 g903 30.705140 16.740100
g1003 g906 30.705140 16.740100
g1003 g945 30.705140 18.171110
g1003 g948 30.705140 18.171110
g1003 g951 30.705140 18.171110
g1003 g909 30.520460 17.017600
g1003 g912 30.520460 17.017600
g1003 g915 30.520460 17.017600
g1003 g954 31.277160 18.182410
g1003 g957 31.277160 18.182410
g1003 g960 31.277160 18.182410
g1003 g1041 15.914750 12.811890
g1003 g1030 15.914750 12.811890
g1003 g1033 15.914750 12.811890
g1003 g1056 15.914750 12.811890
g1003 g1045 15.914750 12.811890
g1003 g1048 15.914750 12.811890
g1003 g1071 15.914750 12.811890
g1003 g1060 15.914750 12.811890
g1003 g1063 15.914750 12.811890
g1003 g1085 15.914750 12.811890
g1003 g1075 15.914750 12.811890
g1003 g1078 15.914750 12.811890
g1003 g999 13.854010 11.182200
g1003 g1000 13.854010 11.182200
g1003 g1001 13.854010 11.182200
g1003 g1002 14.367200 8.500260
g1003 g1003 14.367200 2.187800
g1003 g1004 14.367200 8.500260
g1003 g1005 14.042360 10.867560
g1003 g1006 14.042360 10.867560
g1003 g1007 14.042360 10.867560
g1003 g1009 13.260300 10.249370
g1003 g1010 14.294580 10.311190
g1003 g1008 14.294580 10.311190
g1003 g985 14.855310 7.927820
g1003 g1142 9.842320 9.842320
g1003 g1145 9.842320 9.842320
g1003 g1148 9.842320 9.842320
g1003 g1164 9.517520 9.517520
g1003 g1165 9.517520 9.517520
g1003 g1166 9.517520 9.517520
g1003 g1152 6.946790 6.946790
g1003 g1155 6.946790 6.946790
g1003 g1158 6.946790 6.946790
g1004 g873 31.577300 11.372870
g1004 g876 31.577300 11.372870
g1004 g879 31.577300 11.372870
g1004 g918 31.392620 12.953390
g1004 g921 31.392620 12.953390
g1004 g924 31.392620 12.953390
g1004 g882 31.392620 14.900390
g1004 g885 31.392620 14.900390
g1004 g888 31.392620 14.900390
g1004 g927 31.392620 17.775310
g1004 g930 31.392620 17.775310
g1004 g933 31.392620 17.775310
g1004 g891 31.577300 17.538160
g1004 g894 31.577300 17.538160
g1004 g897 31.577300 17.538160
g1004 g936 31.577300 19.043270
g1004 g939 31.577300 19.043270
g1004 g942 31.577300 19.043270
g1004 g900 31.577300 17.612260
g1004 g903 31.577300 17.612260
g1004 g906 31.577300 17.612260
g1004 g945 31.577300 19.043270
g1004 g948 31.577300 19.043270
g1004 g951 31.577300 19.043270
g1004 g909 31.392620 17.889760
g1004 g912 31.392620 17.889760
g1004 g915 31.392620 17.889760
g1004 g954 32.149320 19.054570
g1004 g957 32.149320 19.054570
g1004 g960 32.149320 19.054570
g1004 g1041 16.786910 13.684050
g1004 g1030 16.786910 13.684050
g1004 g1033 16.786910 13.684050
g1004 g1056 16.786910 13.684050
g1004 g1045 16.786910 13.684050
g1004 g1048 16.786910 13.684050
g1004 g1071 16.786910 13.684050
g1004 g1060 16.786910 13.684050
g1004 g1063 16.786910 13.684050
g1004 g1085 16.786910 13.684050
g1004 g1075 16.786910 13.684050
g1004 g1078 16.786910 13.684050
g1004 g999 14.726170 12.054360
g1004 g1000 14.726170 12.054360
g1004 g1001 14.726170 12.054360
g1004 g1002 15.239360 9.372420
g1004 g1003 15.239360 9.372420
g1004 g1004 15.239360 2.187800
g1004 g1005 14.914520 11.739720
g1004 g1006 14.914520 11.739720
g1004 g1007 14.914520 11.739720
g1004 g1009 14.132460 11.121530
g1004 g1010 15.166740 11.183350
g1004 g1008 15.166740 11.183350
g1004 g985 15.727470 8.799980
g1004 g1142 10.714480 10.714480
g1004 g1145 10.714480 10.714480
g1004 g1148 10.714480 10.714480
g1004 g1164 10.389680 10.389680
g1004 g1165 10.389680 10.389680
g1004 g1166 10.389680 10.389680
g1004 g1152 7.818950 7.818950
g1004 g1155 7.818950 7.818950
g1004 g1158 7.818950 7.818950
g1005 g873 33.800360 16.101780
g1005 g876 33.800360 16.101780
g1005 g879 33.800360 16.101780
g1005 g918 33.615680 17.682300
g1005 g921 33.615680 17.682300
g1005 g924 33.615680 17.682300
g1005 g882 33.615680 19.629300
g1005 g885 33.615680 19.629300
g1005 g888 33.615680 19.629300
g1005 g927 33.615680 21.790790
g1005 g930 33.615680 21.790790
g1005 g933 33.615680 21.790790
g1005 g891 33.800360 21.779490
g1005 g894 33.800360 21.779490
g1005 g897 33.800360 21.779490
g1005 g936 33.800360 21.779490
g1005 g939 33.800360 21.779490
g1005 g942 33.800360 21.779490
g1005 g900 33.800360 21.779490
g1005 g903 33.800360 21.779490
g1005 g906 33.800360 21.779490
g1005 g945 33.800360 21.779490
g1005 g948 33.800360 21.779490
g1005 g951 33.800360 21.779490
g1005 g909 33.615680 21.790790
g1005 g912 33.615680 21.790790
g1005 g915 33.615680 21.790790
g1005 g954 34.372380 21.790790
g1005 g957 34.372380 21.790790
g1005 g960 34.372380 21.790790
g1005 g1041 20.461180 16.467010
g1005 g1030 20.461180 16.467010
g1005 g1033 20.461180 16.467010
g1005 g1056 20.461180 16.467010
g1005 g1045 20.461180 16.467010
g1005 g1048 20.461180 16.467010
g1005 g1071 20.461180 16.467010
g1005 g1060 20.461180 16.467010
g1005 g1063 20.461180 16.467010
g1005 g1085 20.461180 16.467010
g1005 g1075 20.461180 16.467010
g1005 g1078 20.461180 16.467010
g1005 g999 16.930810 13.939340
g1005 g1000 16.930810 13.939340
g1005 g1001 16.930810 13.939340
g1005 g1002 18.552170 13.600640
g1005 g1003 18.552170 13.600640
g1005 g1004 18.552170 13.600640
g1005 g1005 18.958010 2.187800
g1005 g1006 18.958010 13.145260
g1005 g1007 18.958010 13.145260
g1005 g1009 16.218760 13.188150
g1005 g1010 17.253040 13.249970
g1005 g1008 17.253040 13.249970
g1005 g985 19.401740 13.528890
g1005 g1142 12.442520 12.442520
g1005 g1145 12.442520 12.442520
g1005 g1148 12.442520 12.442520
g1005 g1164 12.475980 12.475980
g1005 g1165 12.475980 12.475980
g1005 g1166 12.475980 12.475980
g1005 g1152 12.548140 12.548140
g1005 g1155 12.548140 12.548140
g1005 g1158 12.548140 12.548140
g1006 g873 33.640380 15.941800
g1006 g876 33.640380 15.941800
g1006 g879 33.640380 15.941800
g1006 g918 33.455700 17.522320
g1006 g921 33.455700 17.522320
g1006 g924 33.455700 17.522320
g1006 g882 33.455700 19.469320
g1006 g885 33.455700 19.469320
g1006 g888 33.455700 19.469320
g1006 g927 33.455700 21.630810
g1006 g930 33.455700 21.630810
g1006 g933 33.455700 21.630810
g1006 g891 33.640380 21.619510
g1006 g894 33.640380 21.619510
g1006 g897 33.640380 21.619510
g1006 g936 33.640380 21.619510
g1006 g939 33.640380 21.619510
g1006 g942 33.640380 21.619510
g1006 g900 33.640380 21.619510
g1006 g903 33.640380 21.619510
g1006 g906 33.640380 21.619510
g1006 g945 33.640380 21.619510
g1006 g948 33.640380 21.619510
g1006 g951 33.640380 21.619510
g1006 g909 33.455700 21.630810
g1006 g912 33.455700 21.630810
g1006 g915 33.455700 21.630810
g1006 g954 34.212400 21.630810
g1006 g957 34.212400 21.630810
g1006 g960 34.212400 21.630810
g1006 g1041 20.301200 16.307030
g1006 g1030 20.301200 16.307030
g1006 g1033 20.301200 16.307030
g1006 g1056 20.301200 16.307030
g1006 g1045 20.301200 16.307030
g1006 g1048 20.301200 16.307030
g1006 g1071 20.301200 16.307030
g1006 g1060 20.301200 16.307030
g1006 g1063 20.301200 16.307030
g1006 g1085 20.301200 16.307030
g1006 g1075 20.301200 16.307030
g1006 g1078 20.301200 16.307030
g1006 g999 16.770830 13.779360
g1006 g1000 16.770830 13.779360
g1006 g1001 16.770830 13.779360
g1006 g1002 18.392190 13.440660
g1006 g1003 18.392190 13.440660
g1006 g1004 18.392190 13.440660
g1006 g1005 18.798030 12.985280
g1006 g1006 18.798030 2.187800
g1006 g1007 18.798030 12.985280
g1006 g1009 16.058780 13.028170
g1006 g1010 17.093060 13.089990
g1006 g1008 17.093060 13.089990
g1006 g985 19.241760 13.368910
g1006 g1142 12.282540 12.282540
g1006 g1145 12.282540 12.282540
g1006 g1148 12.282540 12.282540
g1006 g1164 12.316000 12.316000
g1006 g1165 12.316000 12.316000
g1006 g1166 12.316000 12.316000
g1006 g1152 12.388160 12.388160
g1006 g1155 12.388160 12.388160
g1006 g1158 12.388160 12.388160
g1007 g873 34.740700 17.042120
g1007 g876 34.740700 17.042120
g1007 g879 34.740700 17.042120
g1007 g918 34.556020 18.622640
g1007 g921 34.556020 18.622640
g1007 g924 34.556020 18.622640
g1007 g882 34.556020 20.569640
g1007 g885 34.556020 20.569640
g1007 g888 34.556020 20.569640
g1007 g927 34.556020 22.731130
g1007 g930 34.556020 22.731130
g1007 g933 34.556020 22.731130
g1007 g891 34.740700 22.719830
g1007 g894 34.740700 22.719830
g1007 g897 34.740700 22.719830
g1007 g936 34.740700 22.719830
g1007 g939 34.740700 22.719830
g1007 g942 34.740700 22.719830
g1007 g900 34.740700 22.719830
g1007 g903 34.740700 22.719830
g1007 g906 34.740700 22.719830
g1007 g945 34.740700 22.719830
g1007 g948 34.740700 22.719830
g1007 g951 34.740700 22.719830
g1007 g909 34.556020 22.731130
g1007 g912 34.556020 22.731130
g1007 g915 34.556020 22.731130
g1007 g954 35.312720 22.731130
g1007 g957 35.312720 22.731130
g1007 g960 35.312720 22.731130
g1007 g1041 21.401520 17.407350
g1007 g1030 21.401520 17.407350
g1007 g1033 21.401520 17.407350
g1007 g1056 21.401520 17.407350
g1007 g1045 21.401520 17.407350
g1007 g1048 21.401520 17.407350
g1007 g1071 21.401520 17.407350
g1007 g1060 21.401520 17.407350
g1007 g1063 21.401520 17.407350
g1007 g1085 21.401520 17.407350
g1007 g1075 21.401520 17.407350
g1007 g1078 21.401520 17.407350
g1007 g999 17.871150 14.879680
g1007 g1000 17.871150 14.879680
g1007 g1001 17.871150 14.879680
g1007 g1002 19.492510 14.540980
g1007 g1003 19.492510 14.540980
g1007 g1004 19.492510 14.540980
g1007 g1005 19.898350 14.085600
g1007 g1006 19.898350 14.085600
g1007 g1007 19.898350 2.187800
g1007 g1009 17.159100 14.128490
g1007 g1010 18.193380 14.190310
g1007 g1008 18.193380 14.190310
g1007 g985 20.342080 14.469230
g1007 g1142 13.382860 13.382860
g1007 g1145 13.382860 13.382860
g1007 g1148 13.382860 13.382860
g1007 g1164 13.416320 13.416320
g1007 g1165 13.416320 13.416320
g1007 g1166 13.416320 13.416320
g1007 g1152 13.488480 13.488480
g1007 g1155 13.488480 13.488480
g1007 g1158 13.488480 13.488480
g1009 g873 17.525250 15.112120
g1009 g876 17.525250 15.112120
g1009 g879 17.525250 15.112120
g1009 g918 17.340570 15.123420
g1009 g921 17.340570 15.123420
g1009 g924 17.340570 15.123420
g1009 g882 17.340570 15.123420
g1009 g885 17.340570 15.123420
g1009 g888 17.340570 15.123420
g1009 g927 17.340570 15.123420
g1009 g930 17.340570 15.123420
g1009 g933 17.340570 15.123420
g1009 g891 17.525250 15.112120
g1009 g894 17.525250 15.112120
g1009 g897 17.525250 15.112120
g1009 g936 17.525250 15.112120
g1009 g939 17.525250 15.112120
g1009 g942 17.525250 15.112120
g1009 g900 17.525250 15.112120
g1009 g903 17.525250 15.112120
g1009 g906 17.525250 15.112120
g1009 g945 17.525250 15.112120
g1009 g948 17.525250 15.112120
g1009 g951 17.525250 15.112120
g1009 g909 17.340570 15.123420
g1009 g912 17.340570 15.123420
g1009 g915 17.340570 15.123420
g1009 g954 17.340570 15.123420
g1009 g957 17.340570 15.123420
g1009 g960 17.340570 15.123420
g1009 g1002 13.954630 10.711400
g1009 g1003 13.954630 10.711400
g1009 g1004 13.954630 10.711400
g1009 g1009 1.967700 1.967700
g1010 g873 17.349130 14.936000
g1010 g876 17.349130 14.936000
g1010 g879 17.349130 14.936000
g1010 g918 17.164450 14.947300
g1010 g921 17.164450 14.947300
g1010 g924 17.164450 14.947300
g1010 g882 17.164450 14.947300
g1010 g885 17.164450 14.947300
g1010 g888 17.164450 14.947300
g1010 g927 17.164450 14.947300
g1010 g930 17.164450 14.947300
g1010 g933 17.164450 14.947300
g1010 g891 17.349130 14.936000
g1010 g894 17.349130 14.936000
g1010 g897 17.349130 14.936000
g1010 g936 17.349130 14.936000
g1010 g939 17.349130 14.936000
g1010 g942 17.349130 14.936000
g1010 g900 17.349130 14.936000
g1010 g903 17.349130 14.936000
g1010 g906 17.349130 14.936000
g1010 g945 17.349130 14.936000
g1010 g948 17.349130 14.936000
g1010 g951 17.349130 14.936000
g1010 g909 17.164450 14.947300
g1010 g912 17.164450 14.947300
g1010 g915 17.164450 14.947300
g1010 g954 17.164450 14.947300
g1010 g957 17.164450 14.947300
g1010 g960 17.164450 14.947300
g1010 g1002 13.778510 10.535280
g1010 g1003 13.778510 10.535280
g1010 g1004 13.778510 10.535280
g1010 g1010 1.967700 1.967700
g1008 g873 18.191210 15.778080
g1008 g876 18.191210 15.778080
g1008 g879 18.191210 15.778080
g1008 g918 18.006530 15.789380
g1008 g921 18.006530 15.789380
g1008 g924 18.006530 15.789380
g1008 g882 18.006530 15.789380
g1008 g885 18.006530 15.789380
g1008 g888 18.006530 15.789380
g1008 g927 18.006530 15.789380
g1008 g930 18.006530 15.789380
g1008 g933 18.006530 15.789380
g1008 g891 18.191210 15.778080
g1008 g894 18.191210 15.778080
g1008 g897 18.191210 15.778080
g1008 g936 18.191210 15.778080
g1008 g939 18.191210 15.778080
g1008 g942 18.191210 15.778080
g1008 g900 18.191210 15.778080
g1008 g903 18.191210 15.778080
g1008 g906 18.191210 15.778080
g1008 g945 18.191210 15.778080
g1008 g948 18.191210 15.778080
g1008 g951 18.191210 15.778080
g1008 g909 18.006530 15.789380
g1008 g912 18.006530 15.789380
g1008 g915 18.006530 15.789380
g1008 g954 18.006530 15.789380
g1008 g957 18.006530 15.789380
g1008 g960 18.006530 15.789380
g1008 g1002 14.620590 11.377360
g1008 g1003 14.620590 11.377360
g1008 g1004 14.620590 11.377360
g1008 g1008 1.967700 1.967700
g1090 g873 17.744710 15.655910
g1090 g876 17.744710 15.655910
g1090 g879 17.744710 15.655910
g1090 g918 17.560030 15.667210
g1090 g921 17.560030 15.667210
g1090 g924 17.560030 15.667210
g1090 g882 17.560030 15.667210
g1090 g885 17.560030 15.667210
g1090 g888 17.560030 15.667210
g1090 g927 17.560030 15.667210
g1090 g930 17.560030 15.667210
g1090 g933 17.560030 15.667210
g1090 g891 17.744710 15.655910
g1090 g894 17.744710 15.655910
g1090 g897 17.744710 15.655910
g1090 g936 17.744710 15.655910
g1090 g939 17.744710 15.655910
g1090 g942 17.744710 15.655910
g1090 g900 17.744710 15.655910
g1090 g903 17.744710 15.655910
g1090 g906 17.744710 15.655910
g1090 g945 17.744710 15.655910
g1090 g948 17.744710 15.655910
g1090 g951 17.744710 15.655910
g1090 g909 17.560030 15.667210
g1090 g912 17.560030 15.667210
g1090 g915 17.560030 15.667210
g1090 g954 17.560030 15.667210
g1090 g957 17.560030 15.667210
g1090 g960 17.560030 15.667210
g1090 g999 6.626530 6.626530
g1090 g1000 6.626530 6.626530
g1090 g1001 6.626530 6.626530
g1090 g1002 6.939730 6.939730
g1090 g1003 6.939730 6.939730
g1090 g1004 6.939730 6.939730
g1090 g1005 7.321010 7.321010
g1090 g1006 7.321010 7.321010
g1090 g1007 7.321010 7.321010
g1090 g1090 6.258970 2.109440
g1090 g1091 6.088970 6.088970
g1090 g1089 6.088970 6.088970
g1091 g873 17.566500 15.477700
g1091 g876 17.566500 15.477700
g1091 g879 17.566500 15.477700
g1091 g918 17.381820 15.489000
g1091 g921 17.381820 15.489000
g1091 g924 17.381820 15.489000
g1091 g882 17.381820 15.489000
g1091 g885 17.381820 15.489000
g1091 g888 17.381820 15.489000
g1091 g927 17.381820 15.489000
g1091 g930 17.381820 15.489000
g1091 g933 17.381820 15.489000
g1091 g891 17.566500 15.477700
g1091 g894 17.566500 15.477700
g1091 g897 17.566500 15.477700
g1091 g936 17.566500 15.477700
g1091 g939 17.566500 15.477700
g1091 g942 17.566500 15.477700
g1091 g900 17.566500 15.477700
g1091 g903 17.566500 15.477700
g1091 g906 17.566500 15.477700
g1091 g945 17.566500 15.477700
g1091 g948 17.566500 15.477700
g1091 g951 17.566500 15.477700
g1091 g909 17.381820 15.489000
g1091 g912 17.381820 15.489000
g1091 g915 17.381820 15.489000
g1091 g954 17.381820 15.489000
g1091 g957 17.381820 15.489000
g1091 g960 17.381820 15.489000
g1091 g999 6.448320 6.448320
g1091 g1000 6.448320 6.448320
g1091 g1001 6.448320 6.448320
g1091 g1002 6.761520 6.761520
g1091 g1003 6.761520 6.761520
g1091 g1004 6.761520 6.761520
g1091 g1005 7.142800 7.142800
g1091 g1006 7.142800 7.142800
g1091 g1007 7.142800 7.142800
g1091 g1090 6.080760 6.080760
g1091 g1091 5.910760 2.109440
g1091 g1089 5.910760 5.910760
g1089 g873 18.375140 16.286340
g1089 g876 18.375140 16.286340
g1089 g879 18.375140 16.286340
g1089 g918 18.190460 16.297640
g1089 g921 18.190460 16.297640
g1089 g924 18.190460 16.297640
g1089 g882 18.190460 16.297640
g1089 g885 18.190460 16.297640
g1089 g888 18.190460 16.297640
g1089 g927 18.190460 16.297640
g1089 g930 18.190460 16.297640
g1089 g933 18.190460 16.297640
g1089 g891 18.375140 16.286340
g1089 g894 18.375140 16.286340
g1089 g897 18.375140 16.286340
g1089 g936 18.375140 16.286340
g1089 g939 18.375140 16.286340
g1089 g942 18.375140 16.286340
g1089 g900 18.375140 16.286340
g1089 g903 18.375140 16.286340
g1089 g906 18.375140 16.286340
g1089 g945 18.375140 16.286340
g1089 g948 18.375140 16.286340
g1089 g951 18.375140 16.286340
g1089 g909 18.190460 16.297640
g1089 g912 18.190460 16.297640
g1089 g915 18.190460 16.297640
g1089 g954 18.190460 16.297640
g1089 g957 18.190460 16.297640
g1089 g960 18.190460 16.297640
g1089 g999 7.256960 7.256960
g1089 g1000 7.256960 7.256960
g1089 g1001 7.256960 7.256960
g1089 g1002 7.570160 7.570160
g1089 g1003 7.570160 7.570160
g1089 g1004 7.570160 7.570160
g1089 g1005 7.951440 7.951440
g1089 g1006 7.951440 7.951440
g1089 g1007 7.951440 7.951440
g1089 g1090 6.889400 6.889400
g1089 g1091 6.719400 6.719400
g1089 g1089 6.719400 2.109440
g1137 g1138 0.499980 0.499980
g1138 g1215 0.999960 0.999960
g1139 g1140 0.499980 0.499980
g1140 g1216 0.999960 0.999960
g1141 g966 0.499980 0.499980
g966 g1217 0.999960 0.999960
g967 g968 0.499980 0.499980
g968 g1218 0.999960 0.999960
g969 g970 0.499980 0.499980
g970 g1219 0.999960 0.999960
g971 g972 0.499980 0.499980
g972 g1220 0.999960 0.999960
g973 g974 0.499980 0.499980
g974 g1222 0.999960 0.999960
g975 g976 0.499980 0.499980
g976 g1223 0.999960 0.999960
g977 g978 0.499980 0.499980
g978 g1224 1.769440 1.769440
g978 g1227 0.999960 0.999960
g986 g992 2.800260 2.501600
g986 g1686 5.470330 5.171670
g986 g2380 7.709210 7.410550
g992 g992 3.661160 3.661160
g992 g1224 2.273520 2.273520
g992 g1686 6.331230 6.331230
g992 g2380 8.570110 8.570110
g985 g992 3.173580 3.173580
g985 g1686 5.843650 5.843650
g985 g2380 8.082530 8.082530
g1029 g1036 0.499980 0.499980
g1036 g1300 21.236810 16.154950
g1036 g1303 21.236810 16.154950
g1036 g1306 21.236810 16.154950
g1036 g1291 21.141460 16.080930
g1036 g1294 21.141460 16.080930
g1036 g1297 21.141460 16.080930
g1037 g1038 0.499980 0.499980
g1038 g1300 20.237310 15.155450
g1038 g1303 20.237310 15.155450
g1038 g1306 20.237310 15.155450
g1038 g1291 20.141960 15.081430
g1038 g1294 20.141960 15.081430
g1038 g1297 20.141960 15.081430
g1039 g1040 0.499980 0.499980
g1040 g1300 21.466810 16.384950
g1040 g1303 21.466810 16.384950
g1040 g1306 21.466810 16.384950
g1040 g1291 21.371460 16.310930
g1040 g1294 21.371460 16.310930
g1040 g1297 21.371460 16.310930
g1044 g1051 0.499980 0.499980
g1051 g1300 21.035510 15.876490
g1051 g1303 21.035510 15.876490
g1051 g1306 21.035510 15.876490
g1051 g1291 20.940160 15.802470
g1051 g1294 20.940160 15.802470
g1051 g1297 20.940160 15.802470
g1052 g1053 0.499980 0.499980
g1053 g1300 20.030510 14.871490
g1053 g1303 20.030510 14.871490
g1053 g1306 20.030510 14.871490
g1053 g1291 19.935160 14.797470
g1053 g1294 19.935160 14.797470
g1053 g1297 19.935160 14.797470
g1054 g1055 0.499980 0.499980
g1055 g1300 21.265510 16.106490
g1055 g1303 21.265510 16.106490
g1055 g1306 21.265510 16.106490
g1055 g1291 21.170160 16.032470
g1055 g1294 21.170160 16.032470
g1055 g1297 21.170160 16.032470
g1059 g1066 0.499980 0.499980
g1066 g1300 18.972290 15.401790
g1066 g1303 18.972290 15.401790
g1066 g1306 18.972290 15.401790
g1066 g1291 18.876940 15.327770
g1066 g1294 18.876940 15.327770
g1066 g1297 18.876940 15.327770
g1067 g1068 0.499980 0.499980
g1068 g1300 17.999630 14.429130
g1068 g1303 17.999630 14.429130
g1068 g1306 17.999630 14.429130
g1068 g1291 17.904280 14.355110
g1068 g1294 17.904280 14.355110
g1068 g1297 17.904280 14.355110
g1069 g1070 0.499980 0.499980
g1070 g1300 19.202290 15.631790
g1070 g1303 19.202290 15.631790
g1070 g1306 19.202290 15.631790
g1070 g1291 19.106940 15.557770
g1070 g1294 19.106940 15.557770
g1070 g1297 19.106940 15.557770
g1074 g1081 0.499980 0.499980
g1081 g1300 16.545780 13.344700
g1081 g1303 16.545780 13.344700
g1081 g1306 16.545780 13.344700
g1081 g1291 16.450430 13.249350
g1081 g1294 16.450430 13.249350
g1081 g1297 16.450430 13.249350
g1082 g1083 0.499980 0.499980
g1083 g1300 15.657600 12.456520
g1083 g1303 15.657600 12.456520
g1083 g1306 15.657600 12.456520
g1083 g1291 15.562250 12.361170
g1083 g1294 15.562250 12.361170
g1083 g1297 15.562250 12.361170
g1084 g1011 0.499980 0.499980
g1011 g1300 16.775780 13.574700
g1011 g1303 16.775780 13.574700
g1011 g1306 16.775780 13.574700
g1011 g1291 16.680430 13.479350
g1011 g1294 16.680430 13.479350
g1011 g1297 16.680430 13.479350
g1240 g1240 2.187800 2.187800
g1240 g1243 1.567620 1.567620
g1243 g1243 2.736260 2.736260
g1243 g1196 2.506260 2.506260
g1243 g3052 13.412030 7.297460
g1243 g3053 13.412030 7.297460
g1243 g3055 13.412030 7.297460
g1243 g3056 13.412030 7.297460
g1243 g3057 13.412030 7.297460
g1243 g3058 13.412030 7.297460
g1243 g3059 13.412030 7.297460
g1243 g3060 13.412030 7.297460
g1243 g3061 11.390940 2.192540
g1196 g1196 2.928320 2.928320
g1196 g1262 8.452470 6.347110
g1196 g1263 9.486750 8.866570
g1196 g1261 9.486750 8.866570
g1196 g1265 9.486750 8.866570
g1196 g1266 9.486750 8.866570
g1196 g1264 9.486750 8.866570
g1196 g1268 9.601410 8.787370
g1196 g1269 9.601410 8.787370
g1196 g1267 9.601410 8.787370
g1196 g1271 9.486750 8.866570
g1196 g1272 9.486750 8.866570
g1196 g1270 9.486750 8.866570
g1196 g1177 7.691800 6.335600
g1196 g1180 7.691800 6.335600
g1196 g1183 7.691800 6.335600
g1196 g1193 6.518930 6.518930
g1196 g1316 2.698320 2.698320
g1196 g3052 14.608130 7.465850
g1196 g3053 14.608130 7.465850
g1196 g3055 14.608130 7.465850
g1196 g3056 14.608130 7.465850
g1196 g3057 14.608130 7.465850
g1196 g3058 14.608130 7.465850
g1196 g3059 14.608130 7.465850
g1196 g3060 14.608130 7.465850
g1196 g3061 11.699250 2.880520
g1199 g1209 0.499980 0.499980
g1209 g1210 0.499980 0.499980
g1210 g1273 5.300680 5.300680
g1210 g1276 5.300680 5.300680
g1210 g1279 5.300680 5.300680
g1210 g1300 8.744780 8.744780
g1210 g1303 8.744780 8.744780
g1210 g1306 8.744780 8.744780
g1210 g1291 8.870080 8.494580
g1210 g1294 8.870080 8.494580
g1210 g1297 8.870080 8.494580
g1250 g1255 0.499980 0.499980
g1255 g1199 2.820730 2.820730
g1255 g1273 6.593730 6.593730
g1255 g1276 6.593730 6.593730
g1255 g1279 6.593730 6.593730
g1255 g1300 10.037830 10.037830
g1255 g1303 10.037830 10.037830
g1255 g1306 10.037830 10.037830
g1255 g1291 10.163130 9.787630
g1255 g1294 10.163130 9.787630
g1255 g1297 10.163130 9.787630
g1256 g1257 0.499980 0.499980
g1257 g1199 2.052230 2.052230
g1257 g1273 5.825230 5.825230
g1257 g1276 5.825230 5.825230
g1257 g1279 5.825230 5.825230
g1257 g1300 9.269330 9.269330
g1257 g1303 9.269330 9.269330
g1257 g1306 9.269330 9.269330
g1257 g1291 9.394630 9.019130
g1257 g1294 9.394630 9.019130
g1257 g1297 9.394630 9.019130
g1258 g1259 0.499980 0.499980
g1259 g1199 3.050730 3.050730
g1259 g1273 6.823730 6.823730
g1259 g1276 6.823730 6.823730
g1259 g1279 6.823730 6.823730
g1259 g1300 10.267830 10.267830
g1259 g1303 10.267830 10.267830
g1259 g1306 10.267830 10.267830
g1259 g1291 10.393130 10.017630
g1259 g1294 10.393130 10.017630
g1259 g1297 10.393130 10.017630
g1260 g1251 0.499980 0.499980
g1251 g1214 2.820730 2.820730
g1251 g1282 6.593730 6.593730
g1251 g1285 6.593730 6.593730
g1251 g1288 6.593730 6.593730
g1251 g1300 10.037930 9.807130
g1251 g1303 10.037930 9.807130
g1251 g1306 10.037930 9.807130
g1251 g1291 10.296270 10.296270
g1251 g1294 10.296270 10.296270
g1251 g1297 10.296270 10.296270
g1252 g1253 0.499980 0.499980
g1253 g1214 2.052230 2.052230
g1253 g1282 5.825230 5.825230
g1253 g1285 5.825230 5.825230
g1253 g1288 5.825230 5.825230
g1253 g1300 9.269430 9.038630
g1253 g1303 9.269430 9.038630
g1253 g1306 9.269430 9.038630
g1253 g1291 9.527770 9.527770
g1253 g1294 9.527770 9.527770
g1253 g1297 9.527770 9.527770
g1254 g1176 0.499980 0.499980
g1176 g1214 3.050730 3.050730
g1176 g1282 6.823730 6.823730
g1176 g1285 6.823730 6.823730
g1176 g1288 6.823730 6.823730
g1176 g1300 10.267930 10.037130
g1176 g1303 10.267930 10.037130
g1176 g1306 10.267930 10.037130
g1176 g1291 10.526270 10.526270
g1176 g1294 10.526270 10.526270
g1176 g1297 10.526270 10.526270
g1173 g1173 2.187800 2.187800
g1173 g1244 2.998280 2.998280
g1174 g1174 2.187800 2.187800
g1174 g1244 2.543880 2.543880
g1175 g1175 2.391740 2.391740
g1175 g1244 2.289620 2.289620
g1142 g1250 0.499980 0.499980
g1142 g1142 2.187800 2.187800
g1145 g1256 0.499980 0.499980
g1145 g1145 2.187800 2.187800
g1148 g1258 0.499980 0.499980
g1148 g1148 2.187800 2.187800
g1164 g1164 2.187800 2.187800
g1164 g1229 2.998280 2.998280
g1165 g1165 2.187800 2.187800
g1165 g1229 2.543880 2.543880
g1166 g1166 2.391740 2.391740
g1166 g1229 2.289620 2.289620
g1167 g1167 2.187800 2.187800
g1167 g1235 2.998280 2.998280
g1171 g1171 2.187800 2.187800
g1171 g1235 2.543880 2.543880
g1151 g1151 2.391740 2.391740
g1151 g1235 2.289620 2.289620
g1152 g1260 0.499980 0.499980
g1152 g1152 2.187800 2.187800
g1155 g1252 0.499980 0.499980
g1155 g1155 2.187800 2.187800
g1158 g1254 0.499980 0.499980
g1158 g1158 2.187800 2.187800
g1214 g1221 0.499980 0.499980
g1221 g1228 0.499980 0.499980
g1228 g1282 5.300680 5.300680
g1228 g1285 5.300680 5.300680
g1228 g1288 5.300680 5.300680
g1228 g1300 8.744880 8.514080
g1228 g1303 8.744880 8.514080
g1228 g1306 8.744880 8.514080
g1228 g1291 9.003220 9.003220
g1228 g1294 9.003220 9.003220
g1228 g1297 9.003220 9.003220
g1229 g1230 0.499980 0.499980
g1230 g3100 4.257480 4.257480
g1230 g3101 4.257480 4.257480
g1230 g3102 4.257480 4.257480
g1230 g3103 8.552720 8.552720
g1230 g3104 8.552720 8.552720
g1230 g3105 8.552720 8.552720
g1230 g3106 12.425720 12.425720
g1230 g3107 12.425720 12.425720
g1230 g3108 12.425720 12.425720
g1230 g1234 3.779820 3.779820
g1230 g1928 8.075060 8.075060
g1230 g2622 11.948060 11.948060
g1230 g3052 15.492520 10.957930
g1230 g3053 15.571720 10.957930
g1230 g3055 15.492520 10.957930
g1230 g3056 15.571720 10.957930
g1230 g3057 15.492520 10.957930
g1230 g3058 15.571720 10.957930
g1230 g3059 15.614700 10.957930
g1230 g3060 15.693900 10.957930
g1230 g3061 25.284000 15.907450
g1230 g3062 19.787760 15.253170
g1230 g3063 19.866960 15.253170
g1230 g3064 19.787760 15.253170
g1230 g3065 19.866960 15.253170
g1230 g3066 19.787760 15.253170
g1230 g3067 19.866960 15.253170
g1230 g3068 19.909940 15.253170
g1230 g3069 19.989140 15.253170
g1230 g3070 29.579240 20.202690
g1230 g3071 23.660760 19.126170
g1230 g3072 23.739960 19.126170
g1230 g3073 23.660760 19.126170
g1230 g3074 23.739960 19.126170
g1230 g3075 23.660760 19.126170
g1230 g3076 23.739960 19.126170
g1230 g3077 23.782940 19.126170
g1230 g3078 23.862140 19.126170
g1230 g2997 33.452240 24.075690
g1234 g3100 6.698000 6.698000
g1234 g3101 6.698000 6.698000
g1234 g3102 6.698000 6.698000
g1234 g3103 10.993240 10.993240
g1234 g3104 10.993240 10.993240
g1234 g3105 10.993240 10.993240
g1234 g3106 14.866240 14.866240
g1234 g3107 14.866240 14.866240
g1234 g3108 14.866240 14.866240
g1234 g1234 6.220340 6.220340
g1234 g1928 10.515580 10.515580
g1234 g2622 14.388580 14.388580
g1234 g3052 17.933040 13.398450
g1234 g3053 18.012240 13.398450
g1234 g3055 17.933040 13.398450
g1234 g3056 18.012240 13.398450
g1234 g3057 17.933040 13.398450
g1234 g3058 18.012240 13.398450
g1234 g3059 18.055220 13.398450
g1234 g3060 18.134420 13.398450
g1234 g3061 27.724520 18.347970
g1234 g3062 22.228280 17.693690
g1234 g3063 22.307480 17.693690
g1234 g3064 22.228280 17.693690
g1234 g3065 22.307480 17.693690
g1234 g3066 22.228280 17.693690
g1234 g3067 22.307480 17.693690
g1234 g3068 22.350460 17.693690
g1234 g3069 22.429660 17.693690
g1234 g3070 32.019760 22.643210
g1234 g3071 26.101280 21.566690
g1234 g3072 26.180480 21.566690
g1234 g3073 26.101280 21.566690
g1234 g3074 26.180480 21.566690
g1234 g3075 26.101280 21.566690
g1234 g3076 26.180480 21.566690
g1234 g3077 26.223460 21.566690
g1234 g3078 26.302660 21.566690
g1234 g2997 35.892760 26.516210
g1235 g1186 0.499980 0.499980
g1186 g3100 5.253640 4.895880
g1186 g3101 5.253640 4.895880
g1186 g3102 5.253640 4.895880
g1186 g3103 9.548880 9.191120
g1186 g3104 9.548880 9.191120
g1186 g3105 9.548880 9.191120
g1186 g3106 13.421880 13.064120
g1186 g3107 13.421880 13.064120
g1186 g3108 13.421880 13.064120
g1186 g3164 2.553780 2.553780
g1186 g3167 2.553780 2.553780
g1186 g3170 2.553780 2.553780
g1186 g1234 4.775980 4.418220
g1186 g1192 0.499980 0.499980
g1186 g1928 9.071220 8.713460
g1186 g2622 12.944220 12.586460
g1186 g3052 16.488680 3.991000
g1186 g3053 16.567880 4.480990
g1186 g3055 16.488680 4.384410
g1186 g3056 16.567880 3.991000
g1186 g3057 16.488680 4.384410
g1186 g3058 16.567880 4.480990
g1186 g3059 16.610860 4.384410
g1186 g3060 16.690060 4.480990
g1186 g3061 26.280160 4.983220
g1186 g3062 20.783920 15.891570
g1186 g3063 20.863120 15.891570
g1186 g3064 20.783920 15.891570
g1186 g3065 20.863120 15.891570
g1186 g3066 20.783920 15.891570
g1186 g3067 20.863120 15.891570
g1186 g3068 20.906100 15.891570
g1186 g3069 20.985300 15.891570
g1186 g3070 30.575400 20.841090
g1186 g3071 24.656920 19.764570
g1186 g3072 24.736120 19.764570
g1186 g3073 24.656920 19.764570
g1186 g3074 24.736120 19.764570
g1186 g3075 24.656920 19.764570
g1186 g3076 24.736120 19.764570
g1186 g3077 24.779100 19.764570
g1186 g3078 24.858300 19.764570
g1186 g2997 34.448400 24.714090
g1244 g1245 0.499980 0.499980
g1245 g3085 2.347860 2.347860
g1245 g3086 2.347860 2.347860
g1245 g3087 2.347860 2.347860
g1245 g3052 13.305840 8.771250
g1245 g3053 13.385040 8.771250
g1245 g3055 13.305840 8.771250
g1245 g3056 13.385040 8.771250
g1245 g3057 13.305840 8.771250
g1245 g3058 13.385040 8.771250
g1245 g3059 13.428020 8.771250
g1245 g3060 13.507220 8.771250
g1245 g3061 23.097320 13.720770
g1262 g1262 12.969190 1.967700
g1262 g1263 12.969190 10.971150
g1262 g1261 12.969190 10.971150
g1262 g1265 10.946280 10.344270
g1262 g1266 10.946280 10.344270
g1262 g1264 10.946280 10.344270
g1262 g1268 13.857860 11.040180
g1262 g1269 13.857860 11.040180
g1262 g1267 13.857860 11.040180
g1262 g1271 13.197480 10.599800
g1262 g1272 13.197480 10.599800
g1262 g1270 13.197480 10.599800
g1262 g1300 21.100180 14.731200
g1262 g1303 21.100180 14.731200
g1262 g1306 21.100180 14.731200
g1262 g1291 21.004830 14.657180
g1262 g1294 21.004830 14.657180
g1262 g1297 21.004830 14.657180
g1263 g1262 12.803440 10.805400
g1263 g1263 12.803440 1.967700
g1263 g1261 12.803440 10.805400
g1263 g1265 10.780530 10.178520
g1263 g1266 10.780530 10.178520
g1263 g1264 10.780530 10.178520
g1263 g1268 13.692110 10.874430
g1263 g1269 13.692110 10.874430
g1263 g1267 13.692110 10.874430
g1263 g1271 13.031730 10.434050
g1263 g1272 13.031730 10.434050
g1263 g1270 13.031730 10.434050
g1263 g1300 20.934430 14.565450
g1263 g1303 20.934430 14.565450
g1263 g1306 20.934430 14.565450
g1263 g1291 20.839080 14.491430
g1263 g1294 20.839080 14.491430
g1263 g1297 20.839080 14.491430
g1261 g1262 13.811440 11.813400
g1261 g1263 13.811440 11.813400
g1261 g1261 13.811440 1.967700
g1261 g1265 11.788530 11.186520
g1261 g1266 11.788530 11.186520
g1261 g1264 11.788530 11.186520
g1261 g1268 14.700110 11.882430
g1261 g1269 14.700110 11.882430
g1261 g1267 14.700110 11.882430
g1261 g1271 14.039730 11.442050
g1261 g1272 14.039730 11.442050
g1261 g1270 14.039730 11.442050
g1261 g1300 21.942430 15.573450
g1261 g1303 21.942430 15.573450
g1261 g1306 21.942430 15.573450
g1261 g1291 21.847080 15.499430
g1261 g1294 21.847080 15.499430
g1261 g1297 21.847080 15.499430
g1265 g1262 9.020460 8.986510
g1265 g1263 9.020460 8.986510
g1265 g1261 9.020460 8.986510
g1265 g1265 10.689280 1.967700
g1265 g1266 10.689280 10.689280
g1265 g1264 10.689280 10.689280
g1265 g1268 13.371890 11.741760
g1265 g1269 13.371890 11.741760
g1265 g1267 13.371890 11.741760
g1265 g1271 12.608460 12.608460
g1265 g1272 12.608460 12.608460
g1265 g1270 12.608460 12.608460
g1265 g1300 18.294210 11.974460
g1265 g1303 18.294210 11.974460
g1265 g1306 18.294210 11.974460
g1265 g1291 18.198860 11.900440
g1265 g1294 18.198860 11.900440
g1265 g1297 18.198860 11.900440
g1266 g1262 8.847680 8.813730
g1266 g1263 8.847680 8.813730
g1266 g1261 8.847680 8.813730
g1266 g1265 10.516500 10.516500
g1266 g1266 10.516500 1.967700
g1266 g1264 10.516500 10.516500
g1266 g1268 13.199110 11.568980
g1266 g1269 13.199110 11.568980
g1266 g1267 13.199110 11.568980
g1266 g1271 12.435680 12.435680
g1266 g1272 12.435680 12.435680
g1266 g1270 12.435680 12.435680
g1266 g1300 18.121430 11.801680
g1266 g1303 18.121430 11.801680
g1266 g1306 18.121430 11.801680
g1266 g1291 18.026080 11.727660
g1266 g1294 18.026080 11.727660
g1266 g1297 18.026080 11.727660
g1264 g1262 9.743200 9.709250
g1264 g1263 9.743200 9.709250
g1264 g1261 9.743200 9.709250
g1264 g1265 11.412020 11.412020
g1264 g1266 11.412020 11.412020
g1264 g1264 11.412020 1.967700
g1264 g1268 14.094630 12.464500
g1264 g1269 14.094630 12.464500
g1264 g1267 14.094630 12.464500
g1264 g1271 13.331200 13.331200
g1264 g1272 13.331200 13.331200
g1264 g1270 13.331200 13.331200
g1264 g1300 19.016950 12.697200
g1264 g1303 19.016950 12.697200
g1264 g1306 19.016950 12.697200
g1264 g1291 18.921600 12.623180
g1264 g1294 18.921600 12.623180
g1264 g1297 18.921600 12.623180
g1268 g1262 9.273460 9.158820
g1268 g1263 9.273460 9.158820
g1268 g1261 9.273460 9.158820
g1268 g1265 9.450400 9.199650
g1268 g1266 9.450400 9.199650
g1268 g1264 9.450400 9.199650
g1268 g1268 2.109440 2.109440
g1268 g1271 13.169160 13.169160
g1268 g1272 13.169160 13.169160
g1268 g1270 13.169160 13.169160
g1268 g1300 18.931550 13.353040
g1268 g1303 18.931550 13.353040
g1268 g1306 18.931550 13.353040
g1268 g1291 18.836200 13.279020
g1268 g1294 18.836200 13.279020
g1268 g1297 18.836200 13.279020
g1269 g1262 9.104460 8.989820
g1269 g1263 9.104460 8.989820
g1269 g1261 9.104460 8.989820
g1269 g1265 9.281400 9.030650
g1269 g1266 9.281400 9.030650
g1269 g1264 9.281400 9.030650
g1269 g1269 2.109440 2.109440
g1269 g1271 13.000160 13.000160
g1269 g1272 13.000160 13.000160
g1269 g1270 13.000160 13.000160
g1269 g1300 18.762550 13.184040
g1269 g1303 18.762550 13.184040
g1269 g1306 18.762550 13.184040
g1269 g1291 18.667200 13.110020
g1269 g1294 18.667200 13.110020
g1269 g1297 18.667200 13.110020
g1267 g1262 10.060460 9.945820
g1267 g1263 10.060460 9.945820
g1267 g1261 10.060460 9.945820
g1267 g1265 10.237400 9.986650
g1267 g1266 10.237400 9.986650
g1267 g1264 10.237400 9.986650
g1267 g1267 2.109440 2.109440
g1267 g1271 13.956160 13.956160
g1267 g1272 13.956160 13.956160
g1267 g1270 13.956160 13.956160
g1267 g1300 19.718550 14.140040
g1267 g1303 19.718550 14.140040
g1267 g1306 19.718550 14.140040
g1267 g1291 19.623200 14.066020
g1267 g1294 19.623200 14.066020
g1267 g1297 19.623200 14.066020
g1271 g1262 8.930990 7.192010
g1271 g1263 8.930990 7.192010
g1271 g1261 8.930990 7.192010
g1271 g1268 11.119000 11.119000
g1271 g1269 11.119000 11.119000
g1271 g1267 11.119000 11.119000
g1271 g1271 1.967700 1.967700
g1271 g1300 16.027310 11.857000
g1271 g1303 16.027310 11.857000
g1271 g1306 16.027310 11.857000
g1271 g1291 15.931960 11.761650
g1271 g1294 15.931960 11.761650
g1271 g1297 15.931960 11.761650
g1272 g1262 8.755710 7.016730
g1272 g1263 8.755710 7.016730
g1272 g1261 8.755710 7.016730
g1272 g1268 10.943720 10.943720
g1272 g1269 10.943720 10.943720
g1272 g1267 10.943720 10.943720
g1272 g1272 1.967700 1.967700
g1272 g1300 15.852030 11.681720
g1272 g1303 15.852030 11.681720
g1272 g1306 15.852030 11.681720
g1272 g1291 15.756680 11.586370
g1272 g1294 15.756680 11.586370
g1272 g1297 15.756680 11.586370
g1270 g1262 9.611230 7.872250
g1270 g1263 9.611230 7.872250
g1270 g1261 9.611230 7.872250
g1270 g1268 11.799240 11.799240
g1270 g1269 11.799240 11.799240
g1270 g1267 11.799240 11.799240
g1270 g1270 1.967700 1.967700
g1270 g1300 16.707550 12.537240
g1270 g1303 16.707550 12.537240
g1270 g1306 16.707550 12.537240
g1270 g1291 16.612200 12.441890
g1270 g1294 16.612200 12.441890
g1270 g1297 16.612200 12.441890
g1273 g1273 6.139250 2.187800
g1273 g1276 6.139250 6.139250
g1273 g1279 6.139250 6.139250
g1273 g1300 9.576230 9.576230
g1273 g1303 9.576230 9.576230
g1273 g1306 9.576230 9.576230
g1273 g1291 9.701530 9.326030
g1273 g1294 9.701530 9.326030
g1273 g1297 9.701530 9.326030
g1276 g1273 5.387030 5.387030
g1276 g1276 5.387030 2.187800
g1276 g1279 5.387030 5.387030
g1276 g1300 8.824010 8.824010
g1276 g1303 8.824010 8.824010
g1276 g1306 8.824010 8.824010
g1276 g1291 8.949310 8.573810
g1276 g1294 8.949310 8.573810
g1276 g1297 8.949310 8.573810
g1279 g1273 6.369250 6.369250
g1279 g1276 6.369250 6.369250
g1279 g1279 6.369250 2.187800
g1279 g1300 9.806230 9.806230
g1279 g1303 9.806230 9.806230
g1279 g1306 9.806230 9.806230
g1279 g1291 9.931530 9.556030
g1279 g1294 9.931530 9.556030
g1279 g1297 9.931530 9.556030
g1282 g1282 6.139250 2.187800
g1282 g1285 6.139250 6.139250
g1282 g1288 6.139250 6.139250
g1282 g1300 9.576330 9.345530
g1282 g1303 9.576330 9.345530
g1282 g1306 9.576330 9.345530
g1282 g1291 9.834670 9.834670
g1282 g1294 9.834670 9.834670
g1282 g1297 9.834670 9.834670
g1285 g1282 5.387030 5.387030
g1285 g1285 5.387030 2.187800
g1285 g1288 5.387030 5.387030
g1285 g1300 8.824110 8.593310
g1285 g1303 8.824110 8.593310
g1285 g1306 8.824110 8.593310
g1285 g1291 9.082450 9.082450
g1285 g1294 9.082450 9.082450
g1285 g1297 9.082450 9.082450
g1288 g1282 6.369250 6.369250
g1288 g1285 6.369250 6.369250
g1288 g1288 6.369250 2.187800
g1288 g1300 9.806330 9.575530
g1288 g1303 9.806330 9.575530
g1288 g1306 9.806330 9.575530
g1288 g1291 10.064670 10.064670
g1288 g1294 10.064670 10.064670
g1288 g1297 10.064670 10.064670
g1300 g1262 15.049100 12.943740
g1300 g1263 16.083380 15.463200
g1300 g1261 16.083380 15.463200
g1300 g1265 16.083380 15.463200
g1300 g1266 16.083380 15.463200
g1300 g1264 16.083380 15.463200
g1300 g1268 16.198040 15.384000
g1300 g1269 16.198040 15.384000
g1300 g1267 16.198040 15.384000
g1300 g1271 16.083380 15.463200
g1300 g1272 16.083380 15.463200
g1300 g1270 16.083380 15.463200
g1300 g1300 11.111380 2.187800
g1300 g1303 11.111380 11.111380
g1300 g1306 11.111380 11.111380
g1300 g1177 14.946500 13.590300
g1300 g1180 14.946500 13.590300
g1300 g1183 14.946500 13.590300
g1300 g1193 13.115560 13.115560
g1300 g1415 9.985020 9.985020
g1300 g1416 9.985020 9.985020
g1300 g1414 9.985020 9.985020
g1300 g3053 14.757170 13.783690
g1300 g3056 14.757170 13.783690
g1300 g3058 14.757170 13.783690
g1300 g3060 14.873230 13.783690
g1300 g3061 24.469450 14.807060
g1303 g1262 14.023420 11.918060
g1303 g1263 15.057700 14.437520
g1303 g1261 15.057700 14.437520
g1303 g1265 15.057700 14.437520
g1303 g1266 15.057700 14.437520
g1303 g1264 15.057700 14.437520
g1303 g1268 15.172360 14.358320
g1303 g1269 15.172360 14.358320
g1303 g1267 15.172360 14.358320
g1303 g1271 15.057700 14.437520
g1303 g1272 15.057700 14.437520
g1303 g1270 15.057700 14.437520
g1303 g1300 10.085700 10.085700
g1303 g1303 10.085700 2.187800
g1303 g1306 10.085700 10.085700
g1303 g1177 13.920820 12.564620
g1303 g1180 13.920820 12.564620
g1303 g1183 13.920820 12.564620
g1303 g1193 12.089880 12.089880
g1303 g1415 8.959340 8.959340
g1303 g1416 8.959340 8.959340
g1303 g1414 8.959340 8.959340
g1303 g3053 13.731490 12.758010
g1303 g3056 13.731490 12.758010
g1303 g3058 13.731490 12.758010
g1303 g3060 13.847550 12.758010
g1303 g3061 23.443770 13.781380
g1306 g1262 15.279100 13.173740
g1306 g1263 16.313380 15.693200
g1306 g1261 16.313380 15.693200
g1306 g1265 16.313380 15.693200
g1306 g1266 16.313380 15.693200
g1306 g1264 16.313380 15.693200
g1306 g1268 16.428040 15.614000
g1306 g1269 16.428040 15.614000
g1306 g1267 16.428040 15.614000
g1306 g1271 16.313380 15.693200
g1306 g1272 16.313380 15.693200
g1306 g1270 16.313380 15.693200
g1306 g1300 11.341380 11.341380
g1306 g1303 11.341380 11.341380
g1306 g1306 11.341380 2.187800
g1306 g1177 15.176500 13.820300
g1306 g1180 15.176500 13.820300
g1306 g1183 15.176500 13.820300
g1306 g1193 13.345560 13.345560
g1306 g1415 10.215020 10.215020
g1306 g1416 10.215020 10.215020
g1306 g1414 10.215020 10.215020
g1306 g3053 14.987170 14.013690
g1306 g3056 14.987170 14.013690
g1306 g3058 14.987170 14.013690
g1306 g3060 15.103230 14.013690
g1306 g3061 24.699450 15.037060
g1291 g1262 13.449270 11.343910
g1291 g1263 14.483550 13.863370
g1291 g1261 14.483550 13.863370
g1291 g1265 14.483550 13.863370
g1291 g1266 14.483550 13.863370
g1291 g1264 14.483550 13.863370
g1291 g1268 14.598210 13.784170
g1291 g1269 14.598210 13.784170
g1291 g1267 14.598210 13.784170
g1291 g1271 14.483550 13.863370
g1291 g1272 14.483550 13.863370
g1291 g1270 14.483550 13.863370
g1291 g1291 10.778390 2.187800
g1291 g1294 10.778390 10.778390
g1291 g1297 10.778390 10.778390
g1291 g1193 11.515730 11.515730
g1291 g1418 9.652030 9.652030
g1291 g1419 9.652030 9.652030
g1291 g1417 9.652030 9.652030
g1291 g3052 14.333760 13.360280
g1291 g3055 14.333760 13.360280
g1291 g3057 14.333760 13.360280
g1291 g3059 14.449820 13.360280
g1291 g3061 23.876040 13.962450
g1294 g1262 12.439210 10.333850
g1294 g1263 13.473490 12.853310
g1294 g1261 13.473490 12.853310
g1294 g1265 13.473490 12.853310
g1294 g1266 13.473490 12.853310
g1294 g1264 13.473490 12.853310
g1294 g1268 13.588150 12.774110
g1294 g1269 13.588150 12.774110
g1294 g1267 13.588150 12.774110
g1294 g1271 13.473490 12.853310
g1294 g1272 13.473490 12.853310
g1294 g1270 13.473490 12.853310
g1294 g1291 9.768330 9.768330
g1294 g1294 9.768330 2.187800
g1294 g1297 9.768330 9.768330
g1294 g1193 10.505670 10.505670
g1294 g1418 8.641970 8.641970
g1294 g1419 8.641970 8.641970
g1294 g1417 8.641970 8.641970
g1294 g3052 13.323700 12.350220
g1294 g3055 13.323700 12.350220
g1294 g3057 13.323700 12.350220
g1294 g3059 13.439760 12.350220
g1294 g3061 22.865980 12.952390
g1297 g1262 13.679270 11.573910
g1297 g1263 14.713550 14.093370
g1297 g1261 14.713550 14.093370
g1297 g1265 14.713550 14.093370
g1297 g1266 14.713550 14.093370
g1297 g1264 14.713550 14.093370
g1297 g1268 14.828210 14.014170
g1297 g1269 14.828210 14.014170
g1297 g1267 14.828210 14.014170
g1297 g1271 14.713550 14.093370
g1297 g1272 14.713550 14.093370
g1297 g1270 14.713550 14.093370
g1297 g1291 11.008390 11.008390
g1297 g1294 11.008390 11.008390
g1297 g1297 11.008390 2.187800
g1297 g1193 11.745730 11.745730
g1297 g1418 9.882030 9.882030
g1297 g1419 9.882030 9.882030
g1297 g1417 9.882030 9.882030
g1297 g3052 14.563760 13.590280
g1297 g3055 14.563760 13.590280
g1297 g3057 14.563760 13.590280
g1297 g3059 14.679820 13.590280
g1297 g3061 24.106040 14.192450
g1177 g1262 11.827660 7.507760
g1177 g1263 12.861940 10.027220
g1177 g1261 12.861940 10.027220
g1177 g1265 12.861940 10.027220
g1177 g1266 12.861940 10.027220
g1177 g1264 12.861940 10.027220
g1177 g1268 12.976600 9.948020
g1177 g1269 12.976600 9.948020
g1177 g1267 12.976600 9.948020
g1177 g1271 12.861940 10.027220
g1177 g1272 12.861940 10.027220
g1177 g1270 12.861940 10.027220
g1177 g1177 9.327320 2.187800
g1177 g1180 9.327320 6.775920
g1177 g1183 9.327320 6.775920
g1177 g1193 9.894120 7.679580
g1180 g1262 11.001300 6.681400
g1180 g1263 12.035580 9.200860
g1180 g1261 12.035580 9.200860
g1180 g1265 12.035580 9.200860
g1180 g1266 12.035580 9.200860
g1180 g1264 12.035580 9.200860
g1180 g1268 12.150240 9.121660
g1180 g1269 12.150240 9.121660
g1180 g1267 12.150240 9.121660
g1180 g1271 12.035580 9.200860
g1180 g1272 12.035580 9.200860
g1180 g1270 12.035580 9.200860
g1180 g1177 8.500960 5.949560
g1180 g1180 8.500960 2.187800
g1180 g1183 8.500960 5.949560
g1180 g1193 9.067760 6.853220
g1183 g1262 12.057660 7.737760
g1183 g1263 13.091940 10.257220
g1183 g1261 13.091940 10.257220
g1183 g1265 13.091940 10.257220
g1183 g1266 13.091940 10.257220
g1183 g1264 13.091940 10.257220
g1183 g1268 13.206600 10.178020
g1183 g1269 13.206600 10.178020
g1183 g1267 13.206600 10.178020
g1183 g1271 13.091940 10.257220
g1183 g1272 13.091940 10.257220
g1183 g1270 13.091940 10.257220
g1183 g1177 9.557320 7.005920
g1183 g1180 9.557320 7.005920
g1183 g1183 9.557320 2.187800
g1183 g1193 10.124120 7.909580
g1192 g1206 2.932260 2.866180
g1192 g1900 5.507400 5.441320
g1192 g2594 8.381200 8.315120
g1193 g1206 2.440260 2.440260
g1193 g1900 5.015400 5.015400
g1193 g2594 7.889200 7.889200
g1206 g1206 4.734380 4.734380
g1206 g1211 0.499980 0.499980
g1206 g1900 7.309520 7.309520
g1206 g2594 10.183320 10.183320
g1206 OUTPUT 0.000000 0.000000
g1211 g1385 22.015140 17.116000
g1211 g1386 22.015140 17.116000
g1211 g1384 22.015140 17.116000
g1211 g1388 22.015140 17.116000
g1211 g1389 22.015140 17.116000
g1211 g1387 22.015140 17.116000
g1211 g1391 22.015140 17.116000
g1211 g1392 22.015140 17.116000
g1211 g1390 22.015140 17.116000
g1211 g1394 22.015140 17.116000
g1211 g1395 22.015140 17.116000
g1211 g1393 22.015140 17.116000
g1211 g1397 22.015140 17.116000
g1211 g1398 22.015140 17.116000
g1211 g1396 22.015140 17.116000
g1211 g1400 22.015140 17.116000
g1211 g1401 22.015140 17.116000
g1211 g1399 22.015140 17.116000
g1211 g1403 22.015140 17.116000
g1211 g1404 22.015140 17.116000
g1211 g1402 22.015140 17.116000
g1211 g1406 22.015140 17.116000
g1211 g1407 22.015140 17.116000
g1211 g1405 22.015140 17.116000
g1211 g1409 22.015140 17.116000
g1211 g1410 22.015140 17.116000
g1211 g1408 22.015140 17.116000
g1211 g1412 22.015140 17.116000
g1211 g1413 22.015140 17.116000
g1211 g1411 22.015140 17.116000
g1211 g1421 22.015140 17.116000
g1211 g1422 22.015140 17.116000
g1211 g1420 22.015140 17.116000
g1211 g1424 19.642340 19.022160
g1211 g1425 19.642340 19.022160
g1211 g1423 19.642340 19.022160
g1211 g3052 12.461390 6.540590
g1211 g3053 12.461390 6.540590
g1211 g3055 12.461390 6.540590
g1211 g3056 12.461390 6.540590
g1211 g3057 12.461390 6.540590
g1211 g3058 12.461390 6.540590
g1211 g3059 12.461390 6.540590
g1211 g3060 12.461390 6.540590
g1211 g3061 9.552510 9.406180
g1215 g3052 3.258170 3.258170
g1216 g3053 3.258170 3.258170
g1217 g3055 3.258170 3.258170
g1218 g3056 3.258170 3.258170
g1219 g3057 3.258170 3.258170
g1220 g3058 3.258170 3.258170
g1222 g3059 3.258170 3.258170
g1223 g3060 3.258170 3.258170
g1224 g1385 22.809860 17.910720
g1224 g1386 22.809860 17.910720
g1224 g1384 22.809860 17.910720
g1224 g1388 22.809860 17.910720
g1224 g1389 22.809860 17.910720
g1224 g1387 22.809860 17.910720
g1224 g1391 22.809860 17.910720
g1224 g1392 22.809860 17.910720
g1224 g1390 22.809860 17.910720
g1224 g1394 22.809860 17.910720
g1224 g1395 22.809860 17.910720
g1224 g1393 22.809860 17.910720
g1224 g1397 22.809860 17.910720
g1224 g1398 22.809860 17.910720
g1224 g1396 22.809860 17.910720
g1224 g1400 22.809860 17.910720
g1224 g1401 22.809860 17.910720
g1224 g1399 22.809860 17.910720
g1224 g1403 22.809860 17.910720
g1224 g1404 22.809860 17.910720
g1224 g1402 22.809860 17.910720
g1224 g1406 22.809860 17.910720
g1224 g1407 22.809860 17.910720
g1224 g1405 22.809860 17.910720
g1224 g1409 22.809860 17.910720
g1224 g1410 22.809860 17.910720
g1224 g1408 22.809860 17.910720
g1224 g1412 22.809860 17.910720
g1224 g1413 22.809860 17.910720
g1224 g1411 22.809860 17.910720
g1224 g1421 22.809860 17.910720
g1224 g1422 22.809860 17.910720
g1224 g1420 22.809860 17.910720
g1224 g1424 20.437060 19.816880
g1224 g1425 20.437060 19.816880
g1224 g1423 20.437060 19.816880
g1224 g3061 5.867660 5.867660
g1227 g3061 5.035200 5.035200
g1316 g1316 2.342240 2.342240
g1316 g1326 4.052460 4.052460
g1316 g1319 3.882460 3.882460
g1316 g1339 3.882460 3.882460
g1316 g1332 3.882460 3.882460
g1316 g1346 3.882460 3.882460
g1316 g1358 3.882460 3.882460
g1316 g1352 3.882460 3.882460
g1316 g1365 3.882460 3.882460
g1316 g1372 3.882460 3.882460
g1316 g1378 3.882460 3.882460
g1316 g1415 3.582460 2.768420
g1316 g1416 3.582460 2.768420
g1316 g1414 3.582460 2.768420
g1316 g1418 3.582460 2.768420
g1316 g1419 3.582460 2.768420
g1316 g1417 3.582460 2.768420
g1316 g1424 5.877480 1.769440
g1316 g1425 5.877480 1.769440
g1316 g1423 5.877480 1.769440
g1345 g1345 2.540240 2.540240
g1345 g1326 5.241640 4.498720
g1345 g1319 5.490920 4.745240
g1345 g1339 7.627580 6.881900
g1345 g1332 9.764240 9.018560
g1345 g1346 11.900900 11.155220
g1345 g1358 14.037560 13.291880
g1345 g1352 16.174220 15.428540
g1345 g1365 18.310880 17.565200
g1345 g1372 20.431140 19.685460
g1345 g1378 22.408470 22.408470
g1345 g1385 21.307020 16.407880
g1345 g1386 21.307020 16.407880
g1345 g1384 21.307020 16.407880
g1345 g1388 21.307020 16.407880
g1345 g1389 21.307020 16.407880
g1345 g1387 21.307020 16.407880
g1345 g1391 21.307020 16.407880
g1345 g1392 21.307020 16.407880
g1345 g1390 21.307020 16.407880
g1345 g1394 21.307020 16.407880
g1345 g1395 21.307020 16.407880
g1345 g1393 21.307020 16.407880
g1345 g1397 21.307020 16.407880
g1345 g1398 21.307020 16.407880
g1345 g1396 21.307020 16.407880
g1345 g1400 21.307020 16.407880
g1345 g1401 21.307020 16.407880
g1345 g1399 21.307020 16.407880
g1345 g1403 21.307020 16.407880
g1345 g1404 21.307020 16.407880
g1345 g1402 21.307020 16.407880
g1345 g1406 21.307020 16.407880
g1345 g1407 21.307020 16.407880
g1345 g1405 21.307020 16.407880
g1345 g1409 21.307020 16.407880
g1345 g1410 21.307020 16.407880
g1345 g1408 21.307020 16.407880
g1345 g1412 21.307020 16.407880
g1345 g1413 21.307020 16.407880
g1345 g1411 21.307020 16.407880
g1345 g1421 21.307020 16.407880
g1345 g1422 21.307020 16.407880
g1345 g1420 21.307020 16.407880
g1345 g1424 18.934220 18.314040
g1345 g1425 18.934220 18.314040
g1345 g1423 18.934220 18.314040
g1326 g1326 2.781020 2.136980
g1326 g1319 5.075830 4.330150
g1326 g1339 7.212490 6.466810
g1326 g1332 9.349150 8.603470
g1326 g1346 11.485810 10.740130
g1326 g1358 13.622470 12.876790
g1326 g1352 15.759130 15.013450
g1326 g1365 17.895790 17.150110
g1326 g1372 20.016050 19.270370
g1326 g1378 21.993380 21.993380
g1326 g1385 1.769440 1.769440
g1326 g1386 1.769440 1.769440
g1326 g1384 1.769440 1.769440
g1326 g1421 9.447200 8.236220
g1326 g1422 9.447200 8.236220
g1326 g1420 9.447200 8.236220
g1319 g1319 3.034740 2.390700
g1319 g1339 5.075830 4.330150
g1319 g1332 7.212490 6.466810
g1319 g1346 9.349150 8.603470
g1319 g1358 11.485810 10.740130
g1319 g1352 13.622470 12.876790
g1319 g1365 15.759130 15.013450
g1319 g1372 17.879390 17.133710
g1319 g1378 19.856720 19.856720
g1319 g1388 1.769440 1.769440
g1319 g1389 1.769440 1.769440
g1319 g1387 1.769440 1.769440
g1319 g1421 8.832440 7.782520
g1319 g1422 8.832440 7.782520
g1319 g1420 8.832440 7.782520
g1339 g1339 3.034740 2.390700
g1339 g1332 5.075830 4.330150
g1339 g1346 7.212490 6.466810
g1339 g1358 9.349150 8.603470
g1339 g1352 11.485810 10.740130
g1339 g1365 13.622470 12.876790
g1339 g1372 15.742730 14.997050
g1339 g1378 17.720060 17.720060
g1339 g1391 1.769440 1.769440
g1339 g1392 1.769440 1.769440
g1339 g1390 1.769440 1.769440
g1339 g1421 9.698220 8.648240
g1339 g1422 9.698220 8.648240
g1339 g1420 9.698220 8.648240
g1332 g1332 3.034740 2.390700
g1332 g1346 5.075830 4.330150
g1332 g1358 7.212490 6.466810
g1332 g1352 9.349150 8.603470
g1332 g1365 11.485810 10.740130
g1332 g1372 13.606070 12.860390
g1332 g1378 15.583400 15.583400
g1332 g1394 1.769440 1.769440
g1332 g1395 1.769440 1.769440
g1332 g1393 1.769440 1.769440
g1332 g1421 8.522680 7.472700
g1332 g1422 8.522680 7.472700
g1332 g1420 8.522680 7.472700
g1346 g1346 3.034740 2.390700
g1346 g1358 5.075830 4.330150
g1346 g1352 7.212490 6.466810
g1346 g1365 9.349150 8.603470
g1346 g1372 11.469410 10.723730
g1346 g1378 13.446740 13.446740
g1346 g1397 1.769440 1.769440
g1346 g1398 1.769440 1.769440
g1346 g1396 1.769440 1.769440
g1346 g1421 8.309280 7.157060
g1346 g1422 8.309280 7.157060
g1346 g1420 8.309280 7.157060
g1358 g1358 3.034740 2.390700
g1358 g1352 5.075830 4.330150
g1358 g1365 7.212490 6.466810
g1358 g1372 9.332750 8.587070
g1358 g1378 11.310080 11.310080
g1358 g1400 1.769440 1.769440
g1358 g1401 1.769440 1.769440
g1358 g1399 1.769440 1.769440
g1358 g1421 9.920650 8.709620
g1358 g1422 9.920650 8.709620
g1358 g1420 9.920650 8.709620
g1352 g1352 3.034740 2.390700
g1352 g1365 5.075830 4.330150
g1352 g1372 7.196090 6.450410
g1352 g1378 9.173420 9.173420
g1352 g1403 1.769440 1.769440
g1352 g1404 1.769440 1.769440
g1352 g1402 1.769440 1.769440
g1352 g1421 9.305790 8.255870
g1352 g1422 9.305790 8.255870
g1352 g1420 9.305790 8.255870
g1365 g1365 3.034740 2.390700
g1365 g1372 5.059470 4.313790
g1365 g1378 7.036800 7.036800
g1365 g1406 1.769440 1.769440
g1365 g1407 1.769440 1.769440
g1365 g1405 1.769440 1.769440
g1365 g1421 10.171120 9.121140
g1365 g1422 10.171120 9.121140
g1365 g1420 10.171120 9.121140
g1372 g1372 3.034740 2.390700
g1372 g1378 5.767470 5.767470
g1372 g1409 1.769440 1.769440
g1372 g1410 1.769440 1.769440
g1372 g1408 1.769440 1.769440
g1372 g1421 9.154200 8.104220
g1372 g1422 9.154200 8.104220
g1372 g1420 9.154200 8.104220
g1378 g1378 4.269330 4.269330
g1378 g1412 1.769440 1.769440
g1378 g1413 1.769440 1.769440
g1378 g1411 1.769440 1.769440
g1378 g1421 8.793020 7.640800
g1378 g1422 8.793020 7.640800
g1378 g1420 8.793020 7.640800
g1385 g1385 1.967700 1.967700
g1385 g1421 10.728340 9.856900
g1385 g1422 10.728340 9.856900
g1385 g1420 10.728340 9.856900
g1385 g3052 16.785090 13.147460
g1385 g3053 16.875510 13.815310
g1385 g3055 16.785090 13.815310
g1385 g3056 16.875510 13.147460
g1385 g3057 16.785090 15.198410
g1385 g3058 16.875510 15.288830
g1385 g3059 16.901150 15.198410
g1385 g3060 16.991570 9.239190
g1385 g3061 26.587790 15.500370
g1386 g1386 1.967700 1.967700
g1386 g1421 10.550850 9.679410
g1386 g1422 10.550850 9.679410
g1386 g1420 10.550850 9.679410
g1386 g3052 16.607600 12.969970
g1386 g3053 16.698020 13.637820
g1386 g3055 16.607600 13.637820
g1386 g3056 16.698020 12.969970
g1386 g3057 16.607600 15.020920
g1386 g3058 16.698020 15.111340
g1386 g3059 16.723660 15.020920
g1386 g3060 16.814080 9.061700
g1386 g3061 26.410300 15.322880
g1384 g1384 1.967700 1.967700
g1384 g1421 11.371010 10.499570
g1384 g1422 11.371010 10.499570
g1384 g1420 11.371010 10.499570
g1384 g3052 17.427760 13.790130
g1384 g3053 17.518180 14.457980
g1384 g3055 17.427760 14.457980
g1384 g3056 17.518180 13.790130
g1384 g3057 17.427760 15.841080
g1384 g3058 17.518180 15.931500
g1384 g3059 17.543820 15.841080
g1384 g3060 17.634240 9.881860
g1384 g3061 27.230460 16.143040
g1388 g1388 1.967700 1.967700
g1388 g1421 10.410720 9.402480
g1388 g1422 10.410720 9.402480
g1388 g1420 10.410720 9.402480
g1388 g3052 16.607190 12.969560
g1388 g3053 16.697610 13.637410
g1388 g3055 16.607190 13.637410
g1388 g3056 16.697610 12.969560
g1388 g3057 16.607190 15.020510
g1388 g3058 16.697610 15.110930
g1388 g3059 16.723250 9.291470
g1388 g3060 16.813670 15.110930
g1388 g3061 26.409890 15.110250
g1389 g1389 1.967700 1.967700
g1389 g1421 10.234060 9.225820
g1389 g1422 10.234060 9.225820
g1389 g1420 10.234060 9.225820
g1389 g3052 16.430530 12.792900
g1389 g3053 16.520950 13.460750
g1389 g3055 16.430530 13.460750
g1389 g3056 16.520950 12.792900
g1389 g3057 16.430530 14.843850
g1389 g3058 16.520950 14.934270
g1389 g3059 16.546590 9.114810
g1389 g3060 16.637010 14.934270
g1389 g3061 26.233230 14.933590
g1387 g1387 1.967700 1.967700
g1387 g1421 11.067500 10.059260
g1387 g1422 11.067500 10.059260
g1387 g1420 11.067500 10.059260
g1387 g3052 17.263970 13.626340
g1387 g3053 17.354390 14.294190
g1387 g3055 17.263970 14.294190
g1387 g3056 17.354390 13.626340
g1387 g3057 17.263970 15.677290
g1387 g3058 17.354390 15.767710
g1387 g3059 17.380030 9.948250
g1387 g3060 17.470450 15.767710
g1387 g3061 27.066670 15.767030
g1391 g1391 1.967700 1.967700
g1391 g1421 11.337360 10.412180
g1391 g1422 11.337360 10.412180
g1391 g1420 11.337360 10.412180
g1391 g3052 16.804190 13.166560
g1391 g3053 16.894610 13.834410
g1391 g3055 16.804190 13.834410
g1391 g3056 16.894610 13.166560
g1391 g3057 16.804190 15.217510
g1391 g3058 16.894610 9.442750
g1391 g3059 16.920250 15.217510
g1391 g3060 17.010670 15.307930
g1391 g3061 26.606890 15.476530
g1392 g1392 1.967700 1.967700
g1392 g1421 11.160870 10.235690
g1392 g1422 11.160870 10.235690
g1392 g1420 11.160870 10.235690
g1392 g3052 16.627700 12.990070
g1392 g3053 16.718120 13.657920
g1392 g3055 16.627700 13.657920
g1392 g3056 16.718120 12.990070
g1392 g3057 16.627700 15.041020
g1392 g3058 16.718120 9.266260
g1392 g3059 16.743760 15.041020
g1392 g3060 16.834180 15.131440
g1392 g3061 26.430400 15.300040
g1390 g1390 1.967700 1.967700
g1390 g1421 11.997030 11.071850
g1390 g1422 11.997030 11.071850
g1390 g1420 11.997030 11.071850
g1390 g3052 17.463860 13.826230
g1390 g3053 17.554280 14.494080
g1390 g3055 17.463860 14.494080
g1390 g3056 17.554280 13.826230
g1390 g3057 17.463860 15.877180
g1390 g3058 17.554280 10.102420
g1390 g3059 17.579920 15.877180
g1390 g3060 17.670340 15.967600
g1390 g3061 27.266560 16.136200
g1394 g1394 1.967700 1.967700
g1394 g1421 9.803820 8.826310
g1394 g1422 9.803820 8.826310
g1394 g1420 9.803820 8.826310
g1394 g3052 15.792510 12.154880
g1394 g3053 15.882930 12.822730
g1394 g3055 15.792510 12.822730
g1394 g3056 15.882930 12.154880
g1394 g3057 15.792510 9.154710
g1394 g3058 15.882930 14.296250
g1394 g3059 15.908570 14.205830
g1394 g3060 15.998990 14.296250
g1394 g3061 25.595210 14.748490
g1395 g1395 1.967700 1.967700
g1395 g1421 9.626330 8.648820
g1395 g1422 9.626330 8.648820
g1395 g1420 9.626330 8.648820
g1395 g3052 15.615020 11.977390
g1395 g3053 15.705440 12.645240
g1395 g3055 15.615020 12.645240
g1395 g3056 15.705440 11.977390
g1395 g3057 15.615020 8.977220
g1395 g3058 15.705440 14.118760
g1395 g3059 15.731080 14.028340
g1395 g3060 15.821500 14.118760
g1395 g3061 25.417720 14.571000
g1393 g1393 1.967700 1.967700
g1393 g1421 10.446490 9.468980
g1393 g1422 10.446490 9.468980
g1393 g1420 10.446490 9.468980
g1393 g3052 16.435180 12.797550
g1393 g3053 16.525600 13.465400
g1393 g3055 16.435180 13.465400
g1393 g3056 16.525600 12.797550
g1393 g3057 16.435180 9.797380
g1393 g3058 16.525600 14.938920
g1393 g3059 16.551240 14.848500
g1393 g3060 16.641660 14.938920
g1393 g3061 26.237880 15.391160
g1397 g1397 1.967700 1.967700
g1397 g1421 9.887560 9.016170
g1397 g1422 9.887560 9.016170
g1397 g1420 9.887560 9.016170
g1397 g3052 15.222750 11.585120
g1397 g3053 15.313170 12.252970
g1397 g3055 15.222750 12.252970
g1397 g3056 15.313170 9.381890
g1397 g3057 15.222750 13.636070
g1397 g3058 15.313170 13.726490
g1397 g3059 15.338810 13.636070
g1397 g3060 15.429230 13.726490
g1397 g3061 25.025450 14.238240
g1398 g1398 1.967700 1.967700
g1398 g1421 9.710900 8.839510
g1398 g1422 9.710900 8.839510
g1398 g1420 9.710900 8.839510
g1398 g3052 15.046090 11.408460
g1398 g3053 15.136510 12.076310
g1398 g3055 15.046090 12.076310
g1398 g3056 15.136510 9.205230
g1398 g3057 15.046090 13.459410
g1398 g3058 15.136510 13.549830
g1398 g3059 15.162150 13.459410
g1398 g3060 15.252570 13.549830
g1398 g3061 24.848790 14.061580
g1396 g1396 1.967700 1.967700
g1396 g1421 10.544340 9.672950
g1396 g1422 10.544340 9.672950
g1396 g1420 10.544340 9.672950
g1396 g3052 15.879530 12.241900
g1396 g3053 15.969950 12.909750
g1396 g3055 15.879530 12.909750
g1396 g3056 15.969950 10.038670
g1396 g3057 15.879530 14.292850
g1396 g3058 15.969950 14.383270
g1396 g3059 15.995590 14.292850
g1396 g3060 16.086010 14.383270
g1396 g3061 25.682230 14.895020
g1400 g1400 1.967700 1.967700
g1400 g1421 11.513250 10.641810
g1400 g1422 11.513250 10.641810
g1400 g1420 11.513250 10.641810
g1400 g3052 15.715730 12.078100
g1400 g3053 15.806150 12.745950
g1400 g3055 15.715730 9.305790
g1400 g3056 15.806150 12.078100
g1400 g3057 15.715730 14.129050
g1400 g3058 15.806150 14.219470
g1400 g3059 15.831790 14.129050
g1400 g3060 15.922210 14.219470
g1400 g3061 25.518430 14.731220
g1401 g1401 1.967700 1.967700
g1401 g1421 11.336630 10.465190
g1401 g1422 11.336630 10.465190
g1401 g1420 11.336630 10.465190
g1401 g3052 15.539110 11.901480
g1401 g3053 15.629530 12.569330
g1401 g3055 15.539110 9.129170
g1401 g3056 15.629530 11.901480
g1401 g3057 15.539110 13.952430
g1401 g3058 15.629530 14.042850
g1401 g3059 15.655170 13.952430
g1401 g3060 15.745590 14.042850
g1401 g3061 25.341810 14.554600
g1399 g1399 1.967700 1.967700
g1399 g1421 12.170710 11.299270
g1399 g1422 12.170710 11.299270
g1399 g1420 12.170710 11.299270
g1399 g3052 16.373190 12.735560
g1399 g3053 16.463610 13.403410
g1399 g3055 16.373190 9.963250
g1399 g3056 16.463610 12.735560
g1399 g3057 16.373190 14.786510
g1399 g3058 16.463610 14.876930
g1399 g3059 16.489250 14.786510
g1399 g3060 16.579670 14.876930
g1399 g3061 26.175890 15.388680
g1403 g1403 1.967700 1.967700
g1403 g1421 10.905550 9.896310
g1403 g1422 10.905550 9.896310
g1403 g1420 10.905550 9.896310
g1403 g3052 15.881840 12.244210
g1403 g3053 15.972260 9.403370
g1403 g3055 15.881840 12.912060
g1403 g3056 15.972260 12.244210
g1403 g3057 15.881840 14.295160
g1403 g3058 15.972260 14.385580
g1403 g3059 15.997900 14.295160
g1403 g3060 16.088320 14.385580
g1403 g3061 25.684540 14.897330
g1404 g1404 1.967700 1.967700
g1404 g1421 10.728950 9.719710
g1404 g1422 10.728950 9.719710
g1404 g1420 10.728950 9.719710
g1404 g3052 15.705240 12.067610
g1404 g3053 15.795660 9.226770
g1404 g3055 15.705240 12.735460
g1404 g3056 15.795660 12.067610
g1404 g3057 15.705240 14.118560
g1404 g3058 15.795660 14.208980
g1404 g3059 15.821300 14.118560
g1404 g3060 15.911720 14.208980
g1404 g3061 25.507940 14.720730
g1402 g1402 1.967700 1.967700
g1402 g1421 11.563350 10.554110
g1402 g1422 11.563350 10.554110
g1402 g1420 11.563350 10.554110
g1402 g3052 16.539640 12.902010
g1402 g3053 16.630060 10.061170
g1402 g3055 16.539640 13.569860
g1402 g3056 16.630060 12.902010
g1402 g3057 16.539640 14.952960
g1402 g3058 16.630060 15.043380
g1402 g3059 16.655700 14.952960
g1402 g3060 16.746120 15.043380
g1402 g3061 26.342340 15.555130
g1406 g1406 1.967700 1.967700
g1406 g1421 11.763720 10.839090
g1406 g1422 11.763720 10.839090
g1406 g1420 11.763720 10.839090
g1406 g3052 15.454680 9.305790
g1406 g3053 15.545100 12.484900
g1406 g3055 15.454680 12.484900
g1406 g3056 15.545100 11.817050
g1406 g3057 15.454680 13.868000
g1406 g3058 15.545100 13.958420
g1406 g3059 15.570740 13.868000
g1406 g3060 15.661160 13.958420
g1406 g3061 25.257380 14.470170
g1407 g1407 1.967700 1.967700
g1407 g1421 11.587100 10.662470
g1407 g1422 11.587100 10.662470
g1407 g1420 11.587100 10.662470
g1407 g3052 15.278060 9.129170
g1407 g3053 15.368480 12.308280
g1407 g3055 15.278060 12.308280
g1407 g3056 15.368480 11.640430
g1407 g3057 15.278060 13.691380
g1407 g3058 15.368480 13.781800
g1407 g3059 15.394120 13.691380
g1407 g3060 15.484540 13.781800
g1407 g3061 25.080760 14.293550
g1405 g1405 1.967700 1.967700
g1405 g1421 12.421180 11.496550
g1405 g1422 12.421180 11.496550
g1405 g1420 12.421180 11.496550
g1405 g3052 16.112140 9.963250
g1405 g3053 16.202560 13.142360
g1405 g3055 16.112140 13.142360
g1405 g3056 16.202560 12.474510
g1405 g3057 16.112140 14.525460
g1405 g3058 16.202560 14.615880
g1405 g3059 16.228200 14.525460
g1405 g3060 16.318620 14.615880
g1405 g3061 25.914840 15.127630
g1409 g1409 1.967700 1.967700
g1409 g1421 10.546580 9.567810
g1409 g1422 10.546580 9.567810
g1409 g1420 10.546580 9.567810
g1409 g3052 15.785880 12.148250
g1409 g3053 15.876300 12.816100
g1409 g3055 15.785880 12.816100
g1409 g3056 15.876300 12.148250
g1409 g3057 15.785880 14.199200
g1409 g3058 15.876300 14.289620
g1409 g3059 15.901940 14.199200
g1409 g3060 15.992360 9.458570
g1409 g3061 25.588580 10.365880
g1410 g1410 1.967700 1.967700
g1410 g1421 10.369810 9.391040
g1410 g1422 10.369810 9.391040
g1410 g1420 10.369810 9.391040
g1410 g3052 15.609110 11.971480
g1410 g3053 15.699530 12.639330
g1410 g3055 15.609110 12.639330
g1410 g3056 15.699530 11.971480
g1410 g3057 15.609110 14.022430
g1410 g3058 15.699530 14.112850
g1410 g3059 15.725170 14.022430
g1410 g3060 15.815590 9.281800
g1410 g3061 25.411810 10.189110
g1408 g1408 1.967700 1.967700
g1408 g1421 11.201490 10.222720
g1408 g1422 11.201490 10.222720
g1408 g1420 11.201490 10.222720
g1408 g3052 16.440790 12.803160
g1408 g3053 16.531210 13.471010
g1408 g3055 16.440790 13.471010
g1408 g3056 16.531210 12.803160
g1408 g3057 16.440790 14.854110
g1408 g3058 16.531210 14.944530
g1408 g3059 16.556850 14.854110
g1408 g3060 16.647270 10.113480
g1408 g3061 26.243490 11.020790
g1412 g1412 1.967700 1.967700
g1412 g1421 10.353400 9.482010
g1412 g1422 10.353400 9.482010
g1412 g1420 10.353400 9.482010
g1412 g3052 15.986470 12.348840
g1412 g3053 16.076890 13.016690
g1412 g3055 15.986470 13.016690
g1412 g3056 16.076890 12.348840
g1412 g3057 15.986470 14.399790
g1412 g3058 16.076890 14.490210
g1412 g3059 16.102530 9.389630
g1412 g3060 16.192950 14.490210
g1412 g3061 25.789170 9.875740
g1413 g1413 1.967700 1.967700
g1413 g1421 10.176690 9.305300
g1413 g1422 10.176690 9.305300
g1413 g1420 10.176690 9.305300
g1413 g3052 15.809760 12.172130
g1413 g3053 15.900180 12.839980
g1413 g3055 15.809760 12.839980
g1413 g3056 15.900180 12.172130
g1413 g3057 15.809760 14.223080
g1413 g3058 15.900180 14.313500
g1413 g3059 15.925820 9.212920
g1413 g3060 16.016240 14.313500
g1413 g3061 25.612460 9.699030
g1411 g1411 1.967700 1.967700
g1411 g1421 11.009330 10.137940
g1411 g1422 11.009330 10.137940
g1411 g1420 11.009330 10.137940
g1411 g3052 16.642400 13.004770
g1411 g3053 16.732820 13.672620
g1411 g3055 16.642400 13.672620
g1411 g3056 16.732820 13.004770
g1411 g3057 16.642400 15.055720
g1411 g3058 16.732820 15.146140
g1411 g3059 16.758460 10.045560
g1411 g3060 16.848880 15.146140
g1411 g3061 26.445100 10.531670
g1415 g1415 2.109440 2.109440
g1415 g1421 5.511040 5.511040
g1415 g1422 5.511040 5.511040
g1415 g1420 5.511040 5.511040
g1416 g1416 2.109440 2.109440
g1416 g1421 5.331780 5.331780
g1416 g1422 5.331780 5.331780
g1416 g1420 5.331780 5.331780
g1414 g1414 2.109440 2.109440
g1414 g1421 6.123620 6.123620
g1414 g1422 6.123620 6.123620
g1414 g1420 6.123620 6.123620
g1418 g1418 2.109440 2.109440
g1418 g1421 6.132120 6.132120
g1418 g1422 6.132120 6.132120
g1418 g1420 6.132120 6.132120
g1418 g3052 14.180090 10.542460
g1418 g3053 14.270510 11.210310
g1418 g3055 14.180090 11.210310
g1418 g3056 14.270510 10.542460
g1418 g3057 14.180090 12.593410
g1418 g3058 14.270510 12.683830
g1418 g3059 14.296150 12.593410
g1418 g3060 14.386570 12.683830
g1418 g3061 23.982790 13.195580
g1419 g1419 2.109440 2.109440
g1419 g1421 5.954120 5.954120
g1419 g1422 5.954120 5.954120
g1419 g1420 5.954120 5.954120
g1419 g3052 14.002090 10.364460
g1419 g3053 14.092510 11.032310
g1419 g3055 14.002090 11.032310
g1419 g3056 14.092510 10.364460
g1419 g3057 14.002090 12.415410
g1419 g3058 14.092510 12.505830
g1419 g3059 14.118150 12.415410
g1419 g3060 14.208570 12.505830
g1419 g3061 23.804790 13.017580
g1417 g1417 2.109440 2.109440
g1417 g1421 6.766120 6.766120
g1417 g1422 6.766120 6.766120
g1417 g1420 6.766120 6.766120
g1417 g3052 14.814090 11.176460
g1417 g3053 14.904510 11.844310
g1417 g3055 14.814090 11.844310
g1417 g3056 14.904510 11.176460
g1417 g3057 14.814090 13.227410
g1417 g3058 14.904510 13.317830
g1417 g3059 14.930150 13.227410
g1417 g3060 15.020570 13.317830
g1417 g3061 24.616790 13.829580
g1421 g1421 1.967700 1.967700
g1421 g3052 6.297600 6.297600
g1421 g3053 6.965450 6.965450
g1421 g3055 6.965450 6.965450
g1421 g3056 6.297600 6.297600
g1422 g1422 1.967700 1.967700
g1422 g3052 6.118580 6.118580
g1422 g3053 6.786430 6.786430
g1422 g3055 6.786430 6.786430
g1422 g3056 6.118580 6.118580
g1420 g1420 1.967700 1.967700
g1420 g3052 6.914260 6.914260
g1420 g3053 7.582110 7.582110
g1420 g3055 7.582110 7.582110
g1420 g3056 6.914260 6.914260
g1424 g1424 1.967700 1.967700
g1424 g3052 13.633920 9.996290
g1424 g3053 13.724340 10.664140
g1424 g3055 13.633920 10.664140
g1424 g3056 13.724340 9.996290
g1424 g3057 13.633920 12.047240
g1424 g3058 13.724340 12.137660
g1424 g3059 13.749980 12.047240
g1424 g3060 13.840400 12.137660
g1424 g3061 23.436620 12.649410
g1425 g1425 1.967700 1.967700
g1425 g3052 13.454900 9.817270
g1425 g3053 13.545320 10.485120
g1425 g3055 13.454900 10.485120
g1425 g3056 13.545320 9.817270
g1425 g3057 13.454900 11.868220
g1425 g3058 13.545320 11.958640
g1425 g3059 13.570960 11.868220
g1425 g3060 13.661380 11.958640
g1425 g3061 23.257600 12.470390
g1423 g1423 1.967700 1.967700
g1423 g3052 14.250580 10.612950
g1423 g3053 14.341000 11.280800
g1423 g3055 14.250580 11.280800
g1423 g3056 14.341000 10.612950
g1423 g3057 14.250580 12.663900
g1423 g3058 14.341000 12.754320
g1423 g3059 14.366640 12.663900
g1423 g3060 14.457060 12.754320
g1423 g3061 24.053280 13.266070
g1512 g1512 1.967700 1.967700
g1512 g1567 26.870240 22.730290
g1512 g1570 26.870240 22.730290
g1512 g1573 26.870240 22.730290
g1512 g1612 26.685560 22.741590
g1512 g1615 26.685560 22.741590
g1512 g1618 26.685560 22.741590
g1512 g1576 26.685560 22.741590
g1512 g1579 26.685560 22.741590
g1512 g1582 26.685560 22.741590
g1512 g1621 26.685560 22.741590
g1512 g1624 26.685560 22.741590
g1512 g1627 26.685560 22.741590
g1512 g1585 26.870240 22.730290
g1512 g1588 26.870240 22.730290
g1512 g1591 26.870240 22.730290
g1512 g1630 26.870240 22.730290
g1512 g1633 26.870240 22.730290
g1512 g1636 26.870240 22.730290
g1512 g1594 26.870240 22.730290
g1512 g1597 26.870240 22.730290
g1512 g1600 26.870240 22.730290
g1512 g1639 26.870240 22.730290
g1512 g1642 26.870240 22.730290
g1512 g1645 26.870240 22.730290
g1512 g1603 26.685560 22.741590
g1512 g1606 26.685560 22.741590
g1512 g1609 26.685560 22.741590
g1512 g1648 26.685560 22.741590
g1512 g1651 26.685560 22.741590
g1512 g1654 26.685560 22.741590
g1512 g1693 15.752060 14.679100
g1512 g1694 15.752060 14.679100
g1512 g1695 15.752060 14.679100
g1512 g1696 21.233580 14.992300
g1512 g1697 21.233580 14.992300
g1512 g1698 21.233580 14.992300
g1512 g1699 16.446540 15.373580
g1512 g1700 16.446540 15.373580
g1512 g1701 16.446540 15.373580
g1512 g1703 15.823490 14.406660
g1512 g1704 15.885310 14.468480
g1512 g1702 15.885310 14.468480
g1512 g1784 14.928660 13.855700
g1512 g1785 14.758660 13.685700
g1512 g1783 14.758660 13.685700
g1513 g1513 1.967700 1.967700
g1513 g1567 26.691740 22.551790
g1513 g1570 26.691740 22.551790
g1513 g1573 26.691740 22.551790
g1513 g1612 26.507060 22.563090
g1513 g1615 26.507060 22.563090
g1513 g1618 26.507060 22.563090
g1513 g1576 26.507060 22.563090
g1513 g1579 26.507060 22.563090
g1513 g1582 26.507060 22.563090
g1513 g1621 26.507060 22.563090
g1513 g1624 26.507060 22.563090
g1513 g1627 26.507060 22.563090
g1513 g1585 26.691740 22.551790
g1513 g1588 26.691740 22.551790
g1513 g1591 26.691740 22.551790
g1513 g1630 26.691740 22.551790
g1513 g1633 26.691740 22.551790
g1513 g1636 26.691740 22.551790
g1513 g1594 26.691740 22.551790
g1513 g1597 26.691740 22.551790
g1513 g1600 26.691740 22.551790
g1513 g1639 26.691740 22.551790
g1513 g1642 26.691740 22.551790
g1513 g1645 26.691740 22.551790
g1513 g1603 26.507060 22.563090
g1513 g1606 26.507060 22.563090
g1513 g1609 26.507060 22.563090
g1513 g1648 26.507060 22.563090
g1513 g1651 26.507060 22.563090
g1513 g1654 26.507060 22.563090
g1513 g1693 15.573560 14.500600
g1513 g1694 15.573560 14.500600
g1513 g1695 15.573560 14.500600
g1513 g1696 21.055080 14.813800
g1513 g1697 21.055080 14.813800
g1513 g1698 21.055080 14.813800
g1513 g1699 16.268040 15.195080
g1513 g1700 16.268040 15.195080
g1513 g1701 16.268040 15.195080
g1513 g1703 15.644990 14.228160
g1513 g1704 15.706810 14.289980
g1513 g1702 15.706810 14.289980
g1513 g1784 14.750160 13.677200
g1513 g1785 14.580160 13.507200
g1513 g1783 14.580160 13.507200
g1511 g1511 1.967700 1.967700
g1511 g1567 27.495740 23.355790
g1511 g1570 27.495740 23.355790
g1511 g1573 27.495740 23.355790
g1511 g1612 27.311060 23.367090
g1511 g1615 27.311060 23.367090
g1511 g1618 27.311060 23.367090
g1511 g1576 27.311060 23.367090
g1511 g1579 27.311060 23.367090
g1511 g1582 27.311060 23.367090
g1511 g1621 27.311060 23.367090
g1511 g1624 27.311060 23.367090
g1511 g1627 27.311060 23.367090
g1511 g1585 27.495740 23.355790
g1511 g1588 27.495740 23.355790
g1511 g1591 27.495740 23.355790
g1511 g1630 27.495740 23.355790
g1511 g1633 27.495740 23.355790
g1511 g1636 27.495740 23.355790
g1511 g1594 27.495740 23.355790
g1511 g1597 27.495740 23.355790
g1511 g1600 27.495740 23.355790
g1511 g1639 27.495740 23.355790
g1511 g1642 27.495740 23.355790
g1511 g1645 27.495740 23.355790
g1511 g1603 27.311060 23.367090
g1511 g1606 27.311060 23.367090
g1511 g1609 27.311060 23.367090
g1511 g1648 27.311060 23.367090
g1511 g1651 27.311060 23.367090
g1511 g1654 27.311060 23.367090
g1511 g1693 16.377560 15.304600
g1511 g1694 16.377560 15.304600
g1511 g1695 16.377560 15.304600
g1511 g1696 21.859080 15.617800
g1511 g1697 21.859080 15.617800
g1511 g1698 21.859080 15.617800
g1511 g1699 17.072040 15.999080
g1511 g1700 17.072040 15.999080
g1511 g1701 17.072040 15.999080
g1511 g1703 16.448990 15.032160
g1511 g1704 16.510810 15.093980
g1511 g1702 16.510810 15.093980
g1511 g1784 15.554160 14.481200
g1511 g1785 15.384160 14.311200
g1511 g1783 15.384160 14.311200
g1515 g1515 1.967700 1.967700
g1515 g1567 26.399740 22.250000
g1515 g1570 26.399740 22.250000
g1515 g1573 26.399740 22.250000
g1515 g1612 26.215060 22.261300
g1515 g1615 26.215060 22.261300
g1515 g1618 26.215060 22.261300
g1515 g1576 26.215060 22.261300
g1515 g1579 26.215060 22.261300
g1515 g1582 26.215060 22.261300
g1515 g1621 26.215060 22.261300
g1515 g1624 26.215060 22.261300
g1515 g1627 26.215060 22.261300
g1515 g1585 26.399740 22.250000
g1515 g1588 26.399740 22.250000
g1515 g1591 26.399740 22.250000
g1515 g1630 26.399740 22.250000
g1515 g1633 26.399740 22.250000
g1515 g1636 26.399740 22.250000
g1515 g1594 26.399740 22.250000
g1515 g1597 26.399740 22.250000
g1515 g1600 26.399740 22.250000
g1515 g1639 26.399740 22.250000
g1515 g1642 26.399740 22.250000
g1515 g1645 26.399740 22.250000
g1515 g1603 26.215060 22.261300
g1515 g1606 26.215060 22.261300
g1515 g1609 26.215060 22.261300
g1515 g1648 26.215060 22.261300
g1515 g1651 26.215060 22.261300
g1515 g1654 26.215060 22.261300
g1515 g1693 15.281560 14.198810
g1515 g1694 15.281560 14.198810
g1515 g1695 15.281560 14.198810
g1515 g1696 20.763080 14.512010
g1515 g1697 20.763080 14.512010
g1515 g1698 20.763080 14.512010
g1515 g1699 15.976040 14.893290
g1515 g1700 15.976040 14.893290
g1515 g1701 15.976040 14.893290
g1515 g1703 15.352990 13.926370
g1515 g1704 15.414810 13.988190
g1515 g1702 15.414810 13.988190
g1515 g1784 14.458160 13.375410
g1515 g1785 14.288160 13.205410
g1515 g1783 14.288160 13.205410
g1516 g1516 1.967700 1.967700
g1516 g1567 26.221240 22.071500
g1516 g1570 26.221240 22.071500
g1516 g1573 26.221240 22.071500
g1516 g1612 26.036560 22.082800
g1516 g1615 26.036560 22.082800
g1516 g1618 26.036560 22.082800
g1516 g1576 26.036560 22.082800
g1516 g1579 26.036560 22.082800
g1516 g1582 26.036560 22.082800
g1516 g1621 26.036560 22.082800
g1516 g1624 26.036560 22.082800
g1516 g1627 26.036560 22.082800
g1516 g1585 26.221240 22.071500
g1516 g1588 26.221240 22.071500
g1516 g1591 26.221240 22.071500
g1516 g1630 26.221240 22.071500
g1516 g1633 26.221240 22.071500
g1516 g1636 26.221240 22.071500
g1516 g1594 26.221240 22.071500
g1516 g1597 26.221240 22.071500
g1516 g1600 26.221240 22.071500
g1516 g1639 26.221240 22.071500
g1516 g1642 26.221240 22.071500
g1516 g1645 26.221240 22.071500
g1516 g1603 26.036560 22.082800
g1516 g1606 26.036560 22.082800
g1516 g1609 26.036560 22.082800
g1516 g1648 26.036560 22.082800
g1516 g1651 26.036560 22.082800
g1516 g1654 26.036560 22.082800
g1516 g1693 15.103060 14.020310
g1516 g1694 15.103060 14.020310
g1516 g1695 15.103060 14.020310
g1516 g1696 20.584580 14.333510
g1516 g1697 20.584580 14.333510
g1516 g1698 20.584580 14.333510
g1516 g1699 15.797540 14.714790
g1516 g1700 15.797540 14.714790
g1516 g1701 15.797540 14.714790
g1516 g1703 15.174490 13.747870
g1516 g1704 15.236310 13.809690
g1516 g1702 15.236310 13.809690
g1516 g1784 14.279660 13.196910
g1516 g1785 14.109660 13.026910
g1516 g1783 14.109660 13.026910
g1514 g1514 1.967700 1.967700
g1514 g1567 27.025240 22.875500
g1514 g1570 27.025240 22.875500
g1514 g1573 27.025240 22.875500
g1514 g1612 26.840560 22.886800
g1514 g1615 26.840560 22.886800
g1514 g1618 26.840560 22.886800
g1514 g1576 26.840560 22.886800
g1514 g1579 26.840560 22.886800
g1514 g1582 26.840560 22.886800
g1514 g1621 26.840560 22.886800
g1514 g1624 26.840560 22.886800
g1514 g1627 26.840560 22.886800
g1514 g1585 27.025240 22.875500
g1514 g1588 27.025240 22.875500
g1514 g1591 27.025240 22.875500
g1514 g1630 27.025240 22.875500
g1514 g1633 27.025240 22.875500
g1514 g1636 27.025240 22.875500
g1514 g1594 27.025240 22.875500
g1514 g1597 27.025240 22.875500
g1514 g1600 27.025240 22.875500
g1514 g1639 27.025240 22.875500
g1514 g1642 27.025240 22.875500
g1514 g1645 27.025240 22.875500
g1514 g1603 26.840560 22.886800
g1514 g1606 26.840560 22.886800
g1514 g1609 26.840560 22.886800
g1514 g1648 26.840560 22.886800
g1514 g1651 26.840560 22.886800
g1514 g1654 26.840560 22.886800
g1514 g1693 15.907060 14.824310
g1514 g1694 15.907060 14.824310
g1514 g1695 15.907060 14.824310
g1514 g1696 21.388580 15.137510
g1514 g1697 21.388580 15.137510
g1514 g1698 21.388580 15.137510
g1514 g1699 16.601540 15.518790
g1514 g1700 16.601540 15.518790
g1514 g1701 16.601540 15.518790
g1514 g1703 15.978490 14.551870
g1514 g1704 16.040310 14.613690
g1514 g1702 16.040310 14.613690
g1514 g1784 15.083660 14.000910
g1514 g1785 14.913660 13.830910
g1514 g1783 14.913660 13.830910
g1524 g1524 1.967700 1.967700
g1524 g1567 25.585840 20.380710
g1524 g1570 25.585840 20.380710
g1524 g1573 25.585840 20.380710
g1524 g1612 25.401160 20.392010
g1524 g1615 25.401160 20.392010
g1524 g1618 25.401160 20.392010
g1524 g1576 25.401160 20.392010
g1524 g1579 25.401160 20.392010
g1524 g1582 25.401160 20.392010
g1524 g1621 25.401160 20.392010
g1524 g1624 25.401160 20.392010
g1524 g1627 25.401160 20.392010
g1524 g1585 25.585840 20.380710
g1524 g1588 25.585840 20.380710
g1524 g1591 25.585840 20.380710
g1524 g1630 25.585840 20.380710
g1524 g1633 25.585840 20.380710
g1524 g1636 25.585840 20.380710
g1524 g1594 25.585840 20.380710
g1524 g1597 25.585840 20.380710
g1524 g1600 25.585840 20.380710
g1524 g1639 25.585840 20.380710
g1524 g1642 25.585840 20.380710
g1524 g1645 25.585840 20.380710
g1524 g1603 25.401160 20.392010
g1524 g1606 25.401160 20.392010
g1524 g1609 25.401160 20.392010
g1524 g1648 25.401160 20.392010
g1524 g1651 25.401160 20.392010
g1524 g1654 25.401160 20.392010
g1524 g1693 14.467660 12.329520
g1524 g1694 14.467660 12.329520
g1524 g1695 14.467660 12.329520
g1524 g1696 19.949180 12.642720
g1524 g1697 19.949180 12.642720
g1524 g1698 19.949180 12.642720
g1524 g1699 15.162140 13.024000
g1524 g1700 15.162140 13.024000
g1524 g1701 15.162140 13.024000
g1524 g1703 14.539090 12.057080
g1524 g1704 14.600910 12.118900
g1524 g1702 14.600910 12.118900
g1524 g1784 13.644260 11.506120
g1524 g1785 13.474260 11.336120
g1524 g1783 13.474260 11.336120
g1525 g1525 1.967700 1.967700
g1525 g1567 25.407600 20.202470
g1525 g1570 25.407600 20.202470
g1525 g1573 25.407600 20.202470
g1525 g1612 25.222920 20.213770
g1525 g1615 25.222920 20.213770
g1525 g1618 25.222920 20.213770
g1525 g1576 25.222920 20.213770
g1525 g1579 25.222920 20.213770
g1525 g1582 25.222920 20.213770
g1525 g1621 25.222920 20.213770
g1525 g1624 25.222920 20.213770
g1525 g1627 25.222920 20.213770
g1525 g1585 25.407600 20.202470
g1525 g1588 25.407600 20.202470
g1525 g1591 25.407600 20.202470
g1525 g1630 25.407600 20.202470
g1525 g1633 25.407600 20.202470
g1525 g1636 25.407600 20.202470
g1525 g1594 25.407600 20.202470
g1525 g1597 25.407600 20.202470
g1525 g1600 25.407600 20.202470
g1525 g1639 25.407600 20.202470
g1525 g1642 25.407600 20.202470
g1525 g1645 25.407600 20.202470
g1525 g1603 25.222920 20.213770
g1525 g1606 25.222920 20.213770
g1525 g1609 25.222920 20.213770
g1525 g1648 25.222920 20.213770
g1525 g1651 25.222920 20.213770
g1525 g1654 25.222920 20.213770
g1525 g1693 14.289420 12.151280
g1525 g1694 14.289420 12.151280
g1525 g1695 14.289420 12.151280
g1525 g1696 19.770940 12.464480
g1525 g1697 19.770940 12.464480
g1525 g1698 19.770940 12.464480
g1525 g1699 14.983900 12.845760
g1525 g1700 14.983900 12.845760
g1525 g1701 14.983900 12.845760
g1525 g1703 14.360850 11.878840
g1525 g1704 14.422670 11.940660
g1525 g1702 14.422670 11.940660
g1525 g1784 13.466020 11.327880
g1525 g1785 13.296020 11.157880
g1525 g1783 13.296020 11.157880
g1523 g1523 1.967700 1.967700
g1523 g1567 26.215760 21.010630
g1523 g1570 26.215760 21.010630
g1523 g1573 26.215760 21.010630
g1523 g1612 26.031080 21.021930
g1523 g1615 26.031080 21.021930
g1523 g1618 26.031080 21.021930
g1523 g1576 26.031080 21.021930
g1523 g1579 26.031080 21.021930
g1523 g1582 26.031080 21.021930
g1523 g1621 26.031080 21.021930
g1523 g1624 26.031080 21.021930
g1523 g1627 26.031080 21.021930
g1523 g1585 26.215760 21.010630
g1523 g1588 26.215760 21.010630
g1523 g1591 26.215760 21.010630
g1523 g1630 26.215760 21.010630
g1523 g1633 26.215760 21.010630
g1523 g1636 26.215760 21.010630
g1523 g1594 26.215760 21.010630
g1523 g1597 26.215760 21.010630
g1523 g1600 26.215760 21.010630
g1523 g1639 26.215760 21.010630
g1523 g1642 26.215760 21.010630
g1523 g1645 26.215760 21.010630
g1523 g1603 26.031080 21.021930
g1523 g1606 26.031080 21.021930
g1523 g1609 26.031080 21.021930
g1523 g1648 26.031080 21.021930
g1523 g1651 26.031080 21.021930
g1523 g1654 26.031080 21.021930
g1523 g1693 15.097580 12.959440
g1523 g1694 15.097580 12.959440
g1523 g1695 15.097580 12.959440
g1523 g1696 20.579100 13.272640
g1523 g1697 20.579100 13.272640
g1523 g1698 20.579100 13.272640
g1523 g1699 15.792060 13.653920
g1523 g1700 15.792060 13.653920
g1523 g1701 15.792060 13.653920
g1523 g1703 15.169010 12.687000
g1523 g1704 15.230830 12.748820
g1523 g1702 15.230830 12.748820
g1523 g1784 14.274180 12.136040
g1523 g1785 14.104180 11.966040
g1523 g1783 14.104180 11.966040
g1527 g1527 1.967700 1.967700
g1527 g1567 25.982310 21.840680
g1527 g1570 25.982310 21.840680
g1527 g1573 25.982310 21.840680
g1527 g1612 25.797630 21.851980
g1527 g1615 25.797630 21.851980
g1527 g1618 25.797630 21.851980
g1527 g1576 25.797630 21.851980
g1527 g1579 25.797630 21.851980
g1527 g1582 25.797630 21.851980
g1527 g1621 25.797630 21.851980
g1527 g1624 25.797630 21.851980
g1527 g1627 25.797630 21.851980
g1527 g1585 25.982310 21.840680
g1527 g1588 25.982310 21.840680
g1527 g1591 25.982310 21.840680
g1527 g1630 25.982310 21.840680
g1527 g1633 25.982310 21.840680
g1527 g1636 25.982310 21.840680
g1527 g1594 25.982310 21.840680
g1527 g1597 25.982310 21.840680
g1527 g1600 25.982310 21.840680
g1527 g1639 25.982310 21.840680
g1527 g1642 25.982310 21.840680
g1527 g1645 25.982310 21.840680
g1527 g1603 25.797630 21.851980
g1527 g1606 25.797630 21.851980
g1527 g1609 25.797630 21.851980
g1527 g1648 25.797630 21.851980
g1527 g1651 25.797630 21.851980
g1527 g1654 25.797630 21.851980
g1527 g1693 14.864130 13.789490
g1527 g1694 14.864130 13.789490
g1527 g1695 14.864130 13.789490
g1527 g1696 20.345650 14.102690
g1527 g1697 20.345650 14.102690
g1527 g1698 20.345650 14.102690
g1527 g1699 15.558610 14.483970
g1527 g1700 15.558610 14.483970
g1527 g1701 15.558610 14.483970
g1527 g1703 14.935560 13.517050
g1527 g1704 14.997380 13.578870
g1527 g1702 14.997380 13.578870
g1527 g1784 14.040730 12.966090
g1527 g1785 13.870730 12.796090
g1527 g1783 13.870730 12.796090
g1528 g1528 1.967700 1.967700
g1528 g1567 25.803810 21.662180
g1528 g1570 25.803810 21.662180
g1528 g1573 25.803810 21.662180
g1528 g1612 25.619130 21.673480
g1528 g1615 25.619130 21.673480
g1528 g1618 25.619130 21.673480
g1528 g1576 25.619130 21.673480
g1528 g1579 25.619130 21.673480
g1528 g1582 25.619130 21.673480
g1528 g1621 25.619130 21.673480
g1528 g1624 25.619130 21.673480
g1528 g1627 25.619130 21.673480
g1528 g1585 25.803810 21.662180
g1528 g1588 25.803810 21.662180
g1528 g1591 25.803810 21.662180
g1528 g1630 25.803810 21.662180
g1528 g1633 25.803810 21.662180
g1528 g1636 25.803810 21.662180
g1528 g1594 25.803810 21.662180
g1528 g1597 25.803810 21.662180
g1528 g1600 25.803810 21.662180
g1528 g1639 25.803810 21.662180
g1528 g1642 25.803810 21.662180
g1528 g1645 25.803810 21.662180
g1528 g1603 25.619130 21.673480
g1528 g1606 25.619130 21.673480
g1528 g1609 25.619130 21.673480
g1528 g1648 25.619130 21.673480
g1528 g1651 25.619130 21.673480
g1528 g1654 25.619130 21.673480
g1528 g1693 14.685630 13.610990
g1528 g1694 14.685630 13.610990
g1528 g1695 14.685630 13.610990
g1528 g1696 20.167150 13.924190
g1528 g1697 20.167150 13.924190
g1528 g1698 20.167150 13.924190
g1528 g1699 15.380110 14.305470
g1528 g1700 15.380110 14.305470
g1528 g1701 15.380110 14.305470
g1528 g1703 14.757060 13.338550
g1528 g1704 14.818880 13.400370
g1528 g1702 14.818880 13.400370
g1528 g1784 13.862230 12.787590
g1528 g1785 13.692230 12.617590
g1528 g1783 13.692230 12.617590
g1526 g1526 1.967700 1.967700
g1526 g1567 26.607810 22.466180
g1526 g1570 26.607810 22.466180
g1526 g1573 26.607810 22.466180
g1526 g1612 26.423130 22.477480
g1526 g1615 26.423130 22.477480
g1526 g1618 26.423130 22.477480
g1526 g1576 26.423130 22.477480
g1526 g1579 26.423130 22.477480
g1526 g1582 26.423130 22.477480
g1526 g1621 26.423130 22.477480
g1526 g1624 26.423130 22.477480
g1526 g1627 26.423130 22.477480
g1526 g1585 26.607810 22.466180
g1526 g1588 26.607810 22.466180
g1526 g1591 26.607810 22.466180
g1526 g1630 26.607810 22.466180
g1526 g1633 26.607810 22.466180
g1526 g1636 26.607810 22.466180
g1526 g1594 26.607810 22.466180
g1526 g1597 26.607810 22.466180
g1526 g1600 26.607810 22.466180
g1526 g1639 26.607810 22.466180
g1526 g1642 26.607810 22.466180
g1526 g1645 26.607810 22.466180
g1526 g1603 26.423130 22.477480
g1526 g1606 26.423130 22.477480
g1526 g1609 26.423130 22.477480
g1526 g1648 26.423130 22.477480
g1526 g1651 26.423130 22.477480
g1526 g1654 26.423130 22.477480
g1526 g1693 15.489630 14.414990
g1526 g1694 15.489630 14.414990
g1526 g1695 15.489630 14.414990
g1526 g1696 20.971150 14.728190
g1526 g1697 20.971150 14.728190
g1526 g1698 20.971150 14.728190
g1526 g1699 16.184110 15.109470
g1526 g1700 16.184110 15.109470
g1526 g1701 16.184110 15.109470
g1526 g1703 15.561060 14.142550
g1526 g1704 15.622880 14.204370
g1526 g1702 15.622880 14.204370
g1526 g1784 14.666230 13.591590
g1526 g1785 14.496230 13.421590
g1526 g1783 14.496230 13.421590
g1530 g1530 1.967700 1.967700
g1530 g1567 25.379650 20.174380
g1530 g1570 25.379650 20.174380
g1530 g1573 25.379650 20.174380
g1530 g1612 25.194970 20.185680
g1530 g1615 25.194970 20.185680
g1530 g1618 25.194970 20.185680
g1530 g1576 25.194970 20.185680
g1530 g1579 25.194970 20.185680
g1530 g1582 25.194970 20.185680
g1530 g1621 25.194970 20.185680
g1530 g1624 25.194970 20.185680
g1530 g1627 25.194970 20.185680
g1530 g1585 25.379650 20.174380
g1530 g1588 25.379650 20.174380
g1530 g1591 25.379650 20.174380
g1530 g1630 25.379650 20.174380
g1530 g1633 25.379650 20.174380
g1530 g1636 25.379650 20.174380
g1530 g1594 25.379650 20.174380
g1530 g1597 25.379650 20.174380
g1530 g1600 25.379650 20.174380
g1530 g1639 25.379650 20.174380
g1530 g1642 25.379650 20.174380
g1530 g1645 25.379650 20.174380
g1530 g1603 25.194970 20.185680
g1530 g1606 25.194970 20.185680
g1530 g1609 25.194970 20.185680
g1530 g1648 25.194970 20.185680
g1530 g1651 25.194970 20.185680
g1530 g1654 25.194970 20.185680
g1530 g1693 14.261470 12.123190
g1530 g1694 14.261470 12.123190
g1530 g1695 14.261470 12.123190
g1530 g1696 19.742990 12.436390
g1530 g1697 19.742990 12.436390
g1530 g1698 19.742990 12.436390
g1530 g1699 14.955950 12.817670
g1530 g1700 14.955950 12.817670
g1530 g1701 14.955950 12.817670
g1530 g1703 14.332900 11.850750
g1530 g1704 14.394720 11.912570
g1530 g1702 14.394720 11.912570
g1530 g1784 13.438070 11.299790
g1530 g1785 13.268070 11.129790
g1530 g1783 13.268070 11.129790
g1531 g1531 1.967700 1.967700
g1531 g1567 25.201410 19.996140
g1531 g1570 25.201410 19.996140
g1531 g1573 25.201410 19.996140
g1531 g1612 25.016730 20.007440
g1531 g1615 25.016730 20.007440
g1531 g1618 25.016730 20.007440
g1531 g1576 25.016730 20.007440
g1531 g1579 25.016730 20.007440
g1531 g1582 25.016730 20.007440
g1531 g1621 25.016730 20.007440
g1531 g1624 25.016730 20.007440
g1531 g1627 25.016730 20.007440
g1531 g1585 25.201410 19.996140
g1531 g1588 25.201410 19.996140
g1531 g1591 25.201410 19.996140
g1531 g1630 25.201410 19.996140
g1531 g1633 25.201410 19.996140
g1531 g1636 25.201410 19.996140
g1531 g1594 25.201410 19.996140
g1531 g1597 25.201410 19.996140
g1531 g1600 25.201410 19.996140
g1531 g1639 25.201410 19.996140
g1531 g1642 25.201410 19.996140
g1531 g1645 25.201410 19.996140
g1531 g1603 25.016730 20.007440
g1531 g1606 25.016730 20.007440
g1531 g1609 25.016730 20.007440
g1531 g1648 25.016730 20.007440
g1531 g1651 25.016730 20.007440
g1531 g1654 25.016730 20.007440
g1531 g1693 14.083230 11.944950
g1531 g1694 14.083230 11.944950
g1531 g1695 14.083230 11.944950
g1531 g1696 19.564750 12.258150
g1531 g1697 19.564750 12.258150
g1531 g1698 19.564750 12.258150
g1531 g1699 14.777710 12.639430
g1531 g1700 14.777710 12.639430
g1531 g1701 14.777710 12.639430
g1531 g1703 14.154660 11.672510
g1531 g1704 14.216480 11.734330
g1531 g1702 14.216480 11.734330
g1531 g1784 13.259830 11.121550
g1531 g1785 13.089830 10.951550
g1531 g1783 13.089830 10.951550
g1529 g1529 1.967700 1.967700
g1529 g1567 26.009570 20.804300
g1529 g1570 26.009570 20.804300
g1529 g1573 26.009570 20.804300
g1529 g1612 25.824890 20.815600
g1529 g1615 25.824890 20.815600
g1529 g1618 25.824890 20.815600
g1529 g1576 25.824890 20.815600
g1529 g1579 25.824890 20.815600
g1529 g1582 25.824890 20.815600
g1529 g1621 25.824890 20.815600
g1529 g1624 25.824890 20.815600
g1529 g1627 25.824890 20.815600
g1529 g1585 26.009570 20.804300
g1529 g1588 26.009570 20.804300
g1529 g1591 26.009570 20.804300
g1529 g1630 26.009570 20.804300
g1529 g1633 26.009570 20.804300
g1529 g1636 26.009570 20.804300
g1529 g1594 26.009570 20.804300
g1529 g1597 26.009570 20.804300
g1529 g1600 26.009570 20.804300
g1529 g1639 26.009570 20.804300
g1529 g1642 26.009570 20.804300
g1529 g1645 26.009570 20.804300
g1529 g1603 25.824890 20.815600
g1529 g1606 25.824890 20.815600
g1529 g1609 25.824890 20.815600
g1529 g1648 25.824890 20.815600
g1529 g1651 25.824890 20.815600
g1529 g1654 25.824890 20.815600
g1529 g1693 14.891390 12.753110
g1529 g1694 14.891390 12.753110
g1529 g1695 14.891390 12.753110
g1529 g1696 20.372910 13.066310
g1529 g1697 20.372910 13.066310
g1529 g1698 20.372910 13.066310
g1529 g1699 15.585870 13.447590
g1529 g1700 15.585870 13.447590
g1529 g1701 15.585870 13.447590
g1529 g1703 14.962820 12.480670
g1529 g1704 15.024640 12.542490
g1529 g1702 15.024640 12.542490
g1529 g1784 14.067990 11.929710
g1529 g1785 13.897990 11.759710
g1529 g1783 13.897990 11.759710
g1533 g1533 1.967700 1.967700
g1533 g1567 27.344390 23.204440
g1533 g1570 27.344390 23.204440
g1533 g1573 27.344390 23.204440
g1533 g1612 27.159710 23.215740
g1533 g1615 27.159710 23.215740
g1533 g1618 27.159710 23.215740
g1533 g1576 27.159710 23.215740
g1533 g1579 27.159710 23.215740
g1533 g1582 27.159710 23.215740
g1533 g1621 27.159710 23.215740
g1533 g1624 27.159710 23.215740
g1533 g1627 27.159710 23.215740
g1533 g1585 27.344390 23.204440
g1533 g1588 27.344390 23.204440
g1533 g1591 27.344390 23.204440
g1533 g1630 27.344390 23.204440
g1533 g1633 27.344390 23.204440
g1533 g1636 27.344390 23.204440
g1533 g1594 27.344390 23.204440
g1533 g1597 27.344390 23.204440
g1533 g1600 27.344390 23.204440
g1533 g1639 27.344390 23.204440
g1533 g1642 27.344390 23.204440
g1533 g1645 27.344390 23.204440
g1533 g1603 27.159710 23.215740
g1533 g1606 27.159710 23.215740
g1533 g1609 27.159710 23.215740
g1533 g1648 27.159710 23.215740
g1533 g1651 27.159710 23.215740
g1533 g1654 27.159710 23.215740
g1533 g1693 16.226210 15.153250
g1533 g1694 16.226210 15.153250
g1533 g1695 16.226210 15.153250
g1533 g1696 21.707730 15.466450
g1533 g1697 21.707730 15.466450
g1533 g1698 21.707730 15.466450
g1533 g1699 16.920690 15.847730
g1533 g1700 16.920690 15.847730
g1533 g1701 16.920690 15.847730
g1533 g1703 16.297640 14.880810
g1533 g1704 16.359460 14.942630
g1533 g1702 16.359460 14.942630
g1533 g1784 15.402810 14.329850
g1533 g1785 15.232810 14.159850
g1533 g1783 15.232810 14.159850
g1534 g1534 1.967700 1.967700
g1534 g1567 27.165890 23.025940
g1534 g1570 27.165890 23.025940
g1534 g1573 27.165890 23.025940
g1534 g1612 26.981210 23.037240
g1534 g1615 26.981210 23.037240
g1534 g1618 26.981210 23.037240
g1534 g1576 26.981210 23.037240
g1534 g1579 26.981210 23.037240
g1534 g1582 26.981210 23.037240
g1534 g1621 26.981210 23.037240
g1534 g1624 26.981210 23.037240
g1534 g1627 26.981210 23.037240
g1534 g1585 27.165890 23.025940
g1534 g1588 27.165890 23.025940
g1534 g1591 27.165890 23.025940
g1534 g1630 27.165890 23.025940
g1534 g1633 27.165890 23.025940
g1534 g1636 27.165890 23.025940
g1534 g1594 27.165890 23.025940
g1534 g1597 27.165890 23.025940
g1534 g1600 27.165890 23.025940
g1534 g1639 27.165890 23.025940
g1534 g1642 27.165890 23.025940
g1534 g1645 27.165890 23.025940
g1534 g1603 26.981210 23.037240
g1534 g1606 26.981210 23.037240
g1534 g1609 26.981210 23.037240
g1534 g1648 26.981210 23.037240
g1534 g1651 26.981210 23.037240
g1534 g1654 26.981210 23.037240
g1534 g1693 16.047710 14.974750
g1534 g1694 16.047710 14.974750
g1534 g1695 16.047710 14.974750
g1534 g1696 21.529230 15.287950
g1534 g1697 21.529230 15.287950
g1534 g1698 21.529230 15.287950
g1534 g1699 16.742190 15.669230
g1534 g1700 16.742190 15.669230
g1534 g1701 16.742190 15.669230
g1534 g1703 16.119140 14.702310
g1534 g1704 16.180960 14.764130
g1534 g1702 16.180960 14.764130
g1534 g1784 15.224310 14.151350
g1534 g1785 15.054310 13.981350
g1534 g1783 15.054310 13.981350
g1532 g1532 1.967700 1.967700
g1532 g1567 27.969890 23.829940
g1532 g1570 27.969890 23.829940
g1532 g1573 27.969890 23.829940
g1532 g1612 27.785210 23.841240
g1532 g1615 27.785210 23.841240
g1532 g1618 27.785210 23.841240
g1532 g1576 27.785210 23.841240
g1532 g1579 27.785210 23.841240
g1532 g1582 27.785210 23.841240
g1532 g1621 27.785210 23.841240
g1532 g1624 27.785210 23.841240
g1532 g1627 27.785210 23.841240
g1532 g1585 27.969890 23.829940
g1532 g1588 27.969890 23.829940
g1532 g1591 27.969890 23.829940
g1532 g1630 27.969890 23.829940
g1532 g1633 27.969890 23.829940
g1532 g1636 27.969890 23.829940
g1532 g1594 27.969890 23.829940
g1532 g1597 27.969890 23.829940
g1532 g1600 27.969890 23.829940
g1532 g1639 27.969890 23.829940
g1532 g1642 27.969890 23.829940
g1532 g1645 27.969890 23.829940
g1532 g1603 27.785210 23.841240
g1532 g1606 27.785210 23.841240
g1532 g1609 27.785210 23.841240
g1532 g1648 27.785210 23.841240
g1532 g1651 27.785210 23.841240
g1532 g1654 27.785210 23.841240
g1532 g1693 16.851710 15.778750
g1532 g1694 16.851710 15.778750
g1532 g1695 16.851710 15.778750
g1532 g1696 22.333230 16.091950
g1532 g1697 22.333230 16.091950
g1532 g1698 22.333230 16.091950
g1532 g1699 17.546190 16.473230
g1532 g1700 17.546190 16.473230
g1532 g1701 17.546190 16.473230
g1532 g1703 16.923140 15.506310
g1532 g1704 16.984960 15.568130
g1532 g1702 16.984960 15.568130
g1532 g1784 16.028310 14.955350
g1532 g1785 15.858310 14.785350
g1532 g1783 15.858310 14.785350
g1536 g1536 1.967700 1.967700
g1536 g1567 26.873890 22.724150
g1536 g1570 26.873890 22.724150
g1536 g1573 26.873890 22.724150
g1536 g1612 26.689210 22.735450
g1536 g1615 26.689210 22.735450
g1536 g1618 26.689210 22.735450
g1536 g1576 26.689210 22.735450
g1536 g1579 26.689210 22.735450
g1536 g1582 26.689210 22.735450
g1536 g1621 26.689210 22.735450
g1536 g1624 26.689210 22.735450
g1536 g1627 26.689210 22.735450
g1536 g1585 26.873890 22.724150
g1536 g1588 26.873890 22.724150
g1536 g1591 26.873890 22.724150
g1536 g1630 26.873890 22.724150
g1536 g1633 26.873890 22.724150
g1536 g1636 26.873890 22.724150
g1536 g1594 26.873890 22.724150
g1536 g1597 26.873890 22.724150
g1536 g1600 26.873890 22.724150
g1536 g1639 26.873890 22.724150
g1536 g1642 26.873890 22.724150
g1536 g1645 26.873890 22.724150
g1536 g1603 26.689210 22.735450
g1536 g1606 26.689210 22.735450
g1536 g1609 26.689210 22.735450
g1536 g1648 26.689210 22.735450
g1536 g1651 26.689210 22.735450
g1536 g1654 26.689210 22.735450
g1536 g1693 15.755710 14.672960
g1536 g1694 15.755710 14.672960
g1536 g1695 15.755710 14.672960
g1536 g1696 21.237230 14.986160
g1536 g1697 21.237230 14.986160
g1536 g1698 21.237230 14.986160
g1536 g1699 16.450190 15.367440
g1536 g1700 16.450190 15.367440
g1536 g1701 16.450190 15.367440
g1536 g1703 15.827140 14.400520
g1536 g1704 15.888960 14.462340
g1536 g1702 15.888960 14.462340
g1536 g1784 14.932310 13.849560
g1536 g1785 14.762310 13.679560
g1536 g1783 14.762310 13.679560
g1537 g1537 1.967700 1.967700
g1537 g1567 26.695390 22.545650
g1537 g1570 26.695390 22.545650
g1537 g1573 26.695390 22.545650
g1537 g1612 26.510710 22.556950
g1537 g1615 26.510710 22.556950
g1537 g1618 26.510710 22.556950
g1537 g1576 26.510710 22.556950
g1537 g1579 26.510710 22.556950
g1537 g1582 26.510710 22.556950
g1537 g1621 26.510710 22.556950
g1537 g1624 26.510710 22.556950
g1537 g1627 26.510710 22.556950
g1537 g1585 26.695390 22.545650
g1537 g1588 26.695390 22.545650
g1537 g1591 26.695390 22.545650
g1537 g1630 26.695390 22.545650
g1537 g1633 26.695390 22.545650
g1537 g1636 26.695390 22.545650
g1537 g1594 26.695390 22.545650
g1537 g1597 26.695390 22.545650
g1537 g1600 26.695390 22.545650
g1537 g1639 26.695390 22.545650
g1537 g1642 26.695390 22.545650
g1537 g1645 26.695390 22.545650
g1537 g1603 26.510710 22.556950
g1537 g1606 26.510710 22.556950
g1537 g1609 26.510710 22.556950
g1537 g1648 26.510710 22.556950
g1537 g1651 26.510710 22.556950
g1537 g1654 26.510710 22.556950
g1537 g1693 15.577210 14.494460
g1537 g1694 15.577210 14.494460
g1537 g1695 15.577210 14.494460
g1537 g1696 21.058730 14.807660
g1537 g1697 21.058730 14.807660
g1537 g1698 21.058730 14.807660
g1537 g1699 16.271690 15.188940
g1537 g1700 16.271690 15.188940
g1537 g1701 16.271690 15.188940
g1537 g1703 15.648640 14.222020
g1537 g1704 15.710460 14.283840
g1537 g1702 15.710460 14.283840
g1537 g1784 14.753810 13.671060
g1537 g1785 14.583810 13.501060
g1537 g1783 14.583810 13.501060
g1535 g1535 1.967700 1.967700
g1535 g1567 27.499390 23.349650
g1535 g1570 27.499390 23.349650
g1535 g1573 27.499390 23.349650
g1535 g1612 27.314710 23.360950
g1535 g1615 27.314710 23.360950
g1535 g1618 27.314710 23.360950
g1535 g1576 27.314710 23.360950
g1535 g1579 27.314710 23.360950
g1535 g1582 27.314710 23.360950
g1535 g1621 27.314710 23.360950
g1535 g1624 27.314710 23.360950
g1535 g1627 27.314710 23.360950
g1535 g1585 27.499390 23.349650
g1535 g1588 27.499390 23.349650
g1535 g1591 27.499390 23.349650
g1535 g1630 27.499390 23.349650
g1535 g1633 27.499390 23.349650
g1535 g1636 27.499390 23.349650
g1535 g1594 27.499390 23.349650
g1535 g1597 27.499390 23.349650
g1535 g1600 27.499390 23.349650
g1535 g1639 27.499390 23.349650
g1535 g1642 27.499390 23.349650
g1535 g1645 27.499390 23.349650
g1535 g1603 27.314710 23.360950
g1535 g1606 27.314710 23.360950
g1535 g1609 27.314710 23.360950
g1535 g1648 27.314710 23.360950
g1535 g1651 27.314710 23.360950
g1535 g1654 27.314710 23.360950
g1535 g1693 16.381210 15.298460
g1535 g1694 16.381210 15.298460
g1535 g1695 16.381210 15.298460
g1535 g1696 21.862730 15.611660
g1535 g1697 21.862730 15.611660
g1535 g1698 21.862730 15.611660
g1535 g1699 17.075690 15.992940
g1535 g1700 17.075690 15.992940
g1535 g1701 17.075690 15.992940
g1535 g1703 16.452640 15.026020
g1535 g1704 16.514460 15.087840
g1535 g1702 16.514460 15.087840
g1535 g1784 15.557810 14.475060
g1535 g1785 15.387810 14.305060
g1535 g1783 15.387810 14.305060
g1539 g1539 1.967700 1.967700
g1539 g1567 26.059990 20.854760
g1539 g1570 26.059990 20.854760
g1539 g1573 26.059990 20.854760
g1539 g1612 25.875310 20.866060
g1539 g1615 25.875310 20.866060
g1539 g1618 25.875310 20.866060
g1539 g1576 25.875310 20.866060
g1539 g1579 25.875310 20.866060
g1539 g1582 25.875310 20.866060
g1539 g1621 25.875310 20.866060
g1539 g1624 25.875310 20.866060
g1539 g1627 25.875310 20.866060
g1539 g1585 26.059990 20.854760
g1539 g1588 26.059990 20.854760
g1539 g1591 26.059990 20.854760
g1539 g1630 26.059990 20.854760
g1539 g1633 26.059990 20.854760
g1539 g1636 26.059990 20.854760
g1539 g1594 26.059990 20.854760
g1539 g1597 26.059990 20.854760
g1539 g1600 26.059990 20.854760
g1539 g1639 26.059990 20.854760
g1539 g1642 26.059990 20.854760
g1539 g1645 26.059990 20.854760
g1539 g1603 25.875310 20.866060
g1539 g1606 25.875310 20.866060
g1539 g1609 25.875310 20.866060
g1539 g1648 25.875310 20.866060
g1539 g1651 25.875310 20.866060
g1539 g1654 25.875310 20.866060
g1539 g1693 14.941810 12.803570
g1539 g1694 14.941810 12.803570
g1539 g1695 14.941810 12.803570
g1539 g1696 20.423330 13.116770
g1539 g1697 20.423330 13.116770
g1539 g1698 20.423330 13.116770
g1539 g1699 15.636290 13.498050
g1539 g1700 15.636290 13.498050
g1539 g1701 15.636290 13.498050
g1539 g1703 15.013240 12.531130
g1539 g1704 15.075060 12.592950
g1539 g1702 15.075060 12.592950
g1539 g1784 14.118410 11.980170
g1539 g1785 13.948410 11.810170
g1539 g1783 13.948410 11.810170
g1540 g1540 1.967700 1.967700
g1540 g1567 25.881750 20.676520
g1540 g1570 25.881750 20.676520
g1540 g1573 25.881750 20.676520
g1540 g1612 25.697070 20.687820
g1540 g1615 25.697070 20.687820
g1540 g1618 25.697070 20.687820
g1540 g1576 25.697070 20.687820
g1540 g1579 25.697070 20.687820
g1540 g1582 25.697070 20.687820
g1540 g1621 25.697070 20.687820
g1540 g1624 25.697070 20.687820
g1540 g1627 25.697070 20.687820
g1540 g1585 25.881750 20.676520
g1540 g1588 25.881750 20.676520
g1540 g1591 25.881750 20.676520
g1540 g1630 25.881750 20.676520
g1540 g1633 25.881750 20.676520
g1540 g1636 25.881750 20.676520
g1540 g1594 25.881750 20.676520
g1540 g1597 25.881750 20.676520
g1540 g1600 25.881750 20.676520
g1540 g1639 25.881750 20.676520
g1540 g1642 25.881750 20.676520
g1540 g1645 25.881750 20.676520
g1540 g1603 25.697070 20.687820
g1540 g1606 25.697070 20.687820
g1540 g1609 25.697070 20.687820
g1540 g1648 25.697070 20.687820
g1540 g1651 25.697070 20.687820
g1540 g1654 25.697070 20.687820
g1540 g1693 14.763570 12.625330
g1540 g1694 14.763570 12.625330
g1540 g1695 14.763570 12.625330
g1540 g1696 20.245090 12.938530
g1540 g1697 20.245090 12.938530
g1540 g1698 20.245090 12.938530
g1540 g1699 15.458050 13.319810
g1540 g1700 15.458050 13.319810
g1540 g1701 15.458050 13.319810
g1540 g1703 14.835000 12.352890
g1540 g1704 14.896820 12.414710
g1540 g1702 14.896820 12.414710
g1540 g1784 13.940170 11.801930
g1540 g1785 13.770170 11.631930
g1540 g1783 13.770170 11.631930
g1538 g1538 1.967700 1.967700
g1538 g1567 26.689910 21.484680
g1538 g1570 26.689910 21.484680
g1538 g1573 26.689910 21.484680
g1538 g1612 26.505230 21.495980
g1538 g1615 26.505230 21.495980
g1538 g1618 26.505230 21.495980
g1538 g1576 26.505230 21.495980
g1538 g1579 26.505230 21.495980
g1538 g1582 26.505230 21.495980
g1538 g1621 26.505230 21.495980
g1538 g1624 26.505230 21.495980
g1538 g1627 26.505230 21.495980
g1538 g1585 26.689910 21.484680
g1538 g1588 26.689910 21.484680
g1538 g1591 26.689910 21.484680
g1538 g1630 26.689910 21.484680
g1538 g1633 26.689910 21.484680
g1538 g1636 26.689910 21.484680
g1538 g1594 26.689910 21.484680
g1538 g1597 26.689910 21.484680
g1538 g1600 26.689910 21.484680
g1538 g1639 26.689910 21.484680
g1538 g1642 26.689910 21.484680
g1538 g1645 26.689910 21.484680
g1538 g1603 26.505230 21.495980
g1538 g1606 26.505230 21.495980
g1538 g1609 26.505230 21.495980
g1538 g1648 26.505230 21.495980
g1538 g1651 26.505230 21.495980
g1538 g1654 26.505230 21.495980
g1538 g1693 15.571730 13.433490
g1538 g1694 15.571730 13.433490
g1538 g1695 15.571730 13.433490
g1538 g1696 21.053250 13.746690
g1538 g1697 21.053250 13.746690
g1538 g1698 21.053250 13.746690
g1538 g1699 16.266210 14.127970
g1538 g1700 16.266210 14.127970
g1538 g1701 16.266210 14.127970
g1538 g1703 15.643160 13.161050
g1538 g1704 15.704980 13.222870
g1538 g1702 15.704980 13.222870
g1538 g1784 14.748330 12.610090
g1538 g1785 14.578330 12.440090
g1538 g1783 14.578330 12.440090
g1542 g1542 1.967700 1.967700
g1542 g1567 26.657530 22.337340
g1542 g1570 26.657530 22.337340
g1542 g1573 26.657530 22.337340
g1542 g1612 26.472850 22.348640
g1542 g1615 26.472850 22.348640
g1542 g1618 26.472850 22.348640
g1542 g1576 26.472850 22.348640
g1542 g1579 26.472850 22.348640
g1542 g1582 26.472850 22.348640
g1542 g1621 26.472850 22.348640
g1542 g1624 26.472850 22.348640
g1542 g1627 26.472850 22.348640
g1542 g1585 26.657530 22.337340
g1542 g1588 26.657530 22.337340
g1542 g1591 26.657530 22.337340
g1542 g1630 26.657530 22.337340
g1542 g1633 26.657530 22.337340
g1542 g1636 26.657530 22.337340
g1542 g1594 26.657530 22.337340
g1542 g1597 26.657530 22.337340
g1542 g1600 26.657530 22.337340
g1542 g1639 26.657530 22.337340
g1542 g1642 26.657530 22.337340
g1542 g1645 26.657530 22.337340
g1542 g1603 26.472850 22.348640
g1542 g1606 26.472850 22.348640
g1542 g1609 26.472850 22.348640
g1542 g1648 26.472850 22.348640
g1542 g1651 26.472850 22.348640
g1542 g1654 26.472850 22.348640
g1542 g1693 15.539350 14.286150
g1542 g1694 15.539350 14.286150
g1542 g1695 15.539350 14.286150
g1542 g1696 21.020870 14.599350
g1542 g1697 21.020870 14.599350
g1542 g1698 21.020870 14.599350
g1542 g1699 16.233830 14.980630
g1542 g1700 16.233830 14.980630
g1542 g1701 16.233830 14.980630
g1542 g1703 15.610780 14.013710
g1542 g1704 15.672600 14.075530
g1542 g1702 15.672600 14.075530
g1542 g1784 14.715950 13.462750
g1542 g1785 14.545950 13.292750
g1542 g1783 14.545950 13.292750
g1543 g1543 1.967700 1.967700
g1543 g1567 26.479090 22.158900
g1543 g1570 26.479090 22.158900
g1543 g1573 26.479090 22.158900
g1543 g1612 26.294410 22.170200
g1543 g1615 26.294410 22.170200
g1543 g1618 26.294410 22.170200
g1543 g1576 26.294410 22.170200
g1543 g1579 26.294410 22.170200
g1543 g1582 26.294410 22.170200
g1543 g1621 26.294410 22.170200
g1543 g1624 26.294410 22.170200
g1543 g1627 26.294410 22.170200
g1543 g1585 26.479090 22.158900
g1543 g1588 26.479090 22.158900
g1543 g1591 26.479090 22.158900
g1543 g1630 26.479090 22.158900
g1543 g1633 26.479090 22.158900
g1543 g1636 26.479090 22.158900
g1543 g1594 26.479090 22.158900
g1543 g1597 26.479090 22.158900
g1543 g1600 26.479090 22.158900
g1543 g1639 26.479090 22.158900
g1543 g1642 26.479090 22.158900
g1543 g1645 26.479090 22.158900
g1543 g1603 26.294410 22.170200
g1543 g1606 26.294410 22.170200
g1543 g1609 26.294410 22.170200
g1543 g1648 26.294410 22.170200
g1543 g1651 26.294410 22.170200
g1543 g1654 26.294410 22.170200
g1543 g1693 15.360910 14.107710
g1543 g1694 15.360910 14.107710
g1543 g1695 15.360910 14.107710
g1543 g1696 20.842430 14.420910
g1543 g1697 20.842430 14.420910
g1543 g1698 20.842430 14.420910
g1543 g1699 16.055390 14.802190
g1543 g1700 16.055390 14.802190
g1543 g1701 16.055390 14.802190
g1543 g1703 15.432340 13.835270
g1543 g1704 15.494160 13.897090
g1543 g1702 15.494160 13.897090
g1543 g1784 14.537510 13.284310
g1543 g1785 14.367510 13.114310
g1543 g1783 14.367510 13.114310
g1541 g1541 1.967700 1.967700
g1541 g1567 27.284050 22.963860
g1541 g1570 27.284050 22.963860
g1541 g1573 27.284050 22.963860
g1541 g1612 27.099370 22.975160
g1541 g1615 27.099370 22.975160
g1541 g1618 27.099370 22.975160
g1541 g1576 27.099370 22.975160
g1541 g1579 27.099370 22.975160
g1541 g1582 27.099370 22.975160
g1541 g1621 27.099370 22.975160
g1541 g1624 27.099370 22.975160
g1541 g1627 27.099370 22.975160
g1541 g1585 27.284050 22.963860
g1541 g1588 27.284050 22.963860
g1541 g1591 27.284050 22.963860
g1541 g1630 27.284050 22.963860
g1541 g1633 27.284050 22.963860
g1541 g1636 27.284050 22.963860
g1541 g1594 27.284050 22.963860
g1541 g1597 27.284050 22.963860
g1541 g1600 27.284050 22.963860
g1541 g1639 27.284050 22.963860
g1541 g1642 27.284050 22.963860
g1541 g1645 27.284050 22.963860
g1541 g1603 27.099370 22.975160
g1541 g1606 27.099370 22.975160
g1541 g1609 27.099370 22.975160
g1541 g1648 27.099370 22.975160
g1541 g1651 27.099370 22.975160
g1541 g1654 27.099370 22.975160
g1541 g1693 16.165870 14.912670
g1541 g1694 16.165870 14.912670
g1541 g1695 16.165870 14.912670
g1541 g1696 21.647390 15.225870
g1541 g1697 21.647390 15.225870
g1541 g1698 21.647390 15.225870
g1541 g1699 16.860350 15.607150
g1541 g1700 16.860350 15.607150
g1541 g1701 16.860350 15.607150
g1541 g1703 16.237300 14.640230
g1541 g1704 16.299120 14.702050
g1541 g1702 16.299120 14.702050
g1541 g1784 15.342470 14.089270
g1541 g1785 15.172470 13.919270
g1541 g1783 15.172470 13.919270
g1545 g1545 1.967700 1.967700
g1545 g1567 25.961420 21.693130
g1545 g1570 25.961420 21.693130
g1545 g1573 25.961420 21.693130
g1545 g1612 25.776740 21.704430
g1545 g1615 25.776740 21.704430
g1545 g1618 25.776740 21.704430
g1545 g1576 25.776740 21.704430
g1545 g1579 25.776740 21.704430
g1545 g1582 25.776740 21.704430
g1545 g1621 25.776740 21.704430
g1545 g1624 25.776740 21.704430
g1545 g1627 25.776740 21.704430
g1545 g1585 25.961420 21.693130
g1545 g1588 25.961420 21.693130
g1545 g1591 25.961420 21.693130
g1545 g1630 25.961420 21.693130
g1545 g1633 25.961420 21.693130
g1545 g1636 25.961420 21.693130
g1545 g1594 25.961420 21.693130
g1545 g1597 25.961420 21.693130
g1545 g1600 25.961420 21.693130
g1545 g1639 25.961420 21.693130
g1545 g1642 25.961420 21.693130
g1545 g1645 25.961420 21.693130
g1545 g1603 25.776740 21.704430
g1545 g1606 25.776740 21.704430
g1545 g1609 25.776740 21.704430
g1545 g1648 25.776740 21.704430
g1545 g1651 25.776740 21.704430
g1545 g1654 25.776740 21.704430
g1545 g1693 14.843240 13.641940
g1545 g1694 14.843240 13.641940
g1545 g1695 14.843240 13.641940
g1545 g1696 20.324760 13.955140
g1545 g1697 20.324760 13.955140
g1545 g1698 20.324760 13.955140
g1545 g1699 15.537720 14.336420
g1545 g1700 15.537720 14.336420
g1545 g1701 15.537720 14.336420
g1545 g1703 14.914670 13.369500
g1545 g1704 14.976490 13.431320
g1545 g1702 14.976490 13.431320
g1545 g1784 14.019840 12.818540
g1545 g1785 13.849840 12.648540
g1545 g1783 13.849840 12.648540
g1546 g1546 1.967700 1.967700
g1546 g1567 25.782980 21.514690
g1546 g1570 25.782980 21.514690
g1546 g1573 25.782980 21.514690
g1546 g1612 25.598300 21.525990
g1546 g1615 25.598300 21.525990
g1546 g1618 25.598300 21.525990
g1546 g1576 25.598300 21.525990
g1546 g1579 25.598300 21.525990
g1546 g1582 25.598300 21.525990
g1546 g1621 25.598300 21.525990
g1546 g1624 25.598300 21.525990
g1546 g1627 25.598300 21.525990
g1546 g1585 25.782980 21.514690
g1546 g1588 25.782980 21.514690
g1546 g1591 25.782980 21.514690
g1546 g1630 25.782980 21.514690
g1546 g1633 25.782980 21.514690
g1546 g1636 25.782980 21.514690
g1546 g1594 25.782980 21.514690
g1546 g1597 25.782980 21.514690
g1546 g1600 25.782980 21.514690
g1546 g1639 25.782980 21.514690
g1546 g1642 25.782980 21.514690
g1546 g1645 25.782980 21.514690
g1546 g1603 25.598300 21.525990
g1546 g1606 25.598300 21.525990
g1546 g1609 25.598300 21.525990
g1546 g1648 25.598300 21.525990
g1546 g1651 25.598300 21.525990
g1546 g1654 25.598300 21.525990
g1546 g1693 14.664800 13.463500
g1546 g1694 14.664800 13.463500
g1546 g1695 14.664800 13.463500
g1546 g1696 20.146320 13.776700
g1546 g1697 20.146320 13.776700
g1546 g1698 20.146320 13.776700
g1546 g1699 15.359280 14.157980
g1546 g1700 15.359280 14.157980
g1546 g1701 15.359280 14.157980
g1546 g1703 14.736230 13.191060
g1546 g1704 14.798050 13.252880
g1546 g1702 14.798050 13.252880
g1546 g1784 13.841400 12.640100
g1546 g1785 13.671400 12.470100
g1546 g1783 13.671400 12.470100
g1544 g1544 1.967700 1.967700
g1544 g1567 26.587940 22.319650
g1544 g1570 26.587940 22.319650
g1544 g1573 26.587940 22.319650
g1544 g1612 26.403260 22.330950
g1544 g1615 26.403260 22.330950
g1544 g1618 26.403260 22.330950
g1544 g1576 26.403260 22.330950
g1544 g1579 26.403260 22.330950
g1544 g1582 26.403260 22.330950
g1544 g1621 26.403260 22.330950
g1544 g1624 26.403260 22.330950
g1544 g1627 26.403260 22.330950
g1544 g1585 26.587940 22.319650
g1544 g1588 26.587940 22.319650
g1544 g1591 26.587940 22.319650
g1544 g1630 26.587940 22.319650
g1544 g1633 26.587940 22.319650
g1544 g1636 26.587940 22.319650
g1544 g1594 26.587940 22.319650
g1544 g1597 26.587940 22.319650
g1544 g1600 26.587940 22.319650
g1544 g1639 26.587940 22.319650
g1544 g1642 26.587940 22.319650
g1544 g1645 26.587940 22.319650
g1544 g1603 26.403260 22.330950
g1544 g1606 26.403260 22.330950
g1544 g1609 26.403260 22.330950
g1544 g1648 26.403260 22.330950
g1544 g1651 26.403260 22.330950
g1544 g1654 26.403260 22.330950
g1544 g1693 15.469760 14.268460
g1544 g1694 15.469760 14.268460
g1544 g1695 15.469760 14.268460
g1544 g1696 20.951280 14.581660
g1544 g1697 20.951280 14.581660
g1544 g1698 20.951280 14.581660
g1544 g1699 16.164240 14.962940
g1544 g1700 16.164240 14.962940
g1544 g1701 16.164240 14.962940
g1544 g1703 15.541190 13.996020
g1544 g1704 15.603010 14.057840
g1544 g1702 15.603010 14.057840
g1544 g1784 14.646360 13.445060
g1544 g1785 14.476360 13.275060
g1544 g1783 14.476360 13.275060
g1551 g1551 1.967700 1.967700
g1551 g1567 22.454440 17.524240
g1551 g1570 22.454440 17.524240
g1551 g1573 22.454440 17.524240
g1551 g1612 22.269760 17.535540
g1551 g1615 22.269760 17.535540
g1551 g1618 22.269760 17.535540
g1551 g1576 22.269760 17.535540
g1551 g1579 22.269760 17.535540
g1551 g1582 22.269760 17.535540
g1551 g1621 22.269760 17.535540
g1551 g1624 22.269760 17.535540
g1551 g1627 22.269760 17.535540
g1551 g1585 22.454440 17.524240
g1551 g1588 22.454440 17.524240
g1551 g1591 22.454440 17.524240
g1551 g1630 22.454440 17.524240
g1551 g1633 22.454440 17.524240
g1551 g1636 22.454440 17.524240
g1551 g1594 22.454440 17.524240
g1551 g1597 22.454440 17.524240
g1551 g1600 22.454440 17.524240
g1551 g1639 22.454440 17.524240
g1551 g1642 22.454440 17.524240
g1551 g1645 22.454440 17.524240
g1551 g1603 22.269760 17.535540
g1551 g1606 22.269760 17.535540
g1551 g1609 22.269760 17.535540
g1551 g1648 22.269760 17.535540
g1551 g1651 22.269760 17.535540
g1551 g1654 22.269760 17.535540
g1551 g1789 17.001130 14.825490
g1551 g1792 17.001130 14.825490
g1551 g1795 17.001130 14.825490
g1551 g1798 16.870990 15.322380
g1551 g1801 16.870990 15.322380
g1551 g1804 16.870990 15.322380
g1551 g1808 16.518930 13.342950
g1551 g1809 16.518930 13.342950
g1551 g1807 16.518930 13.342950
g1551 g1693 13.646700 9.473050
g1551 g1694 13.646700 9.473050
g1551 g1695 13.646700 9.473050
g1551 g1696 17.459900 9.786250
g1551 g1697 17.459900 9.786250
g1551 g1698 17.459900 9.786250
g1551 g1699 16.985600 10.167530
g1551 g1700 16.985600 10.167530
g1551 g1701 16.985600 10.167530
g1551 g1703 11.817240 8.977880
g1551 g1704 11.879060 9.606300
g1551 g1702 11.879060 9.606300
g1551 g1784 8.649650 8.649650
g1551 g1785 8.479650 8.479650
g1551 g1783 8.479650 8.479650
g1552 g1552 1.967700 1.967700
g1552 g1567 22.278270 17.348070
g1552 g1570 22.278270 17.348070
g1552 g1573 22.278270 17.348070
g1552 g1612 22.093590 17.359370
g1552 g1615 22.093590 17.359370
g1552 g1618 22.093590 17.359370
g1552 g1576 22.093590 17.359370
g1552 g1579 22.093590 17.359370
g1552 g1582 22.093590 17.359370
g1552 g1621 22.093590 17.359370
g1552 g1624 22.093590 17.359370
g1552 g1627 22.093590 17.359370
g1552 g1585 22.278270 17.348070
g1552 g1588 22.278270 17.348070
g1552 g1591 22.278270 17.348070
g1552 g1630 22.278270 17.348070
g1552 g1633 22.278270 17.348070
g1552 g1636 22.278270 17.348070
g1552 g1594 22.278270 17.348070
g1552 g1597 22.278270 17.348070
g1552 g1600 22.278270 17.348070
g1552 g1639 22.278270 17.348070
g1552 g1642 22.278270 17.348070
g1552 g1645 22.278270 17.348070
g1552 g1603 22.093590 17.359370
g1552 g1606 22.093590 17.359370
g1552 g1609 22.093590 17.359370
g1552 g1648 22.093590 17.359370
g1552 g1651 22.093590 17.359370
g1552 g1654 22.093590 17.359370
g1552 g1789 16.824960 14.649320
g1552 g1792 16.824960 14.649320
g1552 g1795 16.824960 14.649320
g1552 g1798 16.694820 15.146210
g1552 g1801 16.694820 15.146210
g1552 g1804 16.694820 15.146210
g1552 g1808 16.342760 13.166780
g1552 g1809 16.342760 13.166780
g1552 g1807 16.342760 13.166780
g1552 g1693 13.470530 9.296880
g1552 g1694 13.470530 9.296880
g1552 g1695 13.470530 9.296880
g1552 g1696 17.283730 9.610080
g1552 g1697 17.283730 9.610080
g1552 g1698 17.283730 9.610080
g1552 g1699 16.809430 9.991360
g1552 g1700 16.809430 9.991360
g1552 g1701 16.809430 9.991360
g1552 g1703 11.641070 8.801710
g1552 g1704 11.702890 9.430130
g1552 g1702 11.702890 9.430130
g1552 g1784 8.473480 8.473480
g1552 g1785 8.303480 8.303480
g1552 g1783 8.303480 8.303480
g1550 g1550 1.967700 1.967700
g1550 g1567 23.119550 18.189350
g1550 g1570 23.119550 18.189350
g1550 g1573 23.119550 18.189350
g1550 g1612 22.934870 18.200650
g1550 g1615 22.934870 18.200650
g1550 g1618 22.934870 18.200650
g1550 g1576 22.934870 18.200650
g1550 g1579 22.934870 18.200650
g1550 g1582 22.934870 18.200650
g1550 g1621 22.934870 18.200650
g1550 g1624 22.934870 18.200650
g1550 g1627 22.934870 18.200650
g1550 g1585 23.119550 18.189350
g1550 g1588 23.119550 18.189350
g1550 g1591 23.119550 18.189350
g1550 g1630 23.119550 18.189350
g1550 g1633 23.119550 18.189350
g1550 g1636 23.119550 18.189350
g1550 g1594 23.119550 18.189350
g1550 g1597 23.119550 18.189350
g1550 g1600 23.119550 18.189350
g1550 g1639 23.119550 18.189350
g1550 g1642 23.119550 18.189350
g1550 g1645 23.119550 18.189350
g1550 g1603 22.934870 18.200650
g1550 g1606 22.934870 18.200650
g1550 g1609 22.934870 18.200650
g1550 g1648 22.934870 18.200650
g1550 g1651 22.934870 18.200650
g1550 g1654 22.934870 18.200650
g1550 g1789 17.666240 15.490600
g1550 g1792 17.666240 15.490600
g1550 g1795 17.666240 15.490600
g1550 g1798 17.536100 15.987490
g1550 g1801 17.536100 15.987490
g1550 g1804 17.536100 15.987490
g1550 g1808 17.184040 14.008060
g1550 g1809 17.184040 14.008060
g1550 g1807 17.184040 14.008060
g1550 g1693 14.311810 10.138160
g1550 g1694 14.311810 10.138160
g1550 g1695 14.311810 10.138160
g1550 g1696 18.125010 10.451360
g1550 g1697 18.125010 10.451360
g1550 g1698 18.125010 10.451360
g1550 g1699 17.650710 10.832640
g1550 g1700 17.650710 10.832640
g1550 g1701 17.650710 10.832640
g1550 g1703 12.482350 9.642990
g1550 g1704 12.544170 10.271410
g1550 g1702 12.544170 10.271410
g1550 g1784 9.314760 9.314760
g1550 g1785 9.144760 9.144760
g1550 g1783 9.144760 9.144760
g1554 g1545 5.778380 5.778380
g1554 g1546 5.778380 5.778380
g1554 g1544 5.778380 5.778380
g1554 g1554 1.967700 1.967700
g1554 g1567 30.577530 22.858560
g1554 g1570 30.577530 22.858560
g1554 g1573 30.577530 22.858560
g1554 g1612 30.392850 22.869860
g1554 g1615 30.392850 22.869860
g1554 g1618 30.392850 22.869860
g1554 g1576 30.392850 22.869860
g1554 g1579 30.392850 22.869860
g1554 g1582 30.392850 22.869860
g1554 g1621 30.392850 22.869860
g1554 g1624 30.392850 22.869860
g1554 g1627 30.392850 22.869860
g1554 g1585 30.577530 22.858560
g1554 g1588 30.577530 22.858560
g1554 g1591 30.577530 22.858560
g1554 g1630 30.577530 22.858560
g1554 g1633 30.577530 22.858560
g1554 g1636 30.577530 22.858560
g1554 g1594 30.577530 22.858560
g1554 g1597 30.577530 22.858560
g1554 g1600 30.577530 22.858560
g1554 g1639 30.577530 22.858560
g1554 g1642 30.577530 22.858560
g1554 g1645 30.577530 22.858560
g1554 g1603 30.392850 22.869860
g1554 g1606 30.392850 22.869860
g1554 g1609 30.392850 22.869860
g1554 g1648 30.392850 8.262410
g1554 g1651 30.392850 8.262410
g1554 g1654 30.392850 8.262410
g1554 g1789 17.441650 14.781160
g1554 g1792 17.441650 14.781160
g1554 g1795 17.441650 14.781160
g1554 g1798 17.603520 14.904100
g1554 g1801 17.603520 14.904100
g1554 g1804 17.603520 14.904100
g1554 g1808 16.805280 13.162120
g1554 g1809 16.805280 13.162120
g1554 g1807 16.805280 13.162120
g1554 g1693 22.055350 14.807370
g1554 g1694 22.055350 14.807370
g1554 g1695 22.055350 14.807370
g1554 g1696 25.582990 15.120570
g1554 g1697 25.582990 15.120570
g1554 g1698 25.582990 15.120570
g1554 g1699 25.394250 15.501850
g1554 g1700 25.394250 15.501850
g1554 g1701 25.394250 15.501850
g1554 g1703 19.940330 14.534930
g1554 g1704 20.002150 14.596750
g1554 g1702 20.002150 14.596750
g1554 g1784 16.122110 13.983970
g1554 g1785 15.952110 13.813970
g1554 g1783 15.952110 13.813970
g1555 g1545 5.606310 5.606310
g1555 g1546 5.606310 5.606310
g1555 g1544 5.606310 5.606310
g1555 g1555 1.967700 1.967700
g1555 g1567 30.405460 22.686490
g1555 g1570 30.405460 22.686490
g1555 g1573 30.405460 22.686490
g1555 g1612 30.220780 22.697790
g1555 g1615 30.220780 22.697790
g1555 g1618 30.220780 22.697790
g1555 g1576 30.220780 22.697790
g1555 g1579 30.220780 22.697790
g1555 g1582 30.220780 22.697790
g1555 g1621 30.220780 22.697790
g1555 g1624 30.220780 22.697790
g1555 g1627 30.220780 22.697790
g1555 g1585 30.405460 22.686490
g1555 g1588 30.405460 22.686490
g1555 g1591 30.405460 22.686490
g1555 g1630 30.405460 22.686490
g1555 g1633 30.405460 22.686490
g1555 g1636 30.405460 22.686490
g1555 g1594 30.405460 22.686490
g1555 g1597 30.405460 22.686490
g1555 g1600 30.405460 22.686490
g1555 g1639 30.405460 22.686490
g1555 g1642 30.405460 22.686490
g1555 g1645 30.405460 22.686490
g1555 g1603 30.220780 22.697790
g1555 g1606 30.220780 22.697790
g1555 g1609 30.220780 22.697790
g1555 g1648 30.220780 8.090340
g1555 g1651 30.220780 8.090340
g1555 g1654 30.220780 8.090340
g1555 g1789 17.269580 14.609090
g1555 g1792 17.269580 14.609090
g1555 g1795 17.269580 14.609090
g1555 g1798 17.431450 14.732030
g1555 g1801 17.431450 14.732030
g1555 g1804 17.431450 14.732030
g1555 g1808 16.633210 12.990050
g1555 g1809 16.633210 12.990050
g1555 g1807 16.633210 12.990050
g1555 g1693 21.883280 14.635300
g1555 g1694 21.883280 14.635300
g1555 g1695 21.883280 14.635300
g1555 g1696 25.410920 14.948500
g1555 g1697 25.410920 14.948500
g1555 g1698 25.410920 14.948500
g1555 g1699 25.222180 15.329780
g1555 g1700 25.222180 15.329780
g1555 g1701 25.222180 15.329780
g1555 g1703 19.768260 14.362860
g1555 g1704 19.830080 14.424680
g1555 g1702 19.830080 14.424680
g1555 g1784 15.950040 13.811900
g1555 g1785 15.780040 13.641900
g1555 g1783 15.780040 13.641900
g1553 g1545 6.513190 6.513190
g1553 g1546 6.513190 6.513190
g1553 g1544 6.513190 6.513190
g1553 g1553 1.967700 1.967700
g1553 g1567 31.312340 23.593370
g1553 g1570 31.312340 23.593370
g1553 g1573 31.312340 23.593370
g1553 g1612 31.127660 23.604670
g1553 g1615 31.127660 23.604670
g1553 g1618 31.127660 23.604670
g1553 g1576 31.127660 23.604670
g1553 g1579 31.127660 23.604670
g1553 g1582 31.127660 23.604670
g1553 g1621 31.127660 23.604670
g1553 g1624 31.127660 23.604670
g1553 g1627 31.127660 23.604670
g1553 g1585 31.312340 23.593370
g1553 g1588 31.312340 23.593370
g1553 g1591 31.312340 23.593370
g1553 g1630 31.312340 23.593370
g1553 g1633 31.312340 23.593370
g1553 g1636 31.312340 23.593370
g1553 g1594 31.312340 23.593370
g1553 g1597 31.312340 23.593370
g1553 g1600 31.312340 23.593370
g1553 g1639 31.312340 23.593370
g1553 g1642 31.312340 23.593370
g1553 g1645 31.312340 23.593370
g1553 g1603 31.127660 23.604670
g1553 g1606 31.127660 23.604670
g1553 g1609 31.127660 23.604670
g1553 g1648 31.127660 8.997220
g1553 g1651 31.127660 8.997220
g1553 g1654 31.127660 8.997220
g1553 g1789 18.176460 15.515970
g1553 g1792 18.176460 15.515970
g1553 g1795 18.176460 15.515970
g1553 g1798 18.338330 15.638910
g1553 g1801 18.338330 15.638910
g1553 g1804 18.338330 15.638910
g1553 g1808 17.540090 13.896930
g1553 g1809 17.540090 13.896930
g1553 g1807 17.540090 13.896930
g1553 g1693 22.790160 15.542180
g1553 g1694 22.790160 15.542180
g1553 g1695 22.790160 15.542180
g1553 g1696 26.317800 15.855380
g1553 g1697 26.317800 15.855380
g1553 g1698 26.317800 15.855380
g1553 g1699 26.129060 16.236660
g1553 g1700 26.129060 16.236660
g1553 g1701 26.129060 16.236660
g1553 g1703 20.675140 15.269740
g1553 g1704 20.736960 15.331560
g1553 g1702 20.736960 15.331560
g1553 g1784 16.856920 14.718780
g1553 g1785 16.686920 14.548780
g1553 g1783 16.686920 14.548780
g1557 g1542 5.667400 5.667400
g1557 g1543 5.667400 5.667400
g1557 g1541 5.667400 5.667400
g1557 g1557 1.967700 1.967700
g1557 g1567 30.490280 24.710280
g1557 g1570 30.490280 24.710280
g1557 g1573 30.490280 24.710280
g1557 g1612 30.305600 24.721580
g1557 g1615 30.305600 24.721580
g1557 g1618 30.305600 24.721580
g1557 g1576 30.305600 24.721580
g1557 g1579 30.305600 24.721580
g1557 g1582 30.305600 24.721580
g1557 g1621 30.305600 24.721580
g1557 g1624 30.305600 24.721580
g1557 g1627 30.305600 24.721580
g1557 g1585 30.490280 24.710280
g1557 g1588 30.490280 24.710280
g1557 g1591 30.490280 24.710280
g1557 g1630 30.490280 24.710280
g1557 g1633 30.490280 24.710280
g1557 g1636 30.490280 24.710280
g1557 g1594 30.490280 24.710280
g1557 g1597 30.490280 24.710280
g1557 g1600 30.490280 24.710280
g1557 g1639 30.490280 24.710280
g1557 g1642 30.490280 24.710280
g1557 g1645 30.490280 24.710280
g1557 g1603 30.305600 8.151430
g1557 g1606 30.305600 8.151430
g1557 g1609 30.305600 8.151430
g1557 g1648 30.305600 24.721580
g1557 g1651 30.305600 24.721580
g1557 g1654 30.305600 24.721580
g1557 g1789 17.349790 14.689300
g1557 g1792 17.349790 14.689300
g1557 g1795 17.349790 14.689300
g1557 g1798 17.511660 14.812240
g1557 g1801 17.511660 14.812240
g1557 g1804 17.511660 14.812240
g1557 g1808 16.713420 13.070260
g1557 g1809 16.713420 13.070260
g1557 g1807 16.713420 13.070260
g1557 g1693 21.638100 16.659090
g1557 g1694 21.638100 16.659090
g1557 g1695 21.638100 16.659090
g1557 g1696 25.495740 16.972290
g1557 g1697 25.495740 16.972290
g1557 g1698 25.495740 16.972290
g1557 g1699 25.096110 17.353570
g1557 g1700 25.096110 17.353570
g1557 g1701 25.096110 17.353570
g1557 g1703 19.853080 15.374430
g1557 g1704 19.914900 16.309010
g1557 g1702 19.914900 16.309010
g1557 g1784 16.706870 15.835690
g1557 g1785 16.536870 15.665690
g1557 g1783 16.536870 15.665690
g1558 g1542 5.495020 5.495020
g1558 g1543 5.495020 5.495020
g1558 g1541 5.495020 5.495020
g1558 g1558 1.967700 1.967700
g1558 g1567 30.317900 24.537900
g1558 g1570 30.317900 24.537900
g1558 g1573 30.317900 24.537900
g1558 g1612 30.133220 24.549200
g1558 g1615 30.133220 24.549200
g1558 g1618 30.133220 24.549200
g1558 g1576 30.133220 24.549200
g1558 g1579 30.133220 24.549200
g1558 g1582 30.133220 24.549200
g1558 g1621 30.133220 24.549200
g1558 g1624 30.133220 24.549200
g1558 g1627 30.133220 24.549200
g1558 g1585 30.317900 24.537900
g1558 g1588 30.317900 24.537900
g1558 g1591 30.317900 24.537900
g1558 g1630 30.317900 24.537900
g1558 g1633 30.317900 24.537900
g1558 g1636 30.317900 24.537900
g1558 g1594 30.317900 24.537900
g1558 g1597 30.317900 24.537900
g1558 g1600 30.317900 24.537900
g1558 g1639 30.317900 24.537900
g1558 g1642 30.317900 24.537900
g1558 g1645 30.317900 24.537900
g1558 g1603 30.133220 7.979050
g1558 g1606 30.133220 7.979050
g1558 g1609 30.133220 7.979050
g1558 g1648 30.133220 24.549200
g1558 g1651 30.133220 24.549200
g1558 g1654 30.133220 24.549200
g1558 g1789 17.177410 14.516920
g1558 g1792 17.177410 14.516920
g1558 g1795 17.177410 14.516920
g1558 g1798 17.339280 14.639860
g1558 g1801 17.339280 14.639860
g1558 g1804 17.339280 14.639860
g1558 g1808 16.541040 12.897880
g1558 g1809 16.541040 12.897880
g1558 g1807 16.541040 12.897880
g1558 g1693 21.465720 16.486710
g1558 g1694 21.465720 16.486710
g1558 g1695 21.465720 16.486710
g1558 g1696 25.323360 16.799910
g1558 g1697 25.323360 16.799910
g1558 g1698 25.323360 16.799910
g1558 g1699 24.923730 17.181190
g1558 g1700 24.923730 17.181190
g1558 g1701 24.923730 17.181190
g1558 g1703 19.680700 15.202050
g1558 g1704 19.742520 16.136630
g1558 g1702 19.742520 16.136630
g1558 g1784 16.534490 15.663310
g1558 g1785 16.364490 15.493310
g1558 g1783 16.364490 15.493310
g1556 g1542 6.396940 6.396940
g1556 g1543 6.396940 6.396940
g1556 g1541 6.396940 6.396940
g1556 g1556 1.967700 1.967700
g1556 g1567 31.219820 25.439820
g1556 g1570 31.219820 25.439820
g1556 g1573 31.219820 25.439820
g1556 g1612 31.035140 25.451120
g1556 g1615 31.035140 25.451120
g1556 g1618 31.035140 25.451120
g1556 g1576 31.035140 25.451120
g1556 g1579 31.035140 25.451120
g1556 g1582 31.035140 25.451120
g1556 g1621 31.035140 25.451120
g1556 g1624 31.035140 25.451120
g1556 g1627 31.035140 25.451120
g1556 g1585 31.219820 25.439820
g1556 g1588 31.219820 25.439820
g1556 g1591 31.219820 25.439820
g1556 g1630 31.219820 25.439820
g1556 g1633 31.219820 25.439820
g1556 g1636 31.219820 25.439820
g1556 g1594 31.219820 25.439820
g1556 g1597 31.219820 25.439820
g1556 g1600 31.219820 25.439820
g1556 g1639 31.219820 25.439820
g1556 g1642 31.219820 25.439820
g1556 g1645 31.219820 25.439820
g1556 g1603 31.035140 8.880970
g1556 g1606 31.035140 8.880970
g1556 g1609 31.035140 8.880970
g1556 g1648 31.035140 25.451120
g1556 g1651 31.035140 25.451120
g1556 g1654 31.035140 25.451120
g1556 g1789 18.079330 15.418840
g1556 g1792 18.079330 15.418840
g1556 g1795 18.079330 15.418840
g1556 g1798 18.241200 15.541780
g1556 g1801 18.241200 15.541780
g1556 g1804 18.241200 15.541780
g1556 g1808 17.442960 13.799800
g1556 g1809 17.442960 13.799800
g1556 g1807 17.442960 13.799800
g1556 g1693 22.367640 17.388630
g1556 g1694 22.367640 17.388630
g1556 g1695 22.367640 17.388630
g1556 g1696 26.225280 17.701830
g1556 g1697 26.225280 17.701830
g1556 g1698 26.225280 17.701830
g1556 g1699 25.825650 18.083110
g1556 g1700 25.825650 18.083110
g1556 g1701 25.825650 18.083110
g1556 g1703 20.582620 16.103970
g1556 g1704 20.644440 17.038550
g1556 g1702 20.644440 17.038550
g1556 g1784 17.436410 16.565230
g1556 g1785 17.266410 16.395230
g1556 g1783 17.266410 16.395230
g1560 g1560 2.109440 2.109440
g1560 g1810 13.507390 10.216050
g1560 g1813 13.507390 10.216050
g1560 g1816 13.507390 10.216050
g1560 g1819 13.613990 12.069390
g1560 g1822 13.613990 12.069390
g1560 g1825 13.613990 12.069390
g1560 g1829 13.451530 10.437170
g1560 g1830 13.451530 10.437170
g1560 g1828 13.451530 10.437170
g1561 g1561 2.109440 2.109440
g1561 g1810 13.328170 10.036830
g1561 g1813 13.328170 10.036830
g1561 g1816 13.328170 10.036830
g1561 g1819 13.434770 11.890170
g1561 g1822 13.434770 11.890170
g1561 g1825 13.434770 11.890170
g1561 g1829 13.272310 10.257950
g1561 g1830 13.272310 10.257950
g1561 g1828 13.272310 10.257950
g1559 g1559 2.109440 2.109440
g1559 g1810 14.120650 10.829310
g1559 g1813 14.120650 10.829310
g1559 g1816 14.120650 10.829310
g1559 g1819 14.227250 12.682650
g1559 g1822 14.227250 12.682650
g1559 g1825 14.227250 12.682650
g1559 g1829 14.064790 11.050430
g1559 g1830 14.064790 11.050430
g1559 g1828 14.064790 11.050430
g1567 g1567 31.388420 2.187800
g1567 g1570 31.388420 9.409630
g1567 g1573 31.388420 9.409630
g1567 g1612 31.203740 11.629600
g1567 g1615 31.203740 11.629600
g1567 g1618 31.203740 11.629600
g1567 g1576 31.203740 13.576600
g1567 g1579 31.203740 13.576600
g1567 g1582 31.203740 13.576600
g1567 g1621 31.203740 16.451520
g1567 g1624 31.203740 16.451520
g1567 g1627 31.203740 16.451520
g1567 g1585 31.388420 16.214370
g1567 g1588 31.388420 16.214370
g1567 g1591 31.388420 16.214370
g1567 g1630 31.388420 18.576470
g1567 g1633 31.388420 18.576470
g1567 g1636 31.388420 18.576470
g1567 g1594 31.388420 16.288470
g1567 g1597 31.388420 16.288470
g1567 g1600 31.388420 16.288470
g1567 g1639 31.388420 18.650570
g1567 g1642 31.388420 18.650570
g1567 g1645 31.388420 18.650570
g1567 g1603 31.203740 16.565970
g1567 g1606 31.203740 16.565970
g1567 g1609 31.203740 16.565970
g1567 g1648 31.203740 18.928070
g1567 g1651 31.203740 18.928070
g1567 g1654 31.203740 18.928070
g1567 g1693 22.536240 18.085860
g1567 g1694 22.536240 18.085860
g1567 g1695 22.536240 18.085860
g1567 g1696 26.393880 19.158050
g1567 g1697 26.393880 19.158050
g1567 g1698 26.393880 19.158050
g1567 g1699 25.994250 21.540150
g1567 g1700 25.994250 21.540150
g1567 g1701 25.994250 21.540150
g1567 g1703 20.751220 17.177800
g1567 g1704 20.813040 18.112380
g1567 g1702 20.813040 18.112380
g1567 g1679 13.302990 11.845990
g1570 g1567 30.499800 8.521010
g1570 g1570 30.499800 2.187800
g1570 g1573 30.499800 8.521010
g1570 g1612 30.315120 10.740980
g1570 g1615 30.315120 10.740980
g1570 g1618 30.315120 10.740980
g1570 g1576 30.315120 12.687980
g1570 g1579 30.315120 12.687980
g1570 g1582 30.315120 12.687980
g1570 g1621 30.315120 15.562900
g1570 g1624 30.315120 15.562900
g1570 g1627 30.315120 15.562900
g1570 g1585 30.499800 15.325750
g1570 g1588 30.499800 15.325750
g1570 g1591 30.499800 15.325750
g1570 g1630 30.499800 17.687850
g1570 g1633 30.499800 17.687850
g1570 g1636 30.499800 17.687850
g1570 g1594 30.499800 15.399850
g1570 g1597 30.499800 15.399850
g1570 g1600 30.499800 15.399850
g1570 g1639 30.499800 17.761950
g1570 g1642 30.499800 17.761950
g1570 g1645 30.499800 17.761950
g1570 g1603 30.315120 15.677350
g1570 g1606 30.315120 15.677350
g1570 g1609 30.315120 15.677350
g1570 g1648 30.315120 18.039450
g1570 g1651 30.315120 18.039450
g1570 g1654 30.315120 18.039450
g1570 g1693 21.647620 17.197240
g1570 g1694 21.647620 17.197240
g1570 g1695 21.647620 17.197240
g1570 g1696 25.505260 18.269430
g1570 g1697 25.505260 18.269430
g1570 g1698 25.505260 18.269430
g1570 g1699 25.105630 20.651530
g1570 g1700 25.105630 20.651530
g1570 g1701 25.105630 20.651530
g1570 g1703 19.862600 16.289180
g1570 g1704 19.924420 17.223760
g1570 g1702 19.924420 17.223760
g1570 g1679 12.414370 10.957370
g1573 g1567 31.618420 9.639630
g1573 g1570 31.618420 9.639630
g1573 g1573 31.618420 2.187800
g1573 g1612 31.433740 11.859600
g1573 g1615 31.433740 11.859600
g1573 g1618 31.433740 11.859600
g1573 g1576 31.433740 13.806600
g1573 g1579 31.433740 13.806600
g1573 g1582 31.433740 13.806600
g1573 g1621 31.433740 16.681520
g1573 g1624 31.433740 16.681520
g1573 g1627 31.433740 16.681520
g1573 g1585 31.618420 16.444370
g1573 g1588 31.618420 16.444370
g1573 g1591 31.618420 16.444370
g1573 g1630 31.618420 18.806470
g1573 g1633 31.618420 18.806470
g1573 g1636 31.618420 18.806470
g1573 g1594 31.618420 16.518470
g1573 g1597 31.618420 16.518470
g1573 g1600 31.618420 16.518470
g1573 g1639 31.618420 18.880570
g1573 g1642 31.618420 18.880570
g1573 g1645 31.618420 18.880570
g1573 g1603 31.433740 16.795970
g1573 g1606 31.433740 16.795970
g1573 g1609 31.433740 16.795970
g1573 g1648 31.433740 19.158070
g1573 g1651 31.433740 19.158070
g1573 g1654 31.433740 19.158070
g1573 g1693 22.766240 18.315860
g1573 g1694 22.766240 18.315860
g1573 g1695 22.766240 18.315860
g1573 g1696 26.623880 19.388050
g1573 g1697 26.623880 19.388050
g1573 g1698 26.623880 19.388050
g1573 g1699 26.224250 21.770150
g1573 g1700 26.224250 21.770150
g1573 g1701 26.224250 21.770150
g1573 g1703 20.981220 17.407800
g1573 g1704 21.043040 18.342380
g1573 g1702 21.043040 18.342380
g1573 g1679 13.532990 12.075990
g1612 g1567 32.004040 20.046060
g1612 g1570 32.004040 20.046060
g1612 g1573 32.004040 20.046060
g1612 g1612 31.819360 2.187800
g1612 g1615 31.819360 10.327830
g1612 g1618 31.819360 10.327830
g1612 g1576 31.819360 12.693760
g1612 g1579 31.819360 12.693760
g1612 g1582 31.819360 12.693760
g1612 g1621 31.819360 15.568680
g1612 g1624 31.819360 15.568680
g1612 g1627 31.819360 15.568680
g1612 g1585 32.004040 15.331530
g1612 g1588 32.004040 15.331530
g1612 g1591 32.004040 15.331530
g1612 g1630 32.004040 17.693630
g1612 g1633 32.004040 17.693630
g1612 g1636 32.004040 17.693630
g1612 g1594 32.004040 15.405630
g1612 g1597 32.004040 15.405630
g1612 g1600 32.004040 15.405630
g1612 g1639 32.004040 17.767730
g1612 g1642 32.004040 17.767730
g1612 g1645 32.004040 17.767730
g1612 g1603 31.819360 15.683130
g1612 g1606 31.819360 15.683130
g1612 g1609 31.819360 15.683130
g1612 g1648 31.819360 18.045230
g1612 g1651 31.819360 18.045230
g1612 g1654 31.819360 18.045230
g1612 g1693 23.481860 18.931480
g1612 g1694 23.481860 18.931480
g1612 g1695 23.481860 18.931480
g1612 g1696 27.009500 20.911580
g1612 g1697 27.009500 20.911580
g1612 g1698 27.009500 20.911580
g1612 g1699 26.820760 21.781820
g1612 g1700 26.820760 21.781820
g1612 g1701 26.820760 21.781820
g1612 g1703 21.366840 17.419470
g1612 g1704 21.428660 18.354050
g1612 g1702 21.428660 18.354050
g1612 g1679 13.157210 11.562330
g1615 g1567 31.093420 19.135440
g1615 g1570 31.093420 19.135440
g1615 g1573 31.093420 19.135440
g1615 g1612 30.908740 9.417210
g1615 g1615 30.908740 2.187800
g1615 g1618 30.908740 9.417210
g1615 g1576 30.908740 11.783140
g1615 g1579 30.908740 11.783140
g1615 g1582 30.908740 11.783140
g1615 g1621 30.908740 14.658060
g1615 g1624 30.908740 14.658060
g1615 g1627 30.908740 14.658060
g1615 g1585 31.093420 14.420910
g1615 g1588 31.093420 14.420910
g1615 g1591 31.093420 14.420910
g1615 g1630 31.093420 16.783010
g1615 g1633 31.093420 16.783010
g1615 g1636 31.093420 16.783010
g1615 g1594 31.093420 14.495010
g1615 g1597 31.093420 14.495010
g1615 g1600 31.093420 14.495010
g1615 g1639 31.093420 16.857110
g1615 g1642 31.093420 16.857110
g1615 g1645 31.093420 16.857110
g1615 g1603 30.908740 14.772510
g1615 g1606 30.908740 14.772510
g1615 g1609 30.908740 14.772510
g1615 g1648 30.908740 17.134610
g1615 g1651 30.908740 17.134610
g1615 g1654 30.908740 17.134610
g1615 g1693 22.571240 18.020860
g1615 g1694 22.571240 18.020860
g1615 g1695 22.571240 18.020860
g1615 g1696 26.098880 20.000960
g1615 g1697 26.098880 20.000960
g1615 g1698 26.098880 20.000960
g1615 g1699 25.910140 20.871200
g1615 g1700 25.910140 20.871200
g1615 g1701 25.910140 20.871200
g1615 g1703 20.456220 16.508850
g1615 g1704 20.518040 17.443430
g1615 g1702 20.518040 17.443430
g1615 g1679 12.246590 10.651710
g1618 g1567 32.234040 20.276060
g1618 g1570 32.234040 20.276060
g1618 g1573 32.234040 20.276060
g1618 g1612 32.049360 10.557830
g1618 g1615 32.049360 10.557830
g1618 g1618 32.049360 2.187800
g1618 g1576 32.049360 12.923760
g1618 g1579 32.049360 12.923760
g1618 g1582 32.049360 12.923760
g1618 g1621 32.049360 15.798680
g1618 g1624 32.049360 15.798680
g1618 g1627 32.049360 15.798680
g1618 g1585 32.234040 15.561530
g1618 g1588 32.234040 15.561530
g1618 g1591 32.234040 15.561530
g1618 g1630 32.234040 17.923630
g1618 g1633 32.234040 17.923630
g1618 g1636 32.234040 17.923630
g1618 g1594 32.234040 15.635630
g1618 g1597 32.234040 15.635630
g1618 g1600 32.234040 15.635630
g1618 g1639 32.234040 17.997730
g1618 g1642 32.234040 17.997730
g1618 g1645 32.234040 17.997730
g1618 g1603 32.049360 15.913130
g1618 g1606 32.049360 15.913130
g1618 g1609 32.049360 15.913130
g1618 g1648 32.049360 18.275230
g1618 g1651 32.049360 18.275230
g1618 g1654 32.049360 18.275230
g1618 g1693 23.711860 19.161480
g1618 g1694 23.711860 19.161480
g1618 g1695 23.711860 19.161480
g1618 g1696 27.239500 21.141580
g1618 g1697 27.239500 21.141580
g1618 g1698 27.239500 21.141580
g1618 g1699 27.050760 22.011820
g1618 g1700 27.050760 22.011820
g1618 g1701 27.050760 22.011820
g1618 g1703 21.596840 17.649470
g1618 g1704 21.658660 18.584050
g1618 g1702 21.658660 18.584050
g1618 g1679 13.387210 11.792330
g1576 g1567 32.016850 19.865010
g1576 g1570 32.016850 19.865010
g1576 g1573 32.016850 19.865010
g1576 g1612 31.832170 19.876310
g1576 g1615 31.832170 19.876310
g1576 g1618 31.832170 19.876310
g1576 g1576 31.832170 2.187800
g1576 g1579 31.832170 10.407560
g1576 g1582 31.832170 10.407560
g1576 g1621 31.832170 13.505280
g1576 g1624 31.832170 13.505280
g1576 g1627 31.832170 13.505280
g1576 g1585 32.016850 14.760310
g1576 g1588 32.016850 14.760310
g1576 g1591 32.016850 14.760310
g1576 g1630 32.016850 17.122410
g1576 g1633 32.016850 17.122410
g1576 g1636 32.016850 17.122410
g1576 g1594 32.016850 15.087810
g1576 g1597 32.016850 15.087810
g1576 g1600 32.016850 15.087810
g1576 g1639 32.016850 17.449910
g1576 g1642 32.016850 17.449910
g1576 g1645 32.016850 17.449910
g1576 g1603 31.832170 17.028940
g1576 g1606 31.832170 17.028940
g1576 g1609 31.832170 17.028940
g1576 g1648 31.832170 19.391040
g1576 g1651 31.832170 19.391040
g1576 g1654 31.832170 19.391040
g1576 g1693 23.164670 19.561710
g1576 g1694 23.164670 19.561710
g1576 g1695 23.164670 19.561710
g1576 g1696 27.022310 20.633900
g1576 g1697 27.022310 20.633900
g1576 g1698 27.022310 20.633900
g1576 g1699 26.622680 22.328580
g1576 g1700 26.622680 22.328580
g1576 g1701 26.622680 22.328580
g1576 g1703 21.379650 17.966230
g1576 g1704 21.441470 18.900810
g1576 g1702 21.441470 18.900810
g1576 g1679 14.102210 12.006770
g1579 g1567 31.102490 18.950650
g1579 g1570 31.102490 18.950650
g1579 g1573 31.102490 18.950650
g1579 g1612 30.917810 18.961950
g1579 g1615 30.917810 18.961950
g1579 g1618 30.917810 18.961950
g1579 g1576 30.917810 9.493200
g1579 g1579 30.917810 2.187800
g1579 g1582 30.917810 9.493200
g1579 g1621 30.917810 12.590920
g1579 g1624 30.917810 12.590920
g1579 g1627 30.917810 12.590920
g1579 g1585 31.102490 13.845950
g1579 g1588 31.102490 13.845950
g1579 g1591 31.102490 13.845950
g1579 g1630 31.102490 16.208050
g1579 g1633 31.102490 16.208050
g1579 g1636 31.102490 16.208050
g1579 g1594 31.102490 14.173450
g1579 g1597 31.102490 14.173450
g1579 g1600 31.102490 14.173450
g1579 g1639 31.102490 16.535550
g1579 g1642 31.102490 16.535550
g1579 g1645 31.102490 16.535550
g1579 g1603 30.917810 16.114580
g1579 g1606 30.917810 16.114580
g1579 g1609 30.917810 16.114580
g1579 g1648 30.917810 18.476680
g1579 g1651 30.917810 18.476680
g1579 g1654 30.917810 18.476680
g1579 g1693 22.250310 18.647350
g1579 g1694 22.250310 18.647350
g1579 g1695 22.250310 18.647350
g1579 g1696 26.107950 19.719540
g1579 g1697 26.107950 19.719540
g1579 g1698 26.107950 19.719540
g1579 g1699 25.708320 21.414220
g1579 g1700 25.708320 21.414220
g1579 g1701 25.708320 21.414220
g1579 g1703 20.465290 17.051870
g1579 g1704 20.527110 17.986450
g1579 g1702 20.527110 17.986450
g1579 g1679 13.187850 11.092410
g1582 g1567 32.246850 20.095010
g1582 g1570 32.246850 20.095010
g1582 g1573 32.246850 20.095010
g1582 g1612 32.062170 20.106310
g1582 g1615 32.062170 20.106310
g1582 g1618 32.062170 20.106310
g1582 g1576 32.062170 10.637560
g1582 g1579 32.062170 10.637560
g1582 g1582 32.062170 2.187800
g1582 g1621 32.062170 13.735280
g1582 g1624 32.062170 13.735280
g1582 g1627 32.062170 13.735280
g1582 g1585 32.246850 14.990310
g1582 g1588 32.246850 14.990310
g1582 g1591 32.246850 14.990310
g1582 g1630 32.246850 17.352410
g1582 g1633 32.246850 17.352410
g1582 g1636 32.246850 17.352410
g1582 g1594 32.246850 15.317810
g1582 g1597 32.246850 15.317810
g1582 g1600 32.246850 15.317810
g1582 g1639 32.246850 17.679910
g1582 g1642 32.246850 17.679910
g1582 g1645 32.246850 17.679910
g1582 g1603 32.062170 17.258940
g1582 g1606 32.062170 17.258940
g1582 g1609 32.062170 17.258940
g1582 g1648 32.062170 19.621040
g1582 g1651 32.062170 19.621040
g1582 g1654 32.062170 19.621040
g1582 g1693 23.394670 19.791710
g1582 g1694 23.394670 19.791710
g1582 g1695 23.394670 19.791710
g1582 g1696 27.252310 20.863900
g1582 g1697 27.252310 20.863900
g1582 g1698 27.252310 20.863900
g1582 g1699 26.852680 22.558580
g1582 g1700 26.852680 22.558580
g1582 g1701 26.852680 22.558580
g1582 g1703 21.609650 18.196230
g1582 g1704 21.671470 19.130810
g1582 g1702 21.671470 19.130810
g1582 g1679 14.332210 12.236770
g1621 g1567 31.870580 20.167760
g1621 g1570 31.870580 20.167760
g1621 g1573 31.870580 20.167760
g1621 g1612 31.685900 20.179060
g1621 g1615 31.685900 20.179060
g1621 g1618 31.685900 20.179060
g1621 g1576 31.685900 20.179060
g1621 g1579 31.685900 20.179060
g1621 g1582 31.685900 20.179060
g1621 g1621 31.685900 2.187800
g1621 g1624 31.685900 9.841110
g1621 g1627 31.685900 9.841110
g1621 g1585 31.870580 14.123030
g1621 g1588 31.870580 14.123030
g1621 g1591 31.870580 14.123030
g1621 g1630 31.870580 16.485130
g1621 g1633 31.870580 16.485130
g1621 g1636 31.870580 16.485130
g1621 g1594 31.870580 14.450530
g1621 g1597 31.870580 14.450530
g1621 g1600 31.870580 14.450530
g1621 g1639 31.870580 16.812630
g1621 g1642 31.870580 16.812630
g1621 g1645 31.870580 16.812630
g1621 g1603 31.685900 16.391660
g1621 g1606 31.685900 16.391660
g1621 g1609 31.685900 16.391660
g1621 g1648 31.685900 18.753760
g1621 g1651 31.685900 18.753760
g1621 g1654 31.685900 18.753760
g1621 g1693 23.348400 19.845440
g1621 g1694 23.348400 19.845440
g1621 g1695 23.348400 19.845440
g1621 g1696 26.876040 21.296480
g1621 g1697 26.876040 21.296480
g1621 g1698 26.876040 21.296480
g1621 g1699 26.687300 21.488360
g1621 g1700 26.687300 21.488360
g1621 g1701 26.687300 21.488360
g1621 g1703 21.233380 17.126010
g1621 g1704 21.295200 18.060590
g1621 g1702 21.295200 18.060590
g1621 g1679 12.821260 11.256780
g1624 g1567 30.961720 19.258900
g1624 g1570 30.961720 19.258900
g1624 g1573 30.961720 19.258900
g1624 g1612 30.777040 19.270200
g1624 g1615 30.777040 19.270200
g1624 g1618 30.777040 19.270200
g1624 g1576 30.777040 19.270200
g1624 g1579 30.777040 19.270200
g1624 g1582 30.777040 19.270200
g1624 g1621 30.777040 8.932250
g1624 g1624 30.777040 2.187800
g1624 g1627 30.777040 8.932250
g1624 g1585 30.961720 13.214170
g1624 g1588 30.961720 13.214170
g1624 g1591 30.961720 13.214170
g1624 g1630 30.961720 15.576270
g1624 g1633 30.961720 15.576270
g1624 g1636 30.961720 15.576270
g1624 g1594 30.961720 13.541670
g1624 g1597 30.961720 13.541670
g1624 g1600 30.961720 13.541670
g1624 g1639 30.961720 15.903770
g1624 g1642 30.961720 15.903770
g1624 g1645 30.961720 15.903770
g1624 g1603 30.777040 15.482800
g1624 g1606 30.777040 15.482800
g1624 g1609 30.777040 15.482800
g1624 g1648 30.777040 17.844900
g1624 g1651 30.777040 17.844900
g1624 g1654 30.777040 17.844900
g1624 g1693 22.439540 18.936580
g1624 g1694 22.439540 18.936580
g1624 g1695 22.439540 18.936580
g1624 g1696 25.967180 20.387620
g1624 g1697 25.967180 20.387620
g1624 g1698 25.967180 20.387620
g1624 g1699 25.778440 20.579500
g1624 g1700 25.778440 20.579500
g1624 g1701 25.778440 20.579500
g1624 g1703 20.324520 16.217150
g1624 g1704 20.386340 17.151730
g1624 g1702 20.386340 17.151730
g1624 g1679 11.912400 10.347920
g1627 g1567 32.100580 20.397760
g1627 g1570 32.100580 20.397760
g1627 g1573 32.100580 20.397760
g1627 g1612 31.915900 20.409060
g1627 g1615 31.915900 20.409060
g1627 g1618 31.915900 20.409060
g1627 g1576 31.915900 20.409060
g1627 g1579 31.915900 20.409060
g1627 g1582 31.915900 20.409060
g1627 g1621 31.915900 10.071110
g1627 g1624 31.915900 10.071110
g1627 g1627 31.915900 2.187800
g1627 g1585 32.100580 14.353030
g1627 g1588 32.100580 14.353030
g1627 g1591 32.100580 14.353030
g1627 g1630 32.100580 16.715130
g1627 g1633 32.100580 16.715130
g1627 g1636 32.100580 16.715130
g1627 g1594 32.100580 14.680530
g1627 g1597 32.100580 14.680530
g1627 g1600 32.100580 14.680530
g1627 g1639 32.100580 17.042630
g1627 g1642 32.100580 17.042630
g1627 g1645 32.100580 17.042630
g1627 g1603 31.915900 16.621660
g1627 g1606 31.915900 16.621660
g1627 g1609 31.915900 16.621660
g1627 g1648 31.915900 18.983760
g1627 g1651 31.915900 18.983760
g1627 g1654 31.915900 18.983760
g1627 g1693 23.578400 20.075440
g1627 g1694 23.578400 20.075440
g1627 g1695 23.578400 20.075440
g1627 g1696 27.106040 21.526480
g1627 g1697 27.106040 21.526480
g1627 g1698 27.106040 21.526480
g1627 g1699 26.917300 21.718360
g1627 g1700 26.917300 21.718360
g1627 g1701 26.917300 21.718360
g1627 g1703 21.463380 17.356010
g1627 g1704 21.525200 18.290590
g1627 g1702 21.525200 18.290590
g1627 g1679 13.051260 11.486780
g1585 g1567 31.204510 20.891110
g1585 g1570 31.204510 20.891110
g1585 g1573 31.204510 20.891110
g1585 g1612 31.019830 20.902410
g1585 g1615 31.019830 20.902410
g1585 g1618 31.019830 20.902410
g1585 g1576 31.019830 20.902410
g1585 g1579 31.019830 20.902410
g1585 g1582 31.019830 20.902410
g1585 g1621 31.019830 20.902410
g1585 g1624 31.019830 20.902410
g1585 g1627 31.019830 20.902410
g1585 g1585 31.204510 2.187800
g1585 g1588 31.204510 10.013600
g1585 g1591 31.204510 10.013600
g1585 g1630 31.204510 13.111320
g1585 g1633 31.204510 13.111320
g1585 g1636 31.204510 13.111320
g1585 g1594 31.204510 14.327800
g1585 g1597 31.204510 14.327800
g1585 g1600 31.204510 14.327800
g1585 g1639 31.204510 16.689900
g1585 g1642 31.204510 16.689900
g1585 g1645 31.204510 16.689900
g1585 g1603 31.019830 16.257990
g1585 g1606 31.019830 16.257990
g1585 g1609 31.019830 16.257990
g1585 g1648 31.019830 18.620090
g1585 g1651 31.019830 18.620090
g1585 g1654 31.019830 18.620090
g1585 g1693 22.352330 18.378090
g1585 g1694 22.352330 18.378090
g1585 g1695 22.352330 18.378090
g1585 g1696 26.209970 19.450280
g1585 g1697 26.209970 19.450280
g1585 g1698 26.209970 19.450280
g1585 g1699 25.810340 22.020010
g1585 g1700 25.810340 22.020010
g1585 g1701 25.810340 22.020010
g1585 g1703 20.567310 17.657660
g1585 g1704 20.629130 18.592240
g1585 g1702 20.629130 18.592240
g1585 g1679 12.329920 10.872870
g1588 g1567 30.308630 19.995230
g1588 g1570 30.308630 19.995230
g1588 g1573 30.308630 19.995230
g1588 g1612 30.123950 20.006530
g1588 g1615 30.123950 20.006530
g1588 g1618 30.123950 20.006530
g1588 g1576 30.123950 20.006530
g1588 g1579 30.123950 20.006530
g1588 g1582 30.123950 20.006530
g1588 g1621 30.123950 20.006530
g1588 g1624 30.123950 20.006530
g1588 g1627 30.123950 20.006530
g1588 g1585 30.308630 9.117720
g1588 g1588 30.308630 2.187800
g1588 g1591 30.308630 9.117720
g1588 g1630 30.308630 12.215440
g1588 g1633 30.308630 12.215440
g1588 g1636 30.308630 12.215440
g1588 g1594 30.308630 13.431920
g1588 g1597 30.308630 13.431920
g1588 g1600 30.308630 13.431920
g1588 g1639 30.308630 15.794020
g1588 g1642 30.308630 15.794020
g1588 g1645 30.308630 15.794020
g1588 g1603 30.123950 15.362110
g1588 g1606 30.123950 15.362110
g1588 g1609 30.123950 15.362110
g1588 g1648 30.123950 17.724210
g1588 g1651 30.123950 17.724210
g1588 g1654 30.123950 17.724210
g1588 g1693 21.456450 17.482210
g1588 g1694 21.456450 17.482210
g1588 g1695 21.456450 17.482210
g1588 g1696 25.314090 18.554400
g1588 g1697 25.314090 18.554400
g1588 g1698 25.314090 18.554400
g1588 g1699 24.914460 21.124130
g1588 g1700 24.914460 21.124130
g1588 g1701 24.914460 21.124130
g1588 g1703 19.671430 16.761780
g1588 g1704 19.733250 17.696360
g1588 g1702 19.733250 17.696360
g1588 g1679 11.434040 9.976990
g1591 g1567 31.434510 21.121110
g1591 g1570 31.434510 21.121110
g1591 g1573 31.434510 21.121110
g1591 g1612 31.249830 21.132410
g1591 g1615 31.249830 21.132410
g1591 g1618 31.249830 21.132410
g1591 g1576 31.249830 21.132410
g1591 g1579 31.249830 21.132410
g1591 g1582 31.249830 21.132410
g1591 g1621 31.249830 21.132410
g1591 g1624 31.249830 21.132410
g1591 g1627 31.249830 21.132410
g1591 g1585 31.434510 10.243600
g1591 g1588 31.434510 10.243600
g1591 g1591 31.434510 2.187800
g1591 g1630 31.434510 13.341320
g1591 g1633 31.434510 13.341320
g1591 g1636 31.434510 13.341320
g1591 g1594 31.434510 14.557800
g1591 g1597 31.434510 14.557800
g1591 g1600 31.434510 14.557800
g1591 g1639 31.434510 16.919900
g1591 g1642 31.434510 16.919900
g1591 g1645 31.434510 16.919900
g1591 g1603 31.249830 16.487990
g1591 g1606 31.249830 16.487990
g1591 g1609 31.249830 16.487990
g1591 g1648 31.249830 18.850090
g1591 g1651 31.249830 18.850090
g1591 g1654 31.249830 18.850090
g1591 g1693 22.582330 18.608090
g1591 g1694 22.582330 18.608090
g1591 g1695 22.582330 18.608090
g1591 g1696 26.439970 19.680280
g1591 g1697 26.439970 19.680280
g1591 g1698 26.439970 19.680280
g1591 g1699 26.040340 22.250010
g1591 g1700 26.040340 22.250010
g1591 g1701 26.040340 22.250010
g1591 g1703 20.797310 17.887660
g1591 g1704 20.859130 18.822240
g1591 g1702 20.859130 18.822240
g1591 g1679 12.559920 11.102870
g1630 g1567 31.122610 22.115910
g1630 g1570 31.122610 22.115910
g1630 g1573 31.122610 22.115910
g1630 g1612 30.937930 22.127210
g1630 g1615 30.937930 22.127210
g1630 g1618 30.937930 22.127210
g1630 g1576 30.937930 22.127210
g1630 g1579 30.937930 22.127210
g1630 g1582 30.937930 22.127210
g1630 g1621 30.937930 22.127210
g1630 g1624 30.937930 22.127210
g1630 g1627 30.937930 22.127210
g1630 g1585 31.122610 22.115910
g1630 g1588 31.122610 22.115910
g1630 g1591 31.122610 22.115910
g1630 g1630 31.122610 2.187800
g1630 g1633 31.122610 9.423700
g1630 g1636 31.122610 9.423700
g1630 g1594 31.122610 13.667070
g1630 g1597 31.122610 13.667070
g1630 g1600 31.122610 13.667070
g1630 g1639 31.122610 16.029170
g1630 g1642 31.122610 16.029170
g1630 g1645 31.122610 16.029170
g1630 g1603 30.937930 15.597260
g1630 g1606 30.937930 15.597260
g1630 g1609 30.937930 15.597260
g1630 g1648 30.937930 17.959360
g1630 g1651 30.937930 17.959360
g1630 g1654 30.937930 17.959360
g1630 g1693 22.600430 18.626190
g1630 g1694 22.600430 18.626190
g1630 g1695 22.600430 18.626190
g1630 g1696 26.128070 20.606290
g1630 g1697 26.128070 20.606290
g1630 g1698 26.128070 20.606290
g1630 g1699 25.939330 21.404110
g1630 g1700 25.939330 21.404110
g1630 g1701 25.939330 21.404110
g1630 g1703 20.485410 17.041760
g1630 g1704 20.547230 17.976340
g1630 g1702 20.547230 17.976340
g1630 g1679 15.006260 13.288470
g1633 g1567 30.233330 21.226630
g1633 g1570 30.233330 21.226630
g1633 g1573 30.233330 21.226630
g1633 g1612 30.048650 21.237930
g1633 g1615 30.048650 21.237930
g1633 g1618 30.048650 21.237930
g1633 g1576 30.048650 21.237930
g1633 g1579 30.048650 21.237930
g1633 g1582 30.048650 21.237930
g1633 g1621 30.048650 21.237930
g1633 g1624 30.048650 21.237930
g1633 g1627 30.048650 21.237930
g1633 g1585 30.233330 21.226630
g1633 g1588 30.233330 21.226630
g1633 g1591 30.233330 21.226630
g1633 g1630 30.233330 8.534420
g1633 g1633 30.233330 2.187800
g1633 g1636 30.233330 8.534420
g1633 g1594 30.233330 12.777790
g1633 g1597 30.233330 12.777790
g1633 g1600 30.233330 12.777790
g1633 g1639 30.233330 15.139890
g1633 g1642 30.233330 15.139890
g1633 g1645 30.233330 15.139890
g1633 g1603 30.048650 14.707980
g1633 g1606 30.048650 14.707980
g1633 g1609 30.048650 14.707980
g1633 g1648 30.048650 17.070080
g1633 g1651 30.048650 17.070080
g1633 g1654 30.048650 17.070080
g1633 g1693 21.711150 17.736910
g1633 g1694 21.711150 17.736910
g1633 g1695 21.711150 17.736910
g1633 g1696 25.238790 19.717010
g1633 g1697 25.238790 19.717010
g1633 g1698 25.238790 19.717010
g1633 g1699 25.050050 20.514830
g1633 g1700 25.050050 20.514830
g1633 g1701 25.050050 20.514830
g1633 g1703 19.596130 16.152480
g1633 g1704 19.657950 17.087060
g1633 g1702 19.657950 17.087060
g1633 g1679 14.116980 12.399190
g1636 g1567 31.352610 22.345910
g1636 g1570 31.352610 22.345910
g1636 g1573 31.352610 22.345910
g1636 g1612 31.167930 22.357210
g1636 g1615 31.167930 22.357210
g1636 g1618 31.167930 22.357210
g1636 g1576 31.167930 22.357210
g1636 g1579 31.167930 22.357210
g1636 g1582 31.167930 22.357210
g1636 g1621 31.167930 22.357210
g1636 g1624 31.167930 22.357210
g1636 g1627 31.167930 22.357210
g1636 g1585 31.352610 22.345910
g1636 g1588 31.352610 22.345910
g1636 g1591 31.352610 22.345910
g1636 g1630 31.352610 9.653700
g1636 g1633 31.352610 9.653700
g1636 g1636 31.352610 2.187800
g1636 g1594 31.352610 13.897070
g1636 g1597 31.352610 13.897070
g1636 g1600 31.352610 13.897070
g1636 g1639 31.352610 16.259170
g1636 g1642 31.352610 16.259170
g1636 g1645 31.352610 16.259170
g1636 g1603 31.167930 15.827260
g1636 g1606 31.167930 15.827260
g1636 g1609 31.167930 15.827260
g1636 g1648 31.167930 18.189360
g1636 g1651 31.167930 18.189360
g1636 g1654 31.167930 18.189360
g1636 g1693 22.830430 18.856190
g1636 g1694 22.830430 18.856190
g1636 g1695 22.830430 18.856190
g1636 g1696 26.358070 20.836290
g1636 g1697 26.358070 20.836290
g1636 g1698 26.358070 20.836290
g1636 g1699 26.169330 21.634110
g1636 g1700 26.169330 21.634110
g1636 g1701 26.169330 21.634110
g1636 g1703 20.715410 17.271760
g1636 g1704 20.777230 18.206340
g1636 g1702 20.777230 18.206340
g1636 g1679 15.236260 13.518470
g1594 g1567 30.957620 20.417660
g1594 g1570 30.957620 20.417660
g1594 g1573 30.957620 20.417660
g1594 g1612 30.772940 20.428960
g1594 g1615 30.772940 20.428960
g1594 g1618 30.772940 20.428960
g1594 g1576 30.772940 20.428960
g1594 g1579 30.772940 20.428960
g1594 g1582 30.772940 20.428960
g1594 g1621 30.772940 20.428960
g1594 g1624 30.772940 20.428960
g1594 g1627 30.772940 20.428960
g1594 g1585 30.957620 20.417660
g1594 g1588 30.957620 20.417660
g1594 g1591 30.957620 20.417660
g1594 g1630 30.957620 20.417660
g1594 g1633 30.957620 20.417660
g1594 g1636 30.957620 20.417660
g1594 g1594 30.957620 2.187800
g1594 g1597 30.957620 9.990150
g1594 g1600 30.957620 9.990150
g1594 g1639 30.957620 13.169070
g1594 g1642 30.957620 13.169070
g1594 g1645 30.957620 13.169070
g1594 g1603 30.772940 12.837610
g1594 g1606 30.772940 12.837610
g1594 g1609 30.772940 12.837610
g1594 g1648 30.772940 15.199710
g1594 g1651 30.772940 15.199710
g1594 g1654 30.772940 15.199710
g1594 g1693 22.105440 18.467710
g1594 g1694 22.105440 18.467710
g1594 g1695 22.105440 18.467710
g1594 g1696 25.963080 19.539900
g1594 g1697 25.963080 19.539900
g1594 g1698 25.963080 19.539900
g1594 g1699 25.563450 21.129890
g1594 g1700 25.563450 21.129890
g1594 g1701 25.563450 21.129890
g1594 g1703 20.320420 16.767540
g1594 g1704 20.382240 17.702120
g1594 g1702 20.382240 17.702120
g1594 g1679 14.508770 11.590220
g1597 g1567 30.062840 19.522880
g1597 g1570 30.062840 19.522880
g1597 g1573 30.062840 19.522880
g1597 g1612 29.878160 19.534180
g1597 g1615 29.878160 19.534180
g1597 g1618 29.878160 19.534180
g1597 g1576 29.878160 19.534180
g1597 g1579 29.878160 19.534180
g1597 g1582 29.878160 19.534180
g1597 g1621 29.878160 19.534180
g1597 g1624 29.878160 19.534180
g1597 g1627 29.878160 19.534180
g1597 g1585 30.062840 19.522880
g1597 g1588 30.062840 19.522880
g1597 g1591 30.062840 19.522880
g1597 g1630 30.062840 19.522880
g1597 g1633 30.062840 19.522880
g1597 g1636 30.062840 19.522880
g1597 g1594 30.062840 9.095370
g1597 g1597 30.062840 2.187800
g1597 g1600 30.062840 9.095370
g1597 g1639 30.062840 12.274290
g1597 g1642 30.062840 12.274290
g1597 g1645 30.062840 12.274290
g1597 g1603 29.878160 11.942830
g1597 g1606 29.878160 11.942830
g1597 g1609 29.878160 11.942830
g1597 g1648 29.878160 14.304930
g1597 g1651 29.878160 14.304930
g1597 g1654 29.878160 14.304930
g1597 g1693 21.210660 17.572930
g1597 g1694 21.210660 17.572930
g1597 g1695 21.210660 17.572930
g1597 g1696 25.068300 18.645120
g1597 g1697 25.068300 18.645120
g1597 g1698 25.068300 18.645120
g1597 g1699 24.668670 20.235110
g1597 g1700 24.668670 20.235110
g1597 g1701 24.668670 20.235110
g1597 g1703 19.425640 15.872760
g1597 g1704 19.487460 16.807340
g1597 g1702 19.487460 16.807340
g1597 g1679 13.613990 10.695440
g1600 g1567 31.187620 20.647660
g1600 g1570 31.187620 20.647660
g1600 g1573 31.187620 20.647660
g1600 g1612 31.002940 20.658960
g1600 g1615 31.002940 20.658960
g1600 g1618 31.002940 20.658960
g1600 g1576 31.002940 20.658960
g1600 g1579 31.002940 20.658960
g1600 g1582 31.002940 20.658960
g1600 g1621 31.002940 20.658960
g1600 g1624 31.002940 20.658960
g1600 g1627 31.002940 20.658960
g1600 g1585 31.187620 20.647660
g1600 g1588 31.187620 20.647660
g1600 g1591 31.187620 20.647660
g1600 g1630 31.187620 20.647660
g1600 g1633 31.187620 20.647660
g1600 g1636 31.187620 20.647660
g1600 g1594 31.187620 10.220150
g1600 g1597 31.187620 10.220150
g1600 g1600 31.187620 2.187800
g1600 g1639 31.187620 13.399070
g1600 g1642 31.187620 13.399070
g1600 g1645 31.187620 13.399070
g1600 g1603 31.002940 13.067610
g1600 g1606 31.002940 13.067610
g1600 g1609 31.002940 13.067610
g1600 g1648 31.002940 15.429710
g1600 g1651 31.002940 15.429710
g1600 g1654 31.002940 15.429710
g1600 g1693 22.335440 18.697710
g1600 g1694 22.335440 18.697710
g1600 g1695 22.335440 18.697710
g1600 g1696 26.193080 19.769900
g1600 g1697 26.193080 19.769900
g1600 g1698 26.193080 19.769900
g1600 g1699 25.793450 21.359890
g1600 g1700 25.793450 21.359890
g1600 g1701 25.793450 21.359890
g1600 g1703 20.550420 16.997540
g1600 g1704 20.612240 17.932120
g1600 g1702 20.612240 17.932120
g1600 g1679 14.738770 11.820220
g1639 g1567 31.111060 20.187040
g1639 g1570 31.111060 20.187040
g1639 g1573 31.111060 20.187040
g1639 g1612 30.926380 20.198340
g1639 g1615 30.926380 20.198340
g1639 g1618 30.926380 20.198340
g1639 g1576 30.926380 20.198340
g1639 g1579 30.926380 20.198340
g1639 g1582 30.926380 20.198340
g1639 g1621 30.926380 20.198340
g1639 g1624 30.926380 20.198340
g1639 g1627 30.926380 20.198340
g1639 g1585 31.111060 20.187040
g1639 g1588 31.111060 20.187040
g1639 g1591 31.111060 20.187040
g1639 g1630 31.111060 20.187040
g1639 g1633 31.111060 20.187040
g1639 g1636 31.111060 20.187040
g1639 g1594 31.111060 20.187040
g1639 g1597 31.111060 20.187040
g1639 g1600 31.111060 20.187040
g1639 g1639 31.111060 2.187800
g1639 g1642 31.111060 9.550330
g1639 g1645 31.111060 9.550330
g1639 g1603 30.926380 12.318730
g1639 g1606 30.926380 12.318730
g1639 g1609 30.926380 12.318730
g1639 g1648 30.926380 14.680830
g1639 g1651 30.926380 14.680830
g1639 g1654 30.926380 14.680830
g1639 g1693 22.588880 18.809000
g1639 g1694 22.588880 18.809000
g1639 g1695 22.588880 18.809000
g1639 g1696 26.116520 20.720220
g1639 g1697 26.116520 20.720220
g1639 g1698 26.116520 20.720220
g1639 g1699 25.927780 20.912100
g1639 g1700 25.927780 20.912100
g1639 g1701 25.927780 20.912100
g1639 g1703 20.473860 16.549750
g1639 g1704 20.535680 17.484330
g1639 g1702 20.535680 17.484330
g1639 g1679 15.383600 11.359600
g1642 g1567 30.215840 19.291820
g1642 g1570 30.215840 19.291820
g1642 g1573 30.215840 19.291820
g1642 g1612 30.031160 19.303120
g1642 g1615 30.031160 19.303120
g1642 g1618 30.031160 19.303120
g1642 g1576 30.031160 19.303120
g1642 g1579 30.031160 19.303120
g1642 g1582 30.031160 19.303120
g1642 g1621 30.031160 19.303120
g1642 g1624 30.031160 19.303120
g1642 g1627 30.031160 19.303120
g1642 g1585 30.215840 19.291820
g1642 g1588 30.215840 19.291820
g1642 g1591 30.215840 19.291820
g1642 g1630 30.215840 19.291820
g1642 g1633 30.215840 19.291820
g1642 g1636 30.215840 19.291820
g1642 g1594 30.215840 19.291820
g1642 g1597 30.215840 19.291820
g1642 g1600 30.215840 19.291820
g1642 g1639 30.215840 8.655110
g1642 g1642 30.215840 2.187800
g1642 g1645 30.215840 8.655110
g1642 g1603 30.031160 11.423510
g1642 g1606 30.031160 11.423510
g1642 g1609 30.031160 11.423510
g1642 g1648 30.031160 13.785610
g1642 g1651 30.031160 13.785610
g1642 g1654 30.031160 13.785610
g1642 g1693 21.693660 17.913780
g1642 g1694 21.693660 17.913780
g1642 g1695 21.693660 17.913780
g1642 g1696 25.221300 19.825000
g1642 g1697 25.221300 19.825000
g1642 g1698 25.221300 19.825000
g1642 g1699 25.032560 20.016880
g1642 g1700 25.032560 20.016880
g1642 g1701 25.032560 20.016880
g1642 g1703 19.578640 15.654530
g1642 g1704 19.640460 16.589110
g1642 g1702 19.640460 16.589110
g1642 g1679 14.488380 10.464380
g1645 g1567 31.341060 20.417040
g1645 g1570 31.341060 20.417040
g1645 g1573 31.341060 20.417040
g1645 g1612 31.156380 20.428340
g1645 g1615 31.156380 20.428340
g1645 g1618 31.156380 20.428340
g1645 g1576 31.156380 20.428340
g1645 g1579 31.156380 20.428340
g1645 g1582 31.156380 20.428340
g1645 g1621 31.156380 20.428340
g1645 g1624 31.156380 20.428340
g1645 g1627 31.156380 20.428340
g1645 g1585 31.341060 20.417040
g1645 g1588 31.341060 20.417040
g1645 g1591 31.341060 20.417040
g1645 g1630 31.341060 20.417040
g1645 g1633 31.341060 20.417040
g1645 g1636 31.341060 20.417040
g1645 g1594 31.341060 20.417040
g1645 g1597 31.341060 20.417040
g1645 g1600 31.341060 20.417040
g1645 g1639 31.341060 9.780330
g1645 g1642 31.341060 9.780330
g1645 g1645 31.341060 2.187800
g1645 g1603 31.156380 12.548730
g1645 g1606 31.156380 12.548730
g1645 g1609 31.156380 12.548730
g1645 g1648 31.156380 14.910830
g1645 g1651 31.156380 14.910830
g1645 g1654 31.156380 14.910830
g1645 g1693 22.818880 19.039000
g1645 g1694 22.818880 19.039000
g1645 g1695 22.818880 19.039000
g1645 g1696 26.346520 20.950220
g1645 g1697 26.346520 20.950220
g1645 g1698 26.346520 20.950220
g1645 g1699 26.157780 21.142100
g1645 g1700 26.157780 21.142100
g1645 g1701 26.157780 21.142100
g1645 g1703 20.703860 16.779750
g1645 g1704 20.765680 17.714330
g1645 g1702 20.765680 17.714330
g1645 g1679 15.613600 11.589600
g1603 g1567 32.460310 18.717210
g1603 g1570 32.460310 18.717210
g1603 g1573 32.460310 18.717210
g1603 g1612 32.275630 18.728510
g1603 g1615 32.275630 18.728510
g1603 g1618 32.275630 18.728510
g1603 g1576 32.275630 18.728510
g1603 g1579 32.275630 18.728510
g1603 g1582 32.275630 18.728510
g1603 g1621 32.275630 18.728510
g1603 g1624 32.275630 18.728510
g1603 g1627 32.275630 18.728510
g1603 g1585 32.460310 18.717210
g1603 g1588 32.460310 18.717210
g1603 g1591 32.460310 18.717210
g1603 g1630 32.460310 18.717210
g1603 g1633 32.460310 18.717210
g1603 g1636 32.460310 18.717210
g1603 g1594 32.460310 18.717210
g1603 g1597 32.460310 18.717210
g1603 g1600 32.460310 18.717210
g1603 g1639 32.460310 18.717210
g1603 g1642 32.460310 18.717210
g1603 g1645 32.460310 18.717210
g1603 g1603 32.275630 2.187800
g1603 g1606 32.275630 9.816620
g1603 g1609 32.275630 9.816620
g1603 g1648 32.275630 12.597660
g1603 g1651 32.275630 12.597660
g1603 g1654 32.275630 12.597660
g1603 g1693 23.608130 17.749670
g1603 g1694 23.608130 17.749670
g1603 g1695 23.608130 17.749670
g1603 g1696 27.465770 18.821860
g1603 g1697 27.465770 18.821860
g1603 g1698 27.465770 18.821860
g1603 g1699 27.066140 20.724000
g1603 g1700 27.066140 20.724000
g1603 g1701 27.066140 20.724000
g1603 g1703 21.823110 16.361650
g1603 g1704 21.884930 17.296230
g1603 g1702 21.884930 17.296230
g1603 g1679 11.812970 9.235140
g1606 g1567 31.573670 17.830570
g1606 g1570 31.573670 17.830570
g1606 g1573 31.573670 17.830570
g1606 g1612 31.388990 17.841870
g1606 g1615 31.388990 17.841870
g1606 g1618 31.388990 17.841870
g1606 g1576 31.388990 17.841870
g1606 g1579 31.388990 17.841870
g1606 g1582 31.388990 17.841870
g1606 g1621 31.388990 17.841870
g1606 g1624 31.388990 17.841870
g1606 g1627 31.388990 17.841870
g1606 g1585 31.573670 17.830570
g1606 g1588 31.573670 17.830570
g1606 g1591 31.573670 17.830570
g1606 g1630 31.573670 17.830570
g1606 g1633 31.573670 17.830570
g1606 g1636 31.573670 17.830570
g1606 g1594 31.573670 17.830570
g1606 g1597 31.573670 17.830570
g1606 g1600 31.573670 17.830570
g1606 g1639 31.573670 17.830570
g1606 g1642 31.573670 17.830570
g1606 g1645 31.573670 17.830570
g1606 g1603 31.388990 8.929980
g1606 g1606 31.388990 2.187800
g1606 g1609 31.388990 8.929980
g1606 g1648 31.388990 11.711020
g1606 g1651 31.388990 11.711020
g1606 g1654 31.388990 11.711020
g1606 g1693 22.721490 16.863030
g1606 g1694 22.721490 16.863030
g1606 g1695 22.721490 16.863030
g1606 g1696 26.579130 17.935220
g1606 g1697 26.579130 17.935220
g1606 g1698 26.579130 17.935220
g1606 g1699 26.179500 19.837360
g1606 g1700 26.179500 19.837360
g1606 g1701 26.179500 19.837360
g1606 g1703 20.936470 15.475010
g1606 g1704 20.998290 16.409590
g1606 g1702 20.998290 16.409590
g1606 g1679 10.926330 8.348500
g1609 g1567 32.690310 18.947210
g1609 g1570 32.690310 18.947210
g1609 g1573 32.690310 18.947210
g1609 g1612 32.505630 18.958510
g1609 g1615 32.505630 18.958510
g1609 g1618 32.505630 18.958510
g1609 g1576 32.505630 18.958510
g1609 g1579 32.505630 18.958510
g1609 g1582 32.505630 18.958510
g1609 g1621 32.505630 18.958510
g1609 g1624 32.505630 18.958510
g1609 g1627 32.505630 18.958510
g1609 g1585 32.690310 18.947210
g1609 g1588 32.690310 18.947210
g1609 g1591 32.690310 18.947210
g1609 g1630 32.690310 18.947210
g1609 g1633 32.690310 18.947210
g1609 g1636 32.690310 18.947210
g1609 g1594 32.690310 18.947210
g1609 g1597 32.690310 18.947210
g1609 g1600 32.690310 18.947210
g1609 g1639 32.690310 18.947210
g1609 g1642 32.690310 18.947210
g1609 g1645 32.690310 18.947210
g1609 g1603 32.505630 10.046620
g1609 g1606 32.505630 10.046620
g1609 g1609 32.505630 2.187800
g1609 g1648 32.505630 12.827660
g1609 g1651 32.505630 12.827660
g1609 g1654 32.505630 12.827660
g1609 g1693 23.838130 17.979670
g1609 g1694 23.838130 17.979670
g1609 g1695 23.838130 17.979670
g1609 g1696 27.695770 19.051860
g1609 g1697 27.695770 19.051860
g1609 g1698 27.695770 19.051860
g1609 g1699 27.296140 20.954000
g1609 g1700 27.296140 20.954000
g1609 g1701 27.296140 20.954000
g1609 g1703 22.053110 16.591650
g1609 g1704 22.114930 17.526230
g1609 g1702 22.114930 17.526230
g1609 g1679 12.042970 9.465140
g1648 g1567 31.827840 18.474490
g1648 g1570 31.827840 18.474490
g1648 g1573 31.827840 18.474490
g1648 g1612 31.643160 18.485790
g1648 g1615 31.643160 18.485790
g1648 g1618 31.643160 18.485790
g1648 g1576 31.643160 18.485790
g1648 g1579 31.643160 18.485790
g1648 g1582 31.643160 18.485790
g1648 g1621 31.643160 18.485790
g1648 g1624 31.643160 18.485790
g1648 g1627 31.643160 18.485790
g1648 g1585 31.827840 18.474490
g1648 g1588 31.827840 18.474490
g1648 g1591 31.827840 18.474490
g1648 g1630 31.827840 18.474490
g1648 g1633 31.827840 18.474490
g1648 g1636 31.827840 18.474490
g1648 g1594 31.827840 18.474490
g1648 g1597 31.827840 18.474490
g1648 g1600 31.827840 18.474490
g1648 g1639 31.827840 18.474490
g1648 g1642 31.827840 18.474490
g1648 g1645 31.827840 18.474490
g1648 g1603 31.643160 18.485790
g1648 g1606 31.643160 18.485790
g1648 g1609 31.643160 18.485790
g1648 g1648 31.643160 2.187800
g1648 g1651 31.643160 8.954700
g1648 g1654 31.643160 8.954700
g1648 g1693 23.305660 17.823010
g1648 g1694 23.305660 17.823010
g1648 g1695 23.305660 17.823010
g1648 g1696 26.833300 19.384230
g1648 g1697 26.833300 19.384230
g1648 g1698 26.833300 19.384230
g1648 g1699 26.644560 19.576110
g1648 g1700 26.644560 19.576110
g1648 g1701 26.644560 19.576110
g1648 g1703 21.190640 15.213760
g1648 g1704 21.252460 16.148340
g1648 g1702 21.252460 16.148340
g1648 g1679 12.140590 8.728700
g1651 g1567 30.960560 17.607210
g1651 g1570 30.960560 17.607210
g1651 g1573 30.960560 17.607210
g1651 g1612 30.775880 17.618510
g1651 g1615 30.775880 17.618510
g1651 g1618 30.775880 17.618510
g1651 g1576 30.775880 17.618510
g1651 g1579 30.775880 17.618510
g1651 g1582 30.775880 17.618510
g1651 g1621 30.775880 17.618510
g1651 g1624 30.775880 17.618510
g1651 g1627 30.775880 17.618510
g1651 g1585 30.960560 17.607210
g1651 g1588 30.960560 17.607210
g1651 g1591 30.960560 17.607210
g1651 g1630 30.960560 17.607210
g1651 g1633 30.960560 17.607210
g1651 g1636 30.960560 17.607210
g1651 g1594 30.960560 17.607210
g1651 g1597 30.960560 17.607210
g1651 g1600 30.960560 17.607210
g1651 g1639 30.960560 17.607210
g1651 g1642 30.960560 17.607210
g1651 g1645 30.960560 17.607210
g1651 g1603 30.775880 17.618510
g1651 g1606 30.775880 17.618510
g1651 g1609 30.775880 17.618510
g1651 g1648 30.775880 8.087420
g1651 g1651 30.775880 2.187800
g1651 g1654 30.775880 8.087420
g1651 g1693 22.438380 16.955730
g1651 g1694 22.438380 16.955730
g1651 g1695 22.438380 16.955730
g1651 g1696 25.966020 18.516950
g1651 g1697 25.966020 18.516950
g1651 g1698 25.966020 18.516950
g1651 g1699 25.777280 18.708830
g1651 g1700 25.777280 18.708830
g1651 g1701 25.777280 18.708830
g1651 g1703 20.323360 14.346480
g1651 g1704 20.385180 15.281060
g1651 g1702 20.385180 15.281060
g1651 g1679 11.273310 7.861420
g1654 g1567 32.057840 18.704490
g1654 g1570 32.057840 18.704490
g1654 g1573 32.057840 18.704490
g1654 g1612 31.873160 18.715790
g1654 g1615 31.873160 18.715790
g1654 g1618 31.873160 18.715790
g1654 g1576 31.873160 18.715790
g1654 g1579 31.873160 18.715790
g1654 g1582 31.873160 18.715790
g1654 g1621 31.873160 18.715790
g1654 g1624 31.873160 18.715790
g1654 g1627 31.873160 18.715790
g1654 g1585 32.057840 18.704490
g1654 g1588 32.057840 18.704490
g1654 g1591 32.057840 18.704490
g1654 g1630 32.057840 18.704490
g1654 g1633 32.057840 18.704490
g1654 g1636 32.057840 18.704490
g1654 g1594 32.057840 18.704490
g1654 g1597 32.057840 18.704490
g1654 g1600 32.057840 18.704490
g1654 g1639 32.057840 18.704490
g1654 g1642 32.057840 18.704490
g1654 g1645 32.057840 18.704490
g1654 g1603 31.873160 18.715790
g1654 g1606 31.873160 18.715790
g1654 g1609 31.873160 18.715790
g1654 g1648 31.873160 9.184700
g1654 g1651 31.873160 9.184700
g1654 g1654 31.873160 2.187800
g1654 g1693 23.535660 18.053010
g1654 g1694 23.535660 18.053010
g1654 g1695 23.535660 18.053010
g1654 g1696 27.063300 19.614230
g1654 g1697 27.063300 19.614230
g1654 g1698 27.063300 19.614230
g1654 g1699 26.874560 19.806110
g1654 g1700 26.874560 19.806110
g1654 g1701 26.874560 19.806110
g1654 g1703 21.420640 15.443760
g1654 g1704 21.482460 16.378340
g1654 g1702 21.482460 16.378340
g1654 g1679 12.370590 8.958700
g1466 g1466 2.781020 2.136980
g1466 g1462 5.075830 4.330150
g1466 g1457 7.212490 6.466810
g1466 g1453 9.349150 8.603470
g1466 g1448 11.485810 10.740130
g1466 g1444 13.622470 12.876790
g1466 g1439 15.759130 15.013450
g1466 g1435 17.895790 17.150110
g1466 g1430 20.016050 19.270370
g1466 g1426 21.993380 21.993380
g1466 g1679 8.243060 6.803470
g1462 g1462 3.034740 2.390700
g1462 g1457 5.075830 4.330150
g1462 g1453 7.212490 6.466810
g1462 g1448 9.349150 8.603470
g1462 g1444 11.485810 10.740130
g1462 g1439 13.622470 12.876790
g1462 g1435 15.759130 15.013450
g1462 g1430 17.879390 17.133710
g1462 g1426 19.856720 19.856720
g1462 g1679 7.628280 6.349640
g1457 g1457 3.034740 2.390700
g1457 g1453 5.075830 4.330150
g1457 g1448 7.212490 6.466810
g1457 g1444 9.349150 8.603470
g1457 g1439 11.485810 10.740130
g1457 g1435 13.622470 12.876790
g1457 g1430 15.742730 14.997050
g1457 g1426 17.720060 17.720060
g1457 g1679 8.493550 7.214970
g1453 g1453 3.034740 2.390700
g1453 g1448 5.075830 4.330150
g1453 g1444 7.212490 6.466810
g1453 g1439 9.349150 8.603470
g1453 g1435 11.485810 10.740130
g1453 g1430 13.606070 12.860390
g1453 g1426 15.583400 15.583400
g1453 g1679 7.329850 6.051270
g1448 g1448 3.034740 2.390700
g1448 g1444 5.075830 4.330150
g1448 g1439 7.212490 6.466810
g1448 g1435 9.349150 8.603470
g1448 g1430 11.469410 10.723730
g1448 g1426 13.446740 13.446740
g1448 g1679 7.115220 5.734310
g1444 g1444 3.034740 2.390700
g1444 g1439 5.075830 4.330150
g1444 g1435 7.212490 6.466810
g1444 g1430 9.332750 8.587070
g1444 g1426 11.310080 11.310080
g1444 g1679 9.932260 8.492690
g1439 g1439 3.034740 2.390700
g1439 g1435 5.075830 4.330150
g1439 g1430 7.196090 6.450410
g1439 g1426 9.173420 9.173420
g1439 g1679 9.317520 8.038880
g1435 g1435 3.034740 2.390700
g1435 g1430 5.059470 4.313790
g1435 g1426 7.036800 7.036800
g1435 g1679 10.182970 8.904390
g1430 g1430 3.034740 2.390700
g1430 g1426 5.458590 5.458590
g1430 g1679 6.795250 5.516680
g1426 g1426 4.269330 4.269330
g1426 g1679 7.535590 6.257080
g1735 g1735 10.949520 1.967700
g1735 g1724 10.949520 8.805250
g1735 g1727 10.949520 8.805250
g1735 g1750 8.988440 8.894670
g1735 g1739 8.988440 8.894670
g1735 g1742 8.988440 8.894670
g1735 g1765 10.175580 8.767070
g1735 g1754 10.175580 8.767070
g1735 g1757 10.175580 8.767070
g1735 g1779 8.998120 8.433900
g1735 g1769 8.998120 8.433900
g1735 g1772 8.998120 8.433900
g1735 g1723 0.499980 0.499980
g1724 g1735 10.777720 8.633450
g1724 g1724 10.777720 1.967700
g1724 g1727 10.777720 8.633450
g1724 g1750 8.816640 8.722870
g1724 g1739 8.816640 8.722870
g1724 g1742 8.816640 8.722870
g1724 g1765 10.003780 8.595270
g1724 g1754 10.003780 8.595270
g1724 g1757 10.003780 8.595270
g1724 g1779 8.826320 8.262100
g1724 g1769 8.826320 8.262100
g1724 g1772 8.826320 8.262100
g1724 g1731 0.499980 0.499980
g1727 g1735 11.688920 9.544650
g1727 g1724 11.688920 9.544650
g1727 g1727 11.688920 1.967700
g1727 g1750 9.727840 9.634070
g1727 g1739 9.727840 9.634070
g1727 g1742 9.727840 9.634070
g1727 g1765 10.914980 9.506470
g1727 g1754 10.914980 9.506470
g1727 g1757 10.914980 9.506470
g1727 g1779 9.737520 9.173300
g1727 g1769 9.737520 9.173300
g1727 g1772 9.737520 9.173300
g1727 g1733 0.499980 0.499980
g1750 g1735 8.522840 8.396720
g1750 g1724 8.522840 8.396720
g1750 g1727 8.522840 8.396720
g1750 g1750 7.125880 1.967700
g1750 g1739 7.125880 7.125880
g1750 g1742 7.125880 7.125880
g1750 g1765 11.649930 8.100720
g1750 g1754 11.649930 8.100720
g1750 g1757 11.649930 8.100720
g1750 g1779 9.938780 9.938780
g1750 g1769 9.938780 9.938780
g1750 g1772 9.938780 9.938780
g1750 g1738 0.499980 0.499980
g1739 g1735 8.348670 8.222550
g1739 g1724 8.348670 8.222550
g1739 g1727 8.348670 8.222550
g1739 g1750 6.951710 6.951710
g1739 g1739 6.951710 1.967700
g1739 g1742 6.951710 6.951710
g1739 g1765 11.475760 7.926550
g1739 g1754 11.475760 7.926550
g1739 g1757 11.475760 7.926550
g1739 g1779 9.764610 9.764610
g1739 g1769 9.764610 9.764610
g1739 g1772 9.764610 9.764610
g1739 g1746 0.499980 0.499980
g1742 g1735 9.221950 9.095830
g1742 g1724 9.221950 9.095830
g1742 g1727 9.221950 9.095830
g1742 g1750 7.824990 7.824990
g1742 g1739 7.824990 7.824990
g1742 g1742 7.824990 1.967700
g1742 g1765 12.349040 8.799830
g1742 g1754 12.349040 8.799830
g1742 g1757 12.349040 8.799830
g1742 g1779 10.637890 10.637890
g1742 g1769 10.637890 10.637890
g1742 g1772 10.637890 10.637890
g1742 g1748 0.499980 0.499980
g1765 g1735 7.473700 6.080100
g1765 g1724 7.473700 6.080100
g1765 g1727 7.473700 6.080100
g1765 g1750 8.241560 6.796460
g1765 g1739 8.241560 6.796460
g1765 g1742 8.241560 6.796460
g1765 g1765 1.967700 1.967700
g1765 g1779 9.393680 9.393680
g1765 g1769 9.393680 9.393680
g1765 g1772 9.393680 9.393680
g1765 g1753 0.499980 0.499980
g1754 g1735 7.295780 5.902180
g1754 g1724 7.295780 5.902180
g1754 g1727 7.295780 5.902180
g1754 g1750 8.063640 6.618540
g1754 g1739 8.063640 6.618540
g1754 g1742 8.063640 6.618540
g1754 g1754 1.967700 1.967700
g1754 g1779 9.215760 9.215760
g1754 g1769 9.215760 9.215760
g1754 g1772 9.215760 9.215760
g1754 g1761 0.499980 0.499980
g1757 g1735 8.109060 6.715460
g1757 g1724 8.109060 6.715460
g1757 g1727 8.109060 6.715460
g1757 g1750 8.876920 7.431820
g1757 g1739 8.876920 7.431820
g1757 g1742 8.876920 7.431820
g1757 g1757 1.967700 1.967700
g1757 g1779 10.029040 10.029040
g1757 g1769 10.029040 10.029040
g1757 g1772 10.029040 10.029040
g1757 g1763 0.499980 0.499980
g1779 g1735 7.419290 6.622790
g1779 g1724 7.419290 6.622790
g1779 g1727 7.419290 6.622790
g1779 g1765 10.554700 9.738760
g1779 g1754 10.554700 9.738760
g1779 g1757 10.554700 9.738760
g1779 g1779 1.967700 1.967700
g1779 g1768 0.499980 0.499980
g1769 g1735 7.242420 6.445920
g1769 g1724 7.242420 6.445920
g1769 g1727 7.242420 6.445920
g1769 g1765 10.377830 9.561890
g1769 g1754 10.377830 9.561890
g1769 g1757 10.377830 9.561890
g1769 g1769 1.967700 1.967700
g1769 g1776 0.499980 0.499980
g1772 g1735 8.072500 7.276000
g1772 g1724 8.072500 7.276000
g1772 g1727 8.072500 7.276000
g1772 g1765 11.207910 10.391970
g1772 g1754 11.207910 10.391970
g1772 g1757 11.207910 10.391970
g1772 g1772 1.967700 1.967700
g1772 g1778 0.499980 0.499980
g1789 g1789 12.954310 2.187800
g1789 g1792 12.954310 8.162330
g1789 g1795 12.954310 8.162330
g1789 g1798 13.587370 11.672070
g1789 g1801 13.587370 11.672070
g1789 g1804 13.587370 11.672070
g1789 g1808 13.078410 9.889010
g1789 g1809 13.078410 9.889010
g1789 g1807 13.078410 9.889010
g1792 g1789 12.076690 7.284710
g1792 g1792 12.076690 2.187800
g1792 g1795 12.076690 7.284710
g1792 g1798 12.709750 10.794450
g1792 g1801 12.709750 10.794450
g1792 g1804 12.709750 10.794450
g1792 g1808 12.200790 9.011390
g1792 g1809 12.200790 9.011390
g1792 g1807 12.200790 9.011390
g1795 g1789 13.184310 8.392330
g1795 g1792 13.184310 8.392330
g1795 g1795 13.184310 2.187800
g1795 g1798 13.817370 11.902070
g1795 g1801 13.817370 11.902070
g1795 g1804 13.817370 11.902070
g1795 g1808 13.308410 10.119010
g1795 g1809 13.308410 10.119010
g1795 g1807 13.308410 10.119010
g1798 g1789 16.986440 13.323240
g1798 g1792 16.986440 13.323240
g1798 g1795 16.986440 13.323240
g1798 g1798 15.671170 2.187800
g1798 g1801 15.671170 9.653750
g1798 g1804 15.671170 9.653750
g1798 g1808 17.345290 11.439670
g1798 g1809 17.345290 11.439670
g1798 g1807 17.345290 11.439670
g1798 g1680 8.308550 8.308550
g1798 g1861 9.286190 9.286190
g1798 g1865 9.286190 9.286190
g1798 g1845 9.286190 9.286190
g1801 g1789 16.038860 12.375660
g1801 g1792 16.038860 12.375660
g1801 g1795 16.038860 12.375660
g1801 g1798 14.723590 8.706170
g1801 g1801 14.723590 2.187800
g1801 g1804 14.723590 8.706170
g1801 g1808 16.397710 10.492090
g1801 g1809 16.397710 10.492090
g1801 g1807 16.397710 10.492090
g1801 g1680 7.360970 7.360970
g1801 g1861 8.338610 8.338610
g1801 g1865 8.338610 8.338610
g1801 g1845 8.338610 8.338610
g1804 g1789 17.216440 13.553240
g1804 g1792 17.216440 13.553240
g1804 g1795 17.216440 13.553240
g1804 g1798 15.901170 9.883750
g1804 g1801 15.901170 9.883750
g1804 g1804 15.901170 2.187800
g1804 g1808 17.575290 11.669670
g1804 g1809 17.575290 11.669670
g1804 g1807 17.575290 11.669670
g1804 g1680 8.538550 8.538550
g1804 g1861 9.516190 9.516190
g1804 g1865 9.516190 9.516190
g1804 g1845 9.516190 9.516190
g1808 g1789 12.904790 10.466310
g1808 g1792 12.904790 10.466310
g1808 g1795 12.904790 10.466310
g1808 g1798 12.794610 10.637520
g1808 g1801 12.794610 10.637520
g1808 g1804 12.794610 10.637520
g1808 g1808 10.398460 2.109440
g1808 g1809 10.398460 7.222480
g1808 g1807 10.398460 7.222480
g1809 g1789 12.729530 10.291050
g1809 g1792 12.729530 10.291050
g1809 g1795 12.729530 10.291050
g1809 g1798 12.619350 10.462260
g1809 g1801 12.619350 10.462260
g1809 g1804 12.619350 10.462260
g1809 g1808 10.223200 7.047220
g1809 g1809 10.223200 2.109440
g1809 g1807 10.223200 7.047220
g1807 g1789 13.585370 11.146890
g1807 g1792 13.585370 11.146890
g1807 g1795 13.585370 11.146890
g1807 g1798 13.475190 11.318100
g1807 g1801 13.475190 11.318100
g1807 g1804 13.475190 11.318100
g1807 g1808 11.079040 7.903060
g1807 g1809 11.079040 7.903060
g1807 g1807 11.079040 2.109440
g1810 g1810 13.709180 2.187800
g1810 g1813 13.709180 8.254180
g1810 g1816 13.709180 8.254180
g1810 g1819 13.825780 12.194920
g1810 g1822 13.825780 12.194920
g1810 g1825 13.825780 12.194920
g1810 g1829 13.663320 10.960040
g1810 g1830 13.663320 10.960040
g1810 g1828 13.663320 10.960040
g1813 g1810 12.817260 7.362260
g1813 g1813 12.817260 2.187800
g1813 g1816 12.817260 7.362260
g1813 g1819 12.933860 11.303000
g1813 g1822 12.933860 11.303000
g1813 g1825 12.933860 11.303000
g1813 g1829 12.771400 10.068120
g1813 g1830 12.771400 10.068120
g1813 g1828 12.771400 10.068120
g1816 g1810 13.939180 8.484180
g1816 g1813 13.939180 8.484180
g1816 g1816 13.939180 2.187800
g1816 g1819 14.055780 12.424920
g1816 g1822 14.055780 12.424920
g1816 g1825 14.055780 12.424920
g1816 g1829 13.893320 11.190040
g1816 g1830 13.893320 11.190040
g1816 g1828 13.893320 11.190040
g1819 g1819 14.515750 2.187800
g1819 g1822 14.515750 8.631330
g1819 g1825 14.515750 8.631330
g1819 g1829 14.353290 11.340870
g1819 g1830 14.353290 11.340870
g1819 g1828 14.353290 11.340870
g1819 g1867 6.683610 6.683610
g1819 g1868 6.683610 6.683610
g1819 g1869 6.683610 6.683610
g1822 g1819 13.616130 7.731710
g1822 g1822 13.616130 2.187800
g1822 g1825 13.616130 7.731710
g1822 g1829 13.453670 10.441250
g1822 g1830 13.453670 10.441250
g1822 g1828 13.453670 10.441250
g1822 g1867 5.783990 5.783990
g1822 g1868 5.783990 5.783990
g1822 g1869 5.783990 5.783990
g1825 g1819 14.745750 8.861330
g1825 g1822 14.745750 8.861330
g1825 g1825 14.745750 2.187800
g1825 g1829 14.583290 11.570870
g1825 g1830 14.583290 11.570870
g1825 g1828 14.583290 11.570870
g1825 g1867 6.913610 6.913610
g1825 g1868 6.913610 6.913610
g1825 g1869 6.913610 6.913610
g1829 g1819 8.572660 7.216460
g1829 g1822 8.572660 7.216460
g1829 g1825 8.572660 7.216460
g1829 g1829 8.867020 2.109440
g1829 g1830 8.867020 6.438400
g1829 g1828 8.867020 6.438400
g1830 g1819 8.394500 7.038300
g1830 g1822 8.394500 7.038300
g1830 g1825 8.394500 7.038300
g1830 g1829 8.688860 6.260240
g1830 g1830 8.688860 2.109440
g1830 g1828 8.688860 6.260240
g1828 g1819 9.203940 7.847740
g1828 g1822 9.203940 7.847740
g1828 g1825 9.203940 7.847740
g1828 g1829 9.498300 7.069680
g1828 g1830 9.498300 7.069680
g1828 g1828 9.498300 2.109440
g1693 g1567 29.681800 12.259550
g1693 g1570 29.681800 12.259550
g1693 g1573 29.681800 12.259550
g1693 g1612 29.497120 13.840070
g1693 g1615 29.497120 13.840070
g1693 g1618 29.497120 13.840070
g1693 g1576 29.497120 15.787070
g1693 g1579 29.497120 15.787070
g1693 g1582 29.497120 15.787070
g1693 g1621 29.497120 17.155390
g1693 g1624 29.497120 17.155390
g1693 g1627 29.497120 17.155390
g1693 g1585 29.681800 17.144090
g1693 g1588 29.681800 17.144090
g1693 g1591 29.681800 17.144090
g1693 g1630 29.681800 17.144090
g1693 g1633 29.681800 17.144090
g1693 g1636 29.681800 17.144090
g1693 g1594 29.681800 17.144090
g1693 g1597 29.681800 17.144090
g1693 g1600 29.681800 17.144090
g1693 g1639 29.681800 17.144090
g1693 g1642 29.681800 17.144090
g1693 g1645 29.681800 17.144090
g1693 g1603 29.497120 17.155390
g1693 g1606 29.497120 17.155390
g1693 g1609 29.497120 17.155390
g1693 g1648 30.253820 17.155390
g1693 g1651 30.253820 17.155390
g1693 g1654 30.253820 17.155390
g1693 g1735 16.618670 13.273470
g1693 g1724 16.618670 13.273470
g1693 g1727 16.618670 13.273470
g1693 g1750 16.618670 13.273470
g1693 g1739 16.618670 13.273470
g1693 g1742 16.618670 13.273470
g1693 g1765 16.618670 13.273470
g1693 g1754 16.618670 13.273470
g1693 g1757 16.618670 13.273470
g1693 g1779 16.618670 13.273470
g1693 g1769 16.618670 13.273470
g1693 g1772 16.618670 13.273470
g1693 g1693 14.946660 2.187800
g1693 g1694 14.946660 9.684340
g1693 g1695 14.946660 9.684340
g1693 g1696 15.425030 12.508140
g1693 g1697 15.425030 12.508140
g1693 g1698 15.425030 12.508140
g1693 g1699 15.496700 11.374560
g1693 g1700 15.496700 11.374560
g1693 g1701 15.496700 11.374560
g1693 g1703 12.509200 10.876420
g1693 g1704 13.543480 10.938240
g1693 g1702 13.543480 10.938240
g1693 g1679 15.559230 9.686660
g1693 g1836 9.248980 9.248980
g1693 g1839 9.248980 9.248980
g1693 g1842 9.248980 9.248980
g1693 g1858 8.766420 8.766420
g1693 g1859 8.766420 8.766420
g1693 g1860 8.766420 8.766420
g1693 g1846 8.705630 8.705630
g1693 g1849 8.705630 8.705630
g1693 g1852 8.705630 8.705630
g1694 g1567 29.511260 12.089010
g1694 g1570 29.511260 12.089010
g1694 g1573 29.511260 12.089010
g1694 g1612 29.326580 13.669530
g1694 g1615 29.326580 13.669530
g1694 g1618 29.326580 13.669530
g1694 g1576 29.326580 15.616530
g1694 g1579 29.326580 15.616530
g1694 g1582 29.326580 15.616530
g1694 g1621 29.326580 16.984850
g1694 g1624 29.326580 16.984850
g1694 g1627 29.326580 16.984850
g1694 g1585 29.511260 16.973550
g1694 g1588 29.511260 16.973550
g1694 g1591 29.511260 16.973550
g1694 g1630 29.511260 16.973550
g1694 g1633 29.511260 16.973550
g1694 g1636 29.511260 16.973550
g1694 g1594 29.511260 16.973550
g1694 g1597 29.511260 16.973550
g1694 g1600 29.511260 16.973550
g1694 g1639 29.511260 16.973550
g1694 g1642 29.511260 16.973550
g1694 g1645 29.511260 16.973550
g1694 g1603 29.326580 16.984850
g1694 g1606 29.326580 16.984850
g1694 g1609 29.326580 16.984850
g1694 g1648 30.083280 16.984850
g1694 g1651 30.083280 16.984850
g1694 g1654 30.083280 16.984850
g1694 g1735 16.448130 13.102930
g1694 g1724 16.448130 13.102930
g1694 g1727 16.448130 13.102930
g1694 g1750 16.448130 13.102930
g1694 g1739 16.448130 13.102930
g1694 g1742 16.448130 13.102930
g1694 g1765 16.448130 13.102930
g1694 g1754 16.448130 13.102930
g1694 g1757 16.448130 13.102930
g1694 g1779 16.448130 13.102930
g1694 g1769 16.448130 13.102930
g1694 g1772 16.448130 13.102930
g1694 g1693 14.776120 9.513800
g1694 g1694 14.776120 2.187800
g1694 g1695 14.776120 9.513800
g1694 g1696 15.254490 12.337600
g1694 g1697 15.254490 12.337600
g1694 g1698 15.254490 12.337600
g1694 g1699 15.326160 11.204020
g1694 g1700 15.326160 11.204020
g1694 g1701 15.326160 11.204020
g1694 g1703 12.338660 10.705880
g1694 g1704 13.372940 10.767700
g1694 g1702 13.372940 10.767700
g1694 g1679 15.388690 9.516120
g1694 g1836 9.078440 9.078440
g1694 g1839 9.078440 9.078440
g1694 g1842 9.078440 9.078440
g1694 g1858 8.595880 8.595880
g1694 g1859 8.595880 8.595880
g1694 g1860 8.595880 8.595880
g1694 g1846 8.535090 8.535090
g1694 g1849 8.535090 8.535090
g1694 g1852 8.535090 8.535090
g1695 g1567 30.442620 13.020370
g1695 g1570 30.442620 13.020370
g1695 g1573 30.442620 13.020370
g1695 g1612 30.257940 14.600890
g1695 g1615 30.257940 14.600890
g1695 g1618 30.257940 14.600890
g1695 g1576 30.257940 16.547890
g1695 g1579 30.257940 16.547890
g1695 g1582 30.257940 16.547890
g1695 g1621 30.257940 17.916210
g1695 g1624 30.257940 17.916210
g1695 g1627 30.257940 17.916210
g1695 g1585 30.442620 17.904910
g1695 g1588 30.442620 17.904910
g1695 g1591 30.442620 17.904910
g1695 g1630 30.442620 17.904910
g1695 g1633 30.442620 17.904910
g1695 g1636 30.442620 17.904910
g1695 g1594 30.442620 17.904910
g1695 g1597 30.442620 17.904910
g1695 g1600 30.442620 17.904910
g1695 g1639 30.442620 17.904910
g1695 g1642 30.442620 17.904910
g1695 g1645 30.442620 17.904910
g1695 g1603 30.257940 17.916210
g1695 g1606 30.257940 17.916210
g1695 g1609 30.257940 17.916210
g1695 g1648 31.014640 17.916210
g1695 g1651 31.014640 17.916210
g1695 g1654 31.014640 17.916210
g1695 g1735 17.379490 14.034290
g1695 g1724 17.379490 14.034290
g1695 g1727 17.379490 14.034290
g1695 g1750 17.379490 14.034290
g1695 g1739 17.379490 14.034290
g1695 g1742 17.379490 14.034290
g1695 g1765 17.379490 14.034290
g1695 g1754 17.379490 14.034290
g1695 g1757 17.379490 14.034290
g1695 g1779 17.379490 14.034290
g1695 g1769 17.379490 14.034290
g1695 g1772 17.379490 14.034290
g1695 g1693 15.707480 10.445160
g1695 g1694 15.707480 10.445160
g1695 g1695 15.707480 2.187800
g1695 g1696 16.185850 13.268960
g1695 g1697 16.185850 13.268960
g1695 g1698 16.185850 13.268960
g1695 g1699 16.257520 12.135380
g1695 g1700 16.257520 12.135380
g1695 g1701 16.257520 12.135380
g1695 g1703 13.270020 11.637240
g1695 g1704 14.304300 11.699060
g1695 g1702 14.304300 11.699060
g1695 g1679 16.320050 10.447480
g1695 g1836 10.009800 10.009800
g1695 g1839 10.009800 10.009800
g1695 g1842 10.009800 10.009800
g1695 g1858 9.527240 9.527240
g1695 g1859 9.527240 9.527240
g1695 g1860 9.527240 9.527240
g1695 g1846 9.466450 9.466450
g1695 g1849 9.466450 9.466450
g1695 g1852 9.466450 9.466450
g1696 g1567 30.879380 10.674950
g1696 g1570 30.879380 10.674950
g1696 g1573 30.879380 10.674950
g1696 g1612 30.694700 12.255470
g1696 g1615 30.694700 12.255470
g1696 g1618 30.694700 12.255470
g1696 g1576 30.694700 14.202470
g1696 g1579 30.694700 14.202470
g1696 g1582 30.694700 14.202470
g1696 g1621 30.694700 17.077390
g1696 g1624 30.694700 17.077390
g1696 g1627 30.694700 17.077390
g1696 g1585 30.879380 16.840240
g1696 g1588 30.879380 16.840240
g1696 g1591 30.879380 16.840240
g1696 g1630 30.879380 18.345350
g1696 g1633 30.879380 18.345350
g1696 g1636 30.879380 18.345350
g1696 g1594 30.879380 16.914340
g1696 g1597 30.879380 16.914340
g1696 g1600 30.879380 16.914340
g1696 g1639 30.879380 18.345350
g1696 g1642 30.879380 18.345350
g1696 g1645 30.879380 18.345350
g1696 g1603 30.694700 17.191840
g1696 g1606 30.694700 17.191840
g1696 g1609 30.694700 17.191840
g1696 g1648 31.451400 18.356650
g1696 g1651 31.451400 18.356650
g1696 g1654 31.451400 18.356650
g1696 g1735 16.088990 12.986130
g1696 g1724 16.088990 12.986130
g1696 g1727 16.088990 12.986130
g1696 g1750 16.088990 12.986130
g1696 g1739 16.088990 12.986130
g1696 g1742 16.088990 12.986130
g1696 g1765 16.088990 12.986130
g1696 g1754 16.088990 12.986130
g1696 g1757 16.088990 12.986130
g1696 g1779 16.088990 12.986130
g1696 g1769 16.088990 12.986130
g1696 g1772 16.088990 12.986130
g1696 g1693 14.028250 11.356440
g1696 g1694 14.028250 11.356440
g1696 g1695 14.028250 11.356440
g1696 g1696 14.541440 2.187800
g1696 g1697 14.541440 8.674500
g1696 g1698 14.541440 8.674500
g1696 g1699 14.216600 11.041800
g1696 g1700 14.216600 11.041800
g1696 g1701 14.216600 11.041800
g1696 g1703 13.434540 10.423610
g1696 g1704 14.468820 10.485430
g1696 g1702 14.468820 10.485430
g1696 g1679 15.029550 8.102060
g1696 g1836 10.016560 10.016560
g1696 g1839 10.016560 10.016560
g1696 g1842 10.016560 10.016560
g1696 g1858 9.691760 9.691760
g1696 g1859 9.691760 9.691760
g1696 g1860 9.691760 9.691760
g1696 g1846 7.121030 7.121030
g1696 g1849 7.121030 7.121030
g1696 g1852 7.121030 7.121030
g1697 g1567 30.705140 10.500710
g1697 g1570 30.705140 10.500710
g1697 g1573 30.705140 10.500710
g1697 g1612 30.520460 12.081230
g1697 g1615 30.520460 12.081230
g1697 g1618 30.520460 12.081230
g1697 g1576 30.520460 14.028230
g1697 g1579 30.520460 14.028230
g1697 g1582 30.520460 14.028230
g1697 g1621 30.520460 16.903150
g1697 g1624 30.520460 16.903150
g1697 g1627 30.520460 16.903150
g1697 g1585 30.705140 16.666000
g1697 g1588 30.705140 16.666000
g1697 g1591 30.705140 16.666000
g1697 g1630 30.705140 18.171110
g1697 g1633 30.705140 18.171110
g1697 g1636 30.705140 18.171110
g1697 g1594 30.705140 16.740100
g1697 g1597 30.705140 16.740100
g1697 g1600 30.705140 16.740100
g1697 g1639 30.705140 18.171110
g1697 g1642 30.705140 18.171110
g1697 g1645 30.705140 18.171110
g1697 g1603 30.520460 17.017600
g1697 g1606 30.520460 17.017600
g1697 g1609 30.520460 17.017600
g1697 g1648 31.277160 18.182410
g1697 g1651 31.277160 18.182410
g1697 g1654 31.277160 18.182410
g1697 g1735 15.914750 12.811890
g1697 g1724 15.914750 12.811890
g1697 g1727 15.914750 12.811890
g1697 g1750 15.914750 12.811890
g1697 g1739 15.914750 12.811890
g1697 g1742 15.914750 12.811890
g1697 g1765 15.914750 12.811890
g1697 g1754 15.914750 12.811890
g1697 g1757 15.914750 12.811890
g1697 g1779 15.914750 12.811890
g1697 g1769 15.914750 12.811890
g1697 g1772 15.914750 12.811890
g1697 g1693 13.854010 11.182200
g1697 g1694 13.854010 11.182200
g1697 g1695 13.854010 11.182200
g1697 g1696 14.367200 8.500260
g1697 g1697 14.367200 2.187800
g1697 g1698 14.367200 8.500260
g1697 g1699 14.042360 10.867560
g1697 g1700 14.042360 10.867560
g1697 g1701 14.042360 10.867560
g1697 g1703 13.260300 10.249370
g1697 g1704 14.294580 10.311190
g1697 g1702 14.294580 10.311190
g1697 g1679 14.855310 7.927820
g1697 g1836 9.842320 9.842320
g1697 g1839 9.842320 9.842320
g1697 g1842 9.842320 9.842320
g1697 g1858 9.517520 9.517520
g1697 g1859 9.517520 9.517520
g1697 g1860 9.517520 9.517520
g1697 g1846 6.946790 6.946790
g1697 g1849 6.946790 6.946790
g1697 g1852 6.946790 6.946790
g1698 g1567 31.577300 11.372870
g1698 g1570 31.577300 11.372870
g1698 g1573 31.577300 11.372870
g1698 g1612 31.392620 12.953390
g1698 g1615 31.392620 12.953390
g1698 g1618 31.392620 12.953390
g1698 g1576 31.392620 14.900390
g1698 g1579 31.392620 14.900390
g1698 g1582 31.392620 14.900390
g1698 g1621 31.392620 17.775310
g1698 g1624 31.392620 17.775310
g1698 g1627 31.392620 17.775310
g1698 g1585 31.577300 17.538160
g1698 g1588 31.577300 17.538160
g1698 g1591 31.577300 17.538160
g1698 g1630 31.577300 19.043270
g1698 g1633 31.577300 19.043270
g1698 g1636 31.577300 19.043270
g1698 g1594 31.577300 17.612260
g1698 g1597 31.577300 17.612260
g1698 g1600 31.577300 17.612260
g1698 g1639 31.577300 19.043270
g1698 g1642 31.577300 19.043270
g1698 g1645 31.577300 19.043270
g1698 g1603 31.392620 17.889760
g1698 g1606 31.392620 17.889760
g1698 g1609 31.392620 17.889760
g1698 g1648 32.149320 19.054570
g1698 g1651 32.149320 19.054570
g1698 g1654 32.149320 19.054570
g1698 g1735 16.786910 13.684050
g1698 g1724 16.786910 13.684050
g1698 g1727 16.786910 13.684050
g1698 g1750 16.786910 13.684050
g1698 g1739 16.786910 13.684050
g1698 g1742 16.786910 13.684050
g1698 g1765 16.786910 13.684050
g1698 g1754 16.786910 13.684050
g1698 g1757 16.786910 13.684050
g1698 g1779 16.786910 13.684050
g1698 g1769 16.786910 13.684050
g1698 g1772 16.786910 13.684050
g1698 g1693 14.726170 12.054360
g1698 g1694 14.726170 12.054360
g1698 g1695 14.726170 12.054360
g1698 g1696 15.239360 9.372420
g1698 g1697 15.239360 9.372420
g1698 g1698 15.239360 2.187800
g1698 g1699 14.914520 11.739720
g1698 g1700 14.914520 11.739720
g1698 g1701 14.914520 11.739720
g1698 g1703 14.132460 11.121530
g1698 g1704 15.166740 11.183350
g1698 g1702 15.166740 11.183350
g1698 g1679 15.727470 8.799980
g1698 g1836 10.714480 10.714480
g1698 g1839 10.714480 10.714480
g1698 g1842 10.714480 10.714480
g1698 g1858 10.389680 10.389680
g1698 g1859 10.389680 10.389680
g1698 g1860 10.389680 10.389680
g1698 g1846 7.818950 7.818950
g1698 g1849 7.818950 7.818950
g1698 g1852 7.818950 7.818950
g1699 g1567 33.800360 16.101780
g1699 g1570 33.800360 16.101780
g1699 g1573 33.800360 16.101780
g1699 g1612 33.615680 17.682300
g1699 g1615 33.615680 17.682300
g1699 g1618 33.615680 17.682300
g1699 g1576 33.615680 19.629300
g1699 g1579 33.615680 19.629300
g1699 g1582 33.615680 19.629300
g1699 g1621 33.615680 21.790790
g1699 g1624 33.615680 21.790790
g1699 g1627 33.615680 21.790790
g1699 g1585 33.800360 21.779490
g1699 g1588 33.800360 21.779490
g1699 g1591 33.800360 21.779490
g1699 g1630 33.800360 21.779490
g1699 g1633 33.800360 21.779490
g1699 g1636 33.800360 21.779490
g1699 g1594 33.800360 21.779490
g1699 g1597 33.800360 21.779490
g1699 g1600 33.800360 21.779490
g1699 g1639 33.800360 21.779490
g1699 g1642 33.800360 21.779490
g1699 g1645 33.800360 21.779490
g1699 g1603 33.615680 21.790790
g1699 g1606 33.615680 21.790790
g1699 g1609 33.615680 21.790790
g1699 g1648 34.372380 21.790790
g1699 g1651 34.372380 21.790790
g1699 g1654 34.372380 21.790790
g1699 g1735 20.461180 16.467010
g1699 g1724 20.461180 16.467010
g1699 g1727 20.461180 16.467010
g1699 g1750 20.461180 16.467010
g1699 g1739 20.461180 16.467010
g1699 g1742 20.461180 16.467010
g1699 g1765 20.461180 16.467010
g1699 g1754 20.461180 16.467010
g1699 g1757 20.461180 16.467010
g1699 g1779 20.461180 16.467010
g1699 g1769 20.461180 16.467010
g1699 g1772 20.461180 16.467010
g1699 g1693 16.930810 13.939340
g1699 g1694 16.930810 13.939340
g1699 g1695 16.930810 13.939340
g1699 g1696 18.552170 13.600640
g1699 g1697 18.552170 13.600640
g1699 g1698 18.552170 13.600640
g1699 g1699 18.958010 2.187800
g1699 g1700 18.958010 13.145260
g1699 g1701 18.958010 13.145260
g1699 g1703 16.218760 13.188150
g1699 g1704 17.253040 13.249970
g1699 g1702 17.253040 13.249970
g1699 g1679 19.401740 13.528890
g1699 g1836 12.442520 12.442520
g1699 g1839 12.442520 12.442520
g1699 g1842 12.442520 12.442520
g1699 g1858 12.475980 12.475980
g1699 g1859 12.475980 12.475980
g1699 g1860 12.475980 12.475980
g1699 g1846 12.548140 12.548140
g1699 g1849 12.548140 12.548140
g1699 g1852 12.548140 12.548140
g1700 g1567 33.640380 15.941800
g1700 g1570 33.640380 15.941800
g1700 g1573 33.640380 15.941800
g1700 g1612 33.455700 17.522320
g1700 g1615 33.455700 17.522320
g1700 g1618 33.455700 17.522320
g1700 g1576 33.455700 19.469320
g1700 g1579 33.455700 19.469320
g1700 g1582 33.455700 19.469320
g1700 g1621 33.455700 21.630810
g1700 g1624 33.455700 21.630810
g1700 g1627 33.455700 21.630810
g1700 g1585 33.640380 21.619510
g1700 g1588 33.640380 21.619510
g1700 g1591 33.640380 21.619510
g1700 g1630 33.640380 21.619510
g1700 g1633 33.640380 21.619510
g1700 g1636 33.640380 21.619510
g1700 g1594 33.640380 21.619510
g1700 g1597 33.640380 21.619510
g1700 g1600 33.640380 21.619510
g1700 g1639 33.640380 21.619510
g1700 g1642 33.640380 21.619510
g1700 g1645 33.640380 21.619510
g1700 g1603 33.455700 21.630810
g1700 g1606 33.455700 21.630810
g1700 g1609 33.455700 21.630810
g1700 g1648 34.212400 21.630810
g1700 g1651 34.212400 21.630810
g1700 g1654 34.212400 21.630810
g1700 g1735 20.301200 16.307030
g1700 g1724 20.301200 16.307030
g1700 g1727 20.301200 16.307030
g1700 g1750 20.301200 16.307030
g1700 g1739 20.301200 16.307030
g1700 g1742 20.301200 16.307030
g1700 g1765 20.301200 16.307030
g1700 g1754 20.301200 16.307030
g1700 g1757 20.301200 16.307030
g1700 g1779 20.301200 16.307030
g1700 g1769 20.301200 16.307030
g1700 g1772 20.301200 16.307030
g1700 g1693 16.770830 13.779360
g1700 g1694 16.770830 13.779360
g1700 g1695 16.770830 13.779360
g1700 g1696 18.392190 13.440660
g1700 g1697 18.392190 13.440660
g1700 g1698 18.392190 13.440660
g1700 g1699 18.798030 12.985280
g1700 g1700 18.798030 2.187800
g1700 g1701 18.798030 12.985280
g1700 g1703 16.058780 13.028170
g1700 g1704 17.093060 13.089990
g1700 g1702 17.093060 13.089990
g1700 g1679 19.241760 13.368910
g1700 g1836 12.282540 12.282540
g1700 g1839 12.282540 12.282540
g1700 g1842 12.282540 12.282540
g1700 g1858 12.316000 12.316000
g1700 g1859 12.316000 12.316000
g1700 g1860 12.316000 12.316000
g1700 g1846 12.388160 12.388160
g1700 g1849 12.388160 12.388160
g1700 g1852 12.388160 12.388160
g1701 g1567 34.740700 17.042120
g1701 g1570 34.740700 17.042120
g1701 g1573 34.740700 17.042120
g1701 g1612 34.556020 18.622640
g1701 g1615 34.556020 18.622640
g1701 g1618 34.556020 18.622640
g1701 g1576 34.556020 20.569640
g1701 g1579 34.556020 20.569640
g1701 g1582 34.556020 20.569640
g1701 g1621 34.556020 22.731130
g1701 g1624 34.556020 22.731130
g1701 g1627 34.556020 22.731130
g1701 g1585 34.740700 22.719830
g1701 g1588 34.740700 22.719830
g1701 g1591 34.740700 22.719830
g1701 g1630 34.740700 22.719830
g1701 g1633 34.740700 22.719830
g1701 g1636 34.740700 22.719830
g1701 g1594 34.740700 22.719830
g1701 g1597 34.740700 22.719830
g1701 g1600 34.740700 22.719830
g1701 g1639 34.740700 22.719830
g1701 g1642 34.740700 22.719830
g1701 g1645 34.740700 22.719830
g1701 g1603 34.556020 22.731130
g1701 g1606 34.556020 22.731130
g1701 g1609 34.556020 22.731130
g1701 g1648 35.312720 22.731130
g1701 g1651 35.312720 22.731130
g1701 g1654 35.312720 22.731130
g1701 g1735 21.401520 17.407350
g1701 g1724 21.401520 17.407350
g1701 g1727 21.401520 17.407350
g1701 g1750 21.401520 17.407350
g1701 g1739 21.401520 17.407350
g1701 g1742 21.401520 17.407350
g1701 g1765 21.401520 17.407350
g1701 g1754 21.401520 17.407350
g1701 g1757 21.401520 17.407350
g1701 g1779 21.401520 17.407350
g1701 g1769 21.401520 17.407350
g1701 g1772 21.401520 17.407350
g1701 g1693 17.871150 14.879680
g1701 g1694 17.871150 14.879680
g1701 g1695 17.871150 14.879680
g1701 g1696 19.492510 14.540980
g1701 g1697 19.492510 14.540980
g1701 g1698 19.492510 14.540980
g1701 g1699 19.898350 14.085600
g1701 g1700 19.898350 14.085600
g1701 g1701 19.898350 2.187800
g1701 g1703 17.159100 14.128490
g1701 g1704 18.193380 14.190310
g1701 g1702 18.193380 14.190310
g1701 g1679 20.342080 14.469230
g1701 g1836 13.382860 13.382860
g1701 g1839 13.382860 13.382860
g1701 g1842 13.382860 13.382860
g1701 g1858 13.416320 13.416320
g1701 g1859 13.416320 13.416320
g1701 g1860 13.416320 13.416320
g1701 g1846 13.488480 13.488480
g1701 g1849 13.488480 13.488480
g1701 g1852 13.488480 13.488480
g1703 g1567 17.525250 15.112120
g1703 g1570 17.525250 15.112120
g1703 g1573 17.525250 15.112120
g1703 g1612 17.340570 15.123420
g1703 g1615 17.340570 15.123420
g1703 g1618 17.340570 15.123420
g1703 g1576 17.340570 15.123420
g1703 g1579 17.340570 15.123420
g1703 g1582 17.340570 15.123420
g1703 g1621 17.340570 15.123420
g1703 g1624 17.340570 15.123420
g1703 g1627 17.340570 15.123420
g1703 g1585 17.525250 15.112120
g1703 g1588 17.525250 15.112120
g1703 g1591 17.525250 15.112120
g1703 g1630 17.525250 15.112120
g1703 g1633 17.525250 15.112120
g1703 g1636 17.525250 15.112120
g1703 g1594 17.525250 15.112120
g1703 g1597 17.525250 15.112120
g1703 g1600 17.525250 15.112120
g1703 g1639 17.525250 15.112120
g1703 g1642 17.525250 15.112120
g1703 g1645 17.525250 15.112120
g1703 g1603 17.340570 15.123420
g1703 g1606 17.340570 15.123420
g1703 g1609 17.340570 15.123420
g1703 g1648 17.340570 15.123420
g1703 g1651 17.340570 15.123420
g1703 g1654 17.340570 15.123420
g1703 g1696 13.954630 10.711400
g1703 g1697 13.954630 10.711400
g1703 g1698 13.954630 10.711400
g1703 g1703 1.967700 1.967700
g1704 g1567 17.349130 14.936000
g1704 g1570 17.349130 14.936000
g1704 g1573 17.349130 14.936000
g1704 g1612 17.164450 14.947300
g1704 g1615 17.164450 14.947300
g1704 g1618 17.164450 14.947300
g1704 g1576 17.164450 14.947300
g1704 g1579 17.164450 14.947300
g1704 g1582 17.164450 14.947300
g1704 g1621 17.164450 14.947300
g1704 g1624 17.164450 14.947300
g1704 g1627 17.164450 14.947300
g1704 g1585 17.349130 14.936000
g1704 g1588 17.349130 14.936000
g1704 g1591 17.349130 14.936000
g1704 g1630 17.349130 14.936000
g1704 g1633 17.349130 14.936000
g1704 g1636 17.349130 14.936000
g1704 g1594 17.349130 14.936000
g1704 g1597 17.349130 14.936000
g1704 g1600 17.349130 14.936000
g1704 g1639 17.349130 14.936000
g1704 g1642 17.349130 14.936000
g1704 g1645 17.349130 14.936000
g1704 g1603 17.164450 14.947300
g1704 g1606 17.164450 14.947300
g1704 g1609 17.164450 14.947300
g1704 g1648 17.164450 14.947300
g1704 g1651 17.164450 14.947300
g1704 g1654 17.164450 14.947300
g1704 g1696 13.778510 10.535280
g1704 g1697 13.778510 10.535280
g1704 g1698 13.778510 10.535280
g1704 g1704 1.967700 1.967700
g1702 g1567 18.191210 15.778080
g1702 g1570 18.191210 15.778080
g1702 g1573 18.191210 15.778080
g1702 g1612 18.006530 15.789380
g1702 g1615 18.006530 15.789380
g1702 g1618 18.006530 15.789380
g1702 g1576 18.006530 15.789380
g1702 g1579 18.006530 15.789380
g1702 g1582 18.006530 15.789380
g1702 g1621 18.006530 15.789380
g1702 g1624 18.006530 15.789380
g1702 g1627 18.006530 15.789380
g1702 g1585 18.191210 15.778080
g1702 g1588 18.191210 15.778080
g1702 g1591 18.191210 15.778080
g1702 g1630 18.191210 15.778080
g1702 g1633 18.191210 15.778080
g1702 g1636 18.191210 15.778080
g1702 g1594 18.191210 15.778080
g1702 g1597 18.191210 15.778080
g1702 g1600 18.191210 15.778080
g1702 g1639 18.191210 15.778080
g1702 g1642 18.191210 15.778080
g1702 g1645 18.191210 15.778080
g1702 g1603 18.006530 15.789380
g1702 g1606 18.006530 15.789380
g1702 g1609 18.006530 15.789380
g1702 g1648 18.006530 15.789380
g1702 g1651 18.006530 15.789380
g1702 g1654 18.006530 15.789380
g1702 g1696 14.620590 11.377360
g1702 g1697 14.620590 11.377360
g1702 g1698 14.620590 11.377360
g1702 g1702 1.967700 1.967700
g1784 g1567 17.744710 15.655910
g1784 g1570 17.744710 15.655910
g1784 g1573 17.744710 15.655910
g1784 g1612 17.560030 15.667210
g1784 g1615 17.560030 15.667210
g1784 g1618 17.560030 15.667210
g1784 g1576 17.560030 15.667210
g1784 g1579 17.560030 15.667210
g1784 g1582 17.560030 15.667210
g1784 g1621 17.560030 15.667210
g1784 g1624 17.560030 15.667210
g1784 g1627 17.560030 15.667210
g1784 g1585 17.744710 15.655910
g1784 g1588 17.744710 15.655910
g1784 g1591 17.744710 15.655910
g1784 g1630 17.744710 15.655910
g1784 g1633 17.744710 15.655910
g1784 g1636 17.744710 15.655910
g1784 g1594 17.744710 15.655910
g1784 g1597 17.744710 15.655910
g1784 g1600 17.744710 15.655910
g1784 g1639 17.744710 15.655910
g1784 g1642 17.744710 15.655910
g1784 g1645 17.744710 15.655910
g1784 g1603 17.560030 15.667210
g1784 g1606 17.560030 15.667210
g1784 g1609 17.560030 15.667210
g1784 g1648 17.560030 15.667210
g1784 g1651 17.560030 15.667210
g1784 g1654 17.560030 15.667210
g1784 g1693 6.626530 6.626530
g1784 g1694 6.626530 6.626530
g1784 g1695 6.626530 6.626530
g1784 g1696 6.939730 6.939730
g1784 g1697 6.939730 6.939730
g1784 g1698 6.939730 6.939730
g1784 g1699 7.321010 7.321010
g1784 g1700 7.321010 7.321010
g1784 g1701 7.321010 7.321010
g1784 g1784 6.258970 2.109440
g1784 g1785 6.088970 6.088970
g1784 g1783 6.088970 6.088970
g1785 g1567 17.566500 15.477700
g1785 g1570 17.566500 15.477700
g1785 g1573 17.566500 15.477700
g1785 g1612 17.381820 15.489000
g1785 g1615 17.381820 15.489000
g1785 g1618 17.381820 15.489000
g1785 g1576 17.381820 15.489000
g1785 g1579 17.381820 15.489000
g1785 g1582 17.381820 15.489000
g1785 g1621 17.381820 15.489000
g1785 g1624 17.381820 15.489000
g1785 g1627 17.381820 15.489000
g1785 g1585 17.566500 15.477700
g1785 g1588 17.566500 15.477700
g1785 g1591 17.566500 15.477700
g1785 g1630 17.566500 15.477700
g1785 g1633 17.566500 15.477700
g1785 g1636 17.566500 15.477700
g1785 g1594 17.566500 15.477700
g1785 g1597 17.566500 15.477700
g1785 g1600 17.566500 15.477700
g1785 g1639 17.566500 15.477700
g1785 g1642 17.566500 15.477700
g1785 g1645 17.566500 15.477700
g1785 g1603 17.381820 15.489000
g1785 g1606 17.381820 15.489000
g1785 g1609 17.381820 15.489000
g1785 g1648 17.381820 15.489000
g1785 g1651 17.381820 15.489000
g1785 g1654 17.381820 15.489000
g1785 g1693 6.448320 6.448320
g1785 g1694 6.448320 6.448320
g1785 g1695 6.448320 6.448320
g1785 g1696 6.761520 6.761520
g1785 g1697 6.761520 6.761520
g1785 g1698 6.761520 6.761520
g1785 g1699 7.142800 7.142800
g1785 g1700 7.142800 7.142800
g1785 g1701 7.142800 7.142800
g1785 g1784 6.080760 6.080760
g1785 g1785 5.910760 2.109440
g1785 g1783 5.910760 5.910760
g1783 g1567 18.375140 16.286340
g1783 g1570 18.375140 16.286340
g1783 g1573 18.375140 16.286340
g1783 g1612 18.190460 16.297640
g1783 g1615 18.190460 16.297640
g1783 g1618 18.190460 16.297640
g1783 g1576 18.190460 16.297640
g1783 g1579 18.190460 16.297640
g1783 g1582 18.190460 16.297640
g1783 g1621 18.190460 16.297640
g1783 g1624 18.190460 16.297640
g1783 g1627 18.190460 16.297640
g1783 g1585 18.375140 16.286340
g1783 g1588 18.375140 16.286340
g1783 g1591 18.375140 16.286340
g1783 g1630 18.375140 16.286340
g1783 g1633 18.375140 16.286340
g1783 g1636 18.375140 16.286340
g1783 g1594 18.375140 16.286340
g1783 g1597 18.375140 16.286340
g1783 g1600 18.375140 16.286340
g1783 g1639 18.375140 16.286340
g1783 g1642 18.375140 16.286340
g1783 g1645 18.375140 16.286340
g1783 g1603 18.190460 16.297640
g1783 g1606 18.190460 16.297640
g1783 g1609 18.190460 16.297640
g1783 g1648 18.190460 16.297640
g1783 g1651 18.190460 16.297640
g1783 g1654 18.190460 16.297640
g1783 g1693 7.256960 7.256960
g1783 g1694 7.256960 7.256960
g1783 g1695 7.256960 7.256960
g1783 g1696 7.570160 7.570160
g1783 g1697 7.570160 7.570160
g1783 g1698 7.570160 7.570160
g1783 g1699 7.951440 7.951440
g1783 g1700 7.951440 7.951440
g1783 g1701 7.951440 7.951440
g1783 g1784 6.889400 6.889400
g1783 g1785 6.719400 6.719400
g1783 g1783 6.719400 2.109440
g1831 g1832 0.499980 0.499980
g1832 g1909 0.999960 0.999960
g1833 g1834 0.499980 0.499980
g1834 g1910 0.999960 0.999960
g1835 g1660 0.499980 0.499980
g1660 g1911 0.999960 0.999960
g1661 g1662 0.499980 0.499980
g1662 g1912 0.999960 0.999960
g1663 g1664 0.499980 0.499980
g1664 g1913 0.999960 0.999960
g1665 g1666 0.499980 0.499980
g1666 g1914 0.999960 0.999960
g1667 g1668 0.499980 0.499980
g1668 g1916 0.999960 0.999960
g1669 g1670 0.499980 0.499980
g1670 g1917 0.999960 0.999960
g1671 g1672 0.499980 0.499980
g1672 g1918 1.769440 1.769440
g1672 g1921 0.999960 0.999960
g1680 g1686 2.781030 2.283920
g1680 g2380 5.019910 4.522800
g1686 g1686 3.641930 3.641930
g1686 g1918 2.273520 2.273520
g1686 g2380 5.880810 5.880810
g1679 g1686 2.956950 2.956950
g1679 g2380 5.195830 5.195830
g1723 g1730 0.499980 0.499980
g1730 g1994 21.236810 16.154950
g1730 g1997 21.236810 16.154950
g1730 g2000 21.236810 16.154950
g1730 g1985 21.141460 16.080930
g1730 g1988 21.141460 16.080930
g1730 g1991 21.141460 16.080930
g1731 g1732 0.499980 0.499980
g1732 g1994 20.237310 15.155450
g1732 g1997 20.237310 15.155450
g1732 g2000 20.237310 15.155450
g1732 g1985 20.141960 15.081430
g1732 g1988 20.141960 15.081430
g1732 g1991 20.141960 15.081430
g1733 g1734 0.499980 0.499980
g1734 g1994 21.466810 16.384950
g1734 g1997 21.466810 16.384950
g1734 g2000 21.466810 16.384950
g1734 g1985 21.371460 16.310930
g1734 g1988 21.371460 16.310930
g1734 g1991 21.371460 16.310930
g1738 g1745 0.499980 0.499980
g1745 g1994 21.035510 15.876490
g1745 g1997 21.035510 15.876490
g1745 g2000 21.035510 15.876490
g1745 g1985 20.940160 15.802470
g1745 g1988 20.940160 15.802470
g1745 g1991 20.940160 15.802470
g1746 g1747 0.499980 0.499980
g1747 g1994 20.030510 14.871490
g1747 g1997 20.030510 14.871490
g1747 g2000 20.030510 14.871490
g1747 g1985 19.935160 14.797470
g1747 g1988 19.935160 14.797470
g1747 g1991 19.935160 14.797470
g1748 g1749 0.499980 0.499980
g1749 g1994 21.265510 16.106490
g1749 g1997 21.265510 16.106490
g1749 g2000 21.265510 16.106490
g1749 g1985 21.170160 16.032470
g1749 g1988 21.170160 16.032470
g1749 g1991 21.170160 16.032470
g1753 g1760 0.499980 0.499980
g1760 g1994 18.972290 15.401790
g1760 g1997 18.972290 15.401790
g1760 g2000 18.972290 15.401790
g1760 g1985 18.876940 15.327770
g1760 g1988 18.876940 15.327770
g1760 g1991 18.876940 15.327770
g1761 g1762 0.499980 0.499980
g1762 g1994 17.999630 14.429130
g1762 g1997 17.999630 14.429130
g1762 g2000 17.999630 14.429130
g1762 g1985 17.904280 14.355110
g1762 g1988 17.904280 14.355110
g1762 g1991 17.904280 14.355110
g1763 g1764 0.499980 0.499980
g1764 g1994 19.202290 15.631790
g1764 g1997 19.202290 15.631790
g1764 g2000 19.202290 15.631790
g1764 g1985 19.106940 15.557770
g1764 g1988 19.106940 15.557770
g1764 g1991 19.106940 15.557770
g1768 g1775 0.499980 0.499980
g1775 g1994 16.545780 13.344700
g1775 g1997 16.545780 13.344700
g1775 g2000 16.545780 13.344700
g1775 g1985 16.450430 13.249350
g1775 g1988 16.450430 13.249350
g1775 g1991 16.450430 13.249350
g1776 g1777 0.499980 0.499980
g1777 g1994 15.657600 12.456520
g1777 g1997 15.657600 12.456520
g1777 g2000 15.657600 12.456520
g1777 g1985 15.562250 12.361170
g1777 g1988 15.562250 12.361170
g1777 g1991 15.562250 12.361170
g1778 g1705 0.499980 0.499980
g1705 g1994 16.775780 13.574700
g1705 g1997 16.775780 13.574700
g1705 g2000 16.775780 13.574700
g1705 g1985 16.680430 13.479350
g1705 g1988 16.680430 13.479350
g1705 g1991 16.680430 13.479350
g1934 g1934 2.187800 2.187800
g1934 g1937 1.567620 1.567620
g1937 g1937 2.736260 2.736260
g1937 g1890 2.506260 2.506260
g1937 g3062 13.412030 7.297460
g1937 g3063 13.412030 7.297460
g1937 g3064 13.412030 7.297460
g1937 g3065 13.412030 7.297460
g1937 g3066 13.412030 7.297460
g1937 g3067 13.412030 7.297460
g1937 g3068 13.412030 7.297460
g1937 g3069 13.412030 7.297460
g1937 g3070 11.390940 2.192540
g1890 g1890 2.928320 2.928320
g1890 g1956 8.452470 6.347110
g1890 g1957 9.486750 8.866570
g1890 g1955 9.486750 8.866570
g1890 g1959 9.486750 8.866570
g1890 g1960 9.486750 8.866570
g1890 g1958 9.486750 8.866570
g1890 g1962 9.601410 8.787370
g1890 g1963 9.601410 8.787370
g1890 g1961 9.601410 8.787370
g1890 g1965 9.486750 8.866570
g1890 g1966 9.486750 8.866570
g1890 g1964 9.486750 8.866570
g1890 g1871 7.691800 6.335600
g1890 g1874 7.691800 6.335600
g1890 g1877 7.691800 6.335600
g1890 g1887 6.518930 6.518930
g1890 g2010 2.698320 2.698320
g1890 g3062 14.608130 7.465850
g1890 g3063 14.608130 7.465850
g1890 g3064 14.608130 7.465850
g1890 g3065 14.608130 7.465850
g1890 g3066 14.608130 7.465850
g1890 g3067 14.608130 7.465850
g1890 g3068 14.608130 7.465850
g1890 g3069 14.608130 7.465850
g1890 g3070 11.699250 2.880520
g1893 g1903 0.499980 0.499980
g1903 g1904 0.499980 0.499980
g1904 g1967 5.300680 5.300680
g1904 g1970 5.300680 5.300680
g1904 g1973 5.300680 5.300680
g1904 g1994 8.744780 8.744780
g1904 g1997 8.744780 8.744780
g1904 g2000 8.744780 8.744780
g1904 g1985 8.870080 8.494580
g1904 g1988 8.870080 8.494580
g1904 g1991 8.870080 8.494580
g1944 g1949 0.499980 0.499980
g1949 g1893 2.820730 2.820730
g1949 g1967 6.593730 6.593730
g1949 g1970 6.593730 6.593730
g1949 g1973 6.593730 6.593730
g1949 g1994 10.037830 10.037830
g1949 g1997 10.037830 10.037830
g1949 g2000 10.037830 10.037830
g1949 g1985 10.163130 9.787630
g1949 g1988 10.163130 9.787630
g1949 g1991 10.163130 9.787630
g1950 g1951 0.499980 0.499980
g1951 g1893 2.052230 2.052230
g1951 g1967 5.825230 5.825230
g1951 g1970 5.825230 5.825230
g1951 g1973 5.825230 5.825230
g1951 g1994 9.269330 9.269330
g1951 g1997 9.269330 9.269330
g1951 g2000 9.269330 9.269330
g1951 g1985 9.394630 9.019130
g1951 g1988 9.394630 9.019130
g1951 g1991 9.394630 9.019130
g1952 g1953 0.499980 0.499980
g1953 g1893 3.050730 3.050730
g1953 g1967 6.823730 6.823730
g1953 g1970 6.823730 6.823730
g1953 g1973 6.823730 6.823730
g1953 g1994 10.267830 10.267830
g1953 g1997 10.267830 10.267830
g1953 g2000 10.267830 10.267830
g1953 g1985 10.393130 10.017630
g1953 g1988 10.393130 10.017630
g1953 g1991 10.393130 10.017630
g1954 g1945 0.499980 0.499980
g1945 g1908 2.820730 2.820730
g1945 g1976 6.593730 6.593730
g1945 g1979 6.593730 6.593730
g1945 g1982 6.593730 6.593730
g1945 g1994 10.037930 9.807130
g1945 g1997 10.037930 9.807130
g1945 g2000 10.037930 9.807130
g1945 g1985 10.296270 10.296270
g1945 g1988 10.296270 10.296270
g1945 g1991 10.296270 10.296270
g1946 g1947 0.499980 0.499980
g1947 g1908 2.052230 2.052230
g1947 g1976 5.825230 5.825230
g1947 g1979 5.825230 5.825230
g1947 g1982 5.825230 5.825230
g1947 g1994 9.269430 9.038630
g1947 g1997 9.269430 9.038630
g1947 g2000 9.269430 9.038630
g1947 g1985 9.527770 9.527770
g1947 g1988 9.527770 9.527770
g1947 g1991 9.527770 9.527770
g1948 g1870 0.499980 0.499980
g1870 g1908 3.050730 3.050730
g1870 g1976 6.823730 6.823730
g1870 g1979 6.823730 6.823730
g1870 g1982 6.823730 6.823730
g1870 g1994 10.267930 10.037130
g1870 g1997 10.267930 10.037130
g1870 g2000 10.267930 10.037130
g1870 g1985 10.526270 10.526270
g1870 g1988 10.526270 10.526270
g1870 g1991 10.526270 10.526270
g1867 g1867 2.187800 2.187800
g1867 g1938 2.998280 2.998280
g1868 g1868 2.187800 2.187800
g1868 g1938 2.543880 2.543880
g1869 g1869 2.391740 2.391740
g1869 g1938 2.289620 2.289620
g1836 g1944 0.499980 0.499980
g1836 g1836 2.187800 2.187800
g1839 g1950 0.499980 0.499980
g1839 g1839 2.187800 2.187800
g1842 g1952 0.499980 0.499980
g1842 g1842 2.187800 2.187800
g1858 g1858 2.187800 2.187800
g1858 g1923 2.998280 2.998280
g1859 g1859 2.187800 2.187800
g1859 g1923 2.543880 2.543880
g1860 g1860 2.391740 2.391740
g1860 g1923 2.289620 2.289620
g1861 g1861 2.187800 2.187800
g1861 g1929 2.998280 2.998280
g1865 g1865 2.187800 2.187800
g1865 g1929 2.543880 2.543880
g1845 g1845 2.391740 2.391740
g1845 g1929 2.289620 2.289620
g1846 g1954 0.499980 0.499980
g1846 g1846 2.187800 2.187800
g1849 g1946 0.499980 0.499980
g1849 g1849 2.187800 2.187800
g1852 g1948 0.499980 0.499980
g1852 g1852 2.187800 2.187800
g1908 g1915 0.499980 0.499980
g1915 g1922 0.499980 0.499980
g1922 g1976 5.300680 5.300680
g1922 g1979 5.300680 5.300680
g1922 g1982 5.300680 5.300680
g1922 g1994 8.744880 8.514080
g1922 g1997 8.744880 8.514080
g1922 g2000 8.744880 8.514080
g1922 g1985 9.003220 9.003220
g1922 g1988 9.003220 9.003220
g1922 g1991 9.003220 9.003220
g1923 g1924 0.499980 0.499980
g1924 g3103 4.257480 4.257480
g1924 g3104 4.257480 4.257480
g1924 g3105 4.257480 4.257480
g1924 g3106 8.130480 8.130480
g1924 g3107 8.130480 8.130480
g1924 g3108 8.130480 8.130480
g1924 g1928 3.779820 3.779820
g1924 g2622 7.652820 7.652820
g1924 g3062 15.492520 10.957930
g1924 g3063 15.571720 10.957930
g1924 g3064 15.492520 10.957930
g1924 g3065 15.571720 10.957930
g1924 g3066 15.492520 10.957930
g1924 g3067 15.571720 10.957930
g1924 g3068 15.614700 10.957930
g1924 g3069 15.693900 10.957930
g1924 g3070 25.284000 15.907450
g1924 g3071 19.365520 14.830930
g1924 g3072 19.444720 14.830930
g1924 g3073 19.365520 14.830930
g1924 g3074 19.444720 14.830930
g1924 g3075 19.365520 14.830930
g1924 g3076 19.444720 14.830930
g1924 g3077 19.487700 14.830930
g1924 g3078 19.566900 14.830930
g1924 g2997 29.157000 19.780450
g1928 g3103 6.698000 6.698000
g1928 g3104 6.698000 6.698000
g1928 g3105 6.698000 6.698000
g1928 g3106 10.571000 10.571000
g1928 g3107 10.571000 10.571000
g1928 g3108 10.571000 10.571000
g1928 g1928 6.220340 6.220340
g1928 g2622 10.093340 10.093340
g1928 g3062 17.933040 13.398450
g1928 g3063 18.012240 13.398450
g1928 g3064 17.933040 13.398450
g1928 g3065 18.012240 13.398450
g1928 g3066 17.933040 13.398450
g1928 g3067 18.012240 13.398450
g1928 g3068 18.055220 13.398450
g1928 g3069 18.134420 13.398450
g1928 g3070 27.724520 18.347970
g1928 g3071 21.806040 17.271450
g1928 g3072 21.885240 17.271450
g1928 g3073 21.806040 17.271450
g1928 g3074 21.885240 17.271450
g1928 g3075 21.806040 17.271450
g1928 g3076 21.885240 17.271450
g1928 g3077 21.928220 17.271450
g1928 g3078 22.007420 17.271450
g1928 g2997 31.597520 22.220970
g1929 g1880 0.499980 0.499980
g1880 g3103 5.253640 4.895880
g1880 g3104 5.253640 4.895880
g1880 g3105 5.253640 4.895880
g1880 g3106 9.126640 8.768880
g1880 g3107 9.126640 8.768880
g1880 g3108 9.126640 8.768880
g1880 g3173 2.553780 2.553780
g1880 g3176 2.553780 2.553780
g1880 g3179 2.553780 2.553780
g1880 g1928 4.775980 4.418220
g1880 g1886 0.499980 0.499980
g1880 g2622 8.648980 8.291220
g1880 g3062 16.488680 3.991000
g1880 g3063 16.567880 4.480990
g1880 g3064 16.488680 4.384410
g1880 g3065 16.567880 3.991000
g1880 g3066 16.488680 4.384410
g1880 g3067 16.567880 4.480990
g1880 g3068 16.610860 4.384410
g1880 g3069 16.690060 4.480990
g1880 g3070 26.280160 4.983220
g1880 g3071 20.361680 15.469330
g1880 g3072 20.440880 15.469330
g1880 g3073 20.361680 15.469330
g1880 g3074 20.440880 15.469330
g1880 g3075 20.361680 15.469330
g1880 g3076 20.440880 15.469330
g1880 g3077 20.483860 15.469330
g1880 g3078 20.563060 15.469330
g1880 g2997 30.153160 20.418850
g1938 g1939 0.499980 0.499980
g1939 g3091 2.347860 2.347860
g1939 g3092 2.347860 2.347860
g1939 g3093 2.347860 2.347860
g1939 g3062 13.305840 8.771250
g1939 g3063 13.385040 8.771250
g1939 g3064 13.305840 8.771250
g1939 g3065 13.385040 8.771250
g1939 g3066 13.305840 8.771250
g1939 g3067 13.385040 8.771250
g1939 g3068 13.428020 8.771250
g1939 g3069 13.507220 8.771250
g1939 g3070 23.097320 13.720770
g1956 g1956 12.969190 1.967700
g1956 g1957 12.969190 10.971150
g1956 g1955 12.969190 10.971150
g1956 g1959 10.946280 10.344270
g1956 g1960 10.946280 10.344270
g1956 g1958 10.946280 10.344270
g1956 g1962 13.857860 11.040180
g1956 g1963 13.857860 11.040180
g1956 g1961 13.857860 11.040180
g1956 g1965 13.197480 10.599800
g1956 g1966 13.197480 10.599800
g1956 g1964 13.197480 10.599800
g1956 g1994 21.100180 14.731200
g1956 g1997 21.100180 14.731200
g1956 g2000 21.100180 14.731200
g1956 g1985 21.004830 14.657180
g1956 g1988 21.004830 14.657180
g1956 g1991 21.004830 14.657180
g1957 g1956 12.803440 10.805400
g1957 g1957 12.803440 1.967700
g1957 g1955 12.803440 10.805400
g1957 g1959 10.780530 10.178520
g1957 g1960 10.780530 10.178520
g1957 g1958 10.780530 10.178520
g1957 g1962 13.692110 10.874430
g1957 g1963 13.692110 10.874430
g1957 g1961 13.692110 10.874430
g1957 g1965 13.031730 10.434050
g1957 g1966 13.031730 10.434050
g1957 g1964 13.031730 10.434050
g1957 g1994 20.934430 14.565450
g1957 g1997 20.934430 14.565450
g1957 g2000 20.934430 14.565450
g1957 g1985 20.839080 14.491430
g1957 g1988 20.839080 14.491430
g1957 g1991 20.839080 14.491430
g1955 g1956 13.811440 11.813400
g1955 g1957 13.811440 11.813400
g1955 g1955 13.811440 1.967700
g1955 g1959 11.788530 11.186520
g1955 g1960 11.788530 11.186520
g1955 g1958 11.788530 11.186520
g1955 g1962 14.700110 11.882430
g1955 g1963 14.700110 11.882430
g1955 g1961 14.700110 11.882430
g1955 g1965 14.039730 11.442050
g1955 g1966 14.039730 11.442050
g1955 g1964 14.039730 11.442050
g1955 g1994 21.942430 15.573450
g1955 g1997 21.942430 15.573450
g1955 g2000 21.942430 15.573450
g1955 g1985 21.847080 15.499430
g1955 g1988 21.847080 15.499430
g1955 g1991 21.847080 15.499430
g1959 g1956 9.020460 8.986510
g1959 g1957 9.020460 8.986510
g1959 g1955 9.020460 8.986510
g1959 g1959 10.689280 1.967700
g1959 g1960 10.689280 10.689280
g1959 g1958 10.689280 10.689280
g1959 g1962 13.371890 11.741760
g1959 g1963 13.371890 11.741760
g1959 g1961 13.371890 11.741760
g1959 g1965 12.608460 12.608460
g1959 g1966 12.608460 12.608460
g1959 g1964 12.608460 12.608460
g1959 g1994 18.294210 11.974460
g1959 g1997 18.294210 11.974460
g1959 g2000 18.294210 11.974460
g1959 g1985 18.198860 11.900440
g1959 g1988 18.198860 11.900440
g1959 g1991 18.198860 11.900440
g1960 g1956 8.847680 8.813730
g1960 g1957 8.847680 8.813730
g1960 g1955 8.847680 8.813730
g1960 g1959 10.516500 10.516500
g1960 g1960 10.516500 1.967700
g1960 g1958 10.516500 10.516500
g1960 g1962 13.199110 11.568980
g1960 g1963 13.199110 11.568980
g1960 g1961 13.199110 11.568980
g1960 g1965 12.435680 12.435680
g1960 g1966 12.435680 12.435680
g1960 g1964 12.435680 12.435680
g1960 g1994 18.121430 11.801680
g1960 g1997 18.121430 11.801680
g1960 g2000 18.121430 11.801680
g1960 g1985 18.026080 11.727660
g1960 g1988 18.026080 11.727660
g1960 g1991 18.026080 11.727660
g1958 g1956 9.743200 9.709250
g1958 g1957 9.743200 9.709250
g1958 g1955 9.743200 9.709250
g1958 g1959 11.412020 11.412020
g1958 g1960 11.412020 11.412020
g1958 g1958 11.412020 1.967700
g1958 g1962 14.094630 12.464500
g1958 g1963 14.094630 12.464500
g1958 g1961 14.094630 12.464500
g1958 g1965 13.331200 13.331200
g1958 g1966 13.331200 13.331200
g1958 g1964 13.331200 13.331200
g1958 g1994 19.016950 12.697200
g1958 g1997 19.016950 12.697200
g1958 g2000 19.016950 12.697200
g1958 g1985 18.921600 12.623180
g1958 g1988 18.921600 12.623180
g1958 g1991 18.921600 12.623180
g1962 g1956 9.273460 9.158820
g1962 g1957 9.273460 9.158820
g1962 g1955 9.273460 9.158820
g1962 g1959 9.450400 9.199650
g1962 g1960 9.450400 9.199650
g1962 g1958 9.450400 9.199650
g1962 g1962 2.109440 2.109440
g1962 g1965 13.169160 13.169160
g1962 g1966 13.169160 13.169160
g1962 g1964 13.169160 13.169160
g1962 g1994 18.931550 13.353040
g1962 g1997 18.931550 13.353040
g1962 g2000 18.931550 13.353040
g1962 g1985 18.836200 13.279020
g1962 g1988 18.836200 13.279020
g1962 g1991 18.836200 13.279020
g1963 g1956 9.104460 8.989820
g1963 g1957 9.104460 8.989820
g1963 g1955 9.104460 8.989820
g1963 g1959 9.281400 9.030650
g1963 g1960 9.281400 9.030650
g1963 g1958 9.281400 9.030650
g1963 g1963 2.109440 2.109440
g1963 g1965 13.000160 13.000160
g1963 g1966 13.000160 13.000160
g1963 g1964 13.000160 13.000160
g1963 g1994 18.762550 13.184040
g1963 g1997 18.762550 13.184040
g1963 g2000 18.762550 13.184040
g1963 g1985 18.667200 13.110020
g1963 g1988 18.667200 13.110020
g1963 g1991 18.667200 13.110020
g1961 g1956 10.060460 9.945820
g1961 g1957 10.060460 9.945820
g1961 g1955 10.060460 9.945820
g1961 g1959 10.237400 9.986650
g1961 g1960 10.237400 9.986650
g1961 g1958 10.237400 9.986650
g1961 g1961 2.109440 2.109440
g1961 g1965 13.956160 13.956160
g1961 g1966 13.956160 13.956160
g1961 g1964 13.956160 13.956160
g1961 g1994 19.718550 14.140040
g1961 g1997 19.718550 14.140040
g1961 g2000 19.718550 14.140040
g1961 g1985 19.623200 14.066020
g1961 g1988 19.623200 14.066020
g1961 g1991 19.623200 14.066020
g1965 g1956 8.930990 7.192010
g1965 g1957 8.930990 7.192010
g1965 g1955 8.930990 7.192010
g1965 g1962 11.119000 11.119000
g1965 g1963 11.119000 11.119000
g1965 g1961 11.119000 11.119000
g1965 g1965 1.967700 1.967700
g1965 g1994 16.027310 11.857000
g1965 g1997 16.027310 11.857000
g1965 g2000 16.027310 11.857000
g1965 g1985 15.931960 11.761650
g1965 g1988 15.931960 11.761650
g1965 g1991 15.931960 11.761650
g1966 g1956 8.755710 7.016730
g1966 g1957 8.755710 7.016730
g1966 g1955 8.755710 7.016730
g1966 g1962 10.943720 10.943720
g1966 g1963 10.943720 10.943720
g1966 g1961 10.943720 10.943720
g1966 g1966 1.967700 1.967700
g1966 g1994 15.852030 11.681720
g1966 g1997 15.852030 11.681720
g1966 g2000 15.852030 11.681720
g1966 g1985 15.756680 11.586370
g1966 g1988 15.756680 11.586370
g1966 g1991 15.756680 11.586370
g1964 g1956 9.611230 7.872250
g1964 g1957 9.611230 7.872250
g1964 g1955 9.611230 7.872250
g1964 g1962 11.799240 11.799240
g1964 g1963 11.799240 11.799240
g1964 g1961 11.799240 11.799240
g1964 g1964 1.967700 1.967700
g1964 g1994 16.707550 12.537240
g1964 g1997 16.707550 12.537240
g1964 g2000 16.707550 12.537240
g1964 g1985 16.612200 12.441890
g1964 g1988 16.612200 12.441890
g1964 g1991 16.612200 12.441890
g1967 g1967 6.139250 2.187800
g1967 g1970 6.139250 6.139250
g1967 g1973 6.139250 6.139250
g1967 g1994 9.576230 9.576230
g1967 g1997 9.576230 9.576230
g1967 g2000 9.576230 9.576230
g1967 g1985 9.701530 9.326030
g1967 g1988 9.701530 9.326030
g1967 g1991 9.701530 9.326030
g1970 g1967 5.387030 5.387030
g1970 g1970 5.387030 2.187800
g1970 g1973 5.387030 5.387030
g1970 g1994 8.824010 8.824010
g1970 g1997 8.824010 8.824010
g1970 g2000 8.824010 8.824010
g1970 g1985 8.949310 8.573810
g1970 g1988 8.949310 8.573810
g1970 g1991 8.949310 8.573810
g1973 g1967 6.369250 6.369250
g1973 g1970 6.369250 6.369250
g1973 g1973 6.369250 2.187800
g1973 g1994 9.806230 9.806230
g1973 g1997 9.806230 9.806230
g1973 g2000 9.806230 9.806230
g1973 g1985 9.931530 9.556030
g1973 g1988 9.931530 9.556030
g1973 g1991 9.931530 9.556030
g1976 g1976 6.139250 2.187800
g1976 g1979 6.139250 6.139250
g1976 g1982 6.139250 6.139250
g1976 g1994 9.576330 9.345530
g1976 g1997 9.576330 9.345530
g1976 g2000 9.576330 9.345530
g1976 g1985 9.834670 9.834670
g1976 g1988 9.834670 9.834670
g1976 g1991 9.834670 9.834670
g1979 g1976 5.387030 5.387030
g1979 g1979 5.387030 2.187800
g1979 g1982 5.387030 5.387030
g1979 g1994 8.824110 8.593310
g1979 g1997 8.824110 8.593310
g1979 g2000 8.824110 8.593310
g1979 g1985 9.082450 9.082450
g1979 g1988 9.082450 9.082450
g1979 g1991 9.082450 9.082450
g1982 g1976 6.369250 6.369250
g1982 g1979 6.369250 6.369250
g1982 g1982 6.369250 2.187800
g1982 g1994 9.806330 9.575530
g1982 g1997 9.806330 9.575530
g1982 g2000 9.806330 9.575530
g1982 g1985 10.064670 10.064670
g1982 g1988 10.064670 10.064670
g1982 g1991 10.064670 10.064670
g1994 g1956 15.049100 12.943740
g1994 g1957 16.083380 15.463200
g1994 g1955 16.083380 15.463200
g1994 g1959 16.083380 15.463200
g1994 g1960 16.083380 15.463200
g1994 g1958 16.083380 15.463200
g1994 g1962 16.198040 15.384000
g1994 g1963 16.198040 15.384000
g1994 g1961 16.198040 15.384000
g1994 g1965 16.083380 15.463200
g1994 g1966 16.083380 15.463200
g1994 g1964 16.083380 15.463200
g1994 g1994 11.111380 2.187800
g1994 g1997 11.111380 11.111380
g1994 g2000 11.111380 11.111380
g1994 g1871 14.946500 13.590300
g1994 g1874 14.946500 13.590300
g1994 g1877 14.946500 13.590300
g1994 g1887 13.115560 13.115560
g1994 g2109 9.985020 9.985020
g1994 g2110 9.985020 9.985020
g1994 g2108 9.985020 9.985020
g1994 g3063 14.757170 13.783690
g1994 g3065 14.757170 13.783690
g1994 g3067 14.757170 13.783690
g1994 g3069 14.873230 13.783690
g1994 g3070 24.469450 14.807060
g1997 g1956 14.023420 11.918060
g1997 g1957 15.057700 14.437520
g1997 g1955 15.057700 14.437520
g1997 g1959 15.057700 14.437520
g1997 g1960 15.057700 14.437520
g1997 g1958 15.057700 14.437520
g1997 g1962 15.172360 14.358320
g1997 g1963 15.172360 14.358320
g1997 g1961 15.172360 14.358320
g1997 g1965 15.057700 14.437520
g1997 g1966 15.057700 14.437520
g1997 g1964 15.057700 14.437520
g1997 g1994 10.085700 10.085700
g1997 g1997 10.085700 2.187800
g1997 g2000 10.085700 10.085700
g1997 g1871 13.920820 12.564620
g1997 g1874 13.920820 12.564620
g1997 g1877 13.920820 12.564620
g1997 g1887 12.089880 12.089880
g1997 g2109 8.959340 8.959340
g1997 g2110 8.959340 8.959340
g1997 g2108 8.959340 8.959340
g1997 g3063 13.731490 12.758010
g1997 g3065 13.731490 12.758010
g1997 g3067 13.731490 12.758010
g1997 g3069 13.847550 12.758010
g1997 g3070 23.443770 13.781380
g2000 g1956 15.279100 13.173740
g2000 g1957 16.313380 15.693200
g2000 g1955 16.313380 15.693200
g2000 g1959 16.313380 15.693200
g2000 g1960 16.313380 15.693200
g2000 g1958 16.313380 15.693200
g2000 g1962 16.428040 15.614000
g2000 g1963 16.428040 15.614000
g2000 g1961 16.428040 15.614000
g2000 g1965 16.313380 15.693200
g2000 g1966 16.313380 15.693200
g2000 g1964 16.313380 15.693200
g2000 g1994 11.341380 11.341380
g2000 g1997 11.341380 11.341380
g2000 g2000 11.341380 2.187800
g2000 g1871 15.176500 13.820300
g2000 g1874 15.176500 13.820300
g2000 g1877 15.176500 13.820300
g2000 g1887 13.345560 13.345560
g2000 g2109 10.215020 10.215020
g2000 g2110 10.215020 10.215020
g2000 g2108 10.215020 10.215020
g2000 g3063 14.987170 14.013690
g2000 g3065 14.987170 14.013690
g2000 g3067 14.987170 14.013690
g2000 g3069 15.103230 14.013690
g2000 g3070 24.699450 15.037060
g1985 g1956 13.449270 11.343910
g1985 g1957 14.483550 13.863370
g1985 g1955 14.483550 13.863370
g1985 g1959 14.483550 13.863370
g1985 g1960 14.483550 13.863370
g1985 g1958 14.483550 13.863370
g1985 g1962 14.598210 13.784170
g1985 g1963 14.598210 13.784170
g1985 g1961 14.598210 13.784170
g1985 g1965 14.483550 13.863370
g1985 g1966 14.483550 13.863370
g1985 g1964 14.483550 13.863370
g1985 g1985 10.778390 2.187800
g1985 g1988 10.778390 10.778390
g1985 g1991 10.778390 10.778390
g1985 g1887 11.515730 11.515730
g1985 g2112 9.652030 9.652030
g1985 g2113 9.652030 9.652030
g1985 g2111 9.652030 9.652030
g1985 g3062 14.333760 13.360280
g1985 g3064 14.333760 13.360280
g1985 g3066 14.333760 13.360280
g1985 g3068 14.449820 13.360280
g1985 g3070 23.876040 13.962450
g1988 g1956 12.439210 10.333850
g1988 g1957 13.473490 12.853310
g1988 g1955 13.473490 12.853310
g1988 g1959 13.473490 12.853310
g1988 g1960 13.473490 12.853310
g1988 g1958 13.473490 12.853310
g1988 g1962 13.588150 12.774110
g1988 g1963 13.588150 12.774110
g1988 g1961 13.588150 12.774110
g1988 g1965 13.473490 12.853310
g1988 g1966 13.473490 12.853310
g1988 g1964 13.473490 12.853310
g1988 g1985 9.768330 9.768330
g1988 g1988 9.768330 2.187800
g1988 g1991 9.768330 9.768330
g1988 g1887 10.505670 10.505670
g1988 g2112 8.641970 8.641970
g1988 g2113 8.641970 8.641970
g1988 g2111 8.641970 8.641970
g1988 g3062 13.323700 12.350220
g1988 g3064 13.323700 12.350220
g1988 g3066 13.323700 12.350220
g1988 g3068 13.439760 12.350220
g1988 g3070 22.865980 12.952390
g1991 g1956 13.679270 11.573910
g1991 g1957 14.713550 14.093370
g1991 g1955 14.713550 14.093370
g1991 g1959 14.713550 14.093370
g1991 g1960 14.713550 14.093370
g1991 g1958 14.713550 14.093370
g1991 g1962 14.828210 14.014170
g1991 g1963 14.828210 14.014170
g1991 g1961 14.828210 14.014170
g1991 g1965 14.713550 14.093370
g1991 g1966 14.713550 14.093370
g1991 g1964 14.713550 14.093370
g1991 g1985 11.008390 11.008390
g1991 g1988 11.008390 11.008390
g1991 g1991 11.008390 2.187800
g1991 g1887 11.745730 11.745730
g1991 g2112 9.882030 9.882030
g1991 g2113 9.882030 9.882030
g1991 g2111 9.882030 9.882030
g1991 g3062 14.563760 13.590280
g1991 g3064 14.563760 13.590280
g1991 g3066 14.563760 13.590280
g1991 g3068 14.679820 13.590280
g1991 g3070 24.106040 14.192450
g1871 g1956 11.827660 7.507760
g1871 g1957 12.861940 10.027220
g1871 g1955 12.861940 10.027220
g1871 g1959 12.861940 10.027220
g1871 g1960 12.861940 10.027220
g1871 g1958 12.861940 10.027220
g1871 g1962 12.976600 9.948020
g1871 g1963 12.976600 9.948020
g1871 g1961 12.976600 9.948020
g1871 g1965 12.861940 10.027220
g1871 g1966 12.861940 10.027220
g1871 g1964 12.861940 10.027220
g1871 g1871 9.327320 2.187800
g1871 g1874 9.327320 6.775920
g1871 g1877 9.327320 6.775920
g1871 g1887 9.894120 7.679580
g1874 g1956 11.001300 6.681400
g1874 g1957 12.035580 9.200860
g1874 g1955 12.035580 9.200860
g1874 g1959 12.035580 9.200860
g1874 g1960 12.035580 9.200860
g1874 g1958 12.035580 9.200860
g1874 g1962 12.150240 9.121660
g1874 g1963 12.150240 9.121660
g1874 g1961 12.150240 9.121660
g1874 g1965 12.035580 9.200860
g1874 g1966 12.035580 9.200860
g1874 g1964 12.035580 9.200860
g1874 g1871 8.500960 5.949560
g1874 g1874 8.500960 2.187800
g1874 g1877 8.500960 5.949560
g1874 g1887 9.067760 6.853220
g1877 g1956 12.057660 7.737760
g1877 g1957 13.091940 10.257220
g1877 g1955 13.091940 10.257220
g1877 g1959 13.091940 10.257220
g1877 g1960 13.091940 10.257220
g1877 g1958 13.091940 10.257220
g1877 g1962 13.206600 10.178020
g1877 g1963 13.206600 10.178020
g1877 g1961 13.206600 10.178020
g1877 g1965 13.091940 10.257220
g1877 g1966 13.091940 10.257220
g1877 g1964 13.091940 10.257220
g1877 g1871 9.557320 7.005920
g1877 g1874 9.557320 7.005920
g1877 g1877 9.557320 2.187800
g1877 g1887 10.124120 7.909580
g1886 g1900 2.698120 2.673640
g1886 g2594 5.571920 5.547440
g1887 g1900 2.247720 2.247720
g1887 g2594 5.121520 5.121520
g1900 g1900 4.500240 4.500240
g1900 g1905 0.499980 0.499980
g1900 g2594 7.374040 7.374040
g1900 OUTPUT 0.000000 0.000000
g1905 g2079 22.015140 17.116000
g1905 g2080 22.015140 17.116000
g1905 g2078 22.015140 17.116000
g1905 g2082 22.015140 17.116000
g1905 g2083 22.015140 17.116000
g1905 g2081 22.015140 17.116000
g1905 g2085 22.015140 17.116000
g1905 g2086 22.015140 17.116000
g1905 g2084 22.015140 17.116000
g1905 g2088 22.015140 17.116000
g1905 g2089 22.015140 17.116000
g1905 g2087 22.015140 17.116000
g1905 g2091 22.015140 17.116000
g1905 g2092 22.015140 17.116000
g1905 g2090 22.015140 17.116000
g1905 g2094 22.015140 17.116000
g1905 g2095 22.015140 17.116000
g1905 g2093 22.015140 17.116000
g1905 g2097 22.015140 17.116000
g1905 g2098 22.015140 17.116000
g1905 g2096 22.015140 17.116000
g1905 g2100 22.015140 17.116000
g1905 g2101 22.015140 17.116000
g1905 g2099 22.015140 17.116000
g1905 g2103 22.015140 17.116000
g1905 g2104 22.015140 17.116000
g1905 g2102 22.015140 17.116000
g1905 g2106 22.015140 17.116000
g1905 g2107 22.015140 17.116000
g1905 g2105 22.015140 17.116000
g1905 g2115 22.015140 17.116000
g1905 g2116 22.015140 17.116000
g1905 g2114 22.015140 17.116000
g1905 g2118 19.642340 19.022160
g1905 g2119 19.642340 19.022160
g1905 g2117 19.642340 19.022160
g1905 g3062 12.461390 6.540590
g1905 g3063 12.461390 6.540590
g1905 g3064 12.461390 6.540590
g1905 g3065 12.461390 6.540590
g1905 g3066 12.461390 6.540590
g1905 g3067 12.461390 6.540590
g1905 g3068 12.461390 6.540590
g1905 g3069 12.461390 6.540590
g1905 g3070 9.552510 9.406180
g1909 g3062 3.258170 3.258170
g1910 g3063 3.258170 3.258170
g1911 g3064 3.258170 3.258170
g1912 g3065 3.258170 3.258170
g1913 g3066 3.258170 3.258170
g1914 g3067 3.258170 3.258170
g1916 g3068 3.258170 3.258170
g1917 g3069 3.258170 3.258170
g1918 g2079 22.809860 17.910720
g1918 g2080 22.809860 17.910720
g1918 g2078 22.809860 17.910720
g1918 g2082 22.809860 17.910720
g1918 g2083 22.809860 17.910720
g1918 g2081 22.809860 17.910720
g1918 g2085 22.809860 17.910720
g1918 g2086 22.809860 17.910720
g1918 g2084 22.809860 17.910720
g1918 g2088 22.809860 17.910720
g1918 g2089 22.809860 17.910720
g1918 g2087 22.809860 17.910720
g1918 g2091 22.809860 17.910720
g1918 g2092 22.809860 17.910720
g1918 g2090 22.809860 17.910720
g1918 g2094 22.809860 17.910720
g1918 g2095 22.809860 17.910720
g1918 g2093 22.809860 17.910720
g1918 g2097 22.809860 17.910720
g1918 g2098 22.809860 17.910720
g1918 g2096 22.809860 17.910720
g1918 g2100 22.809860 17.910720
g1918 g2101 22.809860 17.910720
g1918 g2099 22.809860 17.910720
g1918 g2103 22.809860 17.910720
g1918 g2104 22.809860 17.910720
g1918 g2102 22.809860 17.910720
g1918 g2106 22.809860 17.910720
g1918 g2107 22.809860 17.910720
g1918 g2105 22.809860 17.910720
g1918 g2115 22.809860 17.910720
g1918 g2116 22.809860 17.910720
g1918 g2114 22.809860 17.910720
g1918 g2118 20.437060 19.816880
g1918 g2119 20.437060 19.816880
g1918 g2117 20.437060 19.816880
g1918 g3070 5.867660 5.867660
g1921 g3070 5.035200 5.035200
g2010 g2010 2.342240 2.342240
g2010 g2020 4.052460 4.052460
g2010 g2013 3.882460 3.882460
g2010 g2033 3.882460 3.882460
g2010 g2026 3.882460 3.882460
g2010 g2040 3.882460 3.882460
g2010 g2052 3.882460 3.882460
g2010 g2046 3.882460 3.882460
g2010 g2059 3.882460 3.882460
g2010 g2066 3.882460 3.882460
g2010 g2072 3.882460 3.882460
g2010 g2109 3.582460 2.768420
g2010 g2110 3.582460 2.768420
g2010 g2108 3.582460 2.768420
g2010 g2112 3.582460 2.768420
g2010 g2113 3.582460 2.768420
g2010 g2111 3.582460 2.768420
g2010 g2118 5.877480 1.769440
g2010 g2119 5.877480 1.769440
g2010 g2117 5.877480 1.769440
g2039 g2039 2.540240 2.540240
g2039 g2020 5.241640 4.498720
g2039 g2013 5.490920 4.745240
g2039 g2033 7.627580 6.881900
g2039 g2026 9.764240 9.018560
g2039 g2040 11.900900 11.155220
g2039 g2052 14.037560 13.291880
g2039 g2046 16.174220 15.428540
g2039 g2059 18.310880 17.565200
g2039 g2066 20.431140 19.685460
g2039 g2072 22.408470 22.408470
g2039 g2079 21.307020 16.407880
g2039 g2080 21.307020 16.407880
g2039 g2078 21.307020 16.407880
g2039 g2082 21.307020 16.407880
g2039 g2083 21.307020 16.407880
g2039 g2081 21.307020 16.407880
g2039 g2085 21.307020 16.407880
g2039 g2086 21.307020 16.407880
g2039 g2084 21.307020 16.407880
g2039 g2088 21.307020 16.407880
g2039 g2089 21.307020 16.407880
g2039 g2087 21.307020 16.407880
g2039 g2091 21.307020 16.407880
g2039 g2092 21.307020 16.407880
g2039 g2090 21.307020 16.407880
g2039 g2094 21.307020 16.407880
g2039 g2095 21.307020 16.407880
g2039 g2093 21.307020 16.407880
g2039 g2097 21.307020 16.407880
g2039 g2098 21.307020 16.407880
g2039 g2096 21.307020 16.407880
g2039 g2100 21.307020 16.407880
g2039 g2101 21.307020 16.407880
g2039 g2099 21.307020 16.407880
g2039 g2103 21.307020 16.407880
g2039 g2104 21.307020 16.407880
g2039 g2102 21.307020 16.407880
g2039 g2106 21.307020 16.407880
g2039 g2107 21.307020 16.407880
g2039 g2105 21.307020 16.407880
g2039 g2115 21.307020 16.407880
g2039 g2116 21.307020 16.407880
g2039 g2114 21.307020 16.407880
g2039 g2118 18.934220 18.314040
g2039 g2119 18.934220 18.314040
g2039 g2117 18.934220 18.314040
g2020 g2020 2.781020 2.136980
g2020 g2013 5.075830 4.330150
g2020 g2033 7.212490 6.466810
g2020 g2026 9.349150 8.603470
g2020 g2040 11.485810 10.740130
g2020 g2052 13.622470 12.876790
g2020 g2046 15.759130 15.013450
g2020 g2059 17.895790 17.150110
g2020 g2066 20.016050 19.270370
g2020 g2072 21.993380 21.993380
g2020 g2079 1.769440 1.769440
g2020 g2080 1.769440 1.769440
g2020 g2078 1.769440 1.769440
g2020 g2115 9.447200 8.236220
g2020 g2116 9.447200 8.236220
g2020 g2114 9.447200 8.236220
g2013 g2013 3.034740 2.390700
g2013 g2033 5.075830 4.330150
g2013 g2026 7.212490 6.466810
g2013 g2040 9.349150 8.603470
g2013 g2052 11.485810 10.740130
g2013 g2046 13.622470 12.876790
g2013 g2059 15.759130 15.013450
g2013 g2066 17.879390 17.133710
g2013 g2072 19.856720 19.856720
g2013 g2082 1.769440 1.769440
g2013 g2083 1.769440 1.769440
g2013 g2081 1.769440 1.769440
g2013 g2115 8.832440 7.782520
g2013 g2116 8.832440 7.782520
g2013 g2114 8.832440 7.782520
g2033 g2033 3.034740 2.390700
g2033 g2026 5.075830 4.330150
g2033 g2040 7.212490 6.466810
g2033 g2052 9.349150 8.603470
g2033 g2046 11.485810 10.740130
g2033 g2059 13.622470 12.876790
g2033 g2066 15.742730 14.997050
g2033 g2072 17.720060 17.720060
g2033 g2085 1.769440 1.769440
g2033 g2086 1.769440 1.769440
g2033 g2084 1.769440 1.769440
g2033 g2115 9.698220 8.648240
g2033 g2116 9.698220 8.648240
g2033 g2114 9.698220 8.648240
g2026 g2026 3.034740 2.390700
g2026 g2040 5.075830 4.330150
g2026 g2052 7.212490 6.466810
g2026 g2046 9.349150 8.603470
g2026 g2059 11.485810 10.740130
g2026 g2066 13.606070 12.860390
g2026 g2072 15.583400 15.583400
g2026 g2088 1.769440 1.769440
g2026 g2089 1.769440 1.769440
g2026 g2087 1.769440 1.769440
g2026 g2115 8.522680 7.472700
g2026 g2116 8.522680 7.472700
g2026 g2114 8.522680 7.472700
g2040 g2040 3.034740 2.390700
g2040 g2052 5.075830 4.330150
g2040 g2046 7.212490 6.466810
g2040 g2059 9.349150 8.603470
g2040 g2066 11.469410 10.723730
g2040 g2072 13.446740 13.446740
g2040 g2091 1.769440 1.769440
g2040 g2092 1.769440 1.769440
g2040 g2090 1.769440 1.769440
g2040 g2115 8.309280 7.157060
g2040 g2116 8.309280 7.157060
g2040 g2114 8.309280 7.157060
g2052 g2052 3.034740 2.390700
g2052 g2046 5.075830 4.330150
g2052 g2059 7.212490 6.466810
g2052 g2066 9.332750 8.587070
g2052 g2072 11.310080 11.310080
g2052 g2094 1.769440 1.769440
g2052 g2095 1.769440 1.769440
g2052 g2093 1.769440 1.769440
g2052 g2115 9.920650 8.709620
g2052 g2116 9.920650 8.709620
g2052 g2114 9.920650 8.709620
g2046 g2046 3.034740 2.390700
g2046 g2059 5.075830 4.330150
g2046 g2066 7.196090 6.450410
g2046 g2072 9.173420 9.173420
g2046 g2097 1.769440 1.769440
g2046 g2098 1.769440 1.769440
g2046 g2096 1.769440 1.769440
g2046 g2115 9.305790 8.255870
g2046 g2116 9.305790 8.255870
g2046 g2114 9.305790 8.255870
g2059 g2059 3.034740 2.390700
g2059 g2066 5.059470 4.313790
g2059 g2072 7.036800 7.036800
g2059 g2100 1.769440 1.769440
g2059 g2101 1.769440 1.769440
g2059 g2099 1.769440 1.769440
g2059 g2115 10.171120 9.121140
g2059 g2116 10.171120 9.121140
g2059 g2114 10.171120 9.121140
g2066 g2066 3.034740 2.390700
g2066 g2072 5.767470 5.767470
g2066 g2103 1.769440 1.769440
g2066 g2104 1.769440 1.769440
g2066 g2102 1.769440 1.769440
g2066 g2115 9.154200 8.104220
g2066 g2116 9.154200 8.104220
g2066 g2114 9.154200 8.104220
g2072 g2072 4.269330 4.269330
g2072 g2106 1.769440 1.769440
g2072 g2107 1.769440 1.769440
g2072 g2105 1.769440 1.769440
g2072 g2115 8.793020 7.640800
g2072 g2116 8.793020 7.640800
g2072 g2114 8.793020 7.640800
g2079 g2079 1.967700 1.967700
g2079 g2115 10.728340 9.856900
g2079 g2116 10.728340 9.856900
g2079 g2114 10.728340 9.856900
g2079 g3062 16.785090 13.147460
g2079 g3063 16.875510 13.815310
g2079 g3064 16.785090 13.815310
g2079 g3065 16.875510 13.147460
g2079 g3066 16.785090 15.198410
g2079 g3067 16.875510 15.288830
g2079 g3068 16.901150 15.198410
g2079 g3069 16.991570 9.239190
g2079 g3070 26.587790 15.500370
g2080 g2080 1.967700 1.967700
g2080 g2115 10.550850 9.679410
g2080 g2116 10.550850 9.679410
g2080 g2114 10.550850 9.679410
g2080 g3062 16.607600 12.969970
g2080 g3063 16.698020 13.637820
g2080 g3064 16.607600 13.637820
g2080 g3065 16.698020 12.969970
g2080 g3066 16.607600 15.020920
g2080 g3067 16.698020 15.111340
g2080 g3068 16.723660 15.020920
g2080 g3069 16.814080 9.061700
g2080 g3070 26.410300 15.322880
g2078 g2078 1.967700 1.967700
g2078 g2115 11.371010 10.499570
g2078 g2116 11.371010 10.499570
g2078 g2114 11.371010 10.499570
g2078 g3062 17.427760 13.790130
g2078 g3063 17.518180 14.457980
g2078 g3064 17.427760 14.457980
g2078 g3065 17.518180 13.790130
g2078 g3066 17.427760 15.841080
g2078 g3067 17.518180 15.931500
g2078 g3068 17.543820 15.841080
g2078 g3069 17.634240 9.881860
g2078 g3070 27.230460 16.143040
g2082 g2082 1.967700 1.967700
g2082 g2115 10.410720 9.402480
g2082 g2116 10.410720 9.402480
g2082 g2114 10.410720 9.402480
g2082 g3062 16.607190 12.969560
g2082 g3063 16.697610 13.637410
g2082 g3064 16.607190 13.637410
g2082 g3065 16.697610 12.969560
g2082 g3066 16.607190 15.020510
g2082 g3067 16.697610 15.110930
g2082 g3068 16.723250 9.291470
g2082 g3069 16.813670 15.110930
g2082 g3070 26.409890 15.110250
g2083 g2083 1.967700 1.967700
g2083 g2115 10.234060 9.225820
g2083 g2116 10.234060 9.225820
g2083 g2114 10.234060 9.225820
g2083 g3062 16.430530 12.792900
g2083 g3063 16.520950 13.460750
g2083 g3064 16.430530 13.460750
g2083 g3065 16.520950 12.792900
g2083 g3066 16.430530 14.843850
g2083 g3067 16.520950 14.934270
g2083 g3068 16.546590 9.114810
g2083 g3069 16.637010 14.934270
g2083 g3070 26.233230 14.933590
g2081 g2081 1.967700 1.967700
g2081 g2115 11.067500 10.059260
g2081 g2116 11.067500 10.059260
g2081 g2114 11.067500 10.059260
g2081 g3062 17.263970 13.626340
g2081 g3063 17.354390 14.294190
g2081 g3064 17.263970 14.294190
g2081 g3065 17.354390 13.626340
g2081 g3066 17.263970 15.677290
g2081 g3067 17.354390 15.767710
g2081 g3068 17.380030 9.948250
g2081 g3069 17.470450 15.767710
g2081 g3070 27.066670 15.767030
g2085 g2085 1.967700 1.967700
g2085 g2115 11.337360 10.412180
g2085 g2116 11.337360 10.412180
g2085 g2114 11.337360 10.412180
g2085 g3062 16.804190 13.166560
g2085 g3063 16.894610 13.834410
g2085 g3064 16.804190 13.834410
g2085 g3065 16.894610 13.166560
g2085 g3066 16.804190 15.217510
g2085 g3067 16.894610 9.442750
g2085 g3068 16.920250 15.217510
g2085 g3069 17.010670 15.307930
g2085 g3070 26.606890 15.476530
g2086 g2086 1.967700 1.967700
g2086 g2115 11.160870 10.235690
g2086 g2116 11.160870 10.235690
g2086 g2114 11.160870 10.235690
g2086 g3062 16.627700 12.990070
g2086 g3063 16.718120 13.657920
g2086 g3064 16.627700 13.657920
g2086 g3065 16.718120 12.990070
g2086 g3066 16.627700 15.041020
g2086 g3067 16.718120 9.266260
g2086 g3068 16.743760 15.041020
g2086 g3069 16.834180 15.131440
g2086 g3070 26.430400 15.300040
g2084 g2084 1.967700 1.967700
g2084 g2115 11.997030 11.071850
g2084 g2116 11.997030 11.071850
g2084 g2114 11.997030 11.071850
g2084 g3062 17.463860 13.826230
g2084 g3063 17.554280 14.494080
g2084 g3064 17.463860 14.494080
g2084 g3065 17.554280 13.826230
g2084 g3066 17.463860 15.877180
g2084 g3067 17.554280 10.102420
g2084 g3068 17.579920 15.877180
g2084 g3069 17.670340 15.967600
g2084 g3070 27.266560 16.136200
g2088 g2088 1.967700 1.967700
g2088 g2115 9.803820 8.826310
g2088 g2116 9.803820 8.826310
g2088 g2114 9.803820 8.826310
g2088 g3062 15.792510 12.154880
g2088 g3063 15.882930 12.822730
g2088 g3064 15.792510 12.822730
g2088 g3065 15.882930 12.154880
g2088 g3066 15.792510 9.154710
g2088 g3067 15.882930 14.296250
g2088 g3068 15.908570 14.205830
g2088 g3069 15.998990 14.296250
g2088 g3070 25.595210 14.748490
g2089 g2089 1.967700 1.967700
g2089 g2115 9.626330 8.648820
g2089 g2116 9.626330 8.648820
g2089 g2114 9.626330 8.648820
g2089 g3062 15.615020 11.977390
g2089 g3063 15.705440 12.645240
g2089 g3064 15.615020 12.645240
g2089 g3065 15.705440 11.977390
g2089 g3066 15.615020 8.977220
g2089 g3067 15.705440 14.118760
g2089 g3068 15.731080 14.028340
g2089 g3069 15.821500 14.118760
g2089 g3070 25.417720 14.571000
g2087 g2087 1.967700 1.967700
g2087 g2115 10.446490 9.468980
g2087 g2116 10.446490 9.468980
g2087 g2114 10.446490 9.468980
g2087 g3062 16.435180 12.797550
g2087 g3063 16.525600 13.465400
g2087 g3064 16.435180 13.465400
g2087 g3065 16.525600 12.797550
g2087 g3066 16.435180 9.797380
g2087 g3067 16.525600 14.938920
g2087 g3068 16.551240 14.848500
g2087 g3069 16.641660 14.938920
g2087 g3070 26.237880 15.391160
g2091 g2091 1.967700 1.967700
g2091 g2115 9.887560 9.016170
g2091 g2116 9.887560 9.016170
g2091 g2114 9.887560 9.016170
g2091 g3062 15.222750 11.585120
g2091 g3063 15.313170 12.252970
g2091 g3064 15.222750 12.252970
g2091 g3065 15.313170 9.381890
g2091 g3066 15.222750 13.636070
g2091 g3067 15.313170 13.726490
g2091 g3068 15.338810 13.636070
g2091 g3069 15.429230 13.726490
g2091 g3070 25.025450 14.238240
g2092 g2092 1.967700 1.967700
g2092 g2115 9.710900 8.839510
g2092 g2116 9.710900 8.839510
g2092 g2114 9.710900 8.839510
g2092 g3062 15.046090 11.408460
g2092 g3063 15.136510 12.076310
g2092 g3064 15.046090 12.076310
g2092 g3065 15.136510 9.205230
g2092 g3066 15.046090 13.459410
g2092 g3067 15.136510 13.549830
g2092 g3068 15.162150 13.459410
g2092 g3069 15.252570 13.549830
g2092 g3070 24.848790 14.061580
g2090 g2090 1.967700 1.967700
g2090 g2115 10.544340 9.672950
g2090 g2116 10.544340 9.672950
g2090 g2114 10.544340 9.672950
g2090 g3062 15.879530 12.241900
g2090 g3063 15.969950 12.909750
g2090 g3064 15.879530 12.909750
g2090 g3065 15.969950 10.038670
g2090 g3066 15.879530 14.292850
g2090 g3067 15.969950 14.383270
g2090 g3068 15.995590 14.292850
g2090 g3069 16.086010 14.383270
g2090 g3070 25.682230 14.895020
g2094 g2094 1.967700 1.967700
g2094 g2115 11.513250 10.641810
g2094 g2116 11.513250 10.641810
g2094 g2114 11.513250 10.641810
g2094 g3062 15.715730 12.078100
g2094 g3063 15.806150 12.745950
g2094 g3064 15.715730 9.305790
g2094 g3065 15.806150 12.078100
g2094 g3066 15.715730 14.129050
g2094 g3067 15.806150 14.219470
g2094 g3068 15.831790 14.129050
g2094 g3069 15.922210 14.219470
g2094 g3070 25.518430 14.731220
g2095 g2095 1.967700 1.967700
g2095 g2115 11.336630 10.465190
g2095 g2116 11.336630 10.465190
g2095 g2114 11.336630 10.465190
g2095 g3062 15.539110 11.901480
g2095 g3063 15.629530 12.569330
g2095 g3064 15.539110 9.129170
g2095 g3065 15.629530 11.901480
g2095 g3066 15.539110 13.952430
g2095 g3067 15.629530 14.042850
g2095 g3068 15.655170 13.952430
g2095 g3069 15.745590 14.042850
g2095 g3070 25.341810 14.554600
g2093 g2093 1.967700 1.967700
g2093 g2115 12.170710 11.299270
g2093 g2116 12.170710 11.299270
g2093 g2114 12.170710 11.299270
g2093 g3062 16.373190 12.735560
g2093 g3063 16.463610 13.403410
g2093 g3064 16.373190 9.963250
g2093 g3065 16.463610 12.735560
g2093 g3066 16.373190 14.786510
g2093 g3067 16.463610 14.876930
g2093 g3068 16.489250 14.786510
g2093 g3069 16.579670 14.876930
g2093 g3070 26.175890 15.388680
g2097 g2097 1.967700 1.967700
g2097 g2115 10.905550 9.896310
g2097 g2116 10.905550 9.896310
g2097 g2114 10.905550 9.896310
g2097 g3062 15.881840 12.244210
g2097 g3063 15.972260 9.403370
g2097 g3064 15.881840 12.912060
g2097 g3065 15.972260 12.244210
g2097 g3066 15.881840 14.295160
g2097 g3067 15.972260 14.385580
g2097 g3068 15.997900 14.295160
g2097 g3069 16.088320 14.385580
g2097 g3070 25.684540 14.897330
g2098 g2098 1.967700 1.967700
g2098 g2115 10.728950 9.719710
g2098 g2116 10.728950 9.719710
g2098 g2114 10.728950 9.719710
g2098 g3062 15.705240 12.067610
g2098 g3063 15.795660 9.226770
g2098 g3064 15.705240 12.735460
g2098 g3065 15.795660 12.067610
g2098 g3066 15.705240 14.118560
g2098 g3067 15.795660 14.208980
g2098 g3068 15.821300 14.118560
g2098 g3069 15.911720 14.208980
g2098 g3070 25.507940 14.720730
g2096 g2096 1.967700 1.967700
g2096 g2115 11.563350 10.554110
g2096 g2116 11.563350 10.554110
g2096 g2114 11.563350 10.554110
g2096 g3062 16.539640 12.902010
g2096 g3063 16.630060 10.061170
g2096 g3064 16.539640 13.569860
g2096 g3065 16.630060 12.902010
g2096 g3066 16.539640 14.952960
g2096 g3067 16.630060 15.043380
g2096 g3068 16.655700 14.952960
g2096 g3069 16.746120 15.043380
g2096 g3070 26.342340 15.555130
g2100 g2100 1.967700 1.967700
g2100 g2115 11.763720 10.839090
g2100 g2116 11.763720 10.839090
g2100 g2114 11.763720 10.839090
g2100 g3062 15.454680 9.305790
g2100 g3063 15.545100 12.484900
g2100 g3064 15.454680 12.484900
g2100 g3065 15.545100 11.817050
g2100 g3066 15.454680 13.868000
g2100 g3067 15.545100 13.958420
g2100 g3068 15.570740 13.868000
g2100 g3069 15.661160 13.958420
g2100 g3070 25.257380 14.470170
g2101 g2101 1.967700 1.967700
g2101 g2115 11.587100 10.662470
g2101 g2116 11.587100 10.662470
g2101 g2114 11.587100 10.662470
g2101 g3062 15.278060 9.129170
g2101 g3063 15.368480 12.308280
g2101 g3064 15.278060 12.308280
g2101 g3065 15.368480 11.640430
g2101 g3066 15.278060 13.691380
g2101 g3067 15.368480 13.781800
g2101 g3068 15.394120 13.691380
g2101 g3069 15.484540 13.781800
g2101 g3070 25.080760 14.293550
g2099 g2099 1.967700 1.967700
g2099 g2115 12.421180 11.496550
g2099 g2116 12.421180 11.496550
g2099 g2114 12.421180 11.496550
g2099 g3062 16.112140 9.963250
g2099 g3063 16.202560 13.142360
g2099 g3064 16.112140 13.142360
g2099 g3065 16.202560 12.474510
g2099 g3066 16.112140 14.525460
g2099 g3067 16.202560 14.615880
g2099 g3068 16.228200 14.525460
g2099 g3069 16.318620 14.615880
g2099 g3070 25.914840 15.127630
g2103 g2103 1.967700 1.967700
g2103 g2115 10.546580 9.567810
g2103 g2116 10.546580 9.567810
g2103 g2114 10.546580 9.567810
g2103 g3062 15.785880 12.148250
g2103 g3063 15.876300 12.816100
g2103 g3064 15.785880 12.816100
g2103 g3065 15.876300 12.148250
g2103 g3066 15.785880 14.199200
g2103 g3067 15.876300 14.289620
g2103 g3068 15.901940 14.199200
g2103 g3069 15.992360 9.458570
g2103 g3070 25.588580 10.365880
g2104 g2104 1.967700 1.967700
g2104 g2115 10.369810 9.391040
g2104 g2116 10.369810 9.391040
g2104 g2114 10.369810 9.391040
g2104 g3062 15.609110 11.971480
g2104 g3063 15.699530 12.639330
g2104 g3064 15.609110 12.639330
g2104 g3065 15.699530 11.971480
g2104 g3066 15.609110 14.022430
g2104 g3067 15.699530 14.112850
g2104 g3068 15.725170 14.022430
g2104 g3069 15.815590 9.281800
g2104 g3070 25.411810 10.189110
g2102 g2102 1.967700 1.967700
g2102 g2115 11.201490 10.222720
g2102 g2116 11.201490 10.222720
g2102 g2114 11.201490 10.222720
g2102 g3062 16.440790 12.803160
g2102 g3063 16.531210 13.471010
g2102 g3064 16.440790 13.471010
g2102 g3065 16.531210 12.803160
g2102 g3066 16.440790 14.854110
g2102 g3067 16.531210 14.944530
g2102 g3068 16.556850 14.854110
g2102 g3069 16.647270 10.113480
g2102 g3070 26.243490 11.020790
g2106 g2106 1.967700 1.967700
g2106 g2115 10.353400 9.482010
g2106 g2116 10.353400 9.482010
g2106 g2114 10.353400 9.482010
g2106 g3062 15.986470 12.348840
g2106 g3063 16.076890 13.016690
g2106 g3064 15.986470 13.016690
g2106 g3065 16.076890 12.348840
g2106 g3066 15.986470 14.399790
g2106 g3067 16.076890 14.490210
g2106 g3068 16.102530 9.389630
g2106 g3069 16.192950 14.490210
g2106 g3070 25.789170 9.875740
g2107 g2107 1.967700 1.967700
g2107 g2115 10.176690 9.305300
g2107 g2116 10.176690 9.305300
g2107 g2114 10.176690 9.305300
g2107 g3062 15.809760 12.172130
g2107 g3063 15.900180 12.839980
g2107 g3064 15.809760 12.839980
g2107 g3065 15.900180 12.172130
g2107 g3066 15.809760 14.223080
g2107 g3067 15.900180 14.313500
g2107 g3068 15.925820 9.212920
g2107 g3069 16.016240 14.313500
g2107 g3070 25.612460 9.699030
g2105 g2105 1.967700 1.967700
g2105 g2115 11.009330 10.137940
g2105 g2116 11.009330 10.137940
g2105 g2114 11.009330 10.137940
g2105 g3062 16.642400 13.004770
g2105 g3063 16.732820 13.672620
g2105 g3064 16.642400 13.672620
g2105 g3065 16.732820 13.004770
g2105 g3066 16.642400 15.055720
g2105 g3067 16.732820 15.146140
g2105 g3068 16.758460 10.045560
g2105 g3069 16.848880 15.146140
g2105 g3070 26.445100 10.531670
g2109 g2109 2.109440 2.109440
g2109 g2115 5.511040 5.511040
g2109 g2116 5.511040 5.511040
g2109 g2114 5.511040 5.511040
g2110 g2110 2.109440 2.109440
g2110 g2115 5.331780 5.331780
g2110 g2116 5.331780 5.331780
g2110 g2114 5.331780 5.331780
g2108 g2108 2.109440 2.109440
g2108 g2115 6.123620 6.123620
g2108 g2116 6.123620 6.123620
g2108 g2114 6.123620 6.123620
g2112 g2112 2.109440 2.109440
g2112 g2115 6.132120 6.132120
g2112 g2116 6.132120 6.132120
g2112 g2114 6.132120 6.132120
g2112 g3062 14.180090 10.542460
g2112 g3063 14.270510 11.210310
g2112 g3064 14.180090 11.210310
g2112 g3065 14.270510 10.542460
g2112 g3066 14.180090 12.593410
g2112 g3067 14.270510 12.683830
g2112 g3068 14.296150 12.593410
g2112 g3069 14.386570 12.683830
g2112 g3070 23.982790 13.195580
g2113 g2113 2.109440 2.109440
g2113 g2115 5.954120 5.954120
g2113 g2116 5.954120 5.954120
g2113 g2114 5.954120 5.954120
g2113 g3062 14.002090 10.364460
g2113 g3063 14.092510 11.032310
g2113 g3064 14.002090 11.032310
g2113 g3065 14.092510 10.364460
g2113 g3066 14.002090 12.415410
g2113 g3067 14.092510 12.505830
g2113 g3068 14.118150 12.415410
g2113 g3069 14.208570 12.505830
g2113 g3070 23.804790 13.017580
g2111 g2111 2.109440 2.109440
g2111 g2115 6.766120 6.766120
g2111 g2116 6.766120 6.766120
g2111 g2114 6.766120 6.766120
g2111 g3062 14.814090 11.176460
g2111 g3063 14.904510 11.844310
g2111 g3064 14.814090 11.844310
g2111 g3065 14.904510 11.176460
g2111 g3066 14.814090 13.227410
g2111 g3067 14.904510 13.317830
g2111 g3068 14.930150 13.227410
g2111 g3069 15.020570 13.317830
g2111 g3070 24.616790 13.829580
g2115 g2115 1.967700 1.967700
g2115 g3062 6.297600 6.297600
g2115 g3063 6.965450 6.965450
g2115 g3064 6.965450 6.965450
g2115 g3065 6.297600 6.297600
g2116 g2116 1.967700 1.967700
g2116 g3062 6.118580 6.118580
g2116 g3063 6.786430 6.786430
g2116 g3064 6.786430 6.786430
g2116 g3065 6.118580 6.118580
g2114 g2114 1.967700 1.967700
g2114 g3062 6.914260 6.914260
g2114 g3063 7.582110 7.582110
g2114 g3064 7.582110 7.582110
g2114 g3065 6.914260 6.914260
g2118 g2118 1.967700 1.967700
g2118 g3062 13.633920 9.996290
g2118 g3063 13.724340 10.664140
g2118 g3064 13.633920 10.664140
g2118 g3065 13.724340 9.996290
g2118 g3066 13.633920 12.047240
g2118 g3067 13.724340 12.137660
g2118 g3068 13.749980 12.047240
g2118 g3069 13.840400 12.137660
g2118 g3070 23.436620 12.649410
g2119 g2119 1.967700 1.967700
g2119 g3062 13.454900 9.817270
g2119 g3063 13.545320 10.485120
g2119 g3064 13.454900 10.485120
g2119 g3065 13.545320 9.817270
g2119 g3066 13.454900 11.868220
g2119 g3067 13.545320 11.958640
g2119 g3068 13.570960 11.868220
g2119 g3069 13.661380 11.958640
g2119 g3070 23.257600 12.470390
g2117 g2117 1.967700 1.967700
g2117 g3062 14.250580 10.612950
g2117 g3063 14.341000 11.280800
g2117 g3064 14.250580 11.280800
g2117 g3065 14.341000 10.612950
g2117 g3066 14.250580 12.663900
g2117 g3067 14.341000 12.754320
g2117 g3068 14.366640 12.663900
g2117 g3069 14.457060 12.754320
g2117 g3070 24.053280 13.266070
g2206 g2206 1.967700 1.967700
g2206 g2261 26.870240 22.730290
g2206 g2264 26.870240 22.730290
g2206 g2267 26.870240 22.730290
g2206 g2306 26.685560 22.741590
g2206 g2309 26.685560 22.741590
g2206 g2312 26.685560 22.741590
g2206 g2270 26.685560 22.741590
g2206 g2273 26.685560 22.741590
g2206 g2276 26.685560 22.741590
g2206 g2315 26.685560 22.741590
g2206 g2318 26.685560 22.741590
g2206 g2321 26.685560 22.741590
g2206 g2279 26.870240 22.730290
g2206 g2282 26.870240 22.730290
g2206 g2285 26.870240 22.730290
g2206 g2324 26.870240 22.730290
g2206 g2327 26.870240 22.730290
g2206 g2330 26.870240 22.730290
g2206 g2288 26.870240 22.730290
g2206 g2291 26.870240 22.730290
g2206 g2294 26.870240 22.730290
g2206 g2333 26.870240 22.730290
g2206 g2336 26.870240 22.730290
g2206 g2339 26.870240 22.730290
g2206 g2297 26.685560 22.741590
g2206 g2300 26.685560 22.741590
g2206 g2303 26.685560 22.741590
g2206 g2342 26.685560 22.741590
g2206 g2345 26.685560 22.741590
g2206 g2348 26.685560 22.741590
g2206 g2387 15.752060 14.679100
g2206 g2388 15.752060 14.679100
g2206 g2389 15.752060 14.679100
g2206 g2390 21.233580 14.992300
g2206 g2391 21.233580 14.992300
g2206 g2392 21.233580 14.992300
g2206 g2393 16.446540 15.373580
g2206 g2394 16.446540 15.373580
g2206 g2395 16.446540 15.373580
g2206 g2397 15.823490 14.406660
g2206 g2398 15.885310 14.468480
g2206 g2396 15.885310 14.468480
g2206 g2478 14.928660 13.855700
g2206 g2479 14.758660 13.685700
g2206 g2477 14.758660 13.685700
g2207 g2207 1.967700 1.967700
g2207 g2261 26.691740 22.551790
g2207 g2264 26.691740 22.551790
g2207 g2267 26.691740 22.551790
g2207 g2306 26.507060 22.563090
g2207 g2309 26.507060 22.563090
g2207 g2312 26.507060 22.563090
g2207 g2270 26.507060 22.563090
g2207 g2273 26.507060 22.563090
g2207 g2276 26.507060 22.563090
g2207 g2315 26.507060 22.563090
g2207 g2318 26.507060 22.563090
g2207 g2321 26.507060 22.563090
g2207 g2279 26.691740 22.551790
g2207 g2282 26.691740 22.551790
g2207 g2285 26.691740 22.551790
g2207 g2324 26.691740 22.551790
g2207 g2327 26.691740 22.551790
g2207 g2330 26.691740 22.551790
g2207 g2288 26.691740 22.551790
g2207 g2291 26.691740 22.551790
g2207 g2294 26.691740 22.551790
g2207 g2333 26.691740 22.551790
g2207 g2336 26.691740 22.551790
g2207 g2339 26.691740 22.551790
g2207 g2297 26.507060 22.563090
g2207 g2300 26.507060 22.563090
g2207 g2303 26.507060 22.563090
g2207 g2342 26.507060 22.563090
g2207 g2345 26.507060 22.563090
g2207 g2348 26.507060 22.563090
g2207 g2387 15.573560 14.500600
g2207 g2388 15.573560 14.500600
g2207 g2389 15.573560 14.500600
g2207 g2390 21.055080 14.813800
g2207 g2391 21.055080 14.813800
g2207 g2392 21.055080 14.813800
g2207 g2393 16.268040 15.195080
g2207 g2394 16.268040 15.195080
g2207 g2395 16.268040 15.195080
g2207 g2397 15.644990 14.228160
g2207 g2398 15.706810 14.289980
g2207 g2396 15.706810 14.289980
g2207 g2478 14.750160 13.677200
g2207 g2479 14.580160 13.507200
g2207 g2477 14.580160 13.507200
g2205 g2205 1.967700 1.967700
g2205 g2261 27.495740 23.355790
g2205 g2264 27.495740 23.355790
g2205 g2267 27.495740 23.355790
g2205 g2306 27.311060 23.367090
g2205 g2309 27.311060 23.367090
g2205 g2312 27.311060 23.367090
g2205 g2270 27.311060 23.367090
g2205 g2273 27.311060 23.367090
g2205 g2276 27.311060 23.367090
g2205 g2315 27.311060 23.367090
g2205 g2318 27.311060 23.367090
g2205 g2321 27.311060 23.367090
g2205 g2279 27.495740 23.355790
g2205 g2282 27.495740 23.355790
g2205 g2285 27.495740 23.355790
g2205 g2324 27.495740 23.355790
g2205 g2327 27.495740 23.355790
g2205 g2330 27.495740 23.355790
g2205 g2288 27.495740 23.355790
g2205 g2291 27.495740 23.355790
g2205 g2294 27.495740 23.355790
g2205 g2333 27.495740 23.355790
g2205 g2336 27.495740 23.355790
g2205 g2339 27.495740 23.355790
g2205 g2297 27.311060 23.367090
g2205 g2300 27.311060 23.367090
g2205 g2303 27.311060 23.367090
g2205 g2342 27.311060 23.367090
g2205 g2345 27.311060 23.367090
g2205 g2348 27.311060 23.367090
g2205 g2387 16.377560 15.304600
g2205 g2388 16.377560 15.304600
g2205 g2389 16.377560 15.304600
g2205 g2390 21.859080 15.617800
g2205 g2391 21.859080 15.617800
g2205 g2392 21.859080 15.617800
g2205 g2393 17.072040 15.999080
g2205 g2394 17.072040 15.999080
g2205 g2395 17.072040 15.999080
g2205 g2397 16.448990 15.032160
g2205 g2398 16.510810 15.093980
g2205 g2396 16.510810 15.093980
g2205 g2478 15.554160 14.481200
g2205 g2479 15.384160 14.311200
g2205 g2477 15.384160 14.311200
g2209 g2209 1.967700 1.967700
g2209 g2261 26.399740 22.250000
g2209 g2264 26.399740 22.250000
g2209 g2267 26.399740 22.250000
g2209 g2306 26.215060 22.261300
g2209 g2309 26.215060 22.261300
g2209 g2312 26.215060 22.261300
g2209 g2270 26.215060 22.261300
g2209 g2273 26.215060 22.261300
g2209 g2276 26.215060 22.261300
g2209 g2315 26.215060 22.261300
g2209 g2318 26.215060 22.261300
g2209 g2321 26.215060 22.261300
g2209 g2279 26.399740 22.250000
g2209 g2282 26.399740 22.250000
g2209 g2285 26.399740 22.250000
g2209 g2324 26.399740 22.250000
g2209 g2327 26.399740 22.250000
g2209 g2330 26.399740 22.250000
g2209 g2288 26.399740 22.250000
g2209 g2291 26.399740 22.250000
g2209 g2294 26.399740 22.250000
g2209 g2333 26.399740 22.250000
g2209 g2336 26.399740 22.250000
g2209 g2339 26.399740 22.250000
g2209 g2297 26.215060 22.261300
g2209 g2300 26.215060 22.261300
g2209 g2303 26.215060 22.261300
g2209 g2342 26.215060 22.261300
g2209 g2345 26.215060 22.261300
g2209 g2348 26.215060 22.261300
g2209 g2387 15.281560 14.198810
g2209 g2388 15.281560 14.198810
g2209 g2389 15.281560 14.198810
g2209 g2390 20.763080 14.512010
g2209 g2391 20.763080 14.512010
g2209 g2392 20.763080 14.512010
g2209 g2393 15.976040 14.893290
g2209 g2394 15.976040 14.893290
g2209 g2395 15.976040 14.893290
g2209 g2397 15.352990 13.926370
g2209 g2398 15.414810 13.988190
g2209 g2396 15.414810 13.988190
g2209 g2478 14.458160 13.375410
g2209 g2479 14.288160 13.205410
g2209 g2477 14.288160 13.205410
g2210 g2210 1.967700 1.967700
g2210 g2261 26.221240 22.071500
g2210 g2264 26.221240 22.071500
g2210 g2267 26.221240 22.071500
g2210 g2306 26.036560 22.082800
g2210 g2309 26.036560 22.082800
g2210 g2312 26.036560 22.082800
g2210 g2270 26.036560 22.082800
g2210 g2273 26.036560 22.082800
g2210 g2276 26.036560 22.082800
g2210 g2315 26.036560 22.082800
g2210 g2318 26.036560 22.082800
g2210 g2321 26.036560 22.082800
g2210 g2279 26.221240 22.071500
g2210 g2282 26.221240 22.071500
g2210 g2285 26.221240 22.071500
g2210 g2324 26.221240 22.071500
g2210 g2327 26.221240 22.071500
g2210 g2330 26.221240 22.071500
g2210 g2288 26.221240 22.071500
g2210 g2291 26.221240 22.071500
g2210 g2294 26.221240 22.071500
g2210 g2333 26.221240 22.071500
g2210 g2336 26.221240 22.071500
g2210 g2339 26.221240 22.071500
g2210 g2297 26.036560 22.082800
g2210 g2300 26.036560 22.082800
g2210 g2303 26.036560 22.082800
g2210 g2342 26.036560 22.082800
g2210 g2345 26.036560 22.082800
g2210 g2348 26.036560 22.082800
g2210 g2387 15.103060 14.020310
g2210 g2388 15.103060 14.020310
g2210 g2389 15.103060 14.020310
g2210 g2390 20.584580 14.333510
g2210 g2391 20.584580 14.333510
g2210 g2392 20.584580 14.333510
g2210 g2393 15.797540 14.714790
g2210 g2394 15.797540 14.714790
g2210 g2395 15.797540 14.714790
g2210 g2397 15.174490 13.747870
g2210 g2398 15.236310 13.809690
g2210 g2396 15.236310 13.809690
g2210 g2478 14.279660 13.196910
g2210 g2479 14.109660 13.026910
g2210 g2477 14.109660 13.026910
g2208 g2208 1.967700 1.967700
g2208 g2261 27.025240 22.875500
g2208 g2264 27.025240 22.875500
g2208 g2267 27.025240 22.875500
g2208 g2306 26.840560 22.886800
g2208 g2309 26.840560 22.886800
g2208 g2312 26.840560 22.886800
g2208 g2270 26.840560 22.886800
g2208 g2273 26.840560 22.886800
g2208 g2276 26.840560 22.886800
g2208 g2315 26.840560 22.886800
g2208 g2318 26.840560 22.886800
g2208 g2321 26.840560 22.886800
g2208 g2279 27.025240 22.875500
g2208 g2282 27.025240 22.875500
g2208 g2285 27.025240 22.875500
g2208 g2324 27.025240 22.875500
g2208 g2327 27.025240 22.875500
g2208 g2330 27.025240 22.875500
g2208 g2288 27.025240 22.875500
g2208 g2291 27.025240 22.875500
g2208 g2294 27.025240 22.875500
g2208 g2333 27.025240 22.875500
g2208 g2336 27.025240 22.875500
g2208 g2339 27.025240 22.875500
g2208 g2297 26.840560 22.886800
g2208 g2300 26.840560 22.886800
g2208 g2303 26.840560 22.886800
g2208 g2342 26.840560 22.886800
g2208 g2345 26.840560 22.886800
g2208 g2348 26.840560 22.886800
g2208 g2387 15.907060 14.824310
g2208 g2388 15.907060 14.824310
g2208 g2389 15.907060 14.824310
g2208 g2390 21.388580 15.137510
g2208 g2391 21.388580 15.137510
g2208 g2392 21.388580 15.137510
g2208 g2393 16.601540 15.518790
g2208 g2394 16.601540 15.518790
g2208 g2395 16.601540 15.518790
g2208 g2397 15.978490 14.551870
g2208 g2398 16.040310 14.613690
g2208 g2396 16.040310 14.613690
g2208 g2478 15.083660 14.000910
g2208 g2479 14.913660 13.830910
g2208 g2477 14.913660 13.830910
g2218 g2218 1.967700 1.967700
g2218 g2261 25.585840 20.380710
g2218 g2264 25.585840 20.380710
g2218 g2267 25.585840 20.380710
g2218 g2306 25.401160 20.392010
g2218 g2309 25.401160 20.392010
g2218 g2312 25.401160 20.392010
g2218 g2270 25.401160 20.392010
g2218 g2273 25.401160 20.392010
g2218 g2276 25.401160 20.392010
g2218 g2315 25.401160 20.392010
g2218 g2318 25.401160 20.392010
g2218 g2321 25.401160 20.392010
g2218 g2279 25.585840 20.380710
g2218 g2282 25.585840 20.380710
g2218 g2285 25.585840 20.380710
g2218 g2324 25.585840 20.380710
g2218 g2327 25.585840 20.380710
g2218 g2330 25.585840 20.380710
g2218 g2288 25.585840 20.380710
g2218 g2291 25.585840 20.380710
g2218 g2294 25.585840 20.380710
g2218 g2333 25.585840 20.380710
g2218 g2336 25.585840 20.380710
g2218 g2339 25.585840 20.380710
g2218 g2297 25.401160 20.392010
g2218 g2300 25.401160 20.392010
g2218 g2303 25.401160 20.392010
g2218 g2342 25.401160 20.392010
g2218 g2345 25.401160 20.392010
g2218 g2348 25.401160 20.392010
g2218 g2387 14.467660 12.329520
g2218 g2388 14.467660 12.329520
g2218 g2389 14.467660 12.329520
g2218 g2390 19.949180 12.642720
g2218 g2391 19.949180 12.642720
g2218 g2392 19.949180 12.642720
g2218 g2393 15.162140 13.024000
g2218 g2394 15.162140 13.024000
g2218 g2395 15.162140 13.024000
g2218 g2397 14.539090 12.057080
g2218 g2398 14.600910 12.118900
g2218 g2396 14.600910 12.118900
g2218 g2478 13.644260 11.506120
g2218 g2479 13.474260 11.336120
g2218 g2477 13.474260 11.336120
g2219 g2219 1.967700 1.967700
g2219 g2261 25.407600 20.202470
g2219 g2264 25.407600 20.202470
g2219 g2267 25.407600 20.202470
g2219 g2306 25.222920 20.213770
g2219 g2309 25.222920 20.213770
g2219 g2312 25.222920 20.213770
g2219 g2270 25.222920 20.213770
g2219 g2273 25.222920 20.213770
g2219 g2276 25.222920 20.213770
g2219 g2315 25.222920 20.213770
g2219 g2318 25.222920 20.213770
g2219 g2321 25.222920 20.213770
g2219 g2279 25.407600 20.202470
g2219 g2282 25.407600 20.202470
g2219 g2285 25.407600 20.202470
g2219 g2324 25.407600 20.202470
g2219 g2327 25.407600 20.202470
g2219 g2330 25.407600 20.202470
g2219 g2288 25.407600 20.202470
g2219 g2291 25.407600 20.202470
g2219 g2294 25.407600 20.202470
g2219 g2333 25.407600 20.202470
g2219 g2336 25.407600 20.202470
g2219 g2339 25.407600 20.202470
g2219 g2297 25.222920 20.213770
g2219 g2300 25.222920 20.213770
g2219 g2303 25.222920 20.213770
g2219 g2342 25.222920 20.213770
g2219 g2345 25.222920 20.213770
g2219 g2348 25.222920 20.213770
g2219 g2387 14.289420 12.151280
g2219 g2388 14.289420 12.151280
g2219 g2389 14.289420 12.151280
g2219 g2390 19.770940 12.464480
g2219 g2391 19.770940 12.464480
g2219 g2392 19.770940 12.464480
g2219 g2393 14.983900 12.845760
g2219 g2394 14.983900 12.845760
g2219 g2395 14.983900 12.845760
g2219 g2397 14.360850 11.878840
g2219 g2398 14.422670 11.940660
g2219 g2396 14.422670 11.940660
g2219 g2478 13.466020 11.327880
g2219 g2479 13.296020 11.157880
g2219 g2477 13.296020 11.157880
g2217 g2217 1.967700 1.967700
g2217 g2261 26.215760 21.010630
g2217 g2264 26.215760 21.010630
g2217 g2267 26.215760 21.010630
g2217 g2306 26.031080 21.021930
g2217 g2309 26.031080 21.021930
g2217 g2312 26.031080 21.021930
g2217 g2270 26.031080 21.021930
g2217 g2273 26.031080 21.021930
g2217 g2276 26.031080 21.021930
g2217 g2315 26.031080 21.021930
g2217 g2318 26.031080 21.021930
g2217 g2321 26.031080 21.021930
g2217 g2279 26.215760 21.010630
g2217 g2282 26.215760 21.010630
g2217 g2285 26.215760 21.010630
g2217 g2324 26.215760 21.010630
g2217 g2327 26.215760 21.010630
g2217 g2330 26.215760 21.010630
g2217 g2288 26.215760 21.010630
g2217 g2291 26.215760 21.010630
g2217 g2294 26.215760 21.010630
g2217 g2333 26.215760 21.010630
g2217 g2336 26.215760 21.010630
g2217 g2339 26.215760 21.010630
g2217 g2297 26.031080 21.021930
g2217 g2300 26.031080 21.021930
g2217 g2303 26.031080 21.021930
g2217 g2342 26.031080 21.021930
g2217 g2345 26.031080 21.021930
g2217 g2348 26.031080 21.021930
g2217 g2387 15.097580 12.959440
g2217 g2388 15.097580 12.959440
g2217 g2389 15.097580 12.959440
g2217 g2390 20.579100 13.272640
g2217 g2391 20.579100 13.272640
g2217 g2392 20.579100 13.272640
g2217 g2393 15.792060 13.653920
g2217 g2394 15.792060 13.653920
g2217 g2395 15.792060 13.653920
g2217 g2397 15.169010 12.687000
g2217 g2398 15.230830 12.748820
g2217 g2396 15.230830 12.748820
g2217 g2478 14.274180 12.136040
g2217 g2479 14.104180 11.966040
g2217 g2477 14.104180 11.966040
g2221 g2221 1.967700 1.967700
g2221 g2261 25.982310 21.840680
g2221 g2264 25.982310 21.840680
g2221 g2267 25.982310 21.840680
g2221 g2306 25.797630 21.851980
g2221 g2309 25.797630 21.851980
g2221 g2312 25.797630 21.851980
g2221 g2270 25.797630 21.851980
g2221 g2273 25.797630 21.851980
g2221 g2276 25.797630 21.851980
g2221 g2315 25.797630 21.851980
g2221 g2318 25.797630 21.851980
g2221 g2321 25.797630 21.851980
g2221 g2279 25.982310 21.840680
g2221 g2282 25.982310 21.840680
g2221 g2285 25.982310 21.840680
g2221 g2324 25.982310 21.840680
g2221 g2327 25.982310 21.840680
g2221 g2330 25.982310 21.840680
g2221 g2288 25.982310 21.840680
g2221 g2291 25.982310 21.840680
g2221 g2294 25.982310 21.840680
g2221 g2333 25.982310 21.840680
g2221 g2336 25.982310 21.840680
g2221 g2339 25.982310 21.840680
g2221 g2297 25.797630 21.851980
g2221 g2300 25.797630 21.851980
g2221 g2303 25.797630 21.851980
g2221 g2342 25.797630 21.851980
g2221 g2345 25.797630 21.851980
g2221 g2348 25.797630 21.851980
g2221 g2387 14.864130 13.789490
g2221 g2388 14.864130 13.789490
g2221 g2389 14.864130 13.789490
g2221 g2390 20.345650 14.102690
g2221 g2391 20.345650 14.102690
g2221 g2392 20.345650 14.102690
g2221 g2393 15.558610 14.483970
g2221 g2394 15.558610 14.483970
g2221 g2395 15.558610 14.483970
g2221 g2397 14.935560 13.517050
g2221 g2398 14.997380 13.578870
g2221 g2396 14.997380 13.578870
g2221 g2478 14.040730 12.966090
g2221 g2479 13.870730 12.796090
g2221 g2477 13.870730 12.796090
g2222 g2222 1.967700 1.967700
g2222 g2261 25.803810 21.662180
g2222 g2264 25.803810 21.662180
g2222 g2267 25.803810 21.662180
g2222 g2306 25.619130 21.673480
g2222 g2309 25.619130 21.673480
g2222 g2312 25.619130 21.673480
g2222 g2270 25.619130 21.673480
g2222 g2273 25.619130 21.673480
g2222 g2276 25.619130 21.673480
g2222 g2315 25.619130 21.673480
g2222 g2318 25.619130 21.673480
g2222 g2321 25.619130 21.673480
g2222 g2279 25.803810 21.662180
g2222 g2282 25.803810 21.662180
g2222 g2285 25.803810 21.662180
g2222 g2324 25.803810 21.662180
g2222 g2327 25.803810 21.662180
g2222 g2330 25.803810 21.662180
g2222 g2288 25.803810 21.662180
g2222 g2291 25.803810 21.662180
g2222 g2294 25.803810 21.662180
g2222 g2333 25.803810 21.662180
g2222 g2336 25.803810 21.662180
g2222 g2339 25.803810 21.662180
g2222 g2297 25.619130 21.673480
g2222 g2300 25.619130 21.673480
g2222 g2303 25.619130 21.673480
g2222 g2342 25.619130 21.673480
g2222 g2345 25.619130 21.673480
g2222 g2348 25.619130 21.673480
g2222 g2387 14.685630 13.610990
g2222 g2388 14.685630 13.610990
g2222 g2389 14.685630 13.610990
g2222 g2390 20.167150 13.924190
g2222 g2391 20.167150 13.924190
g2222 g2392 20.167150 13.924190
g2222 g2393 15.380110 14.305470
g2222 g2394 15.380110 14.305470
g2222 g2395 15.380110 14.305470
g2222 g2397 14.757060 13.338550
g2222 g2398 14.818880 13.400370
g2222 g2396 14.818880 13.400370
g2222 g2478 13.862230 12.787590
g2222 g2479 13.692230 12.617590
g2222 g2477 13.692230 12.617590
g2220 g2220 1.967700 1.967700
g2220 g2261 26.607810 22.466180
g2220 g2264 26.607810 22.466180
g2220 g2267 26.607810 22.466180
g2220 g2306 26.423130 22.477480
g2220 g2309 26.423130 22.477480
g2220 g2312 26.423130 22.477480
g2220 g2270 26.423130 22.477480
g2220 g2273 26.423130 22.477480
g2220 g2276 26.423130 22.477480
g2220 g2315 26.423130 22.477480
g2220 g2318 26.423130 22.477480
g2220 g2321 26.423130 22.477480
g2220 g2279 26.607810 22.466180
g2220 g2282 26.607810 22.466180
g2220 g2285 26.607810 22.466180
g2220 g2324 26.607810 22.466180
g2220 g2327 26.607810 22.466180
g2220 g2330 26.607810 22.466180
g2220 g2288 26.607810 22.466180
g2220 g2291 26.607810 22.466180
g2220 g2294 26.607810 22.466180
g2220 g2333 26.607810 22.466180
g2220 g2336 26.607810 22.466180
g2220 g2339 26.607810 22.466180
g2220 g2297 26.423130 22.477480
g2220 g2300 26.423130 22.477480
g2220 g2303 26.423130 22.477480
g2220 g2342 26.423130 22.477480
g2220 g2345 26.423130 22.477480
g2220 g2348 26.423130 22.477480
g2220 g2387 15.489630 14.414990
g2220 g2388 15.489630 14.414990
g2220 g2389 15.489630 14.414990
g2220 g2390 20.971150 14.728190
g2220 g2391 20.971150 14.728190
g2220 g2392 20.971150 14.728190
g2220 g2393 16.184110 15.109470
g2220 g2394 16.184110 15.109470
g2220 g2395 16.184110 15.109470
g2220 g2397 15.561060 14.142550
g2220 g2398 15.622880 14.204370
g2220 g2396 15.622880 14.204370
g2220 g2478 14.666230 13.591590
g2220 g2479 14.496230 13.421590
g2220 g2477 14.496230 13.421590
g2224 g2224 1.967700 1.967700
g2224 g2261 25.379650 20.174380
g2224 g2264 25.379650 20.174380
g2224 g2267 25.379650 20.174380
g2224 g2306 25.194970 20.185680
g2224 g2309 25.194970 20.185680
g2224 g2312 25.194970 20.185680
g2224 g2270 25.194970 20.185680
g2224 g2273 25.194970 20.185680
g2224 g2276 25.194970 20.185680
g2224 g2315 25.194970 20.185680
g2224 g2318 25.194970 20.185680
g2224 g2321 25.194970 20.185680
g2224 g2279 25.379650 20.174380
g2224 g2282 25.379650 20.174380
g2224 g2285 25.379650 20.174380
g2224 g2324 25.379650 20.174380
g2224 g2327 25.379650 20.174380
g2224 g2330 25.379650 20.174380
g2224 g2288 25.379650 20.174380
g2224 g2291 25.379650 20.174380
g2224 g2294 25.379650 20.174380
g2224 g2333 25.379650 20.174380
g2224 g2336 25.379650 20.174380
g2224 g2339 25.379650 20.174380
g2224 g2297 25.194970 20.185680
g2224 g2300 25.194970 20.185680
g2224 g2303 25.194970 20.185680
g2224 g2342 25.194970 20.185680
g2224 g2345 25.194970 20.185680
g2224 g2348 25.194970 20.185680
g2224 g2387 14.261470 12.123190
g2224 g2388 14.261470 12.123190
g2224 g2389 14.261470 12.123190
g2224 g2390 19.742990 12.436390
g2224 g2391 19.742990 12.436390
g2224 g2392 19.742990 12.436390
g2224 g2393 14.955950 12.817670
g2224 g2394 14.955950 12.817670
g2224 g2395 14.955950 12.817670
g2224 g2397 14.332900 11.850750
g2224 g2398 14.394720 11.912570
g2224 g2396 14.394720 11.912570
g2224 g2478 13.438070 11.299790
g2224 g2479 13.268070 11.129790
g2224 g2477 13.268070 11.129790
g2225 g2225 1.967700 1.967700
g2225 g2261 25.201410 19.996140
g2225 g2264 25.201410 19.996140
g2225 g2267 25.201410 19.996140
g2225 g2306 25.016730 20.007440
g2225 g2309 25.016730 20.007440
g2225 g2312 25.016730 20.007440
g2225 g2270 25.016730 20.007440
g2225 g2273 25.016730 20.007440
g2225 g2276 25.016730 20.007440
g2225 g2315 25.016730 20.007440
g2225 g2318 25.016730 20.007440
g2225 g2321 25.016730 20.007440
g2225 g2279 25.201410 19.996140
g2225 g2282 25.201410 19.996140
g2225 g2285 25.201410 19.996140
g2225 g2324 25.201410 19.996140
g2225 g2327 25.201410 19.996140
g2225 g2330 25.201410 19.996140
g2225 g2288 25.201410 19.996140
g2225 g2291 25.201410 19.996140
g2225 g2294 25.201410 19.996140
g2225 g2333 25.201410 19.996140
g2225 g2336 25.201410 19.996140
g2225 g2339 25.201410 19.996140
g2225 g2297 25.016730 20.007440
g2225 g2300 25.016730 20.007440
g2225 g2303 25.016730 20.007440
g2225 g2342 25.016730 20.007440
g2225 g2345 25.016730 20.007440
g2225 g2348 25.016730 20.007440
g2225 g2387 14.083230 11.944950
g2225 g2388 14.083230 11.944950
g2225 g2389 14.083230 11.944950
g2225 g2390 19.564750 12.258150
g2225 g2391 19.564750 12.258150
g2225 g2392 19.564750 12.258150
g2225 g2393 14.777710 12.639430
g2225 g2394 14.777710 12.639430
g2225 g2395 14.777710 12.639430
g2225 g2397 14.154660 11.672510
g2225 g2398 14.216480 11.734330
g2225 g2396 14.216480 11.734330
g2225 g2478 13.259830 11.121550
g2225 g2479 13.089830 10.951550
g2225 g2477 13.089830 10.951550
g2223 g2223 1.967700 1.967700
g2223 g2261 26.009570 20.804300
g2223 g2264 26.009570 20.804300
g2223 g2267 26.009570 20.804300
g2223 g2306 25.824890 20.815600
g2223 g2309 25.824890 20.815600
g2223 g2312 25.824890 20.815600
g2223 g2270 25.824890 20.815600
g2223 g2273 25.824890 20.815600
g2223 g2276 25.824890 20.815600
g2223 g2315 25.824890 20.815600
g2223 g2318 25.824890 20.815600
g2223 g2321 25.824890 20.815600
g2223 g2279 26.009570 20.804300
g2223 g2282 26.009570 20.804300
g2223 g2285 26.009570 20.804300
g2223 g2324 26.009570 20.804300
g2223 g2327 26.009570 20.804300
g2223 g2330 26.009570 20.804300
g2223 g2288 26.009570 20.804300
g2223 g2291 26.009570 20.804300
g2223 g2294 26.009570 20.804300
g2223 g2333 26.009570 20.804300
g2223 g2336 26.009570 20.804300
g2223 g2339 26.009570 20.804300
g2223 g2297 25.824890 20.815600
g2223 g2300 25.824890 20.815600
g2223 g2303 25.824890 20.815600
g2223 g2342 25.824890 20.815600
g2223 g2345 25.824890 20.815600
g2223 g2348 25.824890 20.815600
g2223 g2387 14.891390 12.753110
g2223 g2388 14.891390 12.753110
g2223 g2389 14.891390 12.753110
g2223 g2390 20.372910 13.066310
g2223 g2391 20.372910 13.066310
g2223 g2392 20.372910 13.066310
g2223 g2393 15.585870 13.447590
g2223 g2394 15.585870 13.447590
g2223 g2395 15.585870 13.447590
g2223 g2397 14.962820 12.480670
g2223 g2398 15.024640 12.542490
g2223 g2396 15.024640 12.542490
g2223 g2478 14.067990 11.929710
g2223 g2479 13.897990 11.759710
g2223 g2477 13.897990 11.759710
g2227 g2227 1.967700 1.967700
g2227 g2261 27.344390 23.204440
g2227 g2264 27.344390 23.204440
g2227 g2267 27.344390 23.204440
g2227 g2306 27.159710 23.215740
g2227 g2309 27.159710 23.215740
g2227 g2312 27.159710 23.215740
g2227 g2270 27.159710 23.215740
g2227 g2273 27.159710 23.215740
g2227 g2276 27.159710 23.215740
g2227 g2315 27.159710 23.215740
g2227 g2318 27.159710 23.215740
g2227 g2321 27.159710 23.215740
g2227 g2279 27.344390 23.204440
g2227 g2282 27.344390 23.204440
g2227 g2285 27.344390 23.204440
g2227 g2324 27.344390 23.204440
g2227 g2327 27.344390 23.204440
g2227 g2330 27.344390 23.204440
g2227 g2288 27.344390 23.204440
g2227 g2291 27.344390 23.204440
g2227 g2294 27.344390 23.204440
g2227 g2333 27.344390 23.204440
g2227 g2336 27.344390 23.204440
g2227 g2339 27.344390 23.204440
g2227 g2297 27.159710 23.215740
g2227 g2300 27.159710 23.215740
g2227 g2303 27.159710 23.215740
g2227 g2342 27.159710 23.215740
g2227 g2345 27.159710 23.215740
g2227 g2348 27.159710 23.215740
g2227 g2387 16.226210 15.153250
g2227 g2388 16.226210 15.153250
g2227 g2389 16.226210 15.153250
g2227 g2390 21.707730 15.466450
g2227 g2391 21.707730 15.466450
g2227 g2392 21.707730 15.466450
g2227 g2393 16.920690 15.847730
g2227 g2394 16.920690 15.847730
g2227 g2395 16.920690 15.847730
g2227 g2397 16.297640 14.880810
g2227 g2398 16.359460 14.942630
g2227 g2396 16.359460 14.942630
g2227 g2478 15.402810 14.329850
g2227 g2479 15.232810 14.159850
g2227 g2477 15.232810 14.159850
g2228 g2228 1.967700 1.967700
g2228 g2261 27.165890 23.025940
g2228 g2264 27.165890 23.025940
g2228 g2267 27.165890 23.025940
g2228 g2306 26.981210 23.037240
g2228 g2309 26.981210 23.037240
g2228 g2312 26.981210 23.037240
g2228 g2270 26.981210 23.037240
g2228 g2273 26.981210 23.037240
g2228 g2276 26.981210 23.037240
g2228 g2315 26.981210 23.037240
g2228 g2318 26.981210 23.037240
g2228 g2321 26.981210 23.037240
g2228 g2279 27.165890 23.025940
g2228 g2282 27.165890 23.025940
g2228 g2285 27.165890 23.025940
g2228 g2324 27.165890 23.025940
g2228 g2327 27.165890 23.025940
g2228 g2330 27.165890 23.025940
g2228 g2288 27.165890 23.025940
g2228 g2291 27.165890 23.025940
g2228 g2294 27.165890 23.025940
g2228 g2333 27.165890 23.025940
g2228 g2336 27.165890 23.025940
g2228 g2339 27.165890 23.025940
g2228 g2297 26.981210 23.037240
g2228 g2300 26.981210 23.037240
g2228 g2303 26.981210 23.037240
g2228 g2342 26.981210 23.037240
g2228 g2345 26.981210 23.037240
g2228 g2348 26.981210 23.037240
g2228 g2387 16.047710 14.974750
g2228 g2388 16.047710 14.974750
g2228 g2389 16.047710 14.974750
g2228 g2390 21.529230 15.287950
g2228 g2391 21.529230 15.287950
g2228 g2392 21.529230 15.287950
g2228 g2393 16.742190 15.669230
g2228 g2394 16.742190 15.669230
g2228 g2395 16.742190 15.669230
g2228 g2397 16.119140 14.702310
g2228 g2398 16.180960 14.764130
g2228 g2396 16.180960 14.764130
g2228 g2478 15.224310 14.151350
g2228 g2479 15.054310 13.981350
g2228 g2477 15.054310 13.981350
g2226 g2226 1.967700 1.967700
g2226 g2261 27.969890 23.829940
g2226 g2264 27.969890 23.829940
g2226 g2267 27.969890 23.829940
g2226 g2306 27.785210 23.841240
g2226 g2309 27.785210 23.841240
g2226 g2312 27.785210 23.841240
g2226 g2270 27.785210 23.841240
g2226 g2273 27.785210 23.841240
g2226 g2276 27.785210 23.841240
g2226 g2315 27.785210 23.841240
g2226 g2318 27.785210 23.841240
g2226 g2321 27.785210 23.841240
g2226 g2279 27.969890 23.829940
g2226 g2282 27.969890 23.829940
g2226 g2285 27.969890 23.829940
g2226 g2324 27.969890 23.829940
g2226 g2327 27.969890 23.829940
g2226 g2330 27.969890 23.829940
g2226 g2288 27.969890 23.829940
g2226 g2291 27.969890 23.829940
g2226 g2294 27.969890 23.829940
g2226 g2333 27.969890 23.829940
g2226 g2336 27.969890 23.829940
g2226 g2339 27.969890 23.829940
g2226 g2297 27.785210 23.841240
g2226 g2300 27.785210 23.841240
g2226 g2303 27.785210 23.841240
g2226 g2342 27.785210 23.841240
g2226 g2345 27.785210 23.841240
g2226 g2348 27.785210 23.841240
g2226 g2387 16.851710 15.778750
g2226 g2388 16.851710 15.778750
g2226 g2389 16.851710 15.778750
g2226 g2390 22.333230 16.091950
g2226 g2391 22.333230 16.091950
g2226 g2392 22.333230 16.091950
g2226 g2393 17.546190 16.473230
g2226 g2394 17.546190 16.473230
g2226 g2395 17.546190 16.473230
g2226 g2397 16.923140 15.506310
g2226 g2398 16.984960 15.568130
g2226 g2396 16.984960 15.568130
g2226 g2478 16.028310 14.955350
g2226 g2479 15.858310 14.785350
g2226 g2477 15.858310 14.785350
g2230 g2230 1.967700 1.967700
g2230 g2261 26.873890 22.724150
g2230 g2264 26.873890 22.724150
g2230 g2267 26.873890 22.724150
g2230 g2306 26.689210 22.735450
g2230 g2309 26.689210 22.735450
g2230 g2312 26.689210 22.735450
g2230 g2270 26.689210 22.735450
g2230 g2273 26.689210 22.735450
g2230 g2276 26.689210 22.735450
g2230 g2315 26.689210 22.735450
g2230 g2318 26.689210 22.735450
g2230 g2321 26.689210 22.735450
g2230 g2279 26.873890 22.724150
g2230 g2282 26.873890 22.724150
g2230 g2285 26.873890 22.724150
g2230 g2324 26.873890 22.724150
g2230 g2327 26.873890 22.724150
g2230 g2330 26.873890 22.724150
g2230 g2288 26.873890 22.724150
g2230 g2291 26.873890 22.724150
g2230 g2294 26.873890 22.724150
g2230 g2333 26.873890 22.724150
g2230 g2336 26.873890 22.724150
g2230 g2339 26.873890 22.724150
g2230 g2297 26.689210 22.735450
g2230 g2300 26.689210 22.735450
g2230 g2303 26.689210 22.735450
g2230 g2342 26.689210 22.735450
g2230 g2345 26.689210 22.735450
g2230 g2348 26.689210 22.735450
g2230 g2387 15.755710 14.672960
g2230 g2388 15.755710 14.672960
g2230 g2389 15.755710 14.672960
g2230 g2390 21.237230 14.986160
g2230 g2391 21.237230 14.986160
g2230 g2392 21.237230 14.986160
g2230 g2393 16.450190 15.367440
g2230 g2394 16.450190 15.367440
g2230 g2395 16.450190 15.367440
g2230 g2397 15.827140 14.400520
g2230 g2398 15.888960 14.462340
g2230 g2396 15.888960 14.462340
g2230 g2478 14.932310 13.849560
g2230 g2479 14.762310 13.679560
g2230 g2477 14.762310 13.679560
g2231 g2231 1.967700 1.967700
g2231 g2261 26.695390 22.545650
g2231 g2264 26.695390 22.545650
g2231 g2267 26.695390 22.545650
g2231 g2306 26.510710 22.556950
g2231 g2309 26.510710 22.556950
g2231 g2312 26.510710 22.556950
g2231 g2270 26.510710 22.556950
g2231 g2273 26.510710 22.556950
g2231 g2276 26.510710 22.556950
g2231 g2315 26.510710 22.556950
g2231 g2318 26.510710 22.556950
g2231 g2321 26.510710 22.556950
g2231 g2279 26.695390 22.545650
g2231 g2282 26.695390 22.545650
g2231 g2285 26.695390 22.545650
g2231 g2324 26.695390 22.545650
g2231 g2327 26.695390 22.545650
g2231 g2330 26.695390 22.545650
g2231 g2288 26.695390 22.545650
g2231 g2291 26.695390 22.545650
g2231 g2294 26.695390 22.545650
g2231 g2333 26.695390 22.545650
g2231 g2336 26.695390 22.545650
g2231 g2339 26.695390 22.545650
g2231 g2297 26.510710 22.556950
g2231 g2300 26.510710 22.556950
g2231 g2303 26.510710 22.556950
g2231 g2342 26.510710 22.556950
g2231 g2345 26.510710 22.556950
g2231 g2348 26.510710 22.556950
g2231 g2387 15.577210 14.494460
g2231 g2388 15.577210 14.494460
g2231 g2389 15.577210 14.494460
g2231 g2390 21.058730 14.807660
g2231 g2391 21.058730 14.807660
g2231 g2392 21.058730 14.807660
g2231 g2393 16.271690 15.188940
g2231 g2394 16.271690 15.188940
g2231 g2395 16.271690 15.188940
g2231 g2397 15.648640 14.222020
g2231 g2398 15.710460 14.283840
g2231 g2396 15.710460 14.283840
g2231 g2478 14.753810 13.671060
g2231 g2479 14.583810 13.501060
g2231 g2477 14.583810 13.501060
g2229 g2229 1.967700 1.967700
g2229 g2261 27.499390 23.349650
g2229 g2264 27.499390 23.349650
g2229 g2267 27.499390 23.349650
g2229 g2306 27.314710 23.360950
g2229 g2309 27.314710 23.360950
g2229 g2312 27.314710 23.360950
g2229 g2270 27.314710 23.360950
g2229 g2273 27.314710 23.360950
g2229 g2276 27.314710 23.360950
g2229 g2315 27.314710 23.360950
g2229 g2318 27.314710 23.360950
g2229 g2321 27.314710 23.360950
g2229 g2279 27.499390 23.349650
g2229 g2282 27.499390 23.349650
g2229 g2285 27.499390 23.349650
g2229 g2324 27.499390 23.349650
g2229 g2327 27.499390 23.349650
g2229 g2330 27.499390 23.349650
g2229 g2288 27.499390 23.349650
g2229 g2291 27.499390 23.349650
g2229 g2294 27.499390 23.349650
g2229 g2333 27.499390 23.349650
g2229 g2336 27.499390 23.349650
g2229 g2339 27.499390 23.349650
g2229 g2297 27.314710 23.360950
g2229 g2300 27.314710 23.360950
g2229 g2303 27.314710 23.360950
g2229 g2342 27.314710 23.360950
g2229 g2345 27.314710 23.360950
g2229 g2348 27.314710 23.360950
g2229 g2387 16.381210 15.298460
g2229 g2388 16.381210 15.298460
g2229 g2389 16.381210 15.298460
g2229 g2390 21.862730 15.611660
g2229 g2391 21.862730 15.611660
g2229 g2392 21.862730 15.611660
g2229 g2393 17.075690 15.992940
g2229 g2394 17.075690 15.992940
g2229 g2395 17.075690 15.992940
g2229 g2397 16.452640 15.026020
g2229 g2398 16.514460 15.087840
g2229 g2396 16.514460 15.087840
g2229 g2478 15.557810 14.475060
g2229 g2479 15.387810 14.305060
g2229 g2477 15.387810 14.305060
g2233 g2233 1.967700 1.967700
g2233 g2261 26.059990 20.854760
g2233 g2264 26.059990 20.854760
g2233 g2267 26.059990 20.854760
g2233 g2306 25.875310 20.866060
g2233 g2309 25.875310 20.866060
g2233 g2312 25.875310 20.866060
g2233 g2270 25.875310 20.866060
g2233 g2273 25.875310 20.866060
g2233 g2276 25.875310 20.866060
g2233 g2315 25.875310 20.866060
g2233 g2318 25.875310 20.866060
g2233 g2321 25.875310 20.866060
g2233 g2279 26.059990 20.854760
g2233 g2282 26.059990 20.854760
g2233 g2285 26.059990 20.854760
g2233 g2324 26.059990 20.854760
g2233 g2327 26.059990 20.854760
g2233 g2330 26.059990 20.854760
g2233 g2288 26.059990 20.854760
g2233 g2291 26.059990 20.854760
g2233 g2294 26.059990 20.854760
g2233 g2333 26.059990 20.854760
g2233 g2336 26.059990 20.854760
g2233 g2339 26.059990 20.854760
g2233 g2297 25.875310 20.866060
g2233 g2300 25.875310 20.866060
g2233 g2303 25.875310 20.866060
g2233 g2342 25.875310 20.866060
g2233 g2345 25.875310 20.866060
g2233 g2348 25.875310 20.866060
g2233 g2387 14.941810 12.803570
g2233 g2388 14.941810 12.803570
g2233 g2389 14.941810 12.803570
g2233 g2390 20.423330 13.116770
g2233 g2391 20.423330 13.116770
g2233 g2392 20.423330 13.116770
g2233 g2393 15.636290 13.498050
g2233 g2394 15.636290 13.498050
g2233 g2395 15.636290 13.498050
g2233 g2397 15.013240 12.531130
g2233 g2398 15.075060 12.592950
g2233 g2396 15.075060 12.592950
g2233 g2478 14.118410 11.980170
g2233 g2479 13.948410 11.810170
g2233 g2477 13.948410 11.810170
g2234 g2234 1.967700 1.967700
g2234 g2261 25.881750 20.676520
g2234 g2264 25.881750 20.676520
g2234 g2267 25.881750 20.676520
g2234 g2306 25.697070 20.687820
g2234 g2309 25.697070 20.687820
g2234 g2312 25.697070 20.687820
g2234 g2270 25.697070 20.687820
g2234 g2273 25.697070 20.687820
g2234 g2276 25.697070 20.687820
g2234 g2315 25.697070 20.687820
g2234 g2318 25.697070 20.687820
g2234 g2321 25.697070 20.687820
g2234 g2279 25.881750 20.676520
g2234 g2282 25.881750 20.676520
g2234 g2285 25.881750 20.676520
g2234 g2324 25.881750 20.676520
g2234 g2327 25.881750 20.676520
g2234 g2330 25.881750 20.676520
g2234 g2288 25.881750 20.676520
g2234 g2291 25.881750 20.676520
g2234 g2294 25.881750 20.676520
g2234 g2333 25.881750 20.676520
g2234 g2336 25.881750 20.676520
g2234 g2339 25.881750 20.676520
g2234 g2297 25.697070 20.687820
g2234 g2300 25.697070 20.687820
g2234 g2303 25.697070 20.687820
g2234 g2342 25.697070 20.687820
g2234 g2345 25.697070 20.687820
g2234 g2348 25.697070 20.687820
g2234 g2387 14.763570 12.625330
g2234 g2388 14.763570 12.625330
g2234 g2389 14.763570 12.625330
g2234 g2390 20.245090 12.938530
g2234 g2391 20.245090 12.938530
g2234 g2392 20.245090 12.938530
g2234 g2393 15.458050 13.319810
g2234 g2394 15.458050 13.319810
g2234 g2395 15.458050 13.319810
g2234 g2397 14.835000 12.352890
g2234 g2398 14.896820 12.414710
g2234 g2396 14.896820 12.414710
g2234 g2478 13.940170 11.801930
g2234 g2479 13.770170 11.631930
g2234 g2477 13.770170 11.631930
g2232 g2232 1.967700 1.967700
g2232 g2261 26.689910 21.484680
g2232 g2264 26.689910 21.484680
g2232 g2267 26.689910 21.484680
g2232 g2306 26.505230 21.495980
g2232 g2309 26.505230 21.495980
g2232 g2312 26.505230 21.495980
g2232 g2270 26.505230 21.495980
g2232 g2273 26.505230 21.495980
g2232 g2276 26.505230 21.495980
g2232 g2315 26.505230 21.495980
g2232 g2318 26.505230 21.495980
g2232 g2321 26.505230 21.495980
g2232 g2279 26.689910 21.484680
g2232 g2282 26.689910 21.484680
g2232 g2285 26.689910 21.484680
g2232 g2324 26.689910 21.484680
g2232 g2327 26.689910 21.484680
g2232 g2330 26.689910 21.484680
g2232 g2288 26.689910 21.484680
g2232 g2291 26.689910 21.484680
g2232 g2294 26.689910 21.484680
g2232 g2333 26.689910 21.484680
g2232 g2336 26.689910 21.484680
g2232 g2339 26.689910 21.484680
g2232 g2297 26.505230 21.495980
g2232 g2300 26.505230 21.495980
g2232 g2303 26.505230 21.495980
g2232 g2342 26.505230 21.495980
g2232 g2345 26.505230 21.495980
g2232 g2348 26.505230 21.495980
g2232 g2387 15.571730 13.433490
g2232 g2388 15.571730 13.433490
g2232 g2389 15.571730 13.433490
g2232 g2390 21.053250 13.746690
g2232 g2391 21.053250 13.746690
g2232 g2392 21.053250 13.746690
g2232 g2393 16.266210 14.127970
g2232 g2394 16.266210 14.127970
g2232 g2395 16.266210 14.127970
g2232 g2397 15.643160 13.161050
g2232 g2398 15.704980 13.222870
g2232 g2396 15.704980 13.222870
g2232 g2478 14.748330 12.610090
g2232 g2479 14.578330 12.440090
g2232 g2477 14.578330 12.440090
g2236 g2236 1.967700 1.967700
g2236 g2261 26.657530 22.337340
g2236 g2264 26.657530 22.337340
g2236 g2267 26.657530 22.337340
g2236 g2306 26.472850 22.348640
g2236 g2309 26.472850 22.348640
g2236 g2312 26.472850 22.348640
g2236 g2270 26.472850 22.348640
g2236 g2273 26.472850 22.348640
g2236 g2276 26.472850 22.348640
g2236 g2315 26.472850 22.348640
g2236 g2318 26.472850 22.348640
g2236 g2321 26.472850 22.348640
g2236 g2279 26.657530 22.337340
g2236 g2282 26.657530 22.337340
g2236 g2285 26.657530 22.337340
g2236 g2324 26.657530 22.337340
g2236 g2327 26.657530 22.337340
g2236 g2330 26.657530 22.337340
g2236 g2288 26.657530 22.337340
g2236 g2291 26.657530 22.337340
g2236 g2294 26.657530 22.337340
g2236 g2333 26.657530 22.337340
g2236 g2336 26.657530 22.337340
g2236 g2339 26.657530 22.337340
g2236 g2297 26.472850 22.348640
g2236 g2300 26.472850 22.348640
g2236 g2303 26.472850 22.348640
g2236 g2342 26.472850 22.348640
g2236 g2345 26.472850 22.348640
g2236 g2348 26.472850 22.348640
g2236 g2387 15.539350 14.286150
g2236 g2388 15.539350 14.286150
g2236 g2389 15.539350 14.286150
g2236 g2390 21.020870 14.599350
g2236 g2391 21.020870 14.599350
g2236 g2392 21.020870 14.599350
g2236 g2393 16.233830 14.980630
g2236 g2394 16.233830 14.980630
g2236 g2395 16.233830 14.980630
g2236 g2397 15.610780 14.013710
g2236 g2398 15.672600 14.075530
g2236 g2396 15.672600 14.075530
g2236 g2478 14.715950 13.462750
g2236 g2479 14.545950 13.292750
g2236 g2477 14.545950 13.292750
g2237 g2237 1.967700 1.967700
g2237 g2261 26.479090 22.158900
g2237 g2264 26.479090 22.158900
g2237 g2267 26.479090 22.158900
g2237 g2306 26.294410 22.170200
g2237 g2309 26.294410 22.170200
g2237 g2312 26.294410 22.170200
g2237 g2270 26.294410 22.170200
g2237 g2273 26.294410 22.170200
g2237 g2276 26.294410 22.170200
g2237 g2315 26.294410 22.170200
g2237 g2318 26.294410 22.170200
g2237 g2321 26.294410 22.170200
g2237 g2279 26.479090 22.158900
g2237 g2282 26.479090 22.158900
g2237 g2285 26.479090 22.158900
g2237 g2324 26.479090 22.158900
g2237 g2327 26.479090 22.158900
g2237 g2330 26.479090 22.158900
g2237 g2288 26.479090 22.158900
g2237 g2291 26.479090 22.158900
g2237 g2294 26.479090 22.158900
g2237 g2333 26.479090 22.158900
g2237 g2336 26.479090 22.158900
g2237 g2339 26.479090 22.158900
g2237 g2297 26.294410 22.170200
g2237 g2300 26.294410 22.170200
g2237 g2303 26.294410 22.170200
g2237 g2342 26.294410 22.170200
g2237 g2345 26.294410 22.170200
g2237 g2348 26.294410 22.170200
g2237 g2387 15.360910 14.107710
g2237 g2388 15.360910 14.107710
g2237 g2389 15.360910 14.107710
g2237 g2390 20.842430 14.420910
g2237 g2391 20.842430 14.420910
g2237 g2392 20.842430 14.420910
g2237 g2393 16.055390 14.802190
g2237 g2394 16.055390 14.802190
g2237 g2395 16.055390 14.802190
g2237 g2397 15.432340 13.835270
g2237 g2398 15.494160 13.897090
g2237 g2396 15.494160 13.897090
g2237 g2478 14.537510 13.284310
g2237 g2479 14.367510 13.114310
g2237 g2477 14.367510 13.114310
g2235 g2235 1.967700 1.967700
g2235 g2261 27.284050 22.963860
g2235 g2264 27.284050 22.963860
g2235 g2267 27.284050 22.963860
g2235 g2306 27.099370 22.975160
g2235 g2309 27.099370 22.975160
g2235 g2312 27.099370 22.975160
g2235 g2270 27.099370 22.975160
g2235 g2273 27.099370 22.975160
g2235 g2276 27.099370 22.975160
g2235 g2315 27.099370 22.975160
g2235 g2318 27.099370 22.975160
g2235 g2321 27.099370 22.975160
g2235 g2279 27.284050 22.963860
g2235 g2282 27.284050 22.963860
g2235 g2285 27.284050 22.963860
g2235 g2324 27.284050 22.963860
g2235 g2327 27.284050 22.963860
g2235 g2330 27.284050 22.963860
g2235 g2288 27.284050 22.963860
g2235 g2291 27.284050 22.963860
g2235 g2294 27.284050 22.963860
g2235 g2333 27.284050 22.963860
g2235 g2336 27.284050 22.963860
g2235 g2339 27.284050 22.963860
g2235 g2297 27.099370 22.975160
g2235 g2300 27.099370 22.975160
g2235 g2303 27.099370 22.975160
g2235 g2342 27.099370 22.975160
g2235 g2345 27.099370 22.975160
g2235 g2348 27.099370 22.975160
g2235 g2387 16.165870 14.912670
g2235 g2388 16.165870 14.912670
g2235 g2389 16.165870 14.912670
g2235 g2390 21.647390 15.225870
g2235 g2391 21.647390 15.225870
g2235 g2392 21.647390 15.225870
g2235 g2393 16.860350 15.607150
g2235 g2394 16.860350 15.607150
g2235 g2395 16.860350 15.607150
g2235 g2397 16.237300 14.640230
g2235 g2398 16.299120 14.702050
g2235 g2396 16.299120 14.702050
g2235 g2478 15.342470 14.089270
g2235 g2479 15.172470 13.919270
g2235 g2477 15.172470 13.919270
g2239 g2239 1.967700 1.967700
g2239 g2261 25.961420 21.693130
g2239 g2264 25.961420 21.693130
g2239 g2267 25.961420 21.693130
g2239 g2306 25.776740 21.704430
g2239 g2309 25.776740 21.704430
g2239 g2312 25.776740 21.704430
g2239 g2270 25.776740 21.704430
g2239 g2273 25.776740 21.704430
g2239 g2276 25.776740 21.704430
g2239 g2315 25.776740 21.704430
g2239 g2318 25.776740 21.704430
g2239 g2321 25.776740 21.704430
g2239 g2279 25.961420 21.693130
g2239 g2282 25.961420 21.693130
g2239 g2285 25.961420 21.693130
g2239 g2324 25.961420 21.693130
g2239 g2327 25.961420 21.693130
g2239 g2330 25.961420 21.693130
g2239 g2288 25.961420 21.693130
g2239 g2291 25.961420 21.693130
g2239 g2294 25.961420 21.693130
g2239 g2333 25.961420 21.693130
g2239 g2336 25.961420 21.693130
g2239 g2339 25.961420 21.693130
g2239 g2297 25.776740 21.704430
g2239 g2300 25.776740 21.704430
g2239 g2303 25.776740 21.704430
g2239 g2342 25.776740 21.704430
g2239 g2345 25.776740 21.704430
g2239 g2348 25.776740 21.704430
g2239 g2387 14.843240 13.641940
g2239 g2388 14.843240 13.641940
g2239 g2389 14.843240 13.641940
g2239 g2390 20.324760 13.955140
g2239 g2391 20.324760 13.955140
g2239 g2392 20.324760 13.955140
g2239 g2393 15.537720 14.336420
g2239 g2394 15.537720 14.336420
g2239 g2395 15.537720 14.336420
g2239 g2397 14.914670 13.369500
g2239 g2398 14.976490 13.431320
g2239 g2396 14.976490 13.431320
g2239 g2478 14.019840 12.818540
g2239 g2479 13.849840 12.648540
g2239 g2477 13.849840 12.648540
g2240 g2240 1.967700 1.967700
g2240 g2261 25.782980 21.514690
g2240 g2264 25.782980 21.514690
g2240 g2267 25.782980 21.514690
g2240 g2306 25.598300 21.525990
g2240 g2309 25.598300 21.525990
g2240 g2312 25.598300 21.525990
g2240 g2270 25.598300 21.525990
g2240 g2273 25.598300 21.525990
g2240 g2276 25.598300 21.525990
g2240 g2315 25.598300 21.525990
g2240 g2318 25.598300 21.525990
g2240 g2321 25.598300 21.525990
g2240 g2279 25.782980 21.514690
g2240 g2282 25.782980 21.514690
g2240 g2285 25.782980 21.514690
g2240 g2324 25.782980 21.514690
g2240 g2327 25.782980 21.514690
g2240 g2330 25.782980 21.514690
g2240 g2288 25.782980 21.514690
g2240 g2291 25.782980 21.514690
g2240 g2294 25.782980 21.514690
g2240 g2333 25.782980 21.514690
g2240 g2336 25.782980 21.514690
g2240 g2339 25.782980 21.514690
g2240 g2297 25.598300 21.525990
g2240 g2300 25.598300 21.525990
g2240 g2303 25.598300 21.525990
g2240 g2342 25.598300 21.525990
g2240 g2345 25.598300 21.525990
g2240 g2348 25.598300 21.525990
g2240 g2387 14.664800 13.463500
g2240 g2388 14.664800 13.463500
g2240 g2389 14.664800 13.463500
g2240 g2390 20.146320 13.776700
g2240 g2391 20.146320 13.776700
g2240 g2392 20.146320 13.776700
g2240 g2393 15.359280 14.157980
g2240 g2394 15.359280 14.157980
g2240 g2395 15.359280 14.157980
g2240 g2397 14.736230 13.191060
g2240 g2398 14.798050 13.252880
g2240 g2396 14.798050 13.252880
g2240 g2478 13.841400 12.640100
g2240 g2479 13.671400 12.470100
g2240 g2477 13.671400 12.470100
g2238 g2238 1.967700 1.967700
g2238 g2261 26.587940 22.319650
g2238 g2264 26.587940 22.319650
g2238 g2267 26.587940 22.319650
g2238 g2306 26.403260 22.330950
g2238 g2309 26.403260 22.330950
g2238 g2312 26.403260 22.330950
g2238 g2270 26.403260 22.330950
g2238 g2273 26.403260 22.330950
g2238 g2276 26.403260 22.330950
g2238 g2315 26.403260 22.330950
g2238 g2318 26.403260 22.330950
g2238 g2321 26.403260 22.330950
g2238 g2279 26.587940 22.319650
g2238 g2282 26.587940 22.319650
g2238 g2285 26.587940 22.319650
g2238 g2324 26.587940 22.319650
g2238 g2327 26.587940 22.319650
g2238 g2330 26.587940 22.319650
g2238 g2288 26.587940 22.319650
g2238 g2291 26.587940 22.319650
g2238 g2294 26.587940 22.319650
g2238 g2333 26.587940 22.319650
g2238 g2336 26.587940 22.319650
g2238 g2339 26.587940 22.319650
g2238 g2297 26.403260 22.330950
g2238 g2300 26.403260 22.330950
g2238 g2303 26.403260 22.330950
g2238 g2342 26.403260 22.330950
g2238 g2345 26.403260 22.330950
g2238 g2348 26.403260 22.330950
g2238 g2387 15.469760 14.268460
g2238 g2388 15.469760 14.268460
g2238 g2389 15.469760 14.268460
g2238 g2390 20.951280 14.581660
g2238 g2391 20.951280 14.581660
g2238 g2392 20.951280 14.581660
g2238 g2393 16.164240 14.962940
g2238 g2394 16.164240 14.962940
g2238 g2395 16.164240 14.962940
g2238 g2397 15.541190 13.996020
g2238 g2398 15.603010 14.057840
g2238 g2396 15.603010 14.057840
g2238 g2478 14.646360 13.445060
g2238 g2479 14.476360 13.275060
g2238 g2477 14.476360 13.275060
g2245 g2245 1.967700 1.967700
g2245 g2261 22.454440 17.524240
g2245 g2264 22.454440 17.524240
g2245 g2267 22.454440 17.524240
g2245 g2306 22.269760 17.535540
g2245 g2309 22.269760 17.535540
g2245 g2312 22.269760 17.535540
g2245 g2270 22.269760 17.535540
g2245 g2273 22.269760 17.535540
g2245 g2276 22.269760 17.535540
g2245 g2315 22.269760 17.535540
g2245 g2318 22.269760 17.535540
g2245 g2321 22.269760 17.535540
g2245 g2279 22.454440 17.524240
g2245 g2282 22.454440 17.524240
g2245 g2285 22.454440 17.524240
g2245 g2324 22.454440 17.524240
g2245 g2327 22.454440 17.524240
g2245 g2330 22.454440 17.524240
g2245 g2288 22.454440 17.524240
g2245 g2291 22.454440 17.524240
g2245 g2294 22.454440 17.524240
g2245 g2333 22.454440 17.524240
g2245 g2336 22.454440 17.524240
g2245 g2339 22.454440 17.524240
g2245 g2297 22.269760 17.535540
g2245 g2300 22.269760 17.535540
g2245 g2303 22.269760 17.535540
g2245 g2342 22.269760 17.535540
g2245 g2345 22.269760 17.535540
g2245 g2348 22.269760 17.535540
g2245 g2483 17.001130 14.825490
g2245 g2486 17.001130 14.825490
g2245 g2489 17.001130 14.825490
g2245 g2492 16.870990 15.322380
g2245 g2495 16.870990 15.322380
g2245 g2498 16.870990 15.322380
g2245 g2502 16.518930 13.342950
g2245 g2503 16.518930 13.342950
g2245 g2501 16.518930 13.342950
g2245 g2387 13.646700 9.473050
g2245 g2388 13.646700 9.473050
g2245 g2389 13.646700 9.473050
g2245 g2390 17.459900 9.786250
g2245 g2391 17.459900 9.786250
g2245 g2392 17.459900 9.786250
g2245 g2393 16.985600 10.167530
g2245 g2394 16.985600 10.167530
g2245 g2395 16.985600 10.167530
g2245 g2397 11.817240 8.977880
g2245 g2398 11.879060 9.606300
g2245 g2396 11.879060 9.606300
g2245 g2478 8.649650 8.649650
g2245 g2479 8.479650 8.479650
g2245 g2477 8.479650 8.479650
g2246 g2246 1.967700 1.967700
g2246 g2261 22.278270 17.348070
g2246 g2264 22.278270 17.348070
g2246 g2267 22.278270 17.348070
g2246 g2306 22.093590 17.359370
g2246 g2309 22.093590 17.359370
g2246 g2312 22.093590 17.359370
g2246 g2270 22.093590 17.359370
g2246 g2273 22.093590 17.359370
g2246 g2276 22.093590 17.359370
g2246 g2315 22.093590 17.359370
g2246 g2318 22.093590 17.359370
g2246 g2321 22.093590 17.359370
g2246 g2279 22.278270 17.348070
g2246 g2282 22.278270 17.348070
g2246 g2285 22.278270 17.348070
g2246 g2324 22.278270 17.348070
g2246 g2327 22.278270 17.348070
g2246 g2330 22.278270 17.348070
g2246 g2288 22.278270 17.348070
g2246 g2291 22.278270 17.348070
g2246 g2294 22.278270 17.348070
g2246 g2333 22.278270 17.348070
g2246 g2336 22.278270 17.348070
g2246 g2339 22.278270 17.348070
g2246 g2297 22.093590 17.359370
g2246 g2300 22.093590 17.359370
g2246 g2303 22.093590 17.359370
g2246 g2342 22.093590 17.359370
g2246 g2345 22.093590 17.359370
g2246 g2348 22.093590 17.359370
g2246 g2483 16.824960 14.649320
g2246 g2486 16.824960 14.649320
g2246 g2489 16.824960 14.649320
g2246 g2492 16.694820 15.146210
g2246 g2495 16.694820 15.146210
g2246 g2498 16.694820 15.146210
g2246 g2502 16.342760 13.166780
g2246 g2503 16.342760 13.166780
g2246 g2501 16.342760 13.166780
g2246 g2387 13.470530 9.296880
g2246 g2388 13.470530 9.296880
g2246 g2389 13.470530 9.296880
g2246 g2390 17.283730 9.610080
g2246 g2391 17.283730 9.610080
g2246 g2392 17.283730 9.610080
g2246 g2393 16.809430 9.991360
g2246 g2394 16.809430 9.991360
g2246 g2395 16.809430 9.991360
g2246 g2397 11.641070 8.801710
g2246 g2398 11.702890 9.430130
g2246 g2396 11.702890 9.430130
g2246 g2478 8.473480 8.473480
g2246 g2479 8.303480 8.303480
g2246 g2477 8.303480 8.303480
g2244 g2244 1.967700 1.967700
g2244 g2261 23.119550 18.189350
g2244 g2264 23.119550 18.189350
g2244 g2267 23.119550 18.189350
g2244 g2306 22.934870 18.200650
g2244 g2309 22.934870 18.200650
g2244 g2312 22.934870 18.200650
g2244 g2270 22.934870 18.200650
g2244 g2273 22.934870 18.200650
g2244 g2276 22.934870 18.200650
g2244 g2315 22.934870 18.200650
g2244 g2318 22.934870 18.200650
g2244 g2321 22.934870 18.200650
g2244 g2279 23.119550 18.189350
g2244 g2282 23.119550 18.189350
g2244 g2285 23.119550 18.189350
g2244 g2324 23.119550 18.189350
g2244 g2327 23.119550 18.189350
g2244 g2330 23.119550 18.189350
g2244 g2288 23.119550 18.189350
g2244 g2291 23.119550 18.189350
g2244 g2294 23.119550 18.189350
g2244 g2333 23.119550 18.189350
g2244 g2336 23.119550 18.189350
g2244 g2339 23.119550 18.189350
g2244 g2297 22.934870 18.200650
g2244 g2300 22.934870 18.200650
g2244 g2303 22.934870 18.200650
g2244 g2342 22.934870 18.200650
g2244 g2345 22.934870 18.200650
g2244 g2348 22.934870 18.200650
g2244 g2483 17.666240 15.490600
g2244 g2486 17.666240 15.490600
g2244 g2489 17.666240 15.490600
g2244 g2492 17.536100 15.987490
g2244 g2495 17.536100 15.987490
g2244 g2498 17.536100 15.987490
g2244 g2502 17.184040 14.008060
g2244 g2503 17.184040 14.008060
g2244 g2501 17.184040 14.008060
g2244 g2387 14.311810 10.138160
g2244 g2388 14.311810 10.138160
g2244 g2389 14.311810 10.138160
g2244 g2390 18.125010 10.451360
g2244 g2391 18.125010 10.451360
g2244 g2392 18.125010 10.451360
g2244 g2393 17.650710 10.832640
g2244 g2394 17.650710 10.832640
g2244 g2395 17.650710 10.832640
g2244 g2397 12.482350 9.642990
g2244 g2398 12.544170 10.271410
g2244 g2396 12.544170 10.271410
g2244 g2478 9.314760 9.314760
g2244 g2479 9.144760 9.144760
g2244 g2477 9.144760 9.144760
g2248 g2239 5.778380 5.778380
g2248 g2240 5.778380 5.778380
g2248 g2238 5.778380 5.778380
g2248 g2248 1.967700 1.967700
g2248 g2261 30.577530 22.858560
g2248 g2264 30.577530 22.858560
g2248 g2267 30.577530 22.858560
g2248 g2306 30.392850 22.869860
g2248 g2309 30.392850 22.869860
g2248 g2312 30.392850 22.869860
g2248 g2270 30.392850 22.869860
g2248 g2273 30.392850 22.869860
g2248 g2276 30.392850 22.869860
g2248 g2315 30.392850 22.869860
g2248 g2318 30.392850 22.869860
g2248 g2321 30.392850 22.869860
g2248 g2279 30.577530 22.858560
g2248 g2282 30.577530 22.858560
g2248 g2285 30.577530 22.858560
g2248 g2324 30.577530 22.858560
g2248 g2327 30.577530 22.858560
g2248 g2330 30.577530 22.858560
g2248 g2288 30.577530 22.858560
g2248 g2291 30.577530 22.858560
g2248 g2294 30.577530 22.858560
g2248 g2333 30.577530 22.858560
g2248 g2336 30.577530 22.858560
g2248 g2339 30.577530 22.858560
g2248 g2297 30.392850 22.869860
g2248 g2300 30.392850 22.869860
g2248 g2303 30.392850 22.869860
g2248 g2342 30.392850 8.262410
g2248 g2345 30.392850 8.262410
g2248 g2348 30.392850 8.262410
g2248 g2483 17.441650 14.781160
g2248 g2486 17.441650 14.781160
g2248 g2489 17.441650 14.781160
g2248 g2492 17.603520 14.904100
g2248 g2495 17.603520 14.904100
g2248 g2498 17.603520 14.904100
g2248 g2502 16.805280 13.162120
g2248 g2503 16.805280 13.162120
g2248 g2501 16.805280 13.162120
g2248 g2387 22.055350 14.807370
g2248 g2388 22.055350 14.807370
g2248 g2389 22.055350 14.807370
g2248 g2390 25.582990 15.120570
g2248 g2391 25.582990 15.120570
g2248 g2392 25.582990 15.120570
g2248 g2393 25.394250 15.501850
g2248 g2394 25.394250 15.501850
g2248 g2395 25.394250 15.501850
g2248 g2397 19.940330 14.534930
g2248 g2398 20.002150 14.596750
g2248 g2396 20.002150 14.596750
g2248 g2478 16.122110 13.983970
g2248 g2479 15.952110 13.813970
g2248 g2477 15.952110 13.813970
g2249 g2239 5.606310 5.606310
g2249 g2240 5.606310 5.606310
g2249 g2238 5.606310 5.606310
g2249 g2249 1.967700 1.967700
g2249 g2261 30.405460 22.686490
g2249 g2264 30.405460 22.686490
g2249 g2267 30.405460 22.686490
g2249 g2306 30.220780 22.697790
g2249 g2309 30.220780 22.697790
g2249 g2312 30.220780 22.697790
g2249 g2270 30.220780 22.697790
g2249 g2273 30.220780 22.697790
g2249 g2276 30.220780 22.697790
g2249 g2315 30.220780 22.697790
g2249 g2318 30.220780 22.697790
g2249 g2321 30.220780 22.697790
g2249 g2279 30.405460 22.686490
g2249 g2282 30.405460 22.686490
g2249 g2285 30.405460 22.686490
g2249 g2324 30.405460 22.686490
g2249 g2327 30.405460 22.686490
g2249 g2330 30.405460 22.686490
g2249 g2288 30.405460 22.686490
g2249 g2291 30.405460 22.686490
g2249 g2294 30.405460 22.686490
g2249 g2333 30.405460 22.686490
g2249 g2336 30.405460 22.686490
g2249 g2339 30.405460 22.686490
g2249 g2297 30.220780 22.697790
g2249 g2300 30.220780 22.697790
g2249 g2303 30.220780 22.697790
g2249 g2342 30.220780 8.090340
g2249 g2345 30.220780 8.090340
g2249 g2348 30.220780 8.090340
g2249 g2483 17.269580 14.609090
g2249 g2486 17.269580 14.609090
g2249 g2489 17.269580 14.609090
g2249 g2492 17.431450 14.732030
g2249 g2495 17.431450 14.732030
g2249 g2498 17.431450 14.732030
g2249 g2502 16.633210 12.990050
g2249 g2503 16.633210 12.990050
g2249 g2501 16.633210 12.990050
g2249 g2387 21.883280 14.635300
g2249 g2388 21.883280 14.635300
g2249 g2389 21.883280 14.635300
g2249 g2390 25.410920 14.948500
g2249 g2391 25.410920 14.948500
g2249 g2392 25.410920 14.948500
g2249 g2393 25.222180 15.329780
g2249 g2394 25.222180 15.329780
g2249 g2395 25.222180 15.329780
g2249 g2397 19.768260 14.362860
g2249 g2398 19.830080 14.424680
g2249 g2396 19.830080 14.424680
g2249 g2478 15.950040 13.811900
g2249 g2479 15.780040 13.641900
g2249 g2477 15.780040 13.641900
g2247 g2239 6.513190 6.513190
g2247 g2240 6.513190 6.513190
g2247 g2238 6.513190 6.513190
g2247 g2247 1.967700 1.967700
g2247 g2261 31.312340 23.593370
g2247 g2264 31.312340 23.593370
g2247 g2267 31.312340 23.593370
g2247 g2306 31.127660 23.604670
g2247 g2309 31.127660 23.604670
g2247 g2312 31.127660 23.604670
g2247 g2270 31.127660 23.604670
g2247 g2273 31.127660 23.604670
g2247 g2276 31.127660 23.604670
g2247 g2315 31.127660 23.604670
g2247 g2318 31.127660 23.604670
g2247 g2321 31.127660 23.604670
g2247 g2279 31.312340 23.593370
g2247 g2282 31.312340 23.593370
g2247 g2285 31.312340 23.593370
g2247 g2324 31.312340 23.593370
g2247 g2327 31.312340 23.593370
g2247 g2330 31.312340 23.593370
g2247 g2288 31.312340 23.593370
g2247 g2291 31.312340 23.593370
g2247 g2294 31.312340 23.593370
g2247 g2333 31.312340 23.593370
g2247 g2336 31.312340 23.593370
g2247 g2339 31.312340 23.593370
g2247 g2297 31.127660 23.604670
g2247 g2300 31.127660 23.604670
g2247 g2303 31.127660 23.604670
g2247 g2342 31.127660 8.997220
g2247 g2345 31.127660 8.997220
g2247 g2348 31.127660 8.997220
g2247 g2483 18.176460 15.515970
g2247 g2486 18.176460 15.515970
g2247 g2489 18.176460 15.515970
g2247 g2492 18.338330 15.638910
g2247 g2495 18.338330 15.638910
g2247 g2498 18.338330 15.638910
g2247 g2502 17.540090 13.896930
g2247 g2503 17.540090 13.896930
g2247 g2501 17.540090 13.896930
g2247 g2387 22.790160 15.542180
g2247 g2388 22.790160 15.542180
g2247 g2389 22.790160 15.542180
g2247 g2390 26.317800 15.855380
g2247 g2391 26.317800 15.855380
g2247 g2392 26.317800 15.855380
g2247 g2393 26.129060 16.236660
g2247 g2394 26.129060 16.236660
g2247 g2395 26.129060 16.236660
g2247 g2397 20.675140 15.269740
g2247 g2398 20.736960 15.331560
g2247 g2396 20.736960 15.331560
g2247 g2478 16.856920 14.718780
g2247 g2479 16.686920 14.548780
g2247 g2477 16.686920 14.548780
g2251 g2236 5.667400 5.667400
g2251 g2237 5.667400 5.667400
g2251 g2235 5.667400 5.667400
g2251 g2251 1.967700 1.967700
g2251 g2261 30.490280 24.710280
g2251 g2264 30.490280 24.710280
g2251 g2267 30.490280 24.710280
g2251 g2306 30.305600 24.721580
g2251 g2309 30.305600 24.721580
g2251 g2312 30.305600 24.721580
g2251 g2270 30.305600 24.721580
g2251 g2273 30.305600 24.721580
g2251 g2276 30.305600 24.721580
g2251 g2315 30.305600 24.721580
g2251 g2318 30.305600 24.721580
g2251 g2321 30.305600 24.721580
g2251 g2279 30.490280 24.710280
g2251 g2282 30.490280 24.710280
g2251 g2285 30.490280 24.710280
g2251 g2324 30.490280 24.710280
g2251 g2327 30.490280 24.710280
g2251 g2330 30.490280 24.710280
g2251 g2288 30.490280 24.710280
g2251 g2291 30.490280 24.710280
g2251 g2294 30.490280 24.710280
g2251 g2333 30.490280 24.710280
g2251 g2336 30.490280 24.710280
g2251 g2339 30.490280 24.710280
g2251 g2297 30.305600 8.151430
g2251 g2300 30.305600 8.151430
g2251 g2303 30.305600 8.151430
g2251 g2342 30.305600 24.721580
g2251 g2345 30.305600 24.721580
g2251 g2348 30.305600 24.721580
g2251 g2483 17.349790 14.689300
g2251 g2486 17.349790 14.689300
g2251 g2489 17.349790 14.689300
g2251 g2492 17.511660 14.812240
g2251 g2495 17.511660 14.812240
g2251 g2498 17.511660 14.812240
g2251 g2502 16.713420 13.070260
g2251 g2503 16.713420 13.070260
g2251 g2501 16.713420 13.070260
g2251 g2387 21.638100 16.659090
g2251 g2388 21.638100 16.659090
g2251 g2389 21.638100 16.659090
g2251 g2390 25.495740 16.972290
g2251 g2391 25.495740 16.972290
g2251 g2392 25.495740 16.972290
g2251 g2393 25.096110 17.353570
g2251 g2394 25.096110 17.353570
g2251 g2395 25.096110 17.353570
g2251 g2397 19.853080 15.374430
g2251 g2398 19.914900 16.309010
g2251 g2396 19.914900 16.309010
g2251 g2478 16.706870 15.835690
g2251 g2479 16.536870 15.665690
g2251 g2477 16.536870 15.665690
g2252 g2236 5.495020 5.495020
g2252 g2237 5.495020 5.495020
g2252 g2235 5.495020 5.495020
g2252 g2252 1.967700 1.967700
g2252 g2261 30.317900 24.537900
g2252 g2264 30.317900 24.537900
g2252 g2267 30.317900 24.537900
g2252 g2306 30.133220 24.549200
g2252 g2309 30.133220 24.549200
g2252 g2312 30.133220 24.549200
g2252 g2270 30.133220 24.549200
g2252 g2273 30.133220 24.549200
g2252 g2276 30.133220 24.549200
g2252 g2315 30.133220 24.549200
g2252 g2318 30.133220 24.549200
g2252 g2321 30.133220 24.549200
g2252 g2279 30.317900 24.537900
g2252 g2282 30.317900 24.537900
g2252 g2285 30.317900 24.537900
g2252 g2324 30.317900 24.537900
g2252 g2327 30.317900 24.537900
g2252 g2330 30.317900 24.537900
g2252 g2288 30.317900 24.537900
g2252 g2291 30.317900 24.537900
g2252 g2294 30.317900 24.537900
g2252 g2333 30.317900 24.537900
g2252 g2336 30.317900 24.537900
g2252 g2339 30.317900 24.537900
g2252 g2297 30.133220 7.979050
g2252 g2300 30.133220 7.979050
g2252 g2303 30.133220 7.979050
g2252 g2342 30.133220 24.549200
g2252 g2345 30.133220 24.549200
g2252 g2348 30.133220 24.549200
g2252 g2483 17.177410 14.516920
g2252 g2486 17.177410 14.516920
g2252 g2489 17.177410 14.516920
g2252 g2492 17.339280 14.639860
g2252 g2495 17.339280 14.639860
g2252 g2498 17.339280 14.639860
g2252 g2502 16.541040 12.897880
g2252 g2503 16.541040 12.897880
g2252 g2501 16.541040 12.897880
g2252 g2387 21.465720 16.486710
g2252 g2388 21.465720 16.486710
g2252 g2389 21.465720 16.486710
g2252 g2390 25.323360 16.799910
g2252 g2391 25.323360 16.799910
g2252 g2392 25.323360 16.799910
g2252 g2393 24.923730 17.181190
g2252 g2394 24.923730 17.181190
g2252 g2395 24.923730 17.181190
g2252 g2397 19.680700 15.202050
g2252 g2398 19.742520 16.136630
g2252 g2396 19.742520 16.136630
g2252 g2478 16.534490 15.663310
g2252 g2479 16.364490 15.493310
g2252 g2477 16.364490 15.493310
g2250 g2236 6.396940 6.396940
g2250 g2237 6.396940 6.396940
g2250 g2235 6.396940 6.396940
g2250 g2250 1.967700 1.967700
g2250 g2261 31.219820 25.439820
g2250 g2264 31.219820 25.439820
g2250 g2267 31.219820 25.439820
g2250 g2306 31.035140 25.451120
g2250 g2309 31.035140 25.451120
g2250 g2312 31.035140 25.451120
g2250 g2270 31.035140 25.451120
g2250 g2273 31.035140 25.451120
g2250 g2276 31.035140 25.451120
g2250 g2315 31.035140 25.451120
g2250 g2318 31.035140 25.451120
g2250 g2321 31.035140 25.451120
g2250 g2279 31.219820 25.439820
g2250 g2282 31.219820 25.439820
g2250 g2285 31.219820 25.439820
g2250 g2324 31.219820 25.439820
g2250 g2327 31.219820 25.439820
g2250 g2330 31.219820 25.439820
g2250 g2288 31.219820 25.439820
g2250 g2291 31.219820 25.439820
g2250 g2294 31.219820 25.439820
g2250 g2333 31.219820 25.439820
g2250 g2336 31.219820 25.439820
g2250 g2339 31.219820 25.439820
g2250 g2297 31.035140 8.880970
g2250 g2300 31.035140 8.880970
g2250 g2303 31.035140 8.880970
g2250 g2342 31.035140 25.451120
g2250 g2345 31.035140 25.451120
g2250 g2348 31.035140 25.451120
g2250 g2483 18.079330 15.418840
g2250 g2486 18.079330 15.418840
g2250 g2489 18.079330 15.418840
g2250 g2492 18.241200 15.541780
g2250 g2495 18.241200 15.541780
g2250 g2498 18.241200 15.541780
g2250 g2502 17.442960 13.799800
g2250 g2503 17.442960 13.799800
g2250 g2501 17.442960 13.799800
g2250 g2387 22.367640 17.388630
g2250 g2388 22.367640 17.388630
g2250 g2389 22.367640 17.388630
g2250 g2390 26.225280 17.701830
g2250 g2391 26.225280 17.701830
g2250 g2392 26.225280 17.701830
g2250 g2393 25.825650 18.083110
g2250 g2394 25.825650 18.083110
g2250 g2395 25.825650 18.083110
g2250 g2397 20.582620 16.103970
g2250 g2398 20.644440 17.038550
g2250 g2396 20.644440 17.038550
g2250 g2478 17.436410 16.565230
g2250 g2479 17.266410 16.395230
g2250 g2477 17.266410 16.395230
g2254 g2254 2.109440 2.109440
g2254 g2504 13.507390 10.216050
g2254 g2507 13.507390 10.216050
g2254 g2510 13.507390 10.216050
g2254 g2513 13.613990 12.069390
g2254 g2516 13.613990 12.069390
g2254 g2519 13.613990 12.069390
g2254 g2523 13.451530 10.437170
g2254 g2524 13.451530 10.437170
g2254 g2522 13.451530 10.437170
g2255 g2255 2.109440 2.109440
g2255 g2504 13.328170 10.036830
g2255 g2507 13.328170 10.036830
g2255 g2510 13.328170 10.036830
g2255 g2513 13.434770 11.890170
g2255 g2516 13.434770 11.890170
g2255 g2519 13.434770 11.890170
g2255 g2523 13.272310 10.257950
g2255 g2524 13.272310 10.257950
g2255 g2522 13.272310 10.257950
g2253 g2253 2.109440 2.109440
g2253 g2504 14.120650 10.829310
g2253 g2507 14.120650 10.829310
g2253 g2510 14.120650 10.829310
g2253 g2513 14.227250 12.682650
g2253 g2516 14.227250 12.682650
g2253 g2519 14.227250 12.682650
g2253 g2523 14.064790 11.050430
g2253 g2524 14.064790 11.050430
g2253 g2522 14.064790 11.050430
g2261 g2261 31.388420 2.187800
g2261 g2264 31.388420 9.409630
g2261 g2267 31.388420 9.409630
g2261 g2306 31.203740 11.629600
g2261 g2309 31.203740 11.629600
g2261 g2312 31.203740 11.629600
g2261 g2270 31.203740 13.576600
g2261 g2273 31.203740 13.576600
g2261 g2276 31.203740 13.576600
g2261 g2315 31.203740 16.451520
g2261 g2318 31.203740 16.451520
g2261 g2321 31.203740 16.451520
g2261 g2279 31.388420 16.214370
g2261 g2282 31.388420 16.214370
g2261 g2285 31.388420 16.214370
g2261 g2324 31.388420 18.576470
g2261 g2327 31.388420 18.576470
g2261 g2330 31.388420 18.576470
g2261 g2288 31.388420 16.288470
g2261 g2291 31.388420 16.288470
g2261 g2294 31.388420 16.288470
g2261 g2333 31.388420 18.650570
g2261 g2336 31.388420 18.650570
g2261 g2339 31.388420 18.650570
g2261 g2297 31.203740 16.565970
g2261 g2300 31.203740 16.565970
g2261 g2303 31.203740 16.565970
g2261 g2342 31.203740 18.928070
g2261 g2345 31.203740 18.928070
g2261 g2348 31.203740 18.928070
g2261 g2387 22.536240 18.085860
g2261 g2388 22.536240 18.085860
g2261 g2389 22.536240 18.085860
g2261 g2390 26.393880 19.158050
g2261 g2391 26.393880 19.158050
g2261 g2392 26.393880 19.158050
g2261 g2393 25.994250 21.540150
g2261 g2394 25.994250 21.540150
g2261 g2395 25.994250 21.540150
g2261 g2397 20.751220 17.177800
g2261 g2398 20.813040 18.112380
g2261 g2396 20.813040 18.112380
g2261 g2373 13.302990 11.845990
g2264 g2261 30.499800 8.521010
g2264 g2264 30.499800 2.187800
g2264 g2267 30.499800 8.521010
g2264 g2306 30.315120 10.740980
g2264 g2309 30.315120 10.740980
g2264 g2312 30.315120 10.740980
g2264 g2270 30.315120 12.687980
g2264 g2273 30.315120 12.687980
g2264 g2276 30.315120 12.687980
g2264 g2315 30.315120 15.562900
g2264 g2318 30.315120 15.562900
g2264 g2321 30.315120 15.562900
g2264 g2279 30.499800 15.325750
g2264 g2282 30.499800 15.325750
g2264 g2285 30.499800 15.325750
g2264 g2324 30.499800 17.687850
g2264 g2327 30.499800 17.687850
g2264 g2330 30.499800 17.687850
g2264 g2288 30.499800 15.399850
g2264 g2291 30.499800 15.399850
g2264 g2294 30.499800 15.399850
g2264 g2333 30.499800 17.761950
g2264 g2336 30.499800 17.761950
g2264 g2339 30.499800 17.761950
g2264 g2297 30.315120 15.677350
g2264 g2300 30.315120 15.677350
g2264 g2303 30.315120 15.677350
g2264 g2342 30.315120 18.039450
g2264 g2345 30.315120 18.039450
g2264 g2348 30.315120 18.039450
g2264 g2387 21.647620 17.197240
g2264 g2388 21.647620 17.197240
g2264 g2389 21.647620 17.197240
g2264 g2390 25.505260 18.269430
g2264 g2391 25.505260 18.269430
g2264 g2392 25.505260 18.269430
g2264 g2393 25.105630 20.651530
g2264 g2394 25.105630 20.651530
g2264 g2395 25.105630 20.651530
g2264 g2397 19.862600 16.289180
g2264 g2398 19.924420 17.223760
g2264 g2396 19.924420 17.223760
g2264 g2373 12.414370 10.957370
g2267 g2261 31.618420 9.639630
g2267 g2264 31.618420 9.639630
g2267 g2267 31.618420 2.187800
g2267 g2306 31.433740 11.859600
g2267 g2309 31.433740 11.859600
g2267 g2312 31.433740 11.859600
g2267 g2270 31.433740 13.806600
g2267 g2273 31.433740 13.806600
g2267 g2276 31.433740 13.806600
g2267 g2315 31.433740 16.681520
g2267 g2318 31.433740 16.681520
g2267 g2321 31.433740 16.681520
g2267 g2279 31.618420 16.444370
g2267 g2282 31.618420 16.444370
g2267 g2285 31.618420 16.444370
g2267 g2324 31.618420 18.806470
g2267 g2327 31.618420 18.806470
g2267 g2330 31.618420 18.806470
g2267 g2288 31.618420 16.518470
g2267 g2291 31.618420 16.518470
g2267 g2294 31.618420 16.518470
g2267 g2333 31.618420 18.880570
g2267 g2336 31.618420 18.880570
g2267 g2339 31.618420 18.880570
g2267 g2297 31.433740 16.795970
g2267 g2300 31.433740 16.795970
g2267 g2303 31.433740 16.795970
g2267 g2342 31.433740 19.158070
g2267 g2345 31.433740 19.158070
g2267 g2348 31.433740 19.158070
g2267 g2387 22.766240 18.315860
g2267 g2388 22.766240 18.315860
g2267 g2389 22.766240 18.315860
g2267 g2390 26.623880 19.388050
g2267 g2391 26.623880 19.388050
g2267 g2392 26.623880 19.388050
g2267 g2393 26.224250 21.770150
g2267 g2394 26.224250 21.770150
g2267 g2395 26.224250 21.770150
g2267 g2397 20.981220 17.407800
g2267 g2398 21.043040 18.342380
g2267 g2396 21.043040 18.342380
g2267 g2373 13.532990 12.075990
g2306 g2261 32.004040 20.046060
g2306 g2264 32.004040 20.046060
g2306 g2267 32.004040 20.046060
g2306 g2306 31.819360 2.187800
g2306 g2309 31.819360 10.327830
g2306 g2312 31.819360 10.327830
g2306 g2270 31.819360 12.693760
g2306 g2273 31.819360 12.693760
g2306 g2276 31.819360 12.693760
g2306 g2315 31.819360 15.568680
g2306 g2318 31.819360 15.568680
g2306 g2321 31.819360 15.568680
g2306 g2279 32.004040 15.331530
g2306 g2282 32.004040 15.331530
g2306 g2285 32.004040 15.331530
g2306 g2324 32.004040 17.693630
g2306 g2327 32.004040 17.693630
g2306 g2330 32.004040 17.693630
g2306 g2288 32.004040 15.405630
g2306 g2291 32.004040 15.405630
g2306 g2294 32.004040 15.405630
g2306 g2333 32.004040 17.767730
g2306 g2336 32.004040 17.767730
g2306 g2339 32.004040 17.767730
g2306 g2297 31.819360 15.683130
g2306 g2300 31.819360 15.683130
g2306 g2303 31.819360 15.683130
g2306 g2342 31.819360 18.045230
g2306 g2345 31.819360 18.045230
g2306 g2348 31.819360 18.045230
g2306 g2387 23.481860 18.931480
g2306 g2388 23.481860 18.931480
g2306 g2389 23.481860 18.931480
g2306 g2390 27.009500 20.911580
g2306 g2391 27.009500 20.911580
g2306 g2392 27.009500 20.911580
g2306 g2393 26.820760 21.781820
g2306 g2394 26.820760 21.781820
g2306 g2395 26.820760 21.781820
g2306 g2397 21.366840 17.419470
g2306 g2398 21.428660 18.354050
g2306 g2396 21.428660 18.354050
g2306 g2373 13.157210 11.562330
g2309 g2261 31.093420 19.135440
g2309 g2264 31.093420 19.135440
g2309 g2267 31.093420 19.135440
g2309 g2306 30.908740 9.417210
g2309 g2309 30.908740 2.187800
g2309 g2312 30.908740 9.417210
g2309 g2270 30.908740 11.783140
g2309 g2273 30.908740 11.783140
g2309 g2276 30.908740 11.783140
g2309 g2315 30.908740 14.658060
g2309 g2318 30.908740 14.658060
g2309 g2321 30.908740 14.658060
g2309 g2279 31.093420 14.420910
g2309 g2282 31.093420 14.420910
g2309 g2285 31.093420 14.420910
g2309 g2324 31.093420 16.783010
g2309 g2327 31.093420 16.783010
g2309 g2330 31.093420 16.783010
g2309 g2288 31.093420 14.495010
g2309 g2291 31.093420 14.495010
g2309 g2294 31.093420 14.495010
g2309 g2333 31.093420 16.857110
g2309 g2336 31.093420 16.857110
g2309 g2339 31.093420 16.857110
g2309 g2297 30.908740 14.772510
g2309 g2300 30.908740 14.772510
g2309 g2303 30.908740 14.772510
g2309 g2342 30.908740 17.134610
g2309 g2345 30.908740 17.134610
g2309 g2348 30.908740 17.134610
g2309 g2387 22.571240 18.020860
g2309 g2388 22.571240 18.020860
g2309 g2389 22.571240 18.020860
g2309 g2390 26.098880 20.000960
g2309 g2391 26.098880 20.000960
g2309 g2392 26.098880 20.000960
g2309 g2393 25.910140 20.871200
g2309 g2394 25.910140 20.871200
g2309 g2395 25.910140 20.871200
g2309 g2397 20.456220 16.508850
g2309 g2398 20.518040 17.443430
g2309 g2396 20.518040 17.443430
g2309 g2373 12.246590 10.651710
g2312 g2261 32.234040 20.276060
g2312 g2264 32.234040 20.276060
g2312 g2267 32.234040 20.276060
g2312 g2306 32.049360 10.557830
g2312 g2309 32.049360 10.557830
g2312 g2312 32.049360 2.187800
g2312 g2270 32.049360 12.923760
g2312 g2273 32.049360 12.923760
g2312 g2276 32.049360 12.923760
g2312 g2315 32.049360 15.798680
g2312 g2318 32.049360 15.798680
g2312 g2321 32.049360 15.798680
g2312 g2279 32.234040 15.561530
g2312 g2282 32.234040 15.561530
g2312 g2285 32.234040 15.561530
g2312 g2324 32.234040 17.923630
g2312 g2327 32.234040 17.923630
g2312 g2330 32.234040 17.923630
g2312 g2288 32.234040 15.635630
g2312 g2291 32.234040 15.635630
g2312 g2294 32.234040 15.635630
g2312 g2333 32.234040 17.997730
g2312 g2336 32.234040 17.997730
g2312 g2339 32.234040 17.997730
g2312 g2297 32.049360 15.913130
g2312 g2300 32.049360 15.913130
g2312 g2303 32.049360 15.913130
g2312 g2342 32.049360 18.275230
g2312 g2345 32.049360 18.275230
g2312 g2348 32.049360 18.275230
g2312 g2387 23.711860 19.161480
g2312 g2388 23.711860 19.161480
g2312 g2389 23.711860 19.161480
g2312 g2390 27.239500 21.141580
g2312 g2391 27.239500 21.141580
g2312 g2392 27.239500 21.141580
g2312 g2393 27.050760 22.011820
g2312 g2394 27.050760 22.011820
g2312 g2395 27.050760 22.011820
g2312 g2397 21.596840 17.649470
g2312 g2398 21.658660 18.584050
g2312 g2396 21.658660 18.584050
g2312 g2373 13.387210 11.792330
g2270 g2261 32.016850 19.865010
g2270 g2264 32.016850 19.865010
g2270 g2267 32.016850 19.865010
g2270 g2306 31.832170 19.876310
g2270 g2309 31.832170 19.876310
g2270 g2312 31.832170 19.876310
g2270 g2270 31.832170 2.187800
g2270 g2273 31.832170 10.407560
g2270 g2276 31.832170 10.407560
g2270 g2315 31.832170 13.505280
g2270 g2318 31.832170 13.505280
g2270 g2321 31.832170 13.505280
g2270 g2279 32.016850 14.760310
g2270 g2282 32.016850 14.760310
g2270 g2285 32.016850 14.760310
g2270 g2324 32.016850 17.122410
g2270 g2327 32.016850 17.122410
g2270 g2330 32.016850 17.122410
g2270 g2288 32.016850 15.087810
g2270 g2291 32.016850 15.087810
g2270 g2294 32.016850 15.087810
g2270 g2333 32.016850 17.449910
g2270 g2336 32.016850 17.449910
g2270 g2339 32.016850 17.449910
g2270 g2297 31.832170 17.028940
g2270 g2300 31.832170 17.028940
g2270 g2303 31.832170 17.028940
g2270 g2342 31.832170 19.391040
g2270 g2345 31.832170 19.391040
g2270 g2348 31.832170 19.391040
g2270 g2387 23.164670 19.561710
g2270 g2388 23.164670 19.561710
g2270 g2389 23.164670 19.561710
g2270 g2390 27.022310 20.633900
g2270 g2391 27.022310 20.633900
g2270 g2392 27.022310 20.633900
g2270 g2393 26.622680 22.328580
g2270 g2394 26.622680 22.328580
g2270 g2395 26.622680 22.328580
g2270 g2397 21.379650 17.966230
g2270 g2398 21.441470 18.900810
g2270 g2396 21.441470 18.900810
g2270 g2373 14.102210 12.006770
g2273 g2261 31.102490 18.950650
g2273 g2264 31.102490 18.950650
g2273 g2267 31.102490 18.950650
g2273 g2306 30.917810 18.961950
g2273 g2309 30.917810 18.961950
g2273 g2312 30.917810 18.961950
g2273 g2270 30.917810 9.493200
g2273 g2273 30.917810 2.187800
g2273 g2276 30.917810 9.493200
g2273 g2315 30.917810 12.590920
g2273 g2318 30.917810 12.590920
g2273 g2321 30.917810 12.590920
g2273 g2279 31.102490 13.845950
g2273 g2282 31.102490 13.845950
g2273 g2285 31.102490 13.845950
g2273 g2324 31.102490 16.208050
g2273 g2327 31.102490 16.208050
g2273 g2330 31.102490 16.208050
g2273 g2288 31.102490 14.173450
g2273 g2291 31.102490 14.173450
g2273 g2294 31.102490 14.173450
g2273 g2333 31.102490 16.535550
g2273 g2336 31.102490 16.535550
g2273 g2339 31.102490 16.535550
g2273 g2297 30.917810 16.114580
g2273 g2300 30.917810 16.114580
g2273 g2303 30.917810 16.114580
g2273 g2342 30.917810 18.476680
g2273 g2345 30.917810 18.476680
g2273 g2348 30.917810 18.476680
g2273 g2387 22.250310 18.647350
g2273 g2388 22.250310 18.647350
g2273 g2389 22.250310 18.647350
g2273 g2390 26.107950 19.719540
g2273 g2391 26.107950 19.719540
g2273 g2392 26.107950 19.719540
g2273 g2393 25.708320 21.414220
g2273 g2394 25.708320 21.414220
g2273 g2395 25.708320 21.414220
g2273 g2397 20.465290 17.051870
g2273 g2398 20.527110 17.986450
g2273 g2396 20.527110 17.986450
g2273 g2373 13.187850 11.092410
g2276 g2261 32.246850 20.095010
g2276 g2264 32.246850 20.095010
g2276 g2267 32.246850 20.095010
g2276 g2306 32.062170 20.106310
g2276 g2309 32.062170 20.106310
g2276 g2312 32.062170 20.106310
g2276 g2270 32.062170 10.637560
g2276 g2273 32.062170 10.637560
g2276 g2276 32.062170 2.187800
g2276 g2315 32.062170 13.735280
g2276 g2318 32.062170 13.735280
g2276 g2321 32.062170 13.735280
g2276 g2279 32.246850 14.990310
g2276 g2282 32.246850 14.990310
g2276 g2285 32.246850 14.990310
g2276 g2324 32.246850 17.352410
g2276 g2327 32.246850 17.352410
g2276 g2330 32.246850 17.352410
g2276 g2288 32.246850 15.317810
g2276 g2291 32.246850 15.317810
g2276 g2294 32.246850 15.317810
g2276 g2333 32.246850 17.679910
g2276 g2336 32.246850 17.679910
g2276 g2339 32.246850 17.679910
g2276 g2297 32.062170 17.258940
g2276 g2300 32.062170 17.258940
g2276 g2303 32.062170 17.258940
g2276 g2342 32.062170 19.621040
g2276 g2345 32.062170 19.621040
g2276 g2348 32.062170 19.621040
g2276 g2387 23.394670 19.791710
g2276 g2388 23.394670 19.791710
g2276 g2389 23.394670 19.791710
g2276 g2390 27.252310 20.863900
g2276 g2391 27.252310 20.863900
g2276 g2392 27.252310 20.863900
g2276 g2393 26.852680 22.558580
g2276 g2394 26.852680 22.558580
g2276 g2395 26.852680 22.558580
g2276 g2397 21.609650 18.196230
g2276 g2398 21.671470 19.130810
g2276 g2396 21.671470 19.130810
g2276 g2373 14.332210 12.236770
g2315 g2261 31.870580 20.167760
g2315 g2264 31.870580 20.167760
g2315 g2267 31.870580 20.167760
g2315 g2306 31.685900 20.179060
g2315 g2309 31.685900 20.179060
g2315 g2312 31.685900 20.179060
g2315 g2270 31.685900 20.179060
g2315 g2273 31.685900 20.179060
g2315 g2276 31.685900 20.179060
g2315 g2315 31.685900 2.187800
g2315 g2318 31.685900 9.841110
g2315 g2321 31.685900 9.841110
g2315 g2279 31.870580 14.123030
g2315 g2282 31.870580 14.123030
g2315 g2285 31.870580 14.123030
g2315 g2324 31.870580 16.485130
g2315 g2327 31.870580 16.485130
g2315 g2330 31.870580 16.485130
g2315 g2288 31.870580 14.450530
g2315 g2291 31.870580 14.450530
g2315 g2294 31.870580 14.450530
g2315 g2333 31.870580 16.812630
g2315 g2336 31.870580 16.812630
g2315 g2339 31.870580 16.812630
g2315 g2297 31.685900 16.391660
g2315 g2300 31.685900 16.391660
g2315 g2303 31.685900 16.391660
g2315 g2342 31.685900 18.753760
g2315 g2345 31.685900 18.753760
g2315 g2348 31.685900 18.753760
g2315 g2387 23.348400 19.845440
g2315 g2388 23.348400 19.845440
g2315 g2389 23.348400 19.845440
g2315 g2390 26.876040 21.296480
g2315 g2391 26.876040 21.296480
g2315 g2392 26.876040 21.296480
g2315 g2393 26.687300 21.488360
g2315 g2394 26.687300 21.488360
g2315 g2395 26.687300 21.488360
g2315 g2397 21.233380 17.126010
g2315 g2398 21.295200 18.060590
g2315 g2396 21.295200 18.060590
g2315 g2373 12.821260 11.256780
g2318 g2261 30.961720 19.258900
g2318 g2264 30.961720 19.258900
g2318 g2267 30.961720 19.258900
g2318 g2306 30.777040 19.270200
g2318 g2309 30.777040 19.270200
g2318 g2312 30.777040 19.270200
g2318 g2270 30.777040 19.270200
g2318 g2273 30.777040 19.270200
g2318 g2276 30.777040 19.270200
g2318 g2315 30.777040 8.932250
g2318 g2318 30.777040 2.187800
g2318 g2321 30.777040 8.932250
g2318 g2279 30.961720 13.214170
g2318 g2282 30.961720 13.214170
g2318 g2285 30.961720 13.214170
g2318 g2324 30.961720 15.576270
g2318 g2327 30.961720 15.576270
g2318 g2330 30.961720 15.576270
g2318 g2288 30.961720 13.541670
g2318 g2291 30.961720 13.541670
g2318 g2294 30.961720 13.541670
g2318 g2333 30.961720 15.903770
g2318 g2336 30.961720 15.903770
g2318 g2339 30.961720 15.903770
g2318 g2297 30.777040 15.482800
g2318 g2300 30.777040 15.482800
g2318 g2303 30.777040 15.482800
g2318 g2342 30.777040 17.844900
g2318 g2345 30.777040 17.844900
g2318 g2348 30.777040 17.844900
g2318 g2387 22.439540 18.936580
g2318 g2388 22.439540 18.936580
g2318 g2389 22.439540 18.936580
g2318 g2390 25.967180 20.387620
g2318 g2391 25.967180 20.387620
g2318 g2392 25.967180 20.387620
g2318 g2393 25.778440 20.579500
g2318 g2394 25.778440 20.579500
g2318 g2395 25.778440 20.579500
g2318 g2397 20.324520 16.217150
g2318 g2398 20.386340 17.151730
g2318 g2396 20.386340 17.151730
g2318 g2373 11.912400 10.347920
g2321 g2261 32.100580 20.397760
g2321 g2264 32.100580 20.397760
g2321 g2267 32.100580 20.397760
g2321 g2306 31.915900 20.409060
g2321 g2309 31.915900 20.409060
g2321 g2312 31.915900 20.409060
g2321 g2270 31.915900 20.409060
g2321 g2273 31.915900 20.409060
g2321 g2276 31.915900 20.409060
g2321 g2315 31.915900 10.071110
g2321 g2318 31.915900 10.071110
g2321 g2321 31.915900 2.187800
g2321 g2279 32.100580 14.353030
g2321 g2282 32.100580 14.353030
g2321 g2285 32.100580 14.353030
g2321 g2324 32.100580 16.715130
g2321 g2327 32.100580 16.715130
g2321 g2330 32.100580 16.715130
g2321 g2288 32.100580 14.680530
g2321 g2291 32.100580 14.680530
g2321 g2294 32.100580 14.680530
g2321 g2333 32.100580 17.042630
g2321 g2336 32.100580 17.042630
g2321 g2339 32.100580 17.042630
g2321 g2297 31.915900 16.621660
g2321 g2300 31.915900 16.621660
g2321 g2303 31.915900 16.621660
g2321 g2342 31.915900 18.983760
g2321 g2345 31.915900 18.983760
g2321 g2348 31.915900 18.983760
g2321 g2387 23.578400 20.075440
g2321 g2388 23.578400 20.075440
g2321 g2389 23.578400 20.075440
g2321 g2390 27.106040 21.526480
g2321 g2391 27.106040 21.526480
g2321 g2392 27.106040 21.526480
g2321 g2393 26.917300 21.718360
g2321 g2394 26.917300 21.718360
g2321 g2395 26.917300 21.718360
g2321 g2397 21.463380 17.356010
g2321 g2398 21.525200 18.290590
g2321 g2396 21.525200 18.290590
g2321 g2373 13.051260 11.486780
g2279 g2261 31.204510 20.891110
g2279 g2264 31.204510 20.891110
g2279 g2267 31.204510 20.891110
g2279 g2306 31.019830 20.902410
g2279 g2309 31.019830 20.902410
g2279 g2312 31.019830 20.902410
g2279 g2270 31.019830 20.902410
g2279 g2273 31.019830 20.902410
g2279 g2276 31.019830 20.902410
g2279 g2315 31.019830 20.902410
g2279 g2318 31.019830 20.902410
g2279 g2321 31.019830 20.902410
g2279 g2279 31.204510 2.187800
g2279 g2282 31.204510 10.013600
g2279 g2285 31.204510 10.013600
g2279 g2324 31.204510 13.111320
g2279 g2327 31.204510 13.111320
g2279 g2330 31.204510 13.111320
g2279 g2288 31.204510 14.327800
g2279 g2291 31.204510 14.327800
g2279 g2294 31.204510 14.327800
g2279 g2333 31.204510 16.689900
g2279 g2336 31.204510 16.689900
g2279 g2339 31.204510 16.689900
g2279 g2297 31.019830 16.257990
g2279 g2300 31.019830 16.257990
g2279 g2303 31.019830 16.257990
g2279 g2342 31.019830 18.620090
g2279 g2345 31.019830 18.620090
g2279 g2348 31.019830 18.620090
g2279 g2387 22.352330 18.378090
g2279 g2388 22.352330 18.378090
g2279 g2389 22.352330 18.378090
g2279 g2390 26.209970 19.450280
g2279 g2391 26.209970 19.450280
g2279 g2392 26.209970 19.450280
g2279 g2393 25.810340 22.020010
g2279 g2394 25.810340 22.020010
g2279 g2395 25.810340 22.020010
g2279 g2397 20.567310 17.657660
g2279 g2398 20.629130 18.592240
g2279 g2396 20.629130 18.592240
g2279 g2373 12.329920 10.872870
g2282 g2261 30.308630 19.995230
g2282 g2264 30.308630 19.995230
g2282 g2267 30.308630 19.995230
g2282 g2306 30.123950 20.006530
g2282 g2309 30.123950 20.006530
g2282 g2312 30.123950 20.006530
g2282 g2270 30.123950 20.006530
g2282 g2273 30.123950 20.006530
g2282 g2276 30.123950 20.006530
g2282 g2315 30.123950 20.006530
g2282 g2318 30.123950 20.006530
g2282 g2321 30.123950 20.006530
g2282 g2279 30.308630 9.117720
g2282 g2282 30.308630 2.187800
g2282 g2285 30.308630 9.117720
g2282 g2324 30.308630 12.215440
g2282 g2327 30.308630 12.215440
g2282 g2330 30.308630 12.215440
g2282 g2288 30.308630 13.431920
g2282 g2291 30.308630 13.431920
g2282 g2294 30.308630 13.431920
g2282 g2333 30.308630 15.794020
g2282 g2336 30.308630 15.794020
g2282 g2339 30.308630 15.794020
g2282 g2297 30.123950 15.362110
g2282 g2300 30.123950 15.362110
g2282 g2303 30.123950 15.362110
g2282 g2342 30.123950 17.724210
g2282 g2345 30.123950 17.724210
g2282 g2348 30.123950 17.724210
g2282 g2387 21.456450 17.482210
g2282 g2388 21.456450 17.482210
g2282 g2389 21.456450 17.482210
g2282 g2390 25.314090 18.554400
g2282 g2391 25.314090 18.554400
g2282 g2392 25.314090 18.554400
g2282 g2393 24.914460 21.124130
g2282 g2394 24.914460 21.124130
g2282 g2395 24.914460 21.124130
g2282 g2397 19.671430 16.761780
g2282 g2398 19.733250 17.696360
g2282 g2396 19.733250 17.696360
g2282 g2373 11.434040 9.976990
g2285 g2261 31.434510 21.121110
g2285 g2264 31.434510 21.121110
g2285 g2267 31.434510 21.121110
g2285 g2306 31.249830 21.132410
g2285 g2309 31.249830 21.132410
g2285 g2312 31.249830 21.132410
g2285 g2270 31.249830 21.132410
g2285 g2273 31.249830 21.132410
g2285 g2276 31.249830 21.132410
g2285 g2315 31.249830 21.132410
g2285 g2318 31.249830 21.132410
g2285 g2321 31.249830 21.132410
g2285 g2279 31.434510 10.243600
g2285 g2282 31.434510 10.243600
g2285 g2285 31.434510 2.187800
g2285 g2324 31.434510 13.341320
g2285 g2327 31.434510 13.341320
g2285 g2330 31.434510 13.341320
g2285 g2288 31.434510 14.557800
g2285 g2291 31.434510 14.557800
g2285 g2294 31.434510 14.557800
g2285 g2333 31.434510 16.919900
g2285 g2336 31.434510 16.919900
g2285 g2339 31.434510 16.919900
g2285 g2297 31.249830 16.487990
g2285 g2300 31.249830 16.487990
g2285 g2303 31.249830 16.487990
g2285 g2342 31.249830 18.850090
g2285 g2345 31.249830 18.850090
g2285 g2348 31.249830 18.850090
g2285 g2387 22.582330 18.608090
g2285 g2388 22.582330 18.608090
g2285 g2389 22.582330 18.608090
g2285 g2390 26.439970 19.680280
g2285 g2391 26.439970 19.680280
g2285 g2392 26.439970 19.680280
g2285 g2393 26.040340 22.250010
g2285 g2394 26.040340 22.250010
g2285 g2395 26.040340 22.250010
g2285 g2397 20.797310 17.887660
g2285 g2398 20.859130 18.822240
g2285 g2396 20.859130 18.822240
g2285 g2373 12.559920 11.102870
g2324 g2261 31.122610 22.115910
g2324 g2264 31.122610 22.115910
g2324 g2267 31.122610 22.115910
g2324 g2306 30.937930 22.127210
g2324 g2309 30.937930 22.127210
g2324 g2312 30.937930 22.127210
g2324 g2270 30.937930 22.127210
g2324 g2273 30.937930 22.127210
g2324 g2276 30.937930 22.127210
g2324 g2315 30.937930 22.127210
g2324 g2318 30.937930 22.127210
g2324 g2321 30.937930 22.127210
g2324 g2279 31.122610 22.115910
g2324 g2282 31.122610 22.115910
g2324 g2285 31.122610 22.115910
g2324 g2324 31.122610 2.187800
g2324 g2327 31.122610 9.423700
g2324 g2330 31.122610 9.423700
g2324 g2288 31.122610 13.667070
g2324 g2291 31.122610 13.667070
g2324 g2294 31.122610 13.667070
g2324 g2333 31.122610 16.029170
g2324 g2336 31.122610 16.029170
g2324 g2339 31.122610 16.029170
g2324 g2297 30.937930 15.597260
g2324 g2300 30.937930 15.597260
g2324 g2303 30.937930 15.597260
g2324 g2342 30.937930 17.959360
g2324 g2345 30.937930 17.959360
g2324 g2348 30.937930 17.959360
g2324 g2387 22.600430 18.626190
g2324 g2388 22.600430 18.626190
g2324 g2389 22.600430 18.626190
g2324 g2390 26.128070 20.606290
g2324 g2391 26.128070 20.606290
g2324 g2392 26.128070 20.606290
g2324 g2393 25.939330 21.404110
g2324 g2394 25.939330 21.404110
g2324 g2395 25.939330 21.404110
g2324 g2397 20.485410 17.041760
g2324 g2398 20.547230 17.976340
g2324 g2396 20.547230 17.976340
g2324 g2373 15.006260 13.288470
g2327 g2261 30.233330 21.226630
g2327 g2264 30.233330 21.226630
g2327 g2267 30.233330 21.226630
g2327 g2306 30.048650 21.237930
g2327 g2309 30.048650 21.237930
g2327 g2312 30.048650 21.237930
g2327 g2270 30.048650 21.237930
g2327 g2273 30.048650 21.237930
g2327 g2276 30.048650 21.237930
g2327 g2315 30.048650 21.237930
g2327 g2318 30.048650 21.237930
g2327 g2321 30.048650 21.237930
g2327 g2279 30.233330 21.226630
g2327 g2282 30.233330 21.226630
g2327 g2285 30.233330 21.226630
g2327 g2324 30.233330 8.534420
g2327 g2327 30.233330 2.187800
g2327 g2330 30.233330 8.534420
g2327 g2288 30.233330 12.777790
g2327 g2291 30.233330 12.777790
g2327 g2294 30.233330 12.777790
g2327 g2333 30.233330 15.139890
g2327 g2336 30.233330 15.139890
g2327 g2339 30.233330 15.139890
g2327 g2297 30.048650 14.707980
g2327 g2300 30.048650 14.707980
g2327 g2303 30.048650 14.707980
g2327 g2342 30.048650 17.070080
g2327 g2345 30.048650 17.070080
g2327 g2348 30.048650 17.070080
g2327 g2387 21.711150 17.736910
g2327 g2388 21.711150 17.736910
g2327 g2389 21.711150 17.736910
g2327 g2390 25.238790 19.717010
g2327 g2391 25.238790 19.717010
g2327 g2392 25.238790 19.717010
g2327 g2393 25.050050 20.514830
g2327 g2394 25.050050 20.514830
g2327 g2395 25.050050 20.514830
g2327 g2397 19.596130 16.152480
g2327 g2398 19.657950 17.087060
g2327 g2396 19.657950 17.087060
g2327 g2373 14.116980 12.399190
g2330 g2261 31.352610 22.345910
g2330 g2264 31.352610 22.345910
g2330 g2267 31.352610 22.345910
g2330 g2306 31.167930 22.357210
g2330 g2309 31.167930 22.357210
g2330 g2312 31.167930 22.357210
g2330 g2270 31.167930 22.357210
g2330 g2273 31.167930 22.357210
g2330 g2276 31.167930 22.357210
g2330 g2315 31.167930 22.357210
g2330 g2318 31.167930 22.357210
g2330 g2321 31.167930 22.357210
g2330 g2279 31.352610 22.345910
g2330 g2282 31.352610 22.345910
g2330 g2285 31.352610 22.345910
g2330 g2324 31.352610 9.653700
g2330 g2327 31.352610 9.653700
g2330 g2330 31.352610 2.187800
g2330 g2288 31.352610 13.897070
g2330 g2291 31.352610 13.897070
g2330 g2294 31.352610 13.897070
g2330 g2333 31.352610 16.259170
g2330 g2336 31.352610 16.259170
g2330 g2339 31.352610 16.259170
g2330 g2297 31.167930 15.827260
g2330 g2300 31.167930 15.827260
g2330 g2303 31.167930 15.827260
g2330 g2342 31.167930 18.189360
g2330 g2345 31.167930 18.189360
g2330 g2348 31.167930 18.189360
g2330 g2387 22.830430 18.856190
g2330 g2388 22.830430 18.856190
g2330 g2389 22.830430 18.856190
g2330 g2390 26.358070 20.836290
g2330 g2391 26.358070 20.836290
g2330 g2392 26.358070 20.836290
g2330 g2393 26.169330 21.634110
g2330 g2394 26.169330 21.634110
g2330 g2395 26.169330 21.634110
g2330 g2397 20.715410 17.271760
g2330 g2398 20.777230 18.206340
g2330 g2396 20.777230 18.206340
g2330 g2373 15.236260 13.518470
g2288 g2261 30.957620 20.417660
g2288 g2264 30.957620 20.417660
g2288 g2267 30.957620 20.417660
g2288 g2306 30.772940 20.428960
g2288 g2309 30.772940 20.428960
g2288 g2312 30.772940 20.428960
g2288 g2270 30.772940 20.428960
g2288 g2273 30.772940 20.428960
g2288 g2276 30.772940 20.428960
g2288 g2315 30.772940 20.428960
g2288 g2318 30.772940 20.428960
g2288 g2321 30.772940 20.428960
g2288 g2279 30.957620 20.417660
g2288 g2282 30.957620 20.417660
g2288 g2285 30.957620 20.417660
g2288 g2324 30.957620 20.417660
g2288 g2327 30.957620 20.417660
g2288 g2330 30.957620 20.417660
g2288 g2288 30.957620 2.187800
g2288 g2291 30.957620 9.990150
g2288 g2294 30.957620 9.990150
g2288 g2333 30.957620 13.169070
g2288 g2336 30.957620 13.169070
g2288 g2339 30.957620 13.169070
g2288 g2297 30.772940 12.837610
g2288 g2300 30.772940 12.837610
g2288 g2303 30.772940 12.837610
g2288 g2342 30.772940 15.199710
g2288 g2345 30.772940 15.199710
g2288 g2348 30.772940 15.199710
g2288 g2387 22.105440 18.467710
g2288 g2388 22.105440 18.467710
g2288 g2389 22.105440 18.467710
g2288 g2390 25.963080 19.539900
g2288 g2391 25.963080 19.539900
g2288 g2392 25.963080 19.539900
g2288 g2393 25.563450 21.129890
g2288 g2394 25.563450 21.129890
g2288 g2395 25.563450 21.129890
g2288 g2397 20.320420 16.767540
g2288 g2398 20.382240 17.702120
g2288 g2396 20.382240 17.702120
g2288 g2373 14.508770 11.590220
g2291 g2261 30.062840 19.522880
g2291 g2264 30.062840 19.522880
g2291 g2267 30.062840 19.522880
g2291 g2306 29.878160 19.534180
g2291 g2309 29.878160 19.534180
g2291 g2312 29.878160 19.534180
g2291 g2270 29.878160 19.534180
g2291 g2273 29.878160 19.534180
g2291 g2276 29.878160 19.534180
g2291 g2315 29.878160 19.534180
g2291 g2318 29.878160 19.534180
g2291 g2321 29.878160 19.534180
g2291 g2279 30.062840 19.522880
g2291 g2282 30.062840 19.522880
g2291 g2285 30.062840 19.522880
g2291 g2324 30.062840 19.522880
g2291 g2327 30.062840 19.522880
g2291 g2330 30.062840 19.522880
g2291 g2288 30.062840 9.095370
g2291 g2291 30.062840 2.187800
g2291 g2294 30.062840 9.095370
g2291 g2333 30.062840 12.274290
g2291 g2336 30.062840 12.274290
g2291 g2339 30.062840 12.274290
g2291 g2297 29.878160 11.942830
g2291 g2300 29.878160 11.942830
g2291 g2303 29.878160 11.942830
g2291 g2342 29.878160 14.304930
g2291 g2345 29.878160 14.304930
g2291 g2348 29.878160 14.304930
g2291 g2387 21.210660 17.572930
g2291 g2388 21.210660 17.572930
g2291 g2389 21.210660 17.572930
g2291 g2390 25.068300 18.645120
g2291 g2391 25.068300 18.645120
g2291 g2392 25.068300 18.645120
g2291 g2393 24.668670 20.235110
g2291 g2394 24.668670 20.235110
g2291 g2395 24.668670 20.235110
g2291 g2397 19.425640 15.872760
g2291 g2398 19.487460 16.807340
g2291 g2396 19.487460 16.807340
g2291 g2373 13.613990 10.695440
g2294 g2261 31.187620 20.647660
g2294 g2264 31.187620 20.647660
g2294 g2267 31.187620 20.647660
g2294 g2306 31.002940 20.658960
g2294 g2309 31.002940 20.658960
g2294 g2312 31.002940 20.658960
g2294 g2270 31.002940 20.658960
g2294 g2273 31.002940 20.658960
g2294 g2276 31.002940 20.658960
g2294 g2315 31.002940 20.658960
g2294 g2318 31.002940 20.658960
g2294 g2321 31.002940 20.658960
g2294 g2279 31.187620 20.647660
g2294 g2282 31.187620 20.647660
g2294 g2285 31.187620 20.647660
g2294 g2324 31.187620 20.647660
g2294 g2327 31.187620 20.647660
g2294 g2330 31.187620 20.647660
g2294 g2288 31.187620 10.220150
g2294 g2291 31.187620 10.220150
g2294 g2294 31.187620 2.187800
g2294 g2333 31.187620 13.399070
g2294 g2336 31.187620 13.399070
g2294 g2339 31.187620 13.399070
g2294 g2297 31.002940 13.067610
g2294 g2300 31.002940 13.067610
g2294 g2303 31.002940 13.067610
g2294 g2342 31.002940 15.429710
g2294 g2345 31.002940 15.429710
g2294 g2348 31.002940 15.429710
g2294 g2387 22.335440 18.697710
g2294 g2388 22.335440 18.697710
g2294 g2389 22.335440 18.697710
g2294 g2390 26.193080 19.769900
g2294 g2391 26.193080 19.769900
g2294 g2392 26.193080 19.769900
g2294 g2393 25.793450 21.359890
g2294 g2394 25.793450 21.359890
g2294 g2395 25.793450 21.359890
g2294 g2397 20.550420 16.997540
g2294 g2398 20.612240 17.932120
g2294 g2396 20.612240 17.932120
g2294 g2373 14.738770 11.820220
g2333 g2261 31.111060 20.187040
g2333 g2264 31.111060 20.187040
g2333 g2267 31.111060 20.187040
g2333 g2306 30.926380 20.198340
g2333 g2309 30.926380 20.198340
g2333 g2312 30.926380 20.198340
g2333 g2270 30.926380 20.198340
g2333 g2273 30.926380 20.198340
g2333 g2276 30.926380 20.198340
g2333 g2315 30.926380 20.198340
g2333 g2318 30.926380 20.198340
g2333 g2321 30.926380 20.198340
g2333 g2279 31.111060 20.187040
g2333 g2282 31.111060 20.187040
g2333 g2285 31.111060 20.187040
g2333 g2324 31.111060 20.187040
g2333 g2327 31.111060 20.187040
g2333 g2330 31.111060 20.187040
g2333 g2288 31.111060 20.187040
g2333 g2291 31.111060 20.187040
g2333 g2294 31.111060 20.187040
g2333 g2333 31.111060 2.187800
g2333 g2336 31.111060 9.550330
g2333 g2339 31.111060 9.550330
g2333 g2297 30.926380 12.318730
g2333 g2300 30.926380 12.318730
g2333 g2303 30.926380 12.318730
g2333 g2342 30.926380 14.680830
g2333 g2345 30.926380 14.680830
g2333 g2348 30.926380 14.680830
g2333 g2387 22.588880 18.809000
g2333 g2388 22.588880 18.809000
g2333 g2389 22.588880 18.809000
g2333 g2390 26.116520 20.720220
g2333 g2391 26.116520 20.720220
g2333 g2392 26.116520 20.720220
g2333 g2393 25.927780 20.912100
g2333 g2394 25.927780 20.912100
g2333 g2395 25.927780 20.912100
g2333 g2397 20.473860 16.549750
g2333 g2398 20.535680 17.484330
g2333 g2396 20.535680 17.484330
g2333 g2373 15.383600 11.359600
g2336 g2261 30.215840 19.291820
g2336 g2264 30.215840 19.291820
g2336 g2267 30.215840 19.291820
g2336 g2306 30.031160 19.303120
g2336 g2309 30.031160 19.303120
g2336 g2312 30.031160 19.303120
g2336 g2270 30.031160 19.303120
g2336 g2273 30.031160 19.303120
g2336 g2276 30.031160 19.303120
g2336 g2315 30.031160 19.303120
g2336 g2318 30.031160 19.303120
g2336 g2321 30.031160 19.303120
g2336 g2279 30.215840 19.291820
g2336 g2282 30.215840 19.291820
g2336 g2285 30.215840 19.291820
g2336 g2324 30.215840 19.291820
g2336 g2327 30.215840 19.291820
g2336 g2330 30.215840 19.291820
g2336 g2288 30.215840 19.291820
g2336 g2291 30.215840 19.291820
g2336 g2294 30.215840 19.291820
g2336 g2333 30.215840 8.655110
g2336 g2336 30.215840 2.187800
g2336 g2339 30.215840 8.655110
g2336 g2297 30.031160 11.423510
g2336 g2300 30.031160 11.423510
g2336 g2303 30.031160 11.423510
g2336 g2342 30.031160 13.785610
g2336 g2345 30.031160 13.785610
g2336 g2348 30.031160 13.785610
g2336 g2387 21.693660 17.913780
g2336 g2388 21.693660 17.913780
g2336 g2389 21.693660 17.913780
g2336 g2390 25.221300 19.825000
g2336 g2391 25.221300 19.825000
g2336 g2392 25.221300 19.825000
g2336 g2393 25.032560 20.016880
g2336 g2394 25.032560 20.016880
g2336 g2395 25.032560 20.016880
g2336 g2397 19.578640 15.654530
g2336 g2398 19.640460 16.589110
g2336 g2396 19.640460 16.589110
g2336 g2373 14.488380 10.464380
g2339 g2261 31.341060 20.417040
g2339 g2264 31.341060 20.417040
g2339 g2267 31.341060 20.417040
g2339 g2306 31.156380 20.428340
g2339 g2309 31.156380 20.428340
g2339 g2312 31.156380 20.428340
g2339 g2270 31.156380 20.428340
g2339 g2273 31.156380 20.428340
g2339 g2276 31.156380 20.428340
g2339 g2315 31.156380 20.428340
g2339 g2318 31.156380 20.428340
g2339 g2321 31.156380 20.428340
g2339 g2279 31.341060 20.417040
g2339 g2282 31.341060 20.417040
g2339 g2285 31.341060 20.417040
g2339 g2324 31.341060 20.417040
g2339 g2327 31.341060 20.417040
g2339 g2330 31.341060 20.417040
g2339 g2288 31.341060 20.417040
g2339 g2291 31.341060 20.417040
g2339 g2294 31.341060 20.417040
g2339 g2333 31.341060 9.780330
g2339 g2336 31.341060 9.780330
g2339 g2339 31.341060 2.187800
g2339 g2297 31.156380 12.548730
g2339 g2300 31.156380 12.548730
g2339 g2303 31.156380 12.548730
g2339 g2342 31.156380 14.910830
g2339 g2345 31.156380 14.910830
g2339 g2348 31.156380 14.910830
g2339 g2387 22.818880 19.039000
g2339 g2388 22.818880 19.039000
g2339 g2389 22.818880 19.039000
g2339 g2390 26.346520 20.950220
g2339 g2391 26.346520 20.950220
g2339 g2392 26.346520 20.950220
g2339 g2393 26.157780 21.142100
g2339 g2394 26.157780 21.142100
g2339 g2395 26.157780 21.142100
g2339 g2397 20.703860 16.779750
g2339 g2398 20.765680 17.714330
g2339 g2396 20.765680 17.714330
g2339 g2373 15.613600 11.589600
g2297 g2261 32.460310 18.717210
g2297 g2264 32.460310 18.717210
g2297 g2267 32.460310 18.717210
g2297 g2306 32.275630 18.728510
g2297 g2309 32.275630 18.728510
g2297 g2312 32.275630 18.728510
g2297 g2270 32.275630 18.728510
g2297 g2273 32.275630 18.728510
g2297 g2276 32.275630 18.728510
g2297 g2315 32.275630 18.728510
g2297 g2318 32.275630 18.728510
g2297 g2321 32.275630 18.728510
g2297 g2279 32.460310 18.717210
g2297 g2282 32.460310 18.717210
g2297 g2285 32.460310 18.717210
g2297 g2324 32.460310 18.717210
g2297 g2327 32.460310 18.717210
g2297 g2330 32.460310 18.717210
g2297 g2288 32.460310 18.717210
g2297 g2291 32.460310 18.717210
g2297 g2294 32.460310 18.717210
g2297 g2333 32.460310 18.717210
g2297 g2336 32.460310 18.717210
g2297 g2339 32.460310 18.717210
g2297 g2297 32.275630 2.187800
g2297 g2300 32.275630 9.816620
g2297 g2303 32.275630 9.816620
g2297 g2342 32.275630 12.597660
g2297 g2345 32.275630 12.597660
g2297 g2348 32.275630 12.597660
g2297 g2387 23.608130 17.749670
g2297 g2388 23.608130 17.749670
g2297 g2389 23.608130 17.749670
g2297 g2390 27.465770 18.821860
g2297 g2391 27.465770 18.821860
g2297 g2392 27.465770 18.821860
g2297 g2393 27.066140 20.724000
g2297 g2394 27.066140 20.724000
g2297 g2395 27.066140 20.724000
g2297 g2397 21.823110 16.361650
g2297 g2398 21.884930 17.296230
g2297 g2396 21.884930 17.296230
g2297 g2373 11.812970 9.235140
g2300 g2261 31.573670 17.830570
g2300 g2264 31.573670 17.830570
g2300 g2267 31.573670 17.830570
g2300 g2306 31.388990 17.841870
g2300 g2309 31.388990 17.841870
g2300 g2312 31.388990 17.841870
g2300 g2270 31.388990 17.841870
g2300 g2273 31.388990 17.841870
g2300 g2276 31.388990 17.841870
g2300 g2315 31.388990 17.841870
g2300 g2318 31.388990 17.841870
g2300 g2321 31.388990 17.841870
g2300 g2279 31.573670 17.830570
g2300 g2282 31.573670 17.830570
g2300 g2285 31.573670 17.830570
g2300 g2324 31.573670 17.830570
g2300 g2327 31.573670 17.830570
g2300 g2330 31.573670 17.830570
g2300 g2288 31.573670 17.830570
g2300 g2291 31.573670 17.830570
g2300 g2294 31.573670 17.830570
g2300 g2333 31.573670 17.830570
g2300 g2336 31.573670 17.830570
g2300 g2339 31.573670 17.830570
g2300 g2297 31.388990 8.929980
g2300 g2300 31.388990 2.187800
g2300 g2303 31.388990 8.929980
g2300 g2342 31.388990 11.711020
g2300 g2345 31.388990 11.711020
g2300 g2348 31.388990 11.711020
g2300 g2387 22.721490 16.863030
g2300 g2388 22.721490 16.863030
g2300 g2389 22.721490 16.863030
g2300 g2390 26.579130 17.935220
g2300 g2391 26.579130 17.935220
g2300 g2392 26.579130 17.935220
g2300 g2393 26.179500 19.837360
g2300 g2394 26.179500 19.837360
g2300 g2395 26.179500 19.837360
g2300 g2397 20.936470 15.475010
g2300 g2398 20.998290 16.409590
g2300 g2396 20.998290 16.409590
g2300 g2373 10.926330 8.348500
g2303 g2261 32.690310 18.947210
g2303 g2264 32.690310 18.947210
g2303 g2267 32.690310 18.947210
g2303 g2306 32.505630 18.958510
g2303 g2309 32.505630 18.958510
g2303 g2312 32.505630 18.958510
g2303 g2270 32.505630 18.958510
g2303 g2273 32.505630 18.958510
g2303 g2276 32.505630 18.958510
g2303 g2315 32.505630 18.958510
g2303 g2318 32.505630 18.958510
g2303 g2321 32.505630 18.958510
g2303 g2279 32.690310 18.947210
g2303 g2282 32.690310 18.947210
g2303 g2285 32.690310 18.947210
g2303 g2324 32.690310 18.947210
g2303 g2327 32.690310 18.947210
g2303 g2330 32.690310 18.947210
g2303 g2288 32.690310 18.947210
g2303 g2291 32.690310 18.947210
g2303 g2294 32.690310 18.947210
g2303 g2333 32.690310 18.947210
g2303 g2336 32.690310 18.947210
g2303 g2339 32.690310 18.947210
g2303 g2297 32.505630 10.046620
g2303 g2300 32.505630 10.046620
g2303 g2303 32.505630 2.187800
g2303 g2342 32.505630 12.827660
g2303 g2345 32.505630 12.827660
g2303 g2348 32.505630 12.827660
g2303 g2387 23.838130 17.979670
g2303 g2388 23.838130 17.979670
g2303 g2389 23.838130 17.979670
g2303 g2390 27.695770 19.051860
g2303 g2391 27.695770 19.051860
g2303 g2392 27.695770 19.051860
g2303 g2393 27.296140 20.954000
g2303 g2394 27.296140 20.954000
g2303 g2395 27.296140 20.954000
g2303 g2397 22.053110 16.591650
g2303 g2398 22.114930 17.526230
g2303 g2396 22.114930 17.526230
g2303 g2373 12.042970 9.465140
g2342 g2261 31.827840 18.474490
g2342 g2264 31.827840 18.474490
g2342 g2267 31.827840 18.474490
g2342 g2306 31.643160 18.485790
g2342 g2309 31.643160 18.485790
g2342 g2312 31.643160 18.485790
g2342 g2270 31.643160 18.485790
g2342 g2273 31.643160 18.485790
g2342 g2276 31.643160 18.485790
g2342 g2315 31.643160 18.485790
g2342 g2318 31.643160 18.485790
g2342 g2321 31.643160 18.485790
g2342 g2279 31.827840 18.474490
g2342 g2282 31.827840 18.474490
g2342 g2285 31.827840 18.474490
g2342 g2324 31.827840 18.474490
g2342 g2327 31.827840 18.474490
g2342 g2330 31.827840 18.474490
g2342 g2288 31.827840 18.474490
g2342 g2291 31.827840 18.474490
g2342 g2294 31.827840 18.474490
g2342 g2333 31.827840 18.474490
g2342 g2336 31.827840 18.474490
g2342 g2339 31.827840 18.474490
g2342 g2297 31.643160 18.485790
g2342 g2300 31.643160 18.485790
g2342 g2303 31.643160 18.485790
g2342 g2342 31.643160 2.187800
g2342 g2345 31.643160 8.954700
g2342 g2348 31.643160 8.954700
g2342 g2387 23.305660 17.823010
g2342 g2388 23.305660 17.823010
g2342 g2389 23.305660 17.823010
g2342 g2390 26.833300 19.384230
g2342 g2391 26.833300 19.384230
g2342 g2392 26.833300 19.384230
g2342 g2393 26.644560 19.576110
g2342 g2394 26.644560 19.576110
g2342 g2395 26.644560 19.576110
g2342 g2397 21.190640 15.213760
g2342 g2398 21.252460 16.148340
g2342 g2396 21.252460 16.148340
g2342 g2373 12.140590 8.728700
g2345 g2261 30.960560 17.607210
g2345 g2264 30.960560 17.607210
g2345 g2267 30.960560 17.607210
g2345 g2306 30.775880 17.618510
g2345 g2309 30.775880 17.618510
g2345 g2312 30.775880 17.618510
g2345 g2270 30.775880 17.618510
g2345 g2273 30.775880 17.618510
g2345 g2276 30.775880 17.618510
g2345 g2315 30.775880 17.618510
g2345 g2318 30.775880 17.618510
g2345 g2321 30.775880 17.618510
g2345 g2279 30.960560 17.607210
g2345 g2282 30.960560 17.607210
g2345 g2285 30.960560 17.607210
g2345 g2324 30.960560 17.607210
g2345 g2327 30.960560 17.607210
g2345 g2330 30.960560 17.607210
g2345 g2288 30.960560 17.607210
g2345 g2291 30.960560 17.607210
g2345 g2294 30.960560 17.607210
g2345 g2333 30.960560 17.607210
g2345 g2336 30.960560 17.607210
g2345 g2339 30.960560 17.607210
g2345 g2297 30.775880 17.618510
g2345 g2300 30.775880 17.618510
g2345 g2303 30.775880 17.618510
g2345 g2342 30.775880 8.087420
g2345 g2345 30.775880 2.187800
g2345 g2348 30.775880 8.087420
g2345 g2387 22.438380 16.955730
g2345 g2388 22.438380 16.955730
g2345 g2389 22.438380 16.955730
g2345 g2390 25.966020 18.516950
g2345 g2391 25.966020 18.516950
g2345 g2392 25.966020 18.516950
g2345 g2393 25.777280 18.708830
g2345 g2394 25.777280 18.708830
g2345 g2395 25.777280 18.708830
g2345 g2397 20.323360 14.346480
g2345 g2398 20.385180 15.281060
g2345 g2396 20.385180 15.281060
g2345 g2373 11.273310 7.861420
g2348 g2261 32.057840 18.704490
g2348 g2264 32.057840 18.704490
g2348 g2267 32.057840 18.704490
g2348 g2306 31.873160 18.715790
g2348 g2309 31.873160 18.715790
g2348 g2312 31.873160 18.715790
g2348 g2270 31.873160 18.715790
g2348 g2273 31.873160 18.715790
g2348 g2276 31.873160 18.715790
g2348 g2315 31.873160 18.715790
g2348 g2318 31.873160 18.715790
g2348 g2321 31.873160 18.715790
g2348 g2279 32.057840 18.704490
g2348 g2282 32.057840 18.704490
g2348 g2285 32.057840 18.704490
g2348 g2324 32.057840 18.704490
g2348 g2327 32.057840 18.704490
g2348 g2330 32.057840 18.704490
g2348 g2288 32.057840 18.704490
g2348 g2291 32.057840 18.704490
g2348 g2294 32.057840 18.704490
g2348 g2333 32.057840 18.704490
g2348 g2336 32.057840 18.704490
g2348 g2339 32.057840 18.704490
g2348 g2297 31.873160 18.715790
g2348 g2300 31.873160 18.715790
g2348 g2303 31.873160 18.715790
g2348 g2342 31.873160 9.184700
g2348 g2345 31.873160 9.184700
g2348 g2348 31.873160 2.187800
g2348 g2387 23.535660 18.053010
g2348 g2388 23.535660 18.053010
g2348 g2389 23.535660 18.053010
g2348 g2390 27.063300 19.614230
g2348 g2391 27.063300 19.614230
g2348 g2392 27.063300 19.614230
g2348 g2393 26.874560 19.806110
g2348 g2394 26.874560 19.806110
g2348 g2395 26.874560 19.806110
g2348 g2397 21.420640 15.443760
g2348 g2398 21.482460 16.378340
g2348 g2396 21.482460 16.378340
g2348 g2373 12.370590 8.958700
g2160 g2160 2.781020 2.136980
g2160 g2156 5.075830 4.330150
g2160 g2151 7.212490 6.466810
g2160 g2147 9.349150 8.603470
g2160 g2142 11.485810 10.740130
g2160 g2138 13.622470 12.876790
g2160 g2133 15.759130 15.013450
g2160 g2129 17.895790 17.150110
g2160 g2124 20.016050 19.270370
g2160 g2120 21.993380 21.993380
g2160 g2373 8.243060 6.803470
g2156 g2156 3.034740 2.390700
g2156 g2151 5.075830 4.330150
g2156 g2147 7.212490 6.466810
g2156 g2142 9.349150 8.603470
g2156 g2138 11.485810 10.740130
g2156 g2133 13.622470 12.876790
g2156 g2129 15.759130 15.013450
g2156 g2124 17.879390 17.133710
g2156 g2120 19.856720 19.856720
g2156 g2373 7.628280 6.349640
g2151 g2151 3.034740 2.390700
g2151 g2147 5.075830 4.330150
g2151 g2142 7.212490 6.466810
g2151 g2138 9.349150 8.603470
g2151 g2133 11.485810 10.740130
g2151 g2129 13.622470 12.876790
g2151 g2124 15.742730 14.997050
g2151 g2120 17.720060 17.720060
g2151 g2373 8.493550 7.214970
g2147 g2147 3.034740 2.390700
g2147 g2142 5.075830 4.330150
g2147 g2138 7.212490 6.466810
g2147 g2133 9.349150 8.603470
g2147 g2129 11.485810 10.740130
g2147 g2124 13.606070 12.860390
g2147 g2120 15.583400 15.583400
g2147 g2373 7.329850 6.051270
g2142 g2142 3.034740 2.390700
g2142 g2138 5.075830 4.330150
g2142 g2133 7.212490 6.466810
g2142 g2129 9.349150 8.603470
g2142 g2124 11.469410 10.723730
g2142 g2120 13.446740 13.446740
g2142 g2373 7.115220 5.734310
g2138 g2138 3.034740 2.390700
g2138 g2133 5.075830 4.330150
g2138 g2129 7.212490 6.466810
g2138 g2124 9.332750 8.587070
g2138 g2120 11.310080 11.310080
g2138 g2373 9.932260 8.492690
g2133 g2133 3.034740 2.390700
g2133 g2129 5.075830 4.330150
g2133 g2124 7.196090 6.450410
g2133 g2120 9.173420 9.173420
g2133 g2373 9.317520 8.038880
g2129 g2129 3.034740 2.390700
g2129 g2124 5.059470 4.313790
g2129 g2120 7.036800 7.036800
g2129 g2373 10.182970 8.904390
g2124 g2124 3.034740 2.390700
g2124 g2120 5.458590 5.458590
g2124 g2373 6.795250 5.516680
g2120 g2120 4.269330 4.269330
g2120 g2373 7.535590 6.257080
g2429 g2429 10.949520 1.967700
g2429 g2418 10.949520 8.805250
g2429 g2421 10.949520 8.805250
g2429 g2444 8.988440 8.894670
g2429 g2433 8.988440 8.894670
g2429 g2436 8.988440 8.894670
g2429 g2459 10.175580 8.767070
g2429 g2448 10.175580 8.767070
g2429 g2451 10.175580 8.767070
g2429 g2473 8.998120 8.433900
g2429 g2463 8.998120 8.433900
g2429 g2466 8.998120 8.433900
g2429 g2417 0.499980 0.499980
g2418 g2429 10.777720 8.633450
g2418 g2418 10.777720 1.967700
g2418 g2421 10.777720 8.633450
g2418 g2444 8.816640 8.722870
g2418 g2433 8.816640 8.722870
g2418 g2436 8.816640 8.722870
g2418 g2459 10.003780 8.595270
g2418 g2448 10.003780 8.595270
g2418 g2451 10.003780 8.595270
g2418 g2473 8.826320 8.262100
g2418 g2463 8.826320 8.262100
g2418 g2466 8.826320 8.262100
g2418 g2425 0.499980 0.499980
g2421 g2429 11.688920 9.544650
g2421 g2418 11.688920 9.544650
g2421 g2421 11.688920 1.967700
g2421 g2444 9.727840 9.634070
g2421 g2433 9.727840 9.634070
g2421 g2436 9.727840 9.634070
g2421 g2459 10.914980 9.506470
g2421 g2448 10.914980 9.506470
g2421 g2451 10.914980 9.506470
g2421 g2473 9.737520 9.173300
g2421 g2463 9.737520 9.173300
g2421 g2466 9.737520 9.173300
g2421 g2427 0.499980 0.499980
g2444 g2429 8.522840 8.396720
g2444 g2418 8.522840 8.396720
g2444 g2421 8.522840 8.396720
g2444 g2444 7.125880 1.967700
g2444 g2433 7.125880 7.125880
g2444 g2436 7.125880 7.125880
g2444 g2459 11.649930 8.100720
g2444 g2448 11.649930 8.100720
g2444 g2451 11.649930 8.100720
g2444 g2473 9.938780 9.938780
g2444 g2463 9.938780 9.938780
g2444 g2466 9.938780 9.938780
g2444 g2432 0.499980 0.499980
g2433 g2429 8.348670 8.222550
g2433 g2418 8.348670 8.222550
g2433 g2421 8.348670 8.222550
g2433 g2444 6.951710 6.951710
g2433 g2433 6.951710 1.967700
g2433 g2436 6.951710 6.951710
g2433 g2459 11.475760 7.926550
g2433 g2448 11.475760 7.926550
g2433 g2451 11.475760 7.926550
g2433 g2473 9.764610 9.764610
g2433 g2463 9.764610 9.764610
g2433 g2466 9.764610 9.764610
g2433 g2440 0.499980 0.499980
g2436 g2429 9.221950 9.095830
g2436 g2418 9.221950 9.095830
g2436 g2421 9.221950 9.095830
g2436 g2444 7.824990 7.824990
g2436 g2433 7.824990 7.824990
g2436 g2436 7.824990 1.967700
g2436 g2459 12.349040 8.799830
g2436 g2448 12.349040 8.799830
g2436 g2451 12.349040 8.799830
g2436 g2473 10.637890 10.637890
g2436 g2463 10.637890 10.637890
g2436 g2466 10.637890 10.637890
g2436 g2442 0.499980 0.499980
g2459 g2429 7.473700 6.080100
g2459 g2418 7.473700 6.080100
g2459 g2421 7.473700 6.080100
g2459 g2444 8.241560 6.796460
g2459 g2433 8.241560 6.796460
g2459 g2436 8.241560 6.796460
g2459 g2459 1.967700 1.967700
g2459 g2473 9.393680 9.393680
g2459 g2463 9.393680 9.393680
g2459 g2466 9.393680 9.393680
g2459 g2447 0.499980 0.499980
g2448 g2429 7.295780 5.902180
g2448 g2418 7.295780 5.902180
g2448 g2421 7.295780 5.902180
g2448 g2444 8.063640 6.618540
g2448 g2433 8.063640 6.618540
g2448 g2436 8.063640 6.618540
g2448 g2448 1.967700 1.967700
g2448 g2473 9.215760 9.215760
g2448 g2463 9.215760 9.215760
g2448 g2466 9.215760 9.215760
g2448 g2455 0.499980 0.499980
g2451 g2429 8.109060 6.715460
g2451 g2418 8.109060 6.715460
g2451 g2421 8.109060 6.715460
g2451 g2444 8.876920 7.431820
g2451 g2433 8.876920 7.431820
g2451 g2436 8.876920 7.431820
g2451 g2451 1.967700 1.967700
g2451 g2473 10.029040 10.029040
g2451 g2463 10.029040 10.029040
g2451 g2466 10.029040 10.029040
g2451 g2457 0.499980 0.499980
g2473 g2429 7.419290 6.622790
g2473 g2418 7.419290 6.622790
g2473 g2421 7.419290 6.622790
g2473 g2459 10.554700 9.738760
g2473 g2448 10.554700 9.738760
g2473 g2451 10.554700 9.738760
g2473 g2473 1.967700 1.967700
g2473 g2462 0.499980 0.499980
g2463 g2429 7.242420 6.445920
g2463 g2418 7.242420 6.445920
g2463 g2421 7.242420 6.445920
g2463 g2459 10.377830 9.561890
g2463 g2448 10.377830 9.561890
g2463 g2451 10.377830 9.561890
g2463 g2463 1.967700 1.967700
g2463 g2470 0.499980 0.499980
g2466 g2429 8.072500 7.276000
g2466 g2418 8.072500 7.276000
g2466 g2421 8.072500 7.276000
g2466 g2459 11.207910 10.391970
g2466 g2448 11.207910 10.391970
g2466 g2451 11.207910 10.391970
g2466 g2466 1.967700 1.967700
g2466 g2472 0.499980 0.499980
g2483 g2483 12.954310 2.187800
g2483 g2486 12.954310 8.162330
g2483 g2489 12.954310 8.162330
g2483 g2492 13.587370 11.672070
g2483 g2495 13.587370 11.672070
g2483 g2498 13.587370 11.672070
g2483 g2502 13.078410 9.889010
g2483 g2503 13.078410 9.889010
g2483 g2501 13.078410 9.889010
g2486 g2483 12.076690 7.284710
g2486 g2486 12.076690 2.187800
g2486 g2489 12.076690 7.284710
g2486 g2492 12.709750 10.794450
g2486 g2495 12.709750 10.794450
g2486 g2498 12.709750 10.794450
g2486 g2502 12.200790 9.011390
g2486 g2503 12.200790 9.011390
g2486 g2501 12.200790 9.011390
g2489 g2483 13.184310 8.392330
g2489 g2486 13.184310 8.392330
g2489 g2489 13.184310 2.187800
g2489 g2492 13.817370 11.902070
g2489 g2495 13.817370 11.902070
g2489 g2498 13.817370 11.902070
g2489 g2502 13.308410 10.119010
g2489 g2503 13.308410 10.119010
g2489 g2501 13.308410 10.119010
g2492 g2483 16.986440 13.323240
g2492 g2486 16.986440 13.323240
g2492 g2489 16.986440 13.323240
g2492 g2492 15.671170 2.187800
g2492 g2495 15.671170 9.653750
g2492 g2498 15.671170 9.653750
g2492 g2502 17.345290 11.439670
g2492 g2503 17.345290 11.439670
g2492 g2501 17.345290 11.439670
g2492 g2374 8.308550 8.308550
g2492 g2555 9.286190 9.286190
g2492 g2559 9.286190 9.286190
g2492 g2539 9.286190 9.286190
g2495 g2483 16.038860 12.375660
g2495 g2486 16.038860 12.375660
g2495 g2489 16.038860 12.375660
g2495 g2492 14.723590 8.706170
g2495 g2495 14.723590 2.187800
g2495 g2498 14.723590 8.706170
g2495 g2502 16.397710 10.492090
g2495 g2503 16.397710 10.492090
g2495 g2501 16.397710 10.492090
g2495 g2374 7.360970 7.360970
g2495 g2555 8.338610 8.338610
g2495 g2559 8.338610 8.338610
g2495 g2539 8.338610 8.338610
g2498 g2483 17.216440 13.553240
g2498 g2486 17.216440 13.553240
g2498 g2489 17.216440 13.553240
g2498 g2492 15.901170 9.883750
g2498 g2495 15.901170 9.883750
g2498 g2498 15.901170 2.187800
g2498 g2502 17.575290 11.669670
g2498 g2503 17.575290 11.669670
g2498 g2501 17.575290 11.669670
g2498 g2374 8.538550 8.538550
g2498 g2555 9.516190 9.516190
g2498 g2559 9.516190 9.516190
g2498 g2539 9.516190 9.516190
g2502 g2483 12.904790 10.466310
g2502 g2486 12.904790 10.466310
g2502 g2489 12.904790 10.466310
g2502 g2492 12.794610 10.637520
g2502 g2495 12.794610 10.637520
g2502 g2498 12.794610 10.637520
g2502 g2502 10.398460 2.109440
g2502 g2503 10.398460 7.222480
g2502 g2501 10.398460 7.222480
g2503 g2483 12.729530 10.291050
g2503 g2486 12.729530 10.291050
g2503 g2489 12.729530 10.291050
g2503 g2492 12.619350 10.462260
g2503 g2495 12.619350 10.462260
g2503 g2498 12.619350 10.462260
g2503 g2502 10.223200 7.047220
g2503 g2503 10.223200 2.109440
g2503 g2501 10.223200 7.047220
g2501 g2483 13.585370 11.146890
g2501 g2486 13.585370 11.146890
g2501 g2489 13.585370 11.146890
g2501 g2492 13.475190 11.318100
g2501 g2495 13.475190 11.318100
g2501 g2498 13.475190 11.318100
g2501 g2502 11.079040 7.903060
g2501 g2503 11.079040 7.903060
g2501 g2501 11.079040 2.109440
g2504 g2504 13.709180 2.187800
g2504 g2507 13.709180 8.254180
g2504 g2510 13.709180 8.254180
g2504 g2513 13.825780 12.194920
g2504 g2516 13.825780 12.194920
g2504 g2519 13.825780 12.194920
g2504 g2523 13.663320 10.960040
g2504 g2524 13.663320 10.960040
g2504 g2522 13.663320 10.960040
g2507 g2504 12.817260 7.362260
g2507 g2507 12.817260 2.187800
g2507 g2510 12.817260 7.362260
g2507 g2513 12.933860 11.303000
g2507 g2516 12.933860 11.303000
g2507 g2519 12.933860 11.303000
g2507 g2523 12.771400 10.068120
g2507 g2524 12.771400 10.068120
g2507 g2522 12.771400 10.068120
g2510 g2504 13.939180 8.484180
g2510 g2507 13.939180 8.484180
g2510 g2510 13.939180 2.187800
g2510 g2513 14.055780 12.424920
g2510 g2516 14.055780 12.424920
g2510 g2519 14.055780 12.424920
g2510 g2523 13.893320 11.190040
g2510 g2524 13.893320 11.190040
g2510 g2522 13.893320 11.190040
g2513 g2513 14.515750 2.187800
g2513 g2516 14.515750 8.631330
g2513 g2519 14.515750 8.631330
g2513 g2523 14.353290 11.340870
g2513 g2524 14.353290 11.340870
g2513 g2522 14.353290 11.340870
g2513 g2561 6.683610 6.683610
g2513 g2562 6.683610 6.683610
g2513 g2563 6.683610 6.683610
g2516 g2513 13.616130 7.731710
g2516 g2516 13.616130 2.187800
g2516 g2519 13.616130 7.731710
g2516 g2523 13.453670 10.441250
g2516 g2524 13.453670 10.441250
g2516 g2522 13.453670 10.441250
g2516 g2561 5.783990 5.783990
g2516 g2562 5.783990 5.783990
g2516 g2563 5.783990 5.783990
g2519 g2513 14.745750 8.861330
g2519 g2516 14.745750 8.861330
g2519 g2519 14.745750 2.187800
g2519 g2523 14.583290 11.570870
g2519 g2524 14.583290 11.570870
g2519 g2522 14.583290 11.570870
g2519 g2561 6.913610 6.913610
g2519 g2562 6.913610 6.913610
g2519 g2563 6.913610 6.913610
g2523 g2513 8.572660 7.216460
g2523 g2516 8.572660 7.216460
g2523 g2519 8.572660 7.216460
g2523 g2523 8.867020 2.109440
g2523 g2524 8.867020 6.438400
g2523 g2522 8.867020 6.438400
g2524 g2513 8.394500 7.038300
g2524 g2516 8.394500 7.038300
g2524 g2519 8.394500 7.038300
g2524 g2523 8.688860 6.260240
g2524 g2524 8.688860 2.109440
g2524 g2522 8.688860 6.260240
g2522 g2513 9.203940 7.847740
g2522 g2516 9.203940 7.847740
g2522 g2519 9.203940 7.847740
g2522 g2523 9.498300 7.069680
g2522 g2524 9.498300 7.069680
g2522 g2522 9.498300 2.109440
g2387 g2261 29.681800 12.259550
g2387 g2264 29.681800 12.259550
g2387 g2267 29.681800 12.259550
g2387 g2306 29.497120 13.840070
g2387 g2309 29.497120 13.840070
g2387 g2312 29.497120 13.840070
g2387 g2270 29.497120 15.787070
g2387 g2273 29.497120 15.787070
g2387 g2276 29.497120 15.787070
g2387 g2315 29.497120 17.155390
g2387 g2318 29.497120 17.155390
g2387 g2321 29.497120 17.155390
g2387 g2279 29.681800 17.144090
g2387 g2282 29.681800 17.144090
g2387 g2285 29.681800 17.144090
g2387 g2324 29.681800 17.144090
g2387 g2327 29.681800 17.144090
g2387 g2330 29.681800 17.144090
g2387 g2288 29.681800 17.144090
g2387 g2291 29.681800 17.144090
g2387 g2294 29.681800 17.144090
g2387 g2333 29.681800 17.144090
g2387 g2336 29.681800 17.144090
g2387 g2339 29.681800 17.144090
g2387 g2297 29.497120 17.155390
g2387 g2300 29.497120 17.155390
g2387 g2303 29.497120 17.155390
g2387 g2342 30.253820 17.155390
g2387 g2345 30.253820 17.155390
g2387 g2348 30.253820 17.155390
g2387 g2429 16.618670 13.273470
g2387 g2418 16.618670 13.273470
g2387 g2421 16.618670 13.273470
g2387 g2444 16.618670 13.273470
g2387 g2433 16.618670 13.273470
g2387 g2436 16.618670 13.273470
g2387 g2459 16.618670 13.273470
g2387 g2448 16.618670 13.273470
g2387 g2451 16.618670 13.273470
g2387 g2473 16.618670 13.273470
g2387 g2463 16.618670 13.273470
g2387 g2466 16.618670 13.273470
g2387 g2387 14.946660 2.187800
g2387 g2388 14.946660 9.684340
g2387 g2389 14.946660 9.684340
g2387 g2390 15.425030 12.508140
g2387 g2391 15.425030 12.508140
g2387 g2392 15.425030 12.508140
g2387 g2393 15.496700 11.374560
g2387 g2394 15.496700 11.374560
g2387 g2395 15.496700 11.374560
g2387 g2397 12.509200 10.876420
g2387 g2398 13.543480 10.938240
g2387 g2396 13.543480 10.938240
g2387 g2373 15.559230 9.686660
g2387 g2530 9.248980 9.248980
g2387 g2533 9.248980 9.248980
g2387 g2536 9.248980 9.248980
g2387 g2552 8.766420 8.766420
g2387 g2553 8.766420 8.766420
g2387 g2554 8.766420 8.766420
g2387 g2540 8.705630 8.705630
g2387 g2543 8.705630 8.705630
g2387 g2546 8.705630 8.705630
g2388 g2261 29.511260 12.089010
g2388 g2264 29.511260 12.089010
g2388 g2267 29.511260 12.089010
g2388 g2306 29.326580 13.669530
g2388 g2309 29.326580 13.669530
g2388 g2312 29.326580 13.669530
g2388 g2270 29.326580 15.616530
g2388 g2273 29.326580 15.616530
g2388 g2276 29.326580 15.616530
g2388 g2315 29.326580 16.984850
g2388 g2318 29.326580 16.984850
g2388 g2321 29.326580 16.984850
g2388 g2279 29.511260 16.973550
g2388 g2282 29.511260 16.973550
g2388 g2285 29.511260 16.973550
g2388 g2324 29.511260 16.973550
g2388 g2327 29.511260 16.973550
g2388 g2330 29.511260 16.973550
g2388 g2288 29.511260 16.973550
g2388 g2291 29.511260 16.973550
g2388 g2294 29.511260 16.973550
g2388 g2333 29.511260 16.973550
g2388 g2336 29.511260 16.973550
g2388 g2339 29.511260 16.973550
g2388 g2297 29.326580 16.984850
g2388 g2300 29.326580 16.984850
g2388 g2303 29.326580 16.984850
g2388 g2342 30.083280 16.984850
g2388 g2345 30.083280 16.984850
g2388 g2348 30.083280 16.984850
g2388 g2429 16.448130 13.102930
g2388 g2418 16.448130 13.102930
g2388 g2421 16.448130 13.102930
g2388 g2444 16.448130 13.102930
g2388 g2433 16.448130 13.102930
g2388 g2436 16.448130 13.102930
g2388 g2459 16.448130 13.102930
g2388 g2448 16.448130 13.102930
g2388 g2451 16.448130 13.102930
g2388 g2473 16.448130 13.102930
g2388 g2463 16.448130 13.102930
g2388 g2466 16.448130 13.102930
g2388 g2387 14.776120 9.513800
g2388 g2388 14.776120 2.187800
g2388 g2389 14.776120 9.513800
g2388 g2390 15.254490 12.337600
g2388 g2391 15.254490 12.337600
g2388 g2392 15.254490 12.337600
g2388 g2393 15.326160 11.204020
g2388 g2394 15.326160 11.204020
g2388 g2395 15.326160 11.204020
g2388 g2397 12.338660 10.705880
g2388 g2398 13.372940 10.767700
g2388 g2396 13.372940 10.767700
g2388 g2373 15.388690 9.516120
g2388 g2530 9.078440 9.078440
g2388 g2533 9.078440 9.078440
g2388 g2536 9.078440 9.078440
g2388 g2552 8.595880 8.595880
g2388 g2553 8.595880 8.595880
g2388 g2554 8.595880 8.595880
g2388 g2540 8.535090 8.535090
g2388 g2543 8.535090 8.535090
g2388 g2546 8.535090 8.535090
g2389 g2261 30.442620 13.020370
g2389 g2264 30.442620 13.020370
g2389 g2267 30.442620 13.020370
g2389 g2306 30.257940 14.600890
g2389 g2309 30.257940 14.600890
g2389 g2312 30.257940 14.600890
g2389 g2270 30.257940 16.547890
g2389 g2273 30.257940 16.547890
g2389 g2276 30.257940 16.547890
g2389 g2315 30.257940 17.916210
g2389 g2318 30.257940 17.916210
g2389 g2321 30.257940 17.916210
g2389 g2279 30.442620 17.904910
g2389 g2282 30.442620 17.904910
g2389 g2285 30.442620 17.904910
g2389 g2324 30.442620 17.904910
g2389 g2327 30.442620 17.904910
g2389 g2330 30.442620 17.904910
g2389 g2288 30.442620 17.904910
g2389 g2291 30.442620 17.904910
g2389 g2294 30.442620 17.904910
g2389 g2333 30.442620 17.904910
g2389 g2336 30.442620 17.904910
g2389 g2339 30.442620 17.904910
g2389 g2297 30.257940 17.916210
g2389 g2300 30.257940 17.916210
g2389 g2303 30.257940 17.916210
g2389 g2342 31.014640 17.916210
g2389 g2345 31.014640 17.916210
g2389 g2348 31.014640 17.916210
g2389 g2429 17.379490 14.034290
g2389 g2418 17.379490 14.034290
g2389 g2421 17.379490 14.034290
g2389 g2444 17.379490 14.034290
g2389 g2433 17.379490 14.034290
g2389 g2436 17.379490 14.034290
g2389 g2459 17.379490 14.034290
g2389 g2448 17.379490 14.034290
g2389 g2451 17.379490 14.034290
g2389 g2473 17.379490 14.034290
g2389 g2463 17.379490 14.034290
g2389 g2466 17.379490 14.034290
g2389 g2387 15.707480 10.445160
g2389 g2388 15.707480 10.445160
g2389 g2389 15.707480 2.187800
g2389 g2390 16.185850 13.268960
g2389 g2391 16.185850 13.268960
g2389 g2392 16.185850 13.268960
g2389 g2393 16.257520 12.135380
g2389 g2394 16.257520 12.135380
g2389 g2395 16.257520 12.135380
g2389 g2397 13.270020 11.637240
g2389 g2398 14.304300 11.699060
g2389 g2396 14.304300 11.699060
g2389 g2373 16.320050 10.447480
g2389 g2530 10.009800 10.009800
g2389 g2533 10.009800 10.009800
g2389 g2536 10.009800 10.009800
g2389 g2552 9.527240 9.527240
g2389 g2553 9.527240 9.527240
g2389 g2554 9.527240 9.527240
g2389 g2540 9.466450 9.466450
g2389 g2543 9.466450 9.466450
g2389 g2546 9.466450 9.466450
g2390 g2261 30.879380 10.674950
g2390 g2264 30.879380 10.674950
g2390 g2267 30.879380 10.674950
g2390 g2306 30.694700 12.255470
g2390 g2309 30.694700 12.255470
g2390 g2312 30.694700 12.255470
g2390 g2270 30.694700 14.202470
g2390 g2273 30.694700 14.202470
g2390 g2276 30.694700 14.202470
g2390 g2315 30.694700 17.077390
g2390 g2318 30.694700 17.077390
g2390 g2321 30.694700 17.077390
g2390 g2279 30.879380 16.840240
g2390 g2282 30.879380 16.840240
g2390 g2285 30.879380 16.840240
g2390 g2324 30.879380 18.345350
g2390 g2327 30.879380 18.345350
g2390 g2330 30.879380 18.345350
g2390 g2288 30.879380 16.914340
g2390 g2291 30.879380 16.914340
g2390 g2294 30.879380 16.914340
g2390 g2333 30.879380 18.345350
g2390 g2336 30.879380 18.345350
g2390 g2339 30.879380 18.345350
g2390 g2297 30.694700 17.191840
g2390 g2300 30.694700 17.191840
g2390 g2303 30.694700 17.191840
g2390 g2342 31.451400 18.356650
g2390 g2345 31.451400 18.356650
g2390 g2348 31.451400 18.356650
g2390 g2429 16.088990 12.986130
g2390 g2418 16.088990 12.986130
g2390 g2421 16.088990 12.986130
g2390 g2444 16.088990 12.986130
g2390 g2433 16.088990 12.986130
g2390 g2436 16.088990 12.986130
g2390 g2459 16.088990 12.986130
g2390 g2448 16.088990 12.986130
g2390 g2451 16.088990 12.986130
g2390 g2473 16.088990 12.986130
g2390 g2463 16.088990 12.986130
g2390 g2466 16.088990 12.986130
g2390 g2387 14.028250 11.356440
g2390 g2388 14.028250 11.356440
g2390 g2389 14.028250 11.356440
g2390 g2390 14.541440 2.187800
g2390 g2391 14.541440 8.674500
g2390 g2392 14.541440 8.674500
g2390 g2393 14.216600 11.041800
g2390 g2394 14.216600 11.041800
g2390 g2395 14.216600 11.041800
g2390 g2397 13.434540 10.423610
g2390 g2398 14.468820 10.485430
g2390 g2396 14.468820 10.485430
g2390 g2373 15.029550 8.102060
g2390 g2530 10.016560 10.016560
g2390 g2533 10.016560 10.016560
g2390 g2536 10.016560 10.016560
g2390 g2552 9.691760 9.691760
g2390 g2553 9.691760 9.691760
g2390 g2554 9.691760 9.691760
g2390 g2540 7.121030 7.121030
g2390 g2543 7.121030 7.121030
g2390 g2546 7.121030 7.121030
g2391 g2261 30.705140 10.500710
g2391 g2264 30.705140 10.500710
g2391 g2267 30.705140 10.500710
g2391 g2306 30.520460 12.081230
g2391 g2309 30.520460 12.081230
g2391 g2312 30.520460 12.081230
g2391 g2270 30.520460 14.028230
g2391 g2273 30.520460 14.028230
g2391 g2276 30.520460 14.028230
g2391 g2315 30.520460 16.903150
g2391 g2318 30.520460 16.903150
g2391 g2321 30.520460 16.903150
g2391 g2279 30.705140 16.666000
g2391 g2282 30.705140 16.666000
g2391 g2285 30.705140 16.666000
g2391 g2324 30.705140 18.171110
g2391 g2327 30.705140 18.171110
g2391 g2330 30.705140 18.171110
g2391 g2288 30.705140 16.740100
g2391 g2291 30.705140 16.740100
g2391 g2294 30.705140 16.740100
g2391 g2333 30.705140 18.171110
g2391 g2336 30.705140 18.171110
g2391 g2339 30.705140 18.171110
g2391 g2297 30.520460 17.017600
g2391 g2300 30.520460 17.017600
g2391 g2303 30.520460 17.017600
g2391 g2342 31.277160 18.182410
g2391 g2345 31.277160 18.182410
g2391 g2348 31.277160 18.182410
g2391 g2429 15.914750 12.811890
g2391 g2418 15.914750 12.811890
g2391 g2421 15.914750 12.811890
g2391 g2444 15.914750 12.811890
g2391 g2433 15.914750 12.811890
g2391 g2436 15.914750 12.811890
g2391 g2459 15.914750 12.811890
g2391 g2448 15.914750 12.811890
g2391 g2451 15.914750 12.811890
g2391 g2473 15.914750 12.811890
g2391 g2463 15.914750 12.811890
g2391 g2466 15.914750 12.811890
g2391 g2387 13.854010 11.182200
g2391 g2388 13.854010 11.182200
g2391 g2389 13.854010 11.182200
g2391 g2390 14.367200 8.500260
g2391 g2391 14.367200 2.187800
g2391 g2392 14.367200 8.500260
g2391 g2393 14.042360 10.867560
g2391 g2394 14.042360 10.867560
g2391 g2395 14.042360 10.867560
g2391 g2397 13.260300 10.249370
g2391 g2398 14.294580 10.311190
g2391 g2396 14.294580 10.311190
g2391 g2373 14.855310 7.927820
g2391 g2530 9.842320 9.842320
g2391 g2533 9.842320 9.842320
g2391 g2536 9.842320 9.842320
g2391 g2552 9.517520 9.517520
g2391 g2553 9.517520 9.517520
g2391 g2554 9.517520 9.517520
g2391 g2540 6.946790 6.946790
g2391 g2543 6.946790 6.946790
g2391 g2546 6.946790 6.946790
g2392 g2261 31.577300 11.372870
g2392 g2264 31.577300 11.372870
g2392 g2267 31.577300 11.372870
g2392 g2306 31.392620 12.953390
g2392 g2309 31.392620 12.953390
g2392 g2312 31.392620 12.953390
g2392 g2270 31.392620 14.900390
g2392 g2273 31.392620 14.900390
g2392 g2276 31.392620 14.900390
g2392 g2315 31.392620 17.775310
g2392 g2318 31.392620 17.775310
g2392 g2321 31.392620 17.775310
g2392 g2279 31.577300 17.538160
g2392 g2282 31.577300 17.538160
g2392 g2285 31.577300 17.538160
g2392 g2324 31.577300 19.043270
g2392 g2327 31.577300 19.043270
g2392 g2330 31.577300 19.043270
g2392 g2288 31.577300 17.612260
g2392 g2291 31.577300 17.612260
g2392 g2294 31.577300 17.612260
g2392 g2333 31.577300 19.043270
g2392 g2336 31.577300 19.043270
g2392 g2339 31.577300 19.043270
g2392 g2297 31.392620 17.889760
g2392 g2300 31.392620 17.889760
g2392 g2303 31.392620 17.889760
g2392 g2342 32.149320 19.054570
g2392 g2345 32.149320 19.054570
g2392 g2348 32.149320 19.054570
g2392 g2429 16.786910 13.684050
g2392 g2418 16.786910 13.684050
g2392 g2421 16.786910 13.684050
g2392 g2444 16.786910 13.684050
g2392 g2433 16.786910 13.684050
g2392 g2436 16.786910 13.684050
g2392 g2459 16.786910 13.684050
g2392 g2448 16.786910 13.684050
g2392 g2451 16.786910 13.684050
g2392 g2473 16.786910 13.684050
g2392 g2463 16.786910 13.684050
g2392 g2466 16.786910 13.684050
g2392 g2387 14.726170 12.054360
g2392 g2388 14.726170 12.054360
g2392 g2389 14.726170 12.054360
g2392 g2390 15.239360 9.372420
g2392 g2391 15.239360 9.372420
g2392 g2392 15.239360 2.187800
g2392 g2393 14.914520 11.739720
g2392 g2394 14.914520 11.739720
g2392 g2395 14.914520 11.739720
g2392 g2397 14.132460 11.121530
g2392 g2398 15.166740 11.183350
g2392 g2396 15.166740 11.183350
g2392 g2373 15.727470 8.799980
g2392 g2530 10.714480 10.714480
g2392 g2533 10.714480 10.714480
g2392 g2536 10.714480 10.714480
g2392 g2552 10.389680 10.389680
g2392 g2553 10.389680 10.389680
g2392 g2554 10.389680 10.389680
g2392 g2540 7.818950 7.818950
g2392 g2543 7.818950 7.818950
g2392 g2546 7.818950 7.818950
g2393 g2261 33.800360 16.101780
g2393 g2264 33.800360 16.101780
g2393 g2267 33.800360 16.101780
g2393 g2306 33.615680 17.682300
g2393 g2309 33.615680 17.682300
g2393 g2312 33.615680 17.682300
g2393 g2270 33.615680 19.629300
g2393 g2273 33.615680 19.629300
g2393 g2276 33.615680 19.629300
g2393 g2315 33.615680 21.790790
g2393 g2318 33.615680 21.790790
g2393 g2321 33.615680 21.790790
g2393 g2279 33.800360 21.779490
g2393 g2282 33.800360 21.779490
g2393 g2285 33.800360 21.779490
g2393 g2324 33.800360 21.779490
g2393 g2327 33.800360 21.779490
g2393 g2330 33.800360 21.779490
g2393 g2288 33.800360 21.779490
g2393 g2291 33.800360 21.779490
g2393 g2294 33.800360 21.779490
g2393 g2333 33.800360 21.779490
g2393 g2336 33.800360 21.779490
g2393 g2339 33.800360 21.779490
g2393 g2297 33.615680 21.790790
g2393 g2300 33.615680 21.790790
g2393 g2303 33.615680 21.790790
g2393 g2342 34.372380 21.790790
g2393 g2345 34.372380 21.790790
g2393 g2348 34.372380 21.790790
g2393 g2429 20.461180 16.467010
g2393 g2418 20.461180 16.467010
g2393 g2421 20.461180 16.467010
g2393 g2444 20.461180 16.467010
g2393 g2433 20.461180 16.467010
g2393 g2436 20.461180 16.467010
g2393 g2459 20.461180 16.467010
g2393 g2448 20.461180 16.467010
g2393 g2451 20.461180 16.467010
g2393 g2473 20.461180 16.467010
g2393 g2463 20.461180 16.467010
g2393 g2466 20.461180 16.467010
g2393 g2387 16.930810 13.939340
g2393 g2388 16.930810 13.939340
g2393 g2389 16.930810 13.939340
g2393 g2390 18.552170 13.600640
g2393 g2391 18.552170 13.600640
g2393 g2392 18.552170 13.600640
g2393 g2393 18.958010 2.187800
g2393 g2394 18.958010 13.145260
g2393 g2395 18.958010 13.145260
g2393 g2397 16.218760 13.188150
g2393 g2398 17.253040 13.249970
g2393 g2396 17.253040 13.249970
g2393 g2373 19.401740 13.528890
g2393 g2530 12.442520 12.442520
g2393 g2533 12.442520 12.442520
g2393 g2536 12.442520 12.442520
g2393 g2552 12.475980 12.475980
g2393 g2553 12.475980 12.475980
g2393 g2554 12.475980 12.475980
g2393 g2540 12.548140 12.548140
g2393 g2543 12.548140 12.548140
g2393 g2546 12.548140 12.548140
g2394 g2261 33.640380 15.941800
g2394 g2264 33.640380 15.941800
g2394 g2267 33.640380 15.941800
g2394 g2306 33.455700 17.522320
g2394 g2309 33.455700 17.522320
g2394 g2312 33.455700 17.522320
g2394 g2270 33.455700 19.469320
g2394 g2273 33.455700 19.469320
g2394 g2276 33.455700 19.469320
g2394 g2315 33.455700 21.630810
g2394 g2318 33.455700 21.630810
g2394 g2321 33.455700 21.630810
g2394 g2279 33.640380 21.619510
g2394 g2282 33.640380 21.619510
g2394 g2285 33.640380 21.619510
g2394 g2324 33.640380 21.619510
g2394 g2327 33.640380 21.619510
g2394 g2330 33.640380 21.619510
g2394 g2288 33.640380 21.619510
g2394 g2291 33.640380 21.619510
g2394 g2294 33.640380 21.619510
g2394 g2333 33.640380 21.619510
g2394 g2336 33.640380 21.619510
g2394 g2339 33.640380 21.619510
g2394 g2297 33.455700 21.630810
g2394 g2300 33.455700 21.630810
g2394 g2303 33.455700 21.630810
g2394 g2342 34.212400 21.630810
g2394 g2345 34.212400 21.630810
g2394 g2348 34.212400 21.630810
g2394 g2429 20.301200 16.307030
g2394 g2418 20.301200 16.307030
g2394 g2421 20.301200 16.307030
g2394 g2444 20.301200 16.307030
g2394 g2433 20.301200 16.307030
g2394 g2436 20.301200 16.307030
g2394 g2459 20.301200 16.307030
g2394 g2448 20.301200 16.307030
g2394 g2451 20.301200 16.307030
g2394 g2473 20.301200 16.307030
g2394 g2463 20.301200 16.307030
g2394 g2466 20.301200 16.307030
g2394 g2387 16.770830 13.779360
g2394 g2388 16.770830 13.779360
g2394 g2389 16.770830 13.779360
g2394 g2390 18.392190 13.440660
g2394 g2391 18.392190 13.440660
g2394 g2392 18.392190 13.440660
g2394 g2393 18.798030 12.985280
g2394 g2394 18.798030 2.187800
g2394 g2395 18.798030 12.985280
g2394 g2397 16.058780 13.028170
g2394 g2398 17.093060 13.089990
g2394 g2396 17.093060 13.089990
g2394 g2373 19.241760 13.368910
g2394 g2530 12.282540 12.282540
g2394 g2533 12.282540 12.282540
g2394 g2536 12.282540 12.282540
g2394 g2552 12.316000 12.316000
g2394 g2553 12.316000 12.316000
g2394 g2554 12.316000 12.316000
g2394 g2540 12.388160 12.388160
g2394 g2543 12.388160 12.388160
g2394 g2546 12.388160 12.388160
g2395 g2261 34.740700 17.042120
g2395 g2264 34.740700 17.042120
g2395 g2267 34.740700 17.042120
g2395 g2306 34.556020 18.622640
g2395 g2309 34.556020 18.622640
g2395 g2312 34.556020 18.622640
g2395 g2270 34.556020 20.569640
g2395 g2273 34.556020 20.569640
g2395 g2276 34.556020 20.569640
g2395 g2315 34.556020 22.731130
g2395 g2318 34.556020 22.731130
g2395 g2321 34.556020 22.731130
g2395 g2279 34.740700 22.719830
g2395 g2282 34.740700 22.719830
g2395 g2285 34.740700 22.719830
g2395 g2324 34.740700 22.719830
g2395 g2327 34.740700 22.719830
g2395 g2330 34.740700 22.719830
g2395 g2288 34.740700 22.719830
g2395 g2291 34.740700 22.719830
g2395 g2294 34.740700 22.719830
g2395 g2333 34.740700 22.719830
g2395 g2336 34.740700 22.719830
g2395 g2339 34.740700 22.719830
g2395 g2297 34.556020 22.731130
g2395 g2300 34.556020 22.731130
g2395 g2303 34.556020 22.731130
g2395 g2342 35.312720 22.731130
g2395 g2345 35.312720 22.731130
g2395 g2348 35.312720 22.731130
g2395 g2429 21.401520 17.407350
g2395 g2418 21.401520 17.407350
g2395 g2421 21.401520 17.407350
g2395 g2444 21.401520 17.407350
g2395 g2433 21.401520 17.407350
g2395 g2436 21.401520 17.407350
g2395 g2459 21.401520 17.407350
g2395 g2448 21.401520 17.407350
g2395 g2451 21.401520 17.407350
g2395 g2473 21.401520 17.407350
g2395 g2463 21.401520 17.407350
g2395 g2466 21.401520 17.407350
g2395 g2387 17.871150 14.879680
g2395 g2388 17.871150 14.879680
g2395 g2389 17.871150 14.879680
g2395 g2390 19.492510 14.540980
g2395 g2391 19.492510 14.540980
g2395 g2392 19.492510 14.540980
g2395 g2393 19.898350 14.085600
g2395 g2394 19.898350 14.085600
g2395 g2395 19.898350 2.187800
g2395 g2397 17.159100 14.128490
g2395 g2398 18.193380 14.190310
g2395 g2396 18.193380 14.190310
g2395 g2373 20.342080 14.469230
g2395 g2530 13.382860 13.382860
g2395 g2533 13.382860 13.382860
g2395 g2536 13.382860 13.382860
g2395 g2552 13.416320 13.416320
g2395 g2553 13.416320 13.416320
g2395 g2554 13.416320 13.416320
g2395 g2540 13.488480 13.488480
g2395 g2543 13.488480 13.488480
g2395 g2546 13.488480 13.488480
g2397 g2261 17.525250 15.112120
g2397 g2264 17.525250 15.112120
g2397 g2267 17.525250 15.112120
g2397 g2306 17.340570 15.123420
g2397 g2309 17.340570 15.123420
g2397 g2312 17.340570 15.123420
g2397 g2270 17.340570 15.123420
g2397 g2273 17.340570 15.123420
g2397 g2276 17.340570 15.123420
g2397 g2315 17.340570 15.123420
g2397 g2318 17.340570 15.123420
g2397 g2321 17.340570 15.123420
g2397 g2279 17.525250 15.112120
g2397 g2282 17.525250 15.112120
g2397 g2285 17.525250 15.112120
g2397 g2324 17.525250 15.112120
g2397 g2327 17.525250 15.112120
g2397 g2330 17.525250 15.112120
g2397 g2288 17.525250 15.112120
g2397 g2291 17.525250 15.112120
g2397 g2294 17.525250 15.112120
g2397 g2333 17.525250 15.112120
g2397 g2336 17.525250 15.112120
g2397 g2339 17.525250 15.112120
g2397 g2297 17.340570 15.123420
g2397 g2300 17.340570 15.123420
g2397 g2303 17.340570 15.123420
g2397 g2342 17.340570 15.123420
g2397 g2345 17.340570 15.123420
g2397 g2348 17.340570 15.123420
g2397 g2390 13.954630 10.711400
g2397 g2391 13.954630 10.711400
g2397 g2392 13.954630 10.711400
g2397 g2397 1.967700 1.967700
g2398 g2261 17.349130 14.936000
g2398 g2264 17.349130 14.936000
g2398 g2267 17.349130 14.936000
g2398 g2306 17.164450 14.947300
g2398 g2309 17.164450 14.947300
g2398 g2312 17.164450 14.947300
g2398 g2270 17.164450 14.947300
g2398 g2273 17.164450 14.947300
g2398 g2276 17.164450 14.947300
g2398 g2315 17.164450 14.947300
g2398 g2318 17.164450 14.947300
g2398 g2321 17.164450 14.947300
g2398 g2279 17.349130 14.936000
g2398 g2282 17.349130 14.936000
g2398 g2285 17.349130 14.936000
g2398 g2324 17.349130 14.936000
g2398 g2327 17.349130 14.936000
g2398 g2330 17.349130 14.936000
g2398 g2288 17.349130 14.936000
g2398 g2291 17.349130 14.936000
g2398 g2294 17.349130 14.936000
g2398 g2333 17.349130 14.936000
g2398 g2336 17.349130 14.936000
g2398 g2339 17.349130 14.936000
g2398 g2297 17.164450 14.947300
g2398 g2300 17.164450 14.947300
g2398 g2303 17.164450 14.947300
g2398 g2342 17.164450 14.947300
g2398 g2345 17.164450 14.947300
g2398 g2348 17.164450 14.947300
g2398 g2390 13.778510 10.535280
g2398 g2391 13.778510 10.535280
g2398 g2392 13.778510 10.535280
g2398 g2398 1.967700 1.967700
g2396 g2261 18.191210 15.778080
g2396 g2264 18.191210 15.778080
g2396 g2267 18.191210 15.778080
g2396 g2306 18.006530 15.789380
g2396 g2309 18.006530 15.789380
g2396 g2312 18.006530 15.789380
g2396 g2270 18.006530 15.789380
g2396 g2273 18.006530 15.789380
g2396 g2276 18.006530 15.789380
g2396 g2315 18.006530 15.789380
g2396 g2318 18.006530 15.789380
g2396 g2321 18.006530 15.789380
g2396 g2279 18.191210 15.778080
g2396 g2282 18.191210 15.778080
g2396 g2285 18.191210 15.778080
g2396 g2324 18.191210 15.778080
g2396 g2327 18.191210 15.778080
g2396 g2330 18.191210 15.778080
g2396 g2288 18.191210 15.778080
g2396 g2291 18.191210 15.778080
g2396 g2294 18.191210 15.778080
g2396 g2333 18.191210 15.778080
g2396 g2336 18.191210 15.778080
g2396 g2339 18.191210 15.778080
g2396 g2297 18.006530 15.789380
g2396 g2300 18.006530 15.789380
g2396 g2303 18.006530 15.789380
g2396 g2342 18.006530 15.789380
g2396 g2345 18.006530 15.789380
g2396 g2348 18.006530 15.789380
g2396 g2390 14.620590 11.377360
g2396 g2391 14.620590 11.377360
g2396 g2392 14.620590 11.377360
g2396 g2396 1.967700 1.967700
g2478 g2261 17.744710 15.655910
g2478 g2264 17.744710 15.655910
g2478 g2267 17.744710 15.655910
g2478 g2306 17.560030 15.667210
g2478 g2309 17.560030 15.667210
g2478 g2312 17.560030 15.667210
g2478 g2270 17.560030 15.667210
g2478 g2273 17.560030 15.667210
g2478 g2276 17.560030 15.667210
g2478 g2315 17.560030 15.667210
g2478 g2318 17.560030 15.667210
g2478 g2321 17.560030 15.667210
g2478 g2279 17.744710 15.655910
g2478 g2282 17.744710 15.655910
g2478 g2285 17.744710 15.655910
g2478 g2324 17.744710 15.655910
g2478 g2327 17.744710 15.655910
g2478 g2330 17.744710 15.655910
g2478 g2288 17.744710 15.655910
g2478 g2291 17.744710 15.655910
g2478 g2294 17.744710 15.655910
g2478 g2333 17.744710 15.655910
g2478 g2336 17.744710 15.655910
g2478 g2339 17.744710 15.655910
g2478 g2297 17.560030 15.667210
g2478 g2300 17.560030 15.667210
g2478 g2303 17.560030 15.667210
g2478 g2342 17.560030 15.667210
g2478 g2345 17.560030 15.667210
g2478 g2348 17.560030 15.667210
g2478 g2387 6.626530 6.626530
g2478 g2388 6.626530 6.626530
g2478 g2389 6.626530 6.626530
g2478 g2390 6.939730 6.939730
g2478 g2391 6.939730 6.939730
g2478 g2392 6.939730 6.939730
g2478 g2393 7.321010 7.321010
g2478 g2394 7.321010 7.321010
g2478 g2395 7.321010 7.321010
g2478 g2478 6.258970 2.109440
g2478 g2479 6.088970 6.088970
g2478 g2477 6.088970 6.088970
g2479 g2261 17.566500 15.477700
g2479 g2264 17.566500 15.477700
g2479 g2267 17.566500 15.477700
g2479 g2306 17.381820 15.489000
g2479 g2309 17.381820 15.489000
g2479 g2312 17.381820 15.489000
g2479 g2270 17.381820 15.489000
g2479 g2273 17.381820 15.489000
g2479 g2276 17.381820 15.489000
g2479 g2315 17.381820 15.489000
g2479 g2318 17.381820 15.489000
g2479 g2321 17.381820 15.489000
g2479 g2279 17.566500 15.477700
g2479 g2282 17.566500 15.477700
g2479 g2285 17.566500 15.477700
g2479 g2324 17.566500 15.477700
g2479 g2327 17.566500 15.477700
g2479 g2330 17.566500 15.477700
g2479 g2288 17.566500 15.477700
g2479 g2291 17.566500 15.477700
g2479 g2294 17.566500 15.477700
g2479 g2333 17.566500 15.477700
g2479 g2336 17.566500 15.477700
g2479 g2339 17.566500 15.477700
g2479 g2297 17.381820 15.489000
g2479 g2300 17.381820 15.489000
g2479 g2303 17.381820 15.489000
g2479 g2342 17.381820 15.489000
g2479 g2345 17.381820 15.489000
g2479 g2348 17.381820 15.489000
g2479 g2387 6.448320 6.448320
g2479 g2388 6.448320 6.448320
g2479 g2389 6.448320 6.448320
g2479 g2390 6.761520 6.761520
g2479 g2391 6.761520 6.761520
g2479 g2392 6.761520 6.761520
g2479 g2393 7.142800 7.142800
g2479 g2394 7.142800 7.142800
g2479 g2395 7.142800 7.142800
g2479 g2478 6.080760 6.080760
g2479 g2479 5.910760 2.109440
g2479 g2477 5.910760 5.910760
g2477 g2261 18.375140 16.286340
g2477 g2264 18.375140 16.286340
g2477 g2267 18.375140 16.286340
g2477 g2306 18.190460 16.297640
g2477 g2309 18.190460 16.297640
g2477 g2312 18.190460 16.297640
g2477 g2270 18.190460 16.297640
g2477 g2273 18.190460 16.297640
g2477 g2276 18.190460 16.297640
g2477 g2315 18.190460 16.297640
g2477 g2318 18.190460 16.297640
g2477 g2321 18.190460 16.297640
g2477 g2279 18.375140 16.286340
g2477 g2282 18.375140 16.286340
g2477 g2285 18.375140 16.286340
g2477 g2324 18.375140 16.286340
g2477 g2327 18.375140 16.286340
g2477 g2330 18.375140 16.286340
g2477 g2288 18.375140 16.286340
g2477 g2291 18.375140 16.286340
g2477 g2294 18.375140 16.286340
g2477 g2333 18.375140 16.286340
g2477 g2336 18.375140 16.286340
g2477 g2339 18.375140 16.286340
g2477 g2297 18.190460 16.297640
g2477 g2300 18.190460 16.297640
g2477 g2303 18.190460 16.297640
g2477 g2342 18.190460 16.297640
g2477 g2345 18.190460 16.297640
g2477 g2348 18.190460 16.297640
g2477 g2387 7.256960 7.256960
g2477 g2388 7.256960 7.256960
g2477 g2389 7.256960 7.256960
g2477 g2390 7.570160 7.570160
g2477 g2391 7.570160 7.570160
g2477 g2392 7.570160 7.570160
g2477 g2393 7.951440 7.951440
g2477 g2394 7.951440 7.951440
g2477 g2395 7.951440 7.951440
g2477 g2478 6.889400 6.889400
g2477 g2479 6.719400 6.719400
g2477 g2477 6.719400 2.109440
g2525 g2526 0.499980 0.499980
g2526 g2603 0.999960 0.999960
g2527 g2528 0.499980 0.499980
g2528 g2604 0.999960 0.999960
g2529 g2354 0.499980 0.499980
g2354 g2605 0.999960 0.999960
g2355 g2356 0.499980 0.499980
g2356 g2606 0.999960 0.999960
g2357 g2358 0.499980 0.499980
g2358 g2607 0.999960 0.999960
g2359 g2360 0.499980 0.499980
g2360 g2608 0.999960 0.999960
g2361 g2362 0.499980 0.499980
g2362 g2610 0.999960 0.999960
g2363 g2364 0.499980 0.499980
g2364 g2611 0.999960 0.999960
g2365 g2366 0.499980 0.499980
g2366 g2612 1.769440 1.769440
g2366 g2615 0.999960 0.999960
g2374 g2380 1.967700 1.769440
g2380 g2380 2.878860 2.878860
g2380 g2612 2.063640 2.063640
g2373 g2380 1.567620 1.567620
g2417 g2424 0.499980 0.499980
g2424 g2688 21.236810 16.154950
g2424 g2691 21.236810 16.154950
g2424 g2694 21.236810 16.154950
g2424 g2679 21.141460 16.080930
g2424 g2682 21.141460 16.080930
g2424 g2685 21.141460 16.080930
g2425 g2426 0.499980 0.499980
g2426 g2688 20.237310 15.155450
g2426 g2691 20.237310 15.155450
g2426 g2694 20.237310 15.155450
g2426 g2679 20.141960 15.081430
g2426 g2682 20.141960 15.081430
g2426 g2685 20.141960 15.081430
g2427 g2428 0.499980 0.499980
g2428 g2688 21.466810 16.384950
g2428 g2691 21.466810 16.384950
g2428 g2694 21.466810 16.384950
g2428 g2679 21.371460 16.310930
g2428 g2682 21.371460 16.310930
g2428 g2685 21.371460 16.310930
g2432 g2439 0.499980 0.499980
g2439 g2688 21.035510 15.876490
g2439 g2691 21.035510 15.876490
g2439 g2694 21.035510 15.876490
g2439 g2679 20.940160 15.802470
g2439 g2682 20.940160 15.802470
g2439 g2685 20.940160 15.802470
g2440 g2441 0.499980 0.499980
g2441 g2688 20.030510 14.871490
g2441 g2691 20.030510 14.871490
g2441 g2694 20.030510 14.871490
g2441 g2679 19.935160 14.797470
g2441 g2682 19.935160 14.797470
g2441 g2685 19.935160 14.797470
g2442 g2443 0.499980 0.499980
g2443 g2688 21.265510 16.106490
g2443 g2691 21.265510 16.106490
g2443 g2694 21.265510 16.106490
g2443 g2679 21.170160 16.032470
g2443 g2682 21.170160 16.032470
g2443 g2685 21.170160 16.032470
g2447 g2454 0.499980 0.499980
g2454 g2688 18.972290 15.401790
g2454 g2691 18.972290 15.401790
g2454 g2694 18.972290 15.401790
g2454 g2679 18.876940 15.327770
g2454 g2682 18.876940 15.327770
g2454 g2685 18.876940 15.327770
g2455 g2456 0.499980 0.499980
g2456 g2688 17.999630 14.429130
g2456 g2691 17.999630 14.429130
g2456 g2694 17.999630 14.429130
g2456 g2679 17.904280 14.355110
g2456 g2682 17.904280 14.355110
g2456 g2685 17.904280 14.355110
g2457 g2458 0.499980 0.499980
g2458 g2688 19.202290 15.631790
g2458 g2691 19.202290 15.631790
g2458 g2694 19.202290 15.631790
g2458 g2679 19.106940 15.557770
g2458 g2682 19.106940 15.557770
g2458 g2685 19.106940 15.557770
g2462 g2469 0.499980 0.499980
g2469 g2688 16.545780 13.344700
g2469 g2691 16.545780 13.344700
g2469 g2694 16.545780 13.344700
g2469 g2679 16.450430 13.249350
g2469 g2682 16.450430 13.249350
g2469 g2685 16.450430 13.249350
g2470 g2471 0.499980 0.499980
g2471 g2688 15.657600 12.456520
g2471 g2691 15.657600 12.456520
g2471 g2694 15.657600 12.456520
g2471 g2679 15.562250 12.361170
g2471 g2682 15.562250 12.361170
g2471 g2685 15.562250 12.361170
g2472 g2399 0.499980 0.499980
g2399 g2688 16.775780 13.574700
g2399 g2691 16.775780 13.574700
g2399 g2694 16.775780 13.574700
g2399 g2679 16.680430 13.479350
g2399 g2682 16.680430 13.479350
g2399 g2685 16.680430 13.479350
g2628 g2628 2.187800 2.187800
g2628 g2631 1.567620 1.567620
g2631 g2631 2.736260 2.736260
g2631 g2584 2.506260 2.506260
g2631 g3071 13.412030 7.297460
g2631 g3072 13.412030 7.297460
g2631 g3073 13.412030 7.297460
g2631 g3074 13.412030 7.297460
g2631 g3075 13.412030 7.297460
g2631 g3076 13.412030 7.297460
g2631 g3077 13.412030 7.297460
g2631 g3078 13.412030 7.297460
g2631 g2997 11.390940 2.192540
g2584 g2584 2.928320 2.928320
g2584 g2650 8.452470 6.347110
g2584 g2651 9.486750 8.866570
g2584 g2649 9.486750 8.866570
g2584 g2653 9.486750 8.866570
g2584 g2654 9.486750 8.866570
g2584 g2652 9.486750 8.866570
g2584 g2656 9.601410 8.787370
g2584 g2657 9.601410 8.787370
g2584 g2655 9.601410 8.787370
g2584 g2659 9.486750 8.866570
g2584 g2660 9.486750 8.866570
g2584 g2658 9.486750 8.866570
g2584 g2565 7.691800 6.335600
g2584 g2568 7.691800 6.335600
g2584 g2571 7.691800 6.335600
g2584 g2581 6.518930 6.518930
g2584 g2704 2.698320 2.698320
g2584 g3071 14.608130 7.465850
g2584 g3072 14.608130 7.465850
g2584 g3073 14.608130 7.465850
g2584 g3074 14.608130 7.465850
g2584 g3075 14.608130 7.465850
g2584 g3076 14.608130 7.465850
g2584 g3077 14.608130 7.465850
g2584 g3078 14.608130 7.465850
g2584 g2997 11.699250 2.880520
g2587 g2597 0.499980 0.499980
g2597 g2598 0.499980 0.499980
g2598 g2661 5.300680 5.300680
g2598 g2664 5.300680 5.300680
g2598 g2667 5.300680 5.300680
g2598 g2688 8.744780 8.744780
g2598 g2691 8.744780 8.744780
g2598 g2694 8.744780 8.744780
g2598 g2679 8.870080 8.494580
g2598 g2682 8.870080 8.494580
g2598 g2685 8.870080 8.494580
g2638 g2643 0.499980 0.499980
g2643 g2587 2.820730 2.820730
g2643 g2661 6.593730 6.593730
g2643 g2664 6.593730 6.593730
g2643 g2667 6.593730 6.593730
g2643 g2688 10.037830 10.037830
g2643 g2691 10.037830 10.037830
g2643 g2694 10.037830 10.037830
g2643 g2679 10.163130 9.787630
g2643 g2682 10.163130 9.787630
g2643 g2685 10.163130 9.787630
g2644 g2645 0.499980 0.499980
g2645 g2587 2.052230 2.052230
g2645 g2661 5.825230 5.825230
g2645 g2664 5.825230 5.825230
g2645 g2667 5.825230 5.825230
g2645 g2688 9.269330 9.269330
g2645 g2691 9.269330 9.269330
g2645 g2694 9.269330 9.269330
g2645 g2679 9.394630 9.019130
g2645 g2682 9.394630 9.019130
g2645 g2685 9.394630 9.019130
g2646 g2647 0.499980 0.499980
g2647 g2587 3.050730 3.050730
g2647 g2661 6.823730 6.823730
g2647 g2664 6.823730 6.823730
g2647 g2667 6.823730 6.823730
g2647 g2688 10.267830 10.267830
g2647 g2691 10.267830 10.267830
g2647 g2694 10.267830 10.267830
g2647 g2679 10.393130 10.017630
g2647 g2682 10.393130 10.017630
g2647 g2685 10.393130 10.017630
g2648 g2639 0.499980 0.499980
g2639 g2602 2.820730 2.820730
g2639 g2670 6.593730 6.593730
g2639 g2673 6.593730 6.593730
g2639 g2676 6.593730 6.593730
g2639 g2688 10.037930 9.807130
g2639 g2691 10.037930 9.807130
g2639 g2694 10.037930 9.807130
g2639 g2679 10.296270 10.296270
g2639 g2682 10.296270 10.296270
g2639 g2685 10.296270 10.296270
g2640 g2641 0.499980 0.499980
g2641 g2602 2.052230 2.052230
g2641 g2670 5.825230 5.825230
g2641 g2673 5.825230 5.825230
g2641 g2676 5.825230 5.825230
g2641 g2688 9.269430 9.038630
g2641 g2691 9.269430 9.038630
g2641 g2694 9.269430 9.038630
g2641 g2679 9.527770 9.527770
g2641 g2682 9.527770 9.527770
g2641 g2685 9.527770 9.527770
g2642 g2564 0.499980 0.499980
g2564 g2602 3.050730 3.050730
g2564 g2670 6.823730 6.823730
g2564 g2673 6.823730 6.823730
g2564 g2676 6.823730 6.823730
g2564 g2688 10.267930 10.037130
g2564 g2691 10.267930 10.037130
g2564 g2694 10.267930 10.037130
g2564 g2679 10.526270 10.526270
g2564 g2682 10.526270 10.526270
g2564 g2685 10.526270 10.526270
g2561 g2561 2.187800 2.187800
g2561 g2632 2.998280 2.998280
g2562 g2562 2.187800 2.187800
g2562 g2632 2.543880 2.543880
g2563 g2563 2.391740 2.391740
g2563 g2632 2.289620 2.289620
g2530 g2638 0.499980 0.499980
g2530 g2530 2.187800 2.187800
g2533 g2644 0.499980 0.499980
g2533 g2533 2.187800 2.187800
g2536 g2646 0.499980 0.499980
g2536 g2536 2.187800 2.187800
g2552 g2552 2.187800 2.187800
g2552 g2617 2.998280 2.998280
g2553 g2553 2.187800 2.187800
g2553 g2617 2.543880 2.543880
g2554 g2554 2.391740 2.391740
g2554 g2617 2.289620 2.289620
g2555 g2555 2.187800 2.187800
g2555 g2623 2.998280 2.998280
g2559 g2559 2.187800 2.187800
g2559 g2623 2.543880 2.543880
g2539 g2539 2.391740 2.391740
g2539 g2623 2.289620 2.289620
g2540 g2648 0.499980 0.499980
g2540 g2540 2.187800 2.187800
g2543 g2640 0.499980 0.499980
g2543 g2543 2.187800 2.187800
g2546 g2642 0.499980 0.499980
g2546 g2546 2.187800 2.187800
g2602 g2609 0.499980 0.499980
g2609 g2616 0.499980 0.499980
g2616 g2670 5.300680 5.300680
g2616 g2673 5.300680 5.300680
g2616 g2676 5.300680 5.300680
g2616 g2688 8.744880 8.514080
g2616 g2691 8.744880 8.514080
g2616 g2694 8.744880 8.514080
g2616 g2679 9.003220 9.003220
g2616 g2682 9.003220 9.003220
g2616 g2685 9.003220 9.003220
g2617 g2618 0.499980 0.499980
g2618 g3106 3.876840 3.876840
g2618 g3107 3.876840 3.876840
g2618 g3108 3.876840 3.876840
g2618 g2622 3.399180 3.399180
g2618 g3071 15.111880 10.577290
g2618 g3072 15.191080 10.577290
g2618 g3073 15.111880 10.577290
g2618 g3074 15.191080 10.577290
g2618 g3075 15.111880 10.577290
g2618 g3076 15.191080 10.577290
g2618 g3077 15.234060 10.577290
g2618 g3078 15.313260 10.577290
g2618 g2997 24.903360 15.526810
g2622 g3106 6.275760 6.275760
g2622 g3107 6.275760 6.275760
g2622 g3108 6.275760 6.275760
g2622 g2622 5.798100 5.798100
g2622 g3071 17.510800 12.976210
g2622 g3072 17.590000 12.976210
g2622 g3073 17.510800 12.976210
g2622 g3074 17.590000 12.976210
g2622 g3075 17.510800 12.976210
g2622 g3076 17.590000 12.976210
g2622 g3077 17.632980 12.976210
g2622 g3078 17.712180 12.976210
g2622 g2997 27.302280 17.925730
g2623 g2574 0.499980 0.499980
g2574 g3106 4.873000 4.473640
g2574 g3107 4.873000 4.473640
g2574 g3108 4.873000 4.473640
g2574 g3182 2.553780 2.553780
g2574 g3185 2.553780 2.553780
g2574 g3088 2.553780 2.553780
g2574 g2622 4.395340 3.995980
g2574 g2580 0.499980 0.499980
g2574 g3071 16.108040 3.991000
g2574 g3072 16.187240 4.480990
g2574 g3073 16.108040 4.384410
g2574 g3074 16.187240 3.991000
g2574 g3075 16.108040 4.384410
g2574 g3076 16.187240 4.480990
g2574 g3077 16.230220 4.384410
g2574 g3078 16.309420 4.480990
g2574 g2997 25.899520 4.983220
g2632 g2633 0.499980 0.499980
g2633 g3094 2.347860 2.347860
g2633 g3095 2.347860 2.347860
g2633 g3096 2.347860 2.347860
g2633 g3071 13.305840 8.771250
g2633 g3072 13.385040 8.771250
g2633 g3073 13.305840 8.771250
g2633 g3074 13.385040 8.771250
g2633 g3075 13.305840 8.771250
g2633 g3076 13.385040 8.771250
g2633 g3077 13.428020 8.771250
g2633 g3078 13.507220 8.771250
g2633 g2997 23.097320 13.720770
g2650 g2650 12.969190 1.967700
g2650 g2651 12.969190 10.971150
g2650 g2649 12.969190 10.971150
g2650 g2653 10.946280 10.344270
g2650 g2654 10.946280 10.344270
g2650 g2652 10.946280 10.344270
g2650 g2656 13.857860 11.040180
g2650 g2657 13.857860 11.040180
g2650 g2655 13.857860 11.040180
g2650 g2659 13.197480 10.599800
g2650 g2660 13.197480 10.599800
g2650 g2658 13.197480 10.599800
g2650 g2688 21.100180 14.731200
g2650 g2691 21.100180 14.731200
g2650 g2694 21.100180 14.731200
g2650 g2679 21.004830 14.657180
g2650 g2682 21.004830 14.657180
g2650 g2685 21.004830 14.657180
g2651 g2650 12.803440 10.805400
g2651 g2651 12.803440 1.967700
g2651 g2649 12.803440 10.805400
g2651 g2653 10.780530 10.178520
g2651 g2654 10.780530 10.178520
g2651 g2652 10.780530 10.178520
g2651 g2656 13.692110 10.874430
g2651 g2657 13.692110 10.874430
g2651 g2655 13.692110 10.874430
g2651 g2659 13.031730 10.434050
g2651 g2660 13.031730 10.434050
g2651 g2658 13.031730 10.434050
g2651 g2688 20.934430 14.565450
g2651 g2691 20.934430 14.565450
g2651 g2694 20.934430 14.565450
g2651 g2679 20.839080 14.491430
g2651 g2682 20.839080 14.491430
g2651 g2685 20.839080 14.491430
g2649 g2650 13.811440 11.813400
g2649 g2651 13.811440 11.813400
g2649 g2649 13.811440 1.967700
g2649 g2653 11.788530 11.186520
g2649 g2654 11.788530 11.186520
g2649 g2652 11.788530 11.186520
g2649 g2656 14.700110 11.882430
g2649 g2657 14.700110 11.882430
g2649 g2655 14.700110 11.882430
g2649 g2659 14.039730 11.442050
g2649 g2660 14.039730 11.442050
g2649 g2658 14.039730 11.442050
g2649 g2688 21.942430 15.573450
g2649 g2691 21.942430 15.573450
g2649 g2694 21.942430 15.573450
g2649 g2679 21.847080 15.499430
g2649 g2682 21.847080 15.499430
g2649 g2685 21.847080 15.499430
g2653 g2650 9.020460 8.986510
g2653 g2651 9.020460 8.986510
g2653 g2649 9.020460 8.986510
g2653 g2653 10.689280 1.967700
g2653 g2654 10.689280 10.689280
g2653 g2652 10.689280 10.689280
g2653 g2656 13.371890 11.741760
g2653 g2657 13.371890 11.741760
g2653 g2655 13.371890 11.741760
g2653 g2659 12.608460 12.608460
g2653 g2660 12.608460 12.608460
g2653 g2658 12.608460 12.608460
g2653 g2688 18.294210 11.974460
g2653 g2691 18.294210 11.974460
g2653 g2694 18.294210 11.974460
g2653 g2679 18.198860 11.900440
g2653 g2682 18.198860 11.900440
g2653 g2685 18.198860 11.900440
g2654 g2650 8.847680 8.813730
g2654 g2651 8.847680 8.813730
g2654 g2649 8.847680 8.813730
g2654 g2653 10.516500 10.516500
g2654 g2654 10.516500 1.967700
g2654 g2652 10.516500 10.516500
g2654 g2656 13.199110 11.568980
g2654 g2657 13.199110 11.568980
g2654 g2655 13.199110 11.568980
g2654 g2659 12.435680 12.435680
g2654 g2660 12.435680 12.435680
g2654 g2658 12.435680 12.435680
g2654 g2688 18.121430 11.801680
g2654 g2691 18.121430 11.801680
g2654 g2694 18.121430 11.801680
g2654 g2679 18.026080 11.727660
g2654 g2682 18.026080 11.727660
g2654 g2685 18.026080 11.727660
g2652 g2650 9.743200 9.709250
g2652 g2651 9.743200 9.709250
g2652 g2649 9.743200 9.709250
g2652 g2653 11.412020 11.412020
g2652 g2654 11.412020 11.412020
g2652 g2652 11.412020 1.967700
g2652 g2656 14.094630 12.464500
g2652 g2657 14.094630 12.464500
g2652 g2655 14.094630 12.464500
g2652 g2659 13.331200 13.331200
g2652 g2660 13.331200 13.331200
g2652 g2658 13.331200 13.331200
g2652 g2688 19.016950 12.697200
g2652 g2691 19.016950 12.697200
g2652 g2694 19.016950 12.697200
g2652 g2679 18.921600 12.623180
g2652 g2682 18.921600 12.623180
g2652 g2685 18.921600 12.623180
g2656 g2650 9.273460 9.158820
g2656 g2651 9.273460 9.158820
g2656 g2649 9.273460 9.158820
g2656 g2653 9.450400 9.199650
g2656 g2654 9.450400 9.199650
g2656 g2652 9.450400 9.199650
g2656 g2656 2.109440 2.109440
g2656 g2659 13.169160 13.169160
g2656 g2660 13.169160 13.169160
g2656 g2658 13.169160 13.169160
g2656 g2688 18.931550 13.353040
g2656 g2691 18.931550 13.353040
g2656 g2694 18.931550 13.353040
g2656 g2679 18.836200 13.279020
g2656 g2682 18.836200 13.279020
g2656 g2685 18.836200 13.279020
g2657 g2650 9.104460 8.989820
g2657 g2651 9.104460 8.989820
g2657 g2649 9.104460 8.989820
g2657 g2653 9.281400 9.030650
g2657 g2654 9.281400 9.030650
g2657 g2652 9.281400 9.030650
g2657 g2657 2.109440 2.109440
g2657 g2659 13.000160 13.000160
g2657 g2660 13.000160 13.000160
g2657 g2658 13.000160 13.000160
g2657 g2688 18.762550 13.184040
g2657 g2691 18.762550 13.184040
g2657 g2694 18.762550 13.184040
g2657 g2679 18.667200 13.110020
g2657 g2682 18.667200 13.110020
g2657 g2685 18.667200 13.110020
g2655 g2650 10.060460 9.945820
g2655 g2651 10.060460 9.945820
g2655 g2649 10.060460 9.945820
g2655 g2653 10.237400 9.986650
g2655 g2654 10.237400 9.986650
g2655 g2652 10.237400 9.986650
g2655 g2655 2.109440 2.109440
g2655 g2659 13.956160 13.956160
g2655 g2660 13.956160 13.956160
g2655 g2658 13.956160 13.956160
g2655 g2688 19.718550 14.140040
g2655 g2691 19.718550 14.140040
g2655 g2694 19.718550 14.140040
g2655 g2679 19.623200 14.066020
g2655 g2682 19.623200 14.066020
g2655 g2685 19.623200 14.066020
g2659 g2650 8.930990 7.192010
g2659 g2651 8.930990 7.192010
g2659 g2649 8.930990 7.192010
g2659 g2656 11.119000 11.119000
g2659 g2657 11.119000 11.119000
g2659 g2655 11.119000 11.119000
g2659 g2659 1.967700 1.967700
g2659 g2688 16.027310 11.857000
g2659 g2691 16.027310 11.857000
g2659 g2694 16.027310 11.857000
g2659 g2679 15.931960 11.761650
g2659 g2682 15.931960 11.761650
g2659 g2685 15.931960 11.761650
g2660 g2650 8.755710 7.016730
g2660 g2651 8.755710 7.016730
g2660 g2649 8.755710 7.016730
g2660 g2656 10.943720 10.943720
g2660 g2657 10.943720 10.943720
g2660 g2655 10.943720 10.943720
g2660 g2660 1.967700 1.967700
g2660 g2688 15.852030 11.681720
g2660 g2691 15.852030 11.681720
g2660 g2694 15.852030 11.681720
g2660 g2679 15.756680 11.586370
g2660 g2682 15.756680 11.586370
g2660 g2685 15.756680 11.586370
g2658 g2650 9.611230 7.872250
g2658 g2651 9.611230 7.872250
g2658 g2649 9.611230 7.872250
g2658 g2656 11.799240 11.799240
g2658 g2657 11.799240 11.799240
g2658 g2655 11.799240 11.799240
g2658 g2658 1.967700 1.967700
g2658 g2688 16.707550 12.537240
g2658 g2691 16.707550 12.537240
g2658 g2694 16.707550 12.537240
g2658 g2679 16.612200 12.441890
g2658 g2682 16.612200 12.441890
g2658 g2685 16.612200 12.441890
g2661 g2661 6.139250 2.187800
g2661 g2664 6.139250 6.139250
g2661 g2667 6.139250 6.139250
g2661 g2688 9.576230 9.576230
g2661 g2691 9.576230 9.576230
g2661 g2694 9.576230 9.576230
g2661 g2679 9.701530 9.326030
g2661 g2682 9.701530 9.326030
g2661 g2685 9.701530 9.326030
g2664 g2661 5.387030 5.387030
g2664 g2664 5.387030 2.187800
g2664 g2667 5.387030 5.387030
g2664 g2688 8.824010 8.824010
g2664 g2691 8.824010 8.824010
g2664 g2694 8.824010 8.824010
g2664 g2679 8.949310 8.573810
g2664 g2682 8.949310 8.573810
g2664 g2685 8.949310 8.573810
g2667 g2661 6.369250 6.369250
g2667 g2664 6.369250 6.369250
g2667 g2667 6.369250 2.187800
g2667 g2688 9.806230 9.806230
g2667 g2691 9.806230 9.806230
g2667 g2694 9.806230 9.806230
g2667 g2679 9.931530 9.556030
g2667 g2682 9.931530 9.556030
g2667 g2685 9.931530 9.556030
g2670 g2670 6.139250 2.187800
g2670 g2673 6.139250 6.139250
g2670 g2676 6.139250 6.139250
g2670 g2688 9.576330 9.345530
g2670 g2691 9.576330 9.345530
g2670 g2694 9.576330 9.345530
g2670 g2679 9.834670 9.834670
g2670 g2682 9.834670 9.834670
g2670 g2685 9.834670 9.834670
g2673 g2670 5.387030 5.387030
g2673 g2673 5.387030 2.187800
g2673 g2676 5.387030 5.387030
g2673 g2688 8.824110 8.593310
g2673 g2691 8.824110 8.593310
g2673 g2694 8.824110 8.593310
g2673 g2679 9.082450 9.082450
g2673 g2682 9.082450 9.082450
g2673 g2685 9.082450 9.082450
g2676 g2670 6.369250 6.369250
g2676 g2673 6.369250 6.369250
g2676 g2676 6.369250 2.187800
g2676 g2688 9.806330 9.575530
g2676 g2691 9.806330 9.575530
g2676 g2694 9.806330 9.575530
g2676 g2679 10.064670 10.064670
g2676 g2682 10.064670 10.064670
g2676 g2685 10.064670 10.064670
g2688 g2650 15.049100 12.943740
g2688 g2651 16.083380 15.463200
g2688 g2649 16.083380 15.463200
g2688 g2653 16.083380 15.463200
g2688 g2654 16.083380 15.463200
g2688 g2652 16.083380 15.463200
g2688 g2656 16.198040 15.384000
g2688 g2657 16.198040 15.384000
g2688 g2655 16.198040 15.384000
g2688 g2659 16.083380 15.463200
g2688 g2660 16.083380 15.463200
g2688 g2658 16.083380 15.463200
g2688 g2688 11.111380 2.187800
g2688 g2691 11.111380 11.111380
g2688 g2694 11.111380 11.111380
g2688 g2565 14.946500 13.590300
g2688 g2568 14.946500 13.590300
g2688 g2571 14.946500 13.590300
g2688 g2581 13.115560 13.115560
g2688 g2803 9.985020 9.985020
g2688 g2804 9.985020 9.985020
g2688 g2802 9.985020 9.985020
g2688 g3072 14.757170 13.783690
g2688 g3074 14.757170 13.783690
g2688 g3076 14.757170 13.783690
g2688 g3078 14.873230 13.783690
g2688 g2997 24.469450 14.807060
g2691 g2650 14.023420 11.918060
g2691 g2651 15.057700 14.437520
g2691 g2649 15.057700 14.437520
g2691 g2653 15.057700 14.437520
g2691 g2654 15.057700 14.437520
g2691 g2652 15.057700 14.437520
g2691 g2656 15.172360 14.358320
g2691 g2657 15.172360 14.358320
g2691 g2655 15.172360 14.358320
g2691 g2659 15.057700 14.437520
g2691 g2660 15.057700 14.437520
g2691 g2658 15.057700 14.437520
g2691 g2688 10.085700 10.085700
g2691 g2691 10.085700 2.187800
g2691 g2694 10.085700 10.085700
g2691 g2565 13.920820 12.564620
g2691 g2568 13.920820 12.564620
g2691 g2571 13.920820 12.564620
g2691 g2581 12.089880 12.089880
g2691 g2803 8.959340 8.959340
g2691 g2804 8.959340 8.959340
g2691 g2802 8.959340 8.959340
g2691 g3072 13.731490 12.758010
g2691 g3074 13.731490 12.758010
g2691 g3076 13.731490 12.758010
g2691 g3078 13.847550 12.758010
g2691 g2997 23.443770 13.781380
g2694 g2650 15.279100 13.173740
g2694 g2651 16.313380 15.693200
g2694 g2649 16.313380 15.693200
g2694 g2653 16.313380 15.693200
g2694 g2654 16.313380 15.693200
g2694 g2652 16.313380 15.693200
g2694 g2656 16.428040 15.614000
g2694 g2657 16.428040 15.614000
g2694 g2655 16.428040 15.614000
g2694 g2659 16.313380 15.693200
g2694 g2660 16.313380 15.693200
g2694 g2658 16.313380 15.693200
g2694 g2688 11.341380 11.341380
g2694 g2691 11.341380 11.341380
g2694 g2694 11.341380 2.187800
g2694 g2565 15.176500 13.820300
g2694 g2568 15.176500 13.820300
g2694 g2571 15.176500 13.820300
g2694 g2581 13.345560 13.345560
g2694 g2803 10.215020 10.215020
g2694 g2804 10.215020 10.215020
g2694 g2802 10.215020 10.215020
g2694 g3072 14.987170 14.013690
g2694 g3074 14.987170 14.013690
g2694 g3076 14.987170 14.013690
g2694 g3078 15.103230 14.013690
g2694 g2997 24.699450 15.037060
g2679 g2650 13.449270 11.343910
g2679 g2651 14.483550 13.863370
g2679 g2649 14.483550 13.863370
g2679 g2653 14.483550 13.863370
g2679 g2654 14.483550 13.863370
g2679 g2652 14.483550 13.863370
g2679 g2656 14.598210 13.784170
g2679 g2657 14.598210 13.784170
g2679 g2655 14.598210 13.784170
g2679 g2659 14.483550 13.863370
g2679 g2660 14.483550 13.863370
g2679 g2658 14.483550 13.863370
g2679 g2679 10.778390 2.187800
g2679 g2682 10.778390 10.778390
g2679 g2685 10.778390 10.778390
g2679 g2581 11.515730 11.515730
g2679 g2806 9.652030 9.652030
g2679 g2807 9.652030 9.652030
g2679 g2805 9.652030 9.652030
g2679 g3071 14.333760 13.360280
g2679 g3073 14.333760 13.360280
g2679 g3075 14.333760 13.360280
g2679 g3077 14.449820 13.360280
g2679 g2997 23.876040 13.962450
g2682 g2650 12.439210 10.333850
g2682 g2651 13.473490 12.853310
g2682 g2649 13.473490 12.853310
g2682 g2653 13.473490 12.853310
g2682 g2654 13.473490 12.853310
g2682 g2652 13.473490 12.853310
g2682 g2656 13.588150 12.774110
g2682 g2657 13.588150 12.774110
g2682 g2655 13.588150 12.774110
g2682 g2659 13.473490 12.853310
g2682 g2660 13.473490 12.853310
g2682 g2658 13.473490 12.853310
g2682 g2679 9.768330 9.768330
g2682 g2682 9.768330 2.187800
g2682 g2685 9.768330 9.768330
g2682 g2581 10.505670 10.505670
g2682 g2806 8.641970 8.641970
g2682 g2807 8.641970 8.641970
g2682 g2805 8.641970 8.641970
g2682 g3071 13.323700 12.350220
g2682 g3073 13.323700 12.350220
g2682 g3075 13.323700 12.350220
g2682 g3077 13.439760 12.350220
g2682 g2997 22.865980 12.952390
g2685 g2650 13.679270 11.573910
g2685 g2651 14.713550 14.093370
g2685 g2649 14.713550 14.093370
g2685 g2653 14.713550 14.093370
g2685 g2654 14.713550 14.093370
g2685 g2652 14.713550 14.093370
g2685 g2656 14.828210 14.014170
g2685 g2657 14.828210 14.014170
g2685 g2655 14.828210 14.014170
g2685 g2659 14.713550 14.093370
g2685 g2660 14.713550 14.093370
g2685 g2658 14.713550 14.093370
g2685 g2679 11.008390 11.008390
g2685 g2682 11.008390 11.008390
g2685 g2685 11.008390 2.187800
g2685 g2581 11.745730 11.745730
g2685 g2806 9.882030 9.882030
g2685 g2807 9.882030 9.882030
g2685 g2805 9.882030 9.882030
g2685 g3071 14.563760 13.590280
g2685 g3073 14.563760 13.590280
g2685 g3075 14.563760 13.590280
g2685 g3077 14.679820 13.590280
g2685 g2997 24.106040 14.192450
g2565 g2650 11.827660 7.507760
g2565 g2651 12.861940 10.027220
g2565 g2649 12.861940 10.027220
g2565 g2653 12.861940 10.027220
g2565 g2654 12.861940 10.027220
g2565 g2652 12.861940 10.027220
g2565 g2656 12.976600 9.948020
g2565 g2657 12.976600 9.948020
g2565 g2655 12.976600 9.948020
g2565 g2659 12.861940 10.027220
g2565 g2660 12.861940 10.027220
g2565 g2658 12.861940 10.027220
g2565 g2565 9.327320 2.187800
g2565 g2568 9.327320 6.775920
g2565 g2571 9.327320 6.775920
g2565 g2581 9.894120 7.679580
g2568 g2650 11.001300 6.681400
g2568 g2651 12.035580 9.200860
g2568 g2649 12.035580 9.200860
g2568 g2653 12.035580 9.200860
g2568 g2654 12.035580 9.200860
g2568 g2652 12.035580 9.200860
g2568 g2656 12.150240 9.121660
g2568 g2657 12.150240 9.121660
g2568 g2655 12.150240 9.121660
g2568 g2659 12.035580 9.200860
g2568 g2660 12.035580 9.200860
g2568 g2658 12.035580 9.200860
g2568 g2565 8.500960 5.949560
g2568 g2568 8.500960 2.187800
g2568 g2571 8.500960 5.949560
g2568 g2581 9.067760 6.853220
g2571 g2650 12.057660 7.737760
g2571 g2651 13.091940 10.257220
g2571 g2649 13.091940 10.257220
g2571 g2653 13.091940 10.257220
g2571 g2654 13.091940 10.257220
g2571 g2652 13.091940 10.257220
g2571 g2656 13.206600 10.178020
g2571 g2657 13.206600 10.178020
g2571 g2655 13.206600 10.178020
g2571 g2659 13.091940 10.257220
g2571 g2660 13.091940 10.257220
g2571 g2658 13.091940 10.257220
g2571 g2565 9.557320 7.005920
g2571 g2568 9.557320 7.005920
g2571 g2571 9.557320 2.187800
g2571 g2581 10.124120 7.909580
g2580 g2594 3.343780 1.537620
g2581 g2594 2.109440 2.109440
g2594 g2594 2.686000 2.686000
g2594 g2599 0.499980 0.499980
g2594 OUTPUT 0.000000 0.000000
g2599 g2773 22.015140 17.116000
g2599 g2774 22.015140 17.116000
g2599 g2772 22.015140 17.116000
g2599 g2776 22.015140 17.116000
g2599 g2777 22.015140 17.116000
g2599 g2775 22.015140 17.116000
g2599 g2779 22.015140 17.116000
g2599 g2780 22.015140 17.116000
g2599 g2778 22.015140 17.116000
g2599 g2782 22.015140 17.116000
g2599 g2783 22.015140 17.116000
g2599 g2781 22.015140 17.116000
g2599 g2785 22.015140 17.116000
g2599 g2786 22.015140 17.116000
g2599 g2784 22.015140 17.116000
g2599 g2788 22.015140 17.116000
g2599 g2789 22.015140 17.116000
g2599 g2787 22.015140 17.116000
g2599 g2791 22.015140 17.116000
g2599 g2792 22.015140 17.116000
g2599 g2790 22.015140 17.116000
g2599 g2794 22.015140 17.116000
g2599 g2795 22.015140 17.116000
g2599 g2793 22.015140 17.116000
g2599 g2797 22.015140 17.116000
g2599 g2798 22.015140 17.116000
g2599 g2796 22.015140 17.116000
g2599 g2800 22.015140 17.116000
g2599 g2801 22.015140 17.116000
g2599 g2799 22.015140 17.116000
g2599 g2809 22.015140 17.116000
g2599 g2810 22.015140 17.116000
g2599 g2808 22.015140 17.116000
g2599 g2812 19.642340 19.022160
g2599 g2813 19.642340 19.022160
g2599 g2811 19.642340 19.022160
g2599 g3071 12.461390 6.540590
g2599 g3072 12.461390 6.540590
g2599 g3073 12.461390 6.540590
g2599 g3074 12.461390 6.540590
g2599 g3075 12.461390 6.540590
g2599 g3076 12.461390 6.540590
g2599 g3077 12.461390 6.540590
g2599 g3078 12.461390 6.540590
g2599 g2997 9.552510 9.406180
g2603 g3071 3.258170 3.258170
g2604 g3072 3.258170 3.258170
g2605 g3073 3.258170 3.258170
g2606 g3074 3.258170 3.258170
g2607 g3075 3.258170 3.258170
g2608 g3076 3.258170 3.258170
g2610 g3077 3.258170 3.258170
g2611 g3078 3.258170 3.258170
g2612 g2773 22.809860 17.910720
g2612 g2774 22.809860 17.910720
g2612 g2772 22.809860 17.910720
g2612 g2776 22.809860 17.910720
g2612 g2777 22.809860 17.910720
g2612 g2775 22.809860 17.910720
g2612 g2779 22.809860 17.910720
g2612 g2780 22.809860 17.910720
g2612 g2778 22.809860 17.910720
g2612 g2782 22.809860 17.910720
g2612 g2783 22.809860 17.910720
g2612 g2781 22.809860 17.910720
g2612 g2785 22.809860 17.910720
g2612 g2786 22.809860 17.910720
g2612 g2784 22.809860 17.910720
g2612 g2788 22.809860 17.910720
g2612 g2789 22.809860 17.910720
g2612 g2787 22.809860 17.910720
g2612 g2791 22.809860 17.910720
g2612 g2792 22.809860 17.910720
g2612 g2790 22.809860 17.910720
g2612 g2794 22.809860 17.910720
g2612 g2795 22.809860 17.910720
g2612 g2793 22.809860 17.910720
g2612 g2797 22.809860 17.910720
g2612 g2798 22.809860 17.910720
g2612 g2796 22.809860 17.910720
g2612 g2800 22.809860 17.910720
g2612 g2801 22.809860 17.910720
g2612 g2799 22.809860 17.910720
g2612 g2809 22.809860 17.910720
g2612 g2810 22.809860 17.910720
g2612 g2808 22.809860 17.910720
g2612 g2812 20.437060 19.816880
g2612 g2813 20.437060 19.816880
g2612 g2811 20.437060 19.816880
g2612 g2997 5.867660 5.867660
g2615 g2997 5.035200 5.035200
g2704 g2704 2.342240 2.342240
g2704 g2714 4.052460 4.052460
g2704 g2707 3.882460 3.882460
g2704 g2727 3.882460 3.882460
g2704 g2720 3.882460 3.882460
g2704 g2734 3.882460 3.882460
g2704 g2746 3.882460 3.882460
g2704 g2740 3.882460 3.882460
g2704 g2753 3.882460 3.882460
g2704 g2760 3.882460 3.882460
g2704 g2766 3.882460 3.882460
g2704 g2803 3.582460 2.768420
g2704 g2804 3.582460 2.768420
g2704 g2802 3.582460 2.768420
g2704 g2806 3.582460 2.768420
g2704 g2807 3.582460 2.768420
g2704 g2805 3.582460 2.768420
g2704 g2812 5.877480 1.769440
g2704 g2813 5.877480 1.769440
g2704 g2811 5.877480 1.769440
g2733 g2733 2.540240 2.540240
g2733 g2714 5.241640 4.498720
g2733 g2707 5.490920 4.745240
g2733 g2727 7.627580 6.881900
g2733 g2720 9.764240 9.018560
g2733 g2734 11.900900 11.155220
g2733 g2746 14.037560 13.291880
g2733 g2740 16.174220 15.428540
g2733 g2753 18.310880 17.565200
g2733 g2760 20.431140 19.685460
g2733 g2766 22.408470 22.408470
g2733 g2773 21.307020 16.407880
g2733 g2774 21.307020 16.407880
g2733 g2772 21.307020 16.407880
g2733 g2776 21.307020 16.407880
g2733 g2777 21.307020 16.407880
g2733 g2775 21.307020 16.407880
g2733 g2779 21.307020 16.407880
g2733 g2780 21.307020 16.407880
g2733 g2778 21.307020 16.407880
g2733 g2782 21.307020 16.407880
g2733 g2783 21.307020 16.407880
g2733 g2781 21.307020 16.407880
g2733 g2785 21.307020 16.407880
g2733 g2786 21.307020 16.407880
g2733 g2784 21.307020 16.407880
g2733 g2788 21.307020 16.407880
g2733 g2789 21.307020 16.407880
g2733 g2787 21.307020 16.407880
g2733 g2791 21.307020 16.407880
g2733 g2792 21.307020 16.407880
g2733 g2790 21.307020 16.407880
g2733 g2794 21.307020 16.407880
g2733 g2795 21.307020 16.407880
g2733 g2793 21.307020 16.407880
g2733 g2797 21.307020 16.407880
g2733 g2798 21.307020 16.407880
g2733 g2796 21.307020 16.407880
g2733 g2800 21.307020 16.407880
g2733 g2801 21.307020 16.407880
g2733 g2799 21.307020 16.407880
g2733 g2809 21.307020 16.407880
g2733 g2810 21.307020 16.407880
g2733 g2808 21.307020 16.407880
g2733 g2812 18.934220 18.314040
g2733 g2813 18.934220 18.314040
g2733 g2811 18.934220 18.314040
g2714 g2714 2.781020 2.136980
g2714 g2707 5.075830 4.330150
g2714 g2727 7.212490 6.466810
g2714 g2720 9.349150 8.603470
g2714 g2734 11.485810 10.740130
g2714 g2746 13.622470 12.876790
g2714 g2740 15.759130 15.013450
g2714 g2753 17.895790 17.150110
g2714 g2760 20.016050 19.270370
g2714 g2766 21.993380 21.993380
g2714 g2773 1.769440 1.769440
g2714 g2774 1.769440 1.769440
g2714 g2772 1.769440 1.769440
g2714 g2809 9.447200 8.236220
g2714 g2810 9.447200 8.236220
g2714 g2808 9.447200 8.236220
g2707 g2707 3.034740 2.390700
g2707 g2727 5.075830 4.330150
g2707 g2720 7.212490 6.466810
g2707 g2734 9.349150 8.603470
g2707 g2746 11.485810 10.740130
g2707 g2740 13.622470 12.876790
g2707 g2753 15.759130 15.013450
g2707 g2760 17.879390 17.133710
g2707 g2766 19.856720 19.856720
g2707 g2776 1.769440 1.769440
g2707 g2777 1.769440 1.769440
g2707 g2775 1.769440 1.769440
g2707 g2809 8.832440 7.782520
g2707 g2810 8.832440 7.782520
g2707 g2808 8.832440 7.782520
g2727 g2727 3.034740 2.390700
g2727 g2720 5.075830 4.330150
g2727 g2734 7.212490 6.466810
g2727 g2746 9.349150 8.603470
g2727 g2740 11.485810 10.740130
g2727 g2753 13.622470 12.876790
g2727 g2760 15.742730 14.997050
g2727 g2766 17.720060 17.720060
g2727 g2779 1.769440 1.769440
g2727 g2780 1.769440 1.769440
g2727 g2778 1.769440 1.769440
g2727 g2809 9.698220 8.648240
g2727 g2810 9.698220 8.648240
g2727 g2808 9.698220 8.648240
g2720 g2720 3.034740 2.390700
g2720 g2734 5.075830 4.330150
g2720 g2746 7.212490 6.466810
g2720 g2740 9.349150 8.603470
g2720 g2753 11.485810 10.740130
g2720 g2760 13.606070 12.860390
g2720 g2766 15.583400 15.583400
g2720 g2782 1.769440 1.769440
g2720 g2783 1.769440 1.769440
g2720 g2781 1.769440 1.769440
g2720 g2809 8.522680 7.472700
g2720 g2810 8.522680 7.472700
g2720 g2808 8.522680 7.472700
g2734 g2734 3.034740 2.390700
g2734 g2746 5.075830 4.330150
g2734 g2740 7.212490 6.466810
g2734 g2753 9.349150 8.603470
g2734 g2760 11.469410 10.723730
g2734 g2766 13.446740 13.446740
g2734 g2785 1.769440 1.769440
g2734 g2786 1.769440 1.769440
g2734 g2784 1.769440 1.769440
g2734 g2809 8.309280 7.157060
g2734 g2810 8.309280 7.157060
g2734 g2808 8.309280 7.157060
g2746 g2746 3.034740 2.390700
g2746 g2740 5.075830 4.330150
g2746 g2753 7.212490 6.466810
g2746 g2760 9.332750 8.587070
g2746 g2766 11.310080 11.310080
g2746 g2788 1.769440 1.769440
g2746 g2789 1.769440 1.769440
g2746 g2787 1.769440 1.769440
g2746 g2809 9.920650 8.709620
g2746 g2810 9.920650 8.709620
g2746 g2808 9.920650 8.709620
g2740 g2740 3.034740 2.390700
g2740 g2753 5.075830 4.330150
g2740 g2760 7.196090 6.450410
g2740 g2766 9.173420 9.173420
g2740 g2791 1.769440 1.769440
g2740 g2792 1.769440 1.769440
g2740 g2790 1.769440 1.769440
g2740 g2809 9.305790 8.255870
g2740 g2810 9.305790 8.255870
g2740 g2808 9.305790 8.255870
g2753 g2753 3.034740 2.390700
g2753 g2760 5.059470 4.313790
g2753 g2766 7.036800 7.036800
g2753 g2794 1.769440 1.769440
g2753 g2795 1.769440 1.769440
g2753 g2793 1.769440 1.769440
g2753 g2809 10.171120 9.121140
g2753 g2810 10.171120 9.121140
g2753 g2808 10.171120 9.121140
g2760 g2760 3.034740 2.390700
g2760 g2766 5.767470 5.767470
g2760 g2797 1.769440 1.769440
g2760 g2798 1.769440 1.769440
g2760 g2796 1.769440 1.769440
g2760 g2809 9.154200 8.104220
g2760 g2810 9.154200 8.104220
g2760 g2808 9.154200 8.104220
g2766 g2766 4.269330 4.269330
g2766 g2800 1.769440 1.769440
g2766 g2801 1.769440 1.769440
g2766 g2799 1.769440 1.769440
g2766 g2809 8.793020 7.640800
g2766 g2810 8.793020 7.640800
g2766 g2808 8.793020 7.640800
g2773 g2773 1.967700 1.967700
g2773 g2809 10.728340 9.856900
g2773 g2810 10.728340 9.856900
g2773 g2808 10.728340 9.856900
g2773 g3071 16.785090 13.147460
g2773 g3072 16.875510 13.815310
g2773 g3073 16.785090 13.815310
g2773 g3074 16.875510 13.147460
g2773 g3075 16.785090 15.198410
g2773 g3076 16.875510 15.288830
g2773 g3077 16.901150 15.198410
g2773 g3078 16.991570 9.239190
g2773 g2997 26.587790 15.500370
g2774 g2774 1.967700 1.967700
g2774 g2809 10.550850 9.679410
g2774 g2810 10.550850 9.679410
g2774 g2808 10.550850 9.679410
g2774 g3071 16.607600 12.969970
g2774 g3072 16.698020 13.637820
g2774 g3073 16.607600 13.637820
g2774 g3074 16.698020 12.969970
g2774 g3075 16.607600 15.020920
g2774 g3076 16.698020 15.111340
g2774 g3077 16.723660 15.020920
g2774 g3078 16.814080 9.061700
g2774 g2997 26.410300 15.322880
g2772 g2772 1.967700 1.967700
g2772 g2809 11.371010 10.499570
g2772 g2810 11.371010 10.499570
g2772 g2808 11.371010 10.499570
g2772 g3071 17.427760 13.790130
g2772 g3072 17.518180 14.457980
g2772 g3073 17.427760 14.457980
g2772 g3074 17.518180 13.790130
g2772 g3075 17.427760 15.841080
g2772 g3076 17.518180 15.931500
g2772 g3077 17.543820 15.841080
g2772 g3078 17.634240 9.881860
g2772 g2997 27.230460 16.143040
g2776 g2776 1.967700 1.967700
g2776 g2809 10.410720 9.402480
g2776 g2810 10.410720 9.402480
g2776 g2808 10.410720 9.402480
g2776 g3071 16.607190 12.969560
g2776 g3072 16.697610 13.637410
g2776 g3073 16.607190 13.637410
g2776 g3074 16.697610 12.969560
g2776 g3075 16.607190 15.020510
g2776 g3076 16.697610 15.110930
g2776 g3077 16.723250 9.291470
g2776 g3078 16.813670 15.110930
g2776 g2997 26.409890 15.110250
g2777 g2777 1.967700 1.967700
g2777 g2809 10.234060 9.225820
g2777 g2810 10.234060 9.225820
g2777 g2808 10.234060 9.225820
g2777 g3071 16.430530 12.792900
g2777 g3072 16.520950 13.460750
g2777 g3073 16.430530 13.460750
g2777 g3074 16.520950 12.792900
g2777 g3075 16.430530 14.843850
g2777 g3076 16.520950 14.934270
g2777 g3077 16.546590 9.114810
g2777 g3078 16.637010 14.934270
g2777 g2997 26.233230 14.933590
g2775 g2775 1.967700 1.967700
g2775 g2809 11.067500 10.059260
g2775 g2810 11.067500 10.059260
g2775 g2808 11.067500 10.059260
g2775 g3071 17.263970 13.626340
g2775 g3072 17.354390 14.294190
g2775 g3073 17.263970 14.294190
g2775 g3074 17.354390 13.626340
g2775 g3075 17.263970 15.677290
g2775 g3076 17.354390 15.767710
g2775 g3077 17.380030 9.948250
g2775 g3078 17.470450 15.767710
g2775 g2997 27.066670 15.767030
g2779 g2779 1.967700 1.967700
g2779 g2809 11.337360 10.412180
g2779 g2810 11.337360 10.412180
g2779 g2808 11.337360 10.412180
g2779 g3071 16.804190 13.166560
g2779 g3072 16.894610 13.834410
g2779 g3073 16.804190 13.834410
g2779 g3074 16.894610 13.166560
g2779 g3075 16.804190 15.217510
g2779 g3076 16.894610 9.442750
g2779 g3077 16.920250 15.217510
g2779 g3078 17.010670 15.307930
g2779 g2997 26.606890 15.476530
g2780 g2780 1.967700 1.967700
g2780 g2809 11.160870 10.235690
g2780 g2810 11.160870 10.235690
g2780 g2808 11.160870 10.235690
g2780 g3071 16.627700 12.990070
g2780 g3072 16.718120 13.657920
g2780 g3073 16.627700 13.657920
g2780 g3074 16.718120 12.990070
g2780 g3075 16.627700 15.041020
g2780 g3076 16.718120 9.266260
g2780 g3077 16.743760 15.041020
g2780 g3078 16.834180 15.131440
g2780 g2997 26.430400 15.300040
g2778 g2778 1.967700 1.967700
g2778 g2809 11.997030 11.071850
g2778 g2810 11.997030 11.071850
g2778 g2808 11.997030 11.071850
g2778 g3071 17.463860 13.826230
g2778 g3072 17.554280 14.494080
g2778 g3073 17.463860 14.494080
g2778 g3074 17.554280 13.826230
g2778 g3075 17.463860 15.877180
g2778 g3076 17.554280 10.102420
g2778 g3077 17.579920 15.877180
g2778 g3078 17.670340 15.967600
g2778 g2997 27.266560 16.136200
g2782 g2782 1.967700 1.967700
g2782 g2809 9.803820 8.826310
g2782 g2810 9.803820 8.826310
g2782 g2808 9.803820 8.826310
g2782 g3071 15.792510 12.154880
g2782 g3072 15.882930 12.822730
g2782 g3073 15.792510 12.822730
g2782 g3074 15.882930 12.154880
g2782 g3075 15.792510 9.154710
g2782 g3076 15.882930 14.296250
g2782 g3077 15.908570 14.205830
g2782 g3078 15.998990 14.296250
g2782 g2997 25.595210 14.748490
g2783 g2783 1.967700 1.967700
g2783 g2809 9.626330 8.648820
g2783 g2810 9.626330 8.648820
g2783 g2808 9.626330 8.648820
g2783 g3071 15.615020 11.977390
g2783 g3072 15.705440 12.645240
g2783 g3073 15.615020 12.645240
g2783 g3074 15.705440 11.977390
g2783 g3075 15.615020 8.977220
g2783 g3076 15.705440 14.118760
g2783 g3077 15.731080 14.028340
g2783 g3078 15.821500 14.118760
g2783 g2997 25.417720 14.571000
g2781 g2781 1.967700 1.967700
g2781 g2809 10.446490 9.468980
g2781 g2810 10.446490 9.468980
g2781 g2808 10.446490 9.468980
g2781 g3071 16.435180 12.797550
g2781 g3072 16.525600 13.465400
g2781 g3073 16.435180 13.465400
g2781 g3074 16.525600 12.797550
g2781 g3075 16.435180 9.797380
g2781 g3076 16.525600 14.938920
g2781 g3077 16.551240 14.848500
g2781 g3078 16.641660 14.938920
g2781 g2997 26.237880 15.391160
g2785 g2785 1.967700 1.967700
g2785 g2809 9.887560 9.016170
g2785 g2810 9.887560 9.016170
g2785 g2808 9.887560 9.016170
g2785 g3071 15.222750 11.585120
g2785 g3072 15.313170 12.252970
g2785 g3073 15.222750 12.252970
g2785 g3074 15.313170 9.381890
g2785 g3075 15.222750 13.636070
g2785 g3076 15.313170 13.726490
g2785 g3077 15.338810 13.636070
g2785 g3078 15.429230 13.726490
g2785 g2997 25.025450 14.238240
g2786 g2786 1.967700 1.967700
g2786 g2809 9.710900 8.839510
g2786 g2810 9.710900 8.839510
g2786 g2808 9.710900 8.839510
g2786 g3071 15.046090 11.408460
g2786 g3072 15.136510 12.076310
g2786 g3073 15.046090 12.076310
g2786 g3074 15.136510 9.205230
g2786 g3075 15.046090 13.459410
g2786 g3076 15.136510 13.549830
g2786 g3077 15.162150 13.459410
g2786 g3078 15.252570 13.549830
g2786 g2997 24.848790 14.061580
g2784 g2784 1.967700 1.967700
g2784 g2809 10.544340 9.672950
g2784 g2810 10.544340 9.672950
g2784 g2808 10.544340 9.672950
g2784 g3071 15.879530 12.241900
g2784 g3072 15.969950 12.909750
g2784 g3073 15.879530 12.909750
g2784 g3074 15.969950 10.038670
g2784 g3075 15.879530 14.292850
g2784 g3076 15.969950 14.383270
g2784 g3077 15.995590 14.292850
g2784 g3078 16.086010 14.383270
g2784 g2997 25.682230 14.895020
g2788 g2788 1.967700 1.967700
g2788 g2809 11.513250 10.641810
g2788 g2810 11.513250 10.641810
g2788 g2808 11.513250 10.641810
g2788 g3071 15.715730 12.078100
g2788 g3072 15.806150 12.745950
g2788 g3073 15.715730 9.305790
g2788 g3074 15.806150 12.078100
g2788 g3075 15.715730 14.129050
g2788 g3076 15.806150 14.219470
g2788 g3077 15.831790 14.129050
g2788 g3078 15.922210 14.219470
g2788 g2997 25.518430 14.731220
g2789 g2789 1.967700 1.967700
g2789 g2809 11.336630 10.465190
g2789 g2810 11.336630 10.465190
g2789 g2808 11.336630 10.465190
g2789 g3071 15.539110 11.901480
g2789 g3072 15.629530 12.569330
g2789 g3073 15.539110 9.129170
g2789 g3074 15.629530 11.901480
g2789 g3075 15.539110 13.952430
g2789 g3076 15.629530 14.042850
g2789 g3077 15.655170 13.952430
g2789 g3078 15.745590 14.042850
g2789 g2997 25.341810 14.554600
g2787 g2787 1.967700 1.967700
g2787 g2809 12.170710 11.299270
g2787 g2810 12.170710 11.299270
g2787 g2808 12.170710 11.299270
g2787 g3071 16.373190 12.735560
g2787 g3072 16.463610 13.403410
g2787 g3073 16.373190 9.963250
g2787 g3074 16.463610 12.735560
g2787 g3075 16.373190 14.786510
g2787 g3076 16.463610 14.876930
g2787 g3077 16.489250 14.786510
g2787 g3078 16.579670 14.876930
g2787 g2997 26.175890 15.388680
g2791 g2791 1.967700 1.967700
g2791 g2809 10.905550 9.896310
g2791 g2810 10.905550 9.896310
g2791 g2808 10.905550 9.896310
g2791 g3071 15.881840 12.244210
g2791 g3072 15.972260 9.403370
g2791 g3073 15.881840 12.912060
g2791 g3074 15.972260 12.244210
g2791 g3075 15.881840 14.295160
g2791 g3076 15.972260 14.385580
g2791 g3077 15.997900 14.295160
g2791 g3078 16.088320 14.385580
g2791 g2997 25.684540 14.897330
g2792 g2792 1.967700 1.967700
g2792 g2809 10.728950 9.719710
g2792 g2810 10.728950 9.719710
g2792 g2808 10.728950 9.719710
g2792 g3071 15.705240 12.067610
g2792 g3072 15.795660 9.226770
g2792 g3073 15.705240 12.735460
g2792 g3074 15.795660 12.067610
g2792 g3075 15.705240 14.118560
g2792 g3076 15.795660 14.208980
g2792 g3077 15.821300 14.118560
g2792 g3078 15.911720 14.208980
g2792 g2997 25.507940 14.720730
g2790 g2790 1.967700 1.967700
g2790 g2809 11.563350 10.554110
g2790 g2810 11.563350 10.554110
g2790 g2808 11.563350 10.554110
g2790 g3071 16.539640 12.902010
g2790 g3072 16.630060 10.061170
g2790 g3073 16.539640 13.569860
g2790 g3074 16.630060 12.902010
g2790 g3075 16.539640 14.952960
g2790 g3076 16.630060 15.043380
g2790 g3077 16.655700 14.952960
g2790 g3078 16.746120 15.043380
g2790 g2997 26.342340 15.555130
g2794 g2794 1.967700 1.967700
g2794 g2809 11.763720 10.839090
g2794 g2810 11.763720 10.839090
g2794 g2808 11.763720 10.839090
g2794 g3071 15.454680 9.305790
g2794 g3072 15.545100 12.484900
g2794 g3073 15.454680 12.484900
g2794 g3074 15.545100 11.817050
g2794 g3075 15.454680 13.868000
g2794 g3076 15.545100 13.958420
g2794 g3077 15.570740 13.868000
g2794 g3078 15.661160 13.958420
g2794 g2997 25.257380 14.470170
g2795 g2795 1.967700 1.967700
g2795 g2809 11.587100 10.662470
g2795 g2810 11.587100 10.662470
g2795 g2808 11.587100 10.662470
g2795 g3071 15.278060 9.129170
g2795 g3072 15.368480 12.308280
g2795 g3073 15.278060 12.308280
g2795 g3074 15.368480 11.640430
g2795 g3075 15.278060 13.691380
g2795 g3076 15.368480 13.781800
g2795 g3077 15.394120 13.691380
g2795 g3078 15.484540 13.781800
g2795 g2997 25.080760 14.293550
g2793 g2793 1.967700 1.967700
g2793 g2809 12.421180 11.496550
g2793 g2810 12.421180 11.496550
g2793 g2808 12.421180 11.496550
g2793 g3071 16.112140 9.963250
g2793 g3072 16.202560 13.142360
g2793 g3073 16.112140 13.142360
g2793 g3074 16.202560 12.474510
g2793 g3075 16.112140 14.525460
g2793 g3076 16.202560 14.615880
g2793 g3077 16.228200 14.525460
g2793 g3078 16.318620 14.615880
g2793 g2997 25.914840 15.127630
g2797 g2797 1.967700 1.967700
g2797 g2809 10.546580 9.567810
g2797 g2810 10.546580 9.567810
g2797 g2808 10.546580 9.567810
g2797 g3071 15.785880 12.148250
g2797 g3072 15.876300 12.816100
g2797 g3073 15.785880 12.816100
g2797 g3074 15.876300 12.148250
g2797 g3075 15.785880 14.199200
g2797 g3076 15.876300 14.289620
g2797 g3077 15.901940 14.199200
g2797 g3078 15.992360 9.458570
g2797 g2997 25.588580 10.365880
g2798 g2798 1.967700 1.967700
g2798 g2809 10.369810 9.391040
g2798 g2810 10.369810 9.391040
g2798 g2808 10.369810 9.391040
g2798 g3071 15.609110 11.971480
g2798 g3072 15.699530 12.639330
g2798 g3073 15.609110 12.639330
g2798 g3074 15.699530 11.971480
g2798 g3075 15.609110 14.022430
g2798 g3076 15.699530 14.112850
g2798 g3077 15.725170 14.022430
g2798 g3078 15.815590 9.281800
g2798 g2997 25.411810 10.189110
g2796 g2796 1.967700 1.967700
g2796 g2809 11.201490 10.222720
g2796 g2810 11.201490 10.222720
g2796 g2808 11.201490 10.222720
g2796 g3071 16.440790 12.803160
g2796 g3072 16.531210 13.471010
g2796 g3073 16.440790 13.471010
g2796 g3074 16.531210 12.803160
g2796 g3075 16.440790 14.854110
g2796 g3076 16.531210 14.944530
g2796 g3077 16.556850 14.854110
g2796 g3078 16.647270 10.113480
g2796 g2997 26.243490 11.020790
g2800 g2800 1.967700 1.967700
g2800 g2809 10.353400 9.482010
g2800 g2810 10.353400 9.482010
g2800 g2808 10.353400 9.482010
g2800 g3071 15.986470 12.348840
g2800 g3072 16.076890 13.016690
g2800 g3073 15.986470 13.016690
g2800 g3074 16.076890 12.348840
g2800 g3075 15.986470 14.399790
g2800 g3076 16.076890 14.490210
g2800 g3077 16.102530 9.389630
g2800 g3078 16.192950 14.490210
g2800 g2997 25.789170 9.875740
g2801 g2801 1.967700 1.967700
g2801 g2809 10.176690 9.305300
g2801 g2810 10.176690 9.305300
g2801 g2808 10.176690 9.305300
g2801 g3071 15.809760 12.172130
g2801 g3072 15.900180 12.839980
g2801 g3073 15.809760 12.839980
g2801 g3074 15.900180 12.172130
g2801 g3075 15.809760 14.223080
g2801 g3076 15.900180 14.313500
g2801 g3077 15.925820 9.212920
g2801 g3078 16.016240 14.313500
g2801 g2997 25.612460 9.699030
g2799 g2799 1.967700 1.967700
g2799 g2809 11.009330 10.137940
g2799 g2810 11.009330 10.137940
g2799 g2808 11.009330 10.137940
g2799 g3071 16.642400 13.004770
g2799 g3072 16.732820 13.672620
g2799 g3073 16.642400 13.672620
g2799 g3074 16.732820 13.004770
g2799 g3075 16.642400 15.055720
g2799 g3076 16.732820 15.146140
g2799 g3077 16.758460 10.045560
g2799 g3078 16.848880 15.146140
g2799 g2997 26.445100 10.531670
g2803 g2803 2.109440 2.109440
g2803 g2809 5.511040 5.511040
g2803 g2810 5.511040 5.511040
g2803 g2808 5.511040 5.511040
g2804 g2804 2.109440 2.109440
g2804 g2809 5.331780 5.331780
g2804 g2810 5.331780 5.331780
g2804 g2808 5.331780 5.331780
g2802 g2802 2.109440 2.109440
g2802 g2809 6.123620 6.123620
g2802 g2810 6.123620 6.123620
g2802 g2808 6.123620 6.123620
g2806 g2806 2.109440 2.109440
g2806 g2809 6.132120 6.132120
g2806 g2810 6.132120 6.132120
g2806 g2808 6.132120 6.132120
g2806 g3071 14.180090 10.542460
g2806 g3072 14.270510 11.210310
g2806 g3073 14.180090 11.210310
g2806 g3074 14.270510 10.542460
g2806 g3075 14.180090 12.593410
g2806 g3076 14.270510 12.683830
g2806 g3077 14.296150 12.593410
g2806 g3078 14.386570 12.683830
g2806 g2997 23.982790 13.195580
g2807 g2807 2.109440 2.109440
g2807 g2809 5.954120 5.954120
g2807 g2810 5.954120 5.954120
g2807 g2808 5.954120 5.954120
g2807 g3071 14.002090 10.364460
g2807 g3072 14.092510 11.032310
g2807 g3073 14.002090 11.032310
g2807 g3074 14.092510 10.364460
g2807 g3075 14.002090 12.415410
g2807 g3076 14.092510 12.505830
g2807 g3077 14.118150 12.415410
g2807 g3078 14.208570 12.505830
g2807 g2997 23.804790 13.017580
g2805 g2805 2.109440 2.109440
g2805 g2809 6.766120 6.766120
g2805 g2810 6.766120 6.766120
g2805 g2808 6.766120 6.766120
g2805 g3071 14.814090 11.176460
g2805 g3072 14.904510 11.844310
g2805 g3073 14.814090 11.844310
g2805 g3074 14.904510 11.176460
g2805 g3075 14.814090 13.227410
g2805 g3076 14.904510 13.317830
g2805 g3077 14.930150 13.227410
g2805 g3078 15.020570 13.317830
g2805 g2997 24.616790 13.829580
g2809 g2809 1.967700 1.967700
g2809 g3071 6.297600 6.297600
g2809 g3072 6.965450 6.965450
g2809 g3073 6.965450 6.965450
g2809 g3074 6.297600 6.297600
g2810 g2810 1.967700 1.967700
g2810 g3071 6.118580 6.118580
g2810 g3072 6.786430 6.786430
g2810 g3073 6.786430 6.786430
g2810 g3074 6.118580 6.118580
g2808 g2808 1.967700 1.967700
g2808 g3071 6.914260 6.914260
g2808 g3072 7.582110 7.582110
g2808 g3073 7.582110 7.582110
g2808 g3074 6.914260 6.914260
g2812 g2812 1.967700 1.967700
g2812 g3071 13.633920 9.996290
g2812 g3072 13.724340 10.664140
g2812 g3073 13.633920 10.664140
g2812 g3074 13.724340 9.996290
g2812 g3075 13.633920 12.047240
g2812 g3076 13.724340 12.137660
g2812 g3077 13.749980 12.047240
g2812 g3078 13.840400 12.137660
g2812 g2997 23.436620 12.649410
g2813 g2813 1.967700 1.967700
g2813 g3071 13.454900 9.817270
g2813 g3072 13.545320 10.485120
g2813 g3073 13.454900 10.485120
g2813 g3074 13.545320 9.817270
g2813 g3075 13.454900 11.868220
g2813 g3076 13.545320 11.958640
g2813 g3077 13.570960 11.868220
g2813 g3078 13.661380 11.958640
g2813 g2997 23.257600 12.470390
g2811 g2811 1.967700 1.967700
g2811 g3071 14.250580 10.612950
g2811 g3072 14.341000 11.280800
g2811 g3073 14.250580 11.280800
g2811 g3074 14.341000 10.612950
g2811 g3075 14.250580 12.663900
g2811 g3076 14.341000 12.754320
g2811 g3077 14.366640 12.663900
g2811 g3078 14.457060 12.754320
g2811 g2997 24.053280 13.266070
g3054 g3079 1.859680 1.859680
g3079 g3080 1.867600 1.867600
g3080 g3129 0.499980 0.499980
g3080 g3054 2.075500 2.075500
g3080 g2993 9.966080 2.686000
g3080 g2998 9.646050 4.976710
g3080 g3006 7.989920 6.219940
g3080 g3002 9.099520 7.989920
g3080 g3013 11.236180 7.989920
g3080 g3010 13.356440 7.989920
g3080 g3024 15.371950 7.989920
g3080 g3018 6.796890 4.700640
g3080 g3028 7.815580 6.825260
g3080 g3036 9.688440 7.815580
g3080 g3032 11.703950 7.815580
g3043 g48 2.181660 2.181660
g3044 g45 2.181660 2.181660
g3045 g42 2.181660 2.181660
g3046 g39 2.181660 2.181660
g3047 g27 2.181660 2.181660
g3048 g30 2.181660 2.181660
g3049 g33 2.181660 2.181660
g3050 g36 2.181660 2.181660
g3051 g3083 2.181660 2.181660
g3052 g23 2.181660 2.181660
g3053 g20 2.181660 2.181660
g3055 g17 2.181660 2.181660
g3056 g11 2.181660 2.181660
g3057 g14 2.181660 2.181660
g3058 g5 2.181660 2.181660
g3059 g8 2.181660 2.181660
g3060 g2 2.181660 2.181660
g3061 g2990 2.181660 2.181660
g3062 g48 2.109440 2.109440
g3063 g45 2.109440 2.109440
g3064 g42 2.109440 2.109440
g3065 g39 2.109440 2.109440
g3066 g27 2.109440 2.109440
g3067 g30 2.109440 2.109440
g3068 g33 2.109440 2.109440
g3069 g36 2.109440 2.109440
g3070 g3083 2.109440 2.109440
g3071 g23 2.109440 2.109440
g3072 g20 2.109440 2.109440
g3073 g17 2.109440 2.109440
g3074 g11 2.109440 2.109440
g3075 g14 2.109440 2.109440
g3076 g5 2.109440 2.109440
g3077 g8 2.109440 2.109440
g3078 g2 2.109440 2.109440
g2997 g2990 2.109440 2.109440
g2993 g554 15.376740 15.376740
g2993 g587 15.163060 15.163060
g2993 g590 15.163060 15.163060
g2993 g593 15.163060 15.163060
g2993 g596 15.163060 15.163060
g2993 g599 15.163060 15.163060
g2993 g602 15.163060 15.163060
g2993 g614 16.212060 16.027380
g2993 g617 16.212060 16.027380
g2993 g620 16.212060 16.027380
g2993 g605 16.212060 16.027380
g2993 g608 16.212060 16.027380
g2993 g611 16.212060 16.027380
g2993 g1240 15.376740 15.376740
g2993 g1273 15.163060 15.163060
g2993 g1276 15.163060 15.163060
g2993 g1279 15.163060 15.163060
g2993 g1282 15.163060 15.163060
g2993 g1285 15.163060 15.163060
g2993 g1288 15.163060 15.163060
g2993 g1300 16.212060 16.027380
g2993 g1303 16.212060 16.027380
g2993 g1306 16.212060 16.027380
g2993 g1291 16.212060 16.027380
g2993 g1294 16.212060 16.027380
g2993 g1297 16.212060 16.027380
g2993 g1934 15.376740 15.376740
g2993 g1967 15.163060 15.163060
g2993 g1970 15.163060 15.163060
g2993 g1973 15.163060 15.163060
g2993 g1976 15.163060 15.163060
g2993 g1979 15.163060 15.163060
g2993 g1982 15.163060 15.163060
g2993 g1994 16.212060 16.027380
g2993 g1997 16.212060 16.027380
g2993 g2000 16.212060 16.027380
g2993 g1985 16.212060 16.027380
g2993 g1988 16.212060 16.027380
g2993 g1991 16.212060 16.027380
g2993 g2628 15.376740 15.376740
g2993 g2661 15.163060 15.163060
g2993 g2664 15.163060 15.163060
g2993 g2667 15.163060 15.163060
g2993 g2670 15.163060 15.163060
g2993 g2673 15.163060 15.163060
g2993 g2676 15.163060 15.163060
g2993 g2688 16.212060 16.027380
g2993 g2691 16.212060 16.027380
g2993 g2694 16.212060 16.027380
g2993 g2679 16.212060 16.027380
g2993 g2682 16.212060 16.027380
g2993 g2685 16.212060 16.027380
g2993 g2993 12.560450 3.207730
g2993 g2998 12.240420 4.799730
g2993 g3006 10.584290 6.042960
g2993 g3002 10.584290 8.179620
g2993 g3013 11.059200 10.316280
g2993 g3010 13.179460 10.584290
g2993 g3024 15.194970 10.584290
g2993 g3018 9.391260 7.295010
g2993 g3028 10.409950 9.419630
g2993 g3036 12.282810 10.409950
g2993 g3032 14.298320 10.409950
g2998 g554 16.289000 16.289000
g2998 g587 16.075320 16.075320
g2998 g590 16.075320 16.075320
g2998 g593 16.075320 16.075320
g2998 g596 16.075320 16.075320
g2998 g599 16.075320 16.075320
g2998 g602 16.075320 16.075320
g2998 g614 17.124320 16.939640
g2998 g617 17.124320 16.939640
g2998 g620 17.124320 16.939640
g2998 g605 17.124320 16.939640
g2998 g608 17.124320 16.939640
g2998 g611 17.124320 16.939640
g2998 g1240 16.289000 16.289000
g2998 g1273 16.075320 16.075320
g2998 g1276 16.075320 16.075320
g2998 g1279 16.075320 16.075320
g2998 g1282 16.075320 16.075320
g2998 g1285 16.075320 16.075320
g2998 g1288 16.075320 16.075320
g2998 g1300 17.124320 16.939640
g2998 g1303 17.124320 16.939640
g2998 g1306 17.124320 16.939640
g2998 g1291 17.124320 16.939640
g2998 g1294 17.124320 16.939640
g2998 g1297 17.124320 16.939640
g2998 g1934 16.289000 16.289000
g2998 g1967 16.075320 16.075320
g2998 g1970 16.075320 16.075320
g2998 g1973 16.075320 16.075320
g2998 g1976 16.075320 16.075320
g2998 g1979 16.075320 16.075320
g2998 g1982 16.075320 16.075320
g2998 g1994 17.124320 16.939640
g2998 g1997 17.124320 16.939640
g2998 g2000 17.124320 16.939640
g2998 g1985 17.124320 16.939640
g2998 g1988 17.124320 16.939640
g2998 g1991 17.124320 16.939640
g2998 g2628 16.289000 16.289000
g2998 g2661 16.075320 16.075320
g2998 g2664 16.075320 16.075320
g2998 g2667 16.075320 16.075320
g2998 g2670 16.075320 16.075320
g2998 g2673 16.075320 16.075320
g2998 g2676 16.075320 16.075320
g2998 g2688 17.124320 16.939640
g2998 g2691 17.124320 16.939640
g2998 g2694 17.124320 16.939640
g2998 g2679 17.124320 16.939640
g2998 g2682 17.124320 16.939640
g2998 g2685 17.124320 16.939640
g2998 g2993 13.472710 11.734430
g2998 g2998 13.152680 3.271530
g2998 g3006 11.496550 4.079190
g2998 g3002 11.496550 6.215850
g2998 g3013 11.496550 8.352510
g2998 g3010 11.496550 10.472770
g2998 g3024 13.231200 11.496550
g2998 g3018 10.303520 8.207270
g2998 g3028 11.322210 10.331890
g2998 g3036 13.195070 11.322210
g2998 g3032 15.210580 11.322210
g3006 g554 16.077790 16.077790
g3006 g576 11.476700 9.371340
g3006 g577 12.510980 11.890800
g3006 g575 12.510980 11.890800
g3006 g579 12.510980 11.890800
g3006 g580 12.510980 11.890800
g3006 g578 12.510980 11.890800
g3006 g582 12.625640 11.811600
g3006 g583 12.625640 11.811600
g3006 g581 12.625640 11.811600
g3006 g585 12.510980 11.890800
g3006 g586 12.510980 11.890800
g3006 g584 12.510980 11.890800
g3006 g587 15.864110 15.864110
g3006 g590 15.864110 15.864110
g3006 g593 15.864110 15.864110
g3006 g596 15.864110 15.864110
g3006 g599 15.864110 15.864110
g3006 g602 15.864110 15.864110
g3006 g614 16.913110 16.728430
g3006 g617 16.913110 16.728430
g3006 g620 16.913110 16.728430
g3006 g605 16.913110 16.728430
g3006 g608 16.913110 16.728430
g3006 g611 16.913110 16.728430
g3006 g507 9.543160 9.543160
g3006 g659 6.516220 6.516220
g3006 g1240 16.077790 16.077790
g3006 g1262 11.476700 9.371340
g3006 g1263 12.510980 11.890800
g3006 g1261 12.510980 11.890800
g3006 g1265 12.510980 11.890800
g3006 g1266 12.510980 11.890800
g3006 g1264 12.510980 11.890800
g3006 g1268 12.625640 11.811600
g3006 g1269 12.625640 11.811600
g3006 g1267 12.625640 11.811600
g3006 g1271 12.510980 11.890800
g3006 g1272 12.510980 11.890800
g3006 g1270 12.510980 11.890800
g3006 g1273 15.864110 15.864110
g3006 g1276 15.864110 15.864110
g3006 g1279 15.864110 15.864110
g3006 g1282 15.864110 15.864110
g3006 g1285 15.864110 15.864110
g3006 g1288 15.864110 15.864110
g3006 g1300 16.913110 16.728430
g3006 g1303 16.913110 16.728430
g3006 g1306 16.913110 16.728430
g3006 g1291 16.913110 16.728430
g3006 g1294 16.913110 16.728430
g3006 g1297 16.913110 16.728430
g3006 g1193 9.543160 9.543160
g3006 g1345 6.516220 6.516220
g3006 g1934 16.077790 16.077790
g3006 g1956 11.476700 9.371340
g3006 g1957 12.510980 11.890800
g3006 g1955 12.510980 11.890800
g3006 g1959 12.510980 11.890800
g3006 g1960 12.510980 11.890800
g3006 g1958 12.510980 11.890800
g3006 g1962 12.625640 11.811600
g3006 g1963 12.625640 11.811600
g3006 g1961 12.625640 11.811600
g3006 g1965 12.510980 11.890800
g3006 g1966 12.510980 11.890800
g3006 g1964 12.510980 11.890800
g3006 g1967 15.864110 15.864110
g3006 g1970 15.864110 15.864110
g3006 g1973 15.864110 15.864110
g3006 g1976 15.864110 15.864110
g3006 g1979 15.864110 15.864110
g3006 g1982 15.864110 15.864110
g3006 g1994 16.913110 16.728430
g3006 g1997 16.913110 16.728430
g3006 g2000 16.913110 16.728430
g3006 g1985 16.913110 16.728430
g3006 g1988 16.913110 16.728430
g3006 g1991 16.913110 16.728430
g3006 g1887 9.543160 9.543160
g3006 g2039 6.516220 6.516220
g3006 g2628 16.077790 16.077790
g3006 g2650 11.476700 9.371340
g3006 g2651 12.510980 11.890800
g3006 g2649 12.510980 11.890800
g3006 g2653 12.510980 11.890800
g3006 g2654 12.510980 11.890800
g3006 g2652 12.510980 11.890800
g3006 g2656 12.625640 11.811600
g3006 g2657 12.625640 11.811600
g3006 g2655 12.625640 11.811600
g3006 g2659 12.510980 11.890800
g3006 g2660 12.510980 11.890800
g3006 g2658 12.510980 11.890800
g3006 g2661 15.864110 15.864110
g3006 g2664 15.864110 15.864110
g3006 g2667 15.864110 15.864110
g3006 g2670 15.864110 15.864110
g3006 g2673 15.864110 15.864110
g3006 g2676 15.864110 15.864110
g3006 g2688 16.913110 16.728430
g3006 g2691 16.913110 16.728430
g3006 g2694 16.913110 16.728430
g3006 g2679 16.913110 16.728430
g3006 g2682 16.913110 16.728430
g3006 g2685 16.913110 16.728430
g3006 g2581 9.543160 9.543160
g3006 g2733 6.516220 6.516220
g3006 g2993 13.261500 11.523220
g3006 g2998 12.941470 11.455340
g3006 g3006 11.285340 2.136980
g3006 g3002 11.285340 4.079190
g3006 g3013 11.285340 6.215850
g3006 g3010 11.285340 8.336110
g3006 g3024 11.285340 11.094540
g3006 g3018 10.092310 7.996060
g3006 g3028 11.111000 10.120680
g3006 g3036 12.983860 11.111000
g3006 g3032 14.999370 11.111000
g3002 g554 16.712960 16.712960
g3002 g576 11.216700 9.111340
g3002 g577 12.250980 11.630800
g3002 g575 12.250980 11.630800
g3002 g579 12.250980 11.630800
g3002 g580 12.250980 11.630800
g3002 g578 12.250980 11.630800
g3002 g582 12.365640 11.551600
g3002 g583 12.365640 11.551600
g3002 g581 12.365640 11.551600
g3002 g585 12.250980 11.630800
g3002 g586 12.250980 11.630800
g3002 g584 12.250980 11.630800
g3002 g587 16.499280 16.499280
g3002 g590 16.499280 16.499280
g3002 g593 16.499280 16.499280
g3002 g596 16.499280 16.499280
g3002 g599 16.499280 16.499280
g3002 g602 16.499280 16.499280
g3002 g614 17.548280 17.363600
g3002 g617 17.548280 17.363600
g3002 g620 17.548280 17.363600
g3002 g605 17.548280 17.363600
g3002 g608 17.548280 17.363600
g3002 g611 17.548280 17.363600
g3002 g507 9.283160 9.283160
g3002 g659 6.256220 6.256220
g3002 g1240 16.712960 16.712960
g3002 g1262 11.216700 9.111340
g3002 g1263 12.250980 11.630800
g3002 g1261 12.250980 11.630800
g3002 g1265 12.250980 11.630800
g3002 g1266 12.250980 11.630800
g3002 g1264 12.250980 11.630800
g3002 g1268 12.365640 11.551600
g3002 g1269 12.365640 11.551600
g3002 g1267 12.365640 11.551600
g3002 g1271 12.250980 11.630800
g3002 g1272 12.250980 11.630800
g3002 g1270 12.250980 11.630800
g3002 g1273 16.499280 16.499280
g3002 g1276 16.499280 16.499280
g3002 g1279 16.499280 16.499280
g3002 g1282 16.499280 16.499280
g3002 g1285 16.499280 16.499280
g3002 g1288 16.499280 16.499280
g3002 g1300 17.548280 17.363600
g3002 g1303 17.548280 17.363600
g3002 g1306 17.548280 17.363600
g3002 g1291 17.548280 17.363600
g3002 g1294 17.548280 17.363600
g3002 g1297 17.548280 17.363600
g3002 g1193 9.283160 9.283160
g3002 g1345 6.256220 6.256220
g3002 g1934 16.712960 16.712960
g3002 g1956 11.216700 9.111340
g3002 g1957 12.250980 11.630800
g3002 g1955 12.250980 11.630800
g3002 g1959 12.250980 11.630800
g3002 g1960 12.250980 11.630800
g3002 g1958 12.250980 11.630800
g3002 g1962 12.365640 11.551600
g3002 g1963 12.365640 11.551600
g3002 g1961 12.365640 11.551600
g3002 g1965 12.250980 11.630800
g3002 g1966 12.250980 11.630800
g3002 g1964 12.250980 11.630800
g3002 g1967 16.499280 16.499280
g3002 g1970 16.499280 16.499280
g3002 g1973 16.499280 16.499280
g3002 g1976 16.499280 16.499280
g3002 g1979 16.499280 16.499280
g3002 g1982 16.499280 16.499280
g3002 g1994 17.548280 17.363600
g3002 g1997 17.548280 17.363600
g3002 g2000 17.548280 17.363600
g3002 g1985 17.548280 17.363600
g3002 g1988 17.548280 17.363600
g3002 g1991 17.548280 17.363600
g3002 g1887 9.283160 9.283160
g3002 g2039 6.256220 6.256220
g3002 g2628 16.712960 16.712960
g3002 g2650 11.216700 9.111340
g3002 g2651 12.250980 11.630800
g3002 g2649 12.250980 11.630800
g3002 g2653 12.250980 11.630800
g3002 g2654 12.250980 11.630800
g3002 g2652 12.250980 11.630800
g3002 g2656 12.365640 11.551600
g3002 g2657 12.365640 11.551600
g3002 g2655 12.365640 11.551600
g3002 g2659 12.250980 11.630800
g3002 g2660 12.250980 11.630800
g3002 g2658 12.250980 11.630800
g3002 g2661 16.499280 16.499280
g3002 g2664 16.499280 16.499280
g3002 g2667 16.499280 16.499280
g3002 g2670 16.499280 16.499280
g3002 g2673 16.499280 16.499280
g3002 g2676 16.499280 16.499280
g3002 g2688 17.548280 17.363600
g3002 g2691 17.548280 17.363600
g3002 g2694 17.548280 17.363600
g3002 g2679 17.548280 17.363600
g3002 g2682 17.548280 17.363600
g3002 g2685 17.548280 17.363600
g3002 g2581 9.283160 9.283160
g3002 g2733 6.256220 6.256220
g3002 g2993 13.896670 12.158390
g3002 g2998 13.576640 12.090510
g3002 g3006 11.920510 11.920510
g3002 g3002 11.920510 2.136980
g3002 g3013 11.920510 4.079190
g3002 g3010 11.920510 6.199450
g3002 g3024 11.920510 8.957880
g3002 g3018 10.727480 8.631230
g3002 g3028 11.746170 10.755850
g3002 g3036 13.619030 11.746170
g3002 g3032 15.634540 11.746170
g3013 g554 14.854210 14.854210
g3013 g576 11.537700 9.432340
g3013 g577 12.571980 11.951800
g3013 g575 12.571980 11.951800
g3013 g579 12.571980 11.951800
g3013 g580 12.571980 11.951800
g3013 g578 12.571980 11.951800
g3013 g582 12.686640 11.872600
g3013 g583 12.686640 11.872600
g3013 g581 12.686640 11.872600
g3013 g585 12.571980 11.951800
g3013 g586 12.571980 11.951800
g3013 g584 12.571980 11.951800
g3013 g587 14.640530 14.640530
g3013 g590 14.640530 14.640530
g3013 g593 14.640530 14.640530
g3013 g596 14.640530 14.640530
g3013 g599 14.640530 14.640530
g3013 g602 14.640530 14.640530
g3013 g614 15.689530 15.504850
g3013 g617 15.689530 15.504850
g3013 g620 15.689530 15.504850
g3013 g605 15.689530 15.504850
g3013 g608 15.689530 15.504850
g3013 g611 15.689530 15.504850
g3013 g507 9.604160 9.604160
g3013 g659 6.577220 6.577220
g3013 g1240 14.854210 14.854210
g3013 g1262 11.537700 9.432340
g3013 g1263 12.571980 11.951800
g3013 g1261 12.571980 11.951800
g3013 g1265 12.571980 11.951800
g3013 g1266 12.571980 11.951800
g3013 g1264 12.571980 11.951800
g3013 g1268 12.686640 11.872600
g3013 g1269 12.686640 11.872600
g3013 g1267 12.686640 11.872600
g3013 g1271 12.571980 11.951800
g3013 g1272 12.571980 11.951800
g3013 g1270 12.571980 11.951800
g3013 g1273 14.640530 14.640530
g3013 g1276 14.640530 14.640530
g3013 g1279 14.640530 14.640530
g3013 g1282 14.640530 14.640530
g3013 g1285 14.640530 14.640530
g3013 g1288 14.640530 14.640530
g3013 g1300 15.689530 15.504850
g3013 g1303 15.689530 15.504850
g3013 g1306 15.689530 15.504850
g3013 g1291 15.689530 15.504850
g3013 g1294 15.689530 15.504850
g3013 g1297 15.689530 15.504850
g3013 g1193 9.604160 9.604160
g3013 g1345 6.577220 6.577220
g3013 g1934 14.854210 14.854210
g3013 g1956 11.537700 9.432340
g3013 g1957 12.571980 11.951800
g3013 g1955 12.571980 11.951800
g3013 g1959 12.571980 11.951800
g3013 g1960 12.571980 11.951800
g3013 g1958 12.571980 11.951800
g3013 g1962 12.686640 11.872600
g3013 g1963 12.686640 11.872600
g3013 g1961 12.686640 11.872600
g3013 g1965 12.571980 11.951800
g3013 g1966 12.571980 11.951800
g3013 g1964 12.571980 11.951800
g3013 g1967 14.640530 14.640530
g3013 g1970 14.640530 14.640530
g3013 g1973 14.640530 14.640530
g3013 g1976 14.640530 14.640530
g3013 g1979 14.640530 14.640530
g3013 g1982 14.640530 14.640530
g3013 g1994 15.689530 15.504850
g3013 g1997 15.689530 15.504850
g3013 g2000 15.689530 15.504850
g3013 g1985 15.689530 15.504850
g3013 g1988 15.689530 15.504850
g3013 g1991 15.689530 15.504850
g3013 g1887 9.604160 9.604160
g3013 g2039 6.577220 6.577220
g3013 g2628 14.854210 14.854210
g3013 g2650 11.537700 9.432340
g3013 g2651 12.571980 11.951800
g3013 g2649 12.571980 11.951800
g3013 g2653 12.571980 11.951800
g3013 g2654 12.571980 11.951800
g3013 g2652 12.571980 11.951800
g3013 g2656 12.686640 11.872600
g3013 g2657 12.686640 11.872600
g3013 g2655 12.686640 11.872600
g3013 g2659 12.571980 11.951800
g3013 g2660 12.571980 11.951800
g3013 g2658 12.571980 11.951800
g3013 g2661 14.640530 14.640530
g3013 g2664 14.640530 14.640530
g3013 g2667 14.640530 14.640530
g3013 g2670 14.640530 14.640530
g3013 g2673 14.640530 14.640530
g3013 g2676 14.640530 14.640530
g3013 g2688 15.689530 15.504850
g3013 g2691 15.689530 15.504850
g3013 g2694 15.689530 15.504850
g3013 g2679 15.689530 15.504850
g3013 g2682 15.689530 15.504850
g3013 g2685 15.689530 15.504850
g3013 g2581 9.604160 9.604160
g3013 g2733 6.577220 6.577220
g3013 g2993 12.037920 10.299640
g3013 g2998 11.717890 10.231760
g3013 g3006 10.061760 10.061760
g3013 g3002 10.061760 10.061760
g3013 g3013 10.061760 2.136980
g3013 g3010 10.061760 4.062830
g3013 g3024 10.061760 6.821260
g3013 g3018 8.868730 6.772480
g3013 g3028 9.887420 8.897100
g3013 g3036 11.760280 9.887420
g3013 g3032 13.775790 9.887420
g3010 g554 15.850990 15.850990
g3010 g576 11.234460 9.129100
g3010 g577 12.268740 11.648560
g3010 g575 12.268740 11.648560
g3010 g579 12.268740 11.648560
g3010 g580 12.268740 11.648560
g3010 g578 12.268740 11.648560
g3010 g582 12.383400 11.569360
g3010 g583 12.383400 11.569360
g3010 g581 12.383400 11.569360
g3010 g585 12.268740 11.648560
g3010 g586 12.268740 11.648560
g3010 g584 12.268740 11.648560
g3010 g587 15.637310 15.637310
g3010 g590 15.637310 15.637310
g3010 g593 15.637310 15.637310
g3010 g596 15.637310 15.637310
g3010 g599 15.637310 15.637310
g3010 g602 15.637310 15.637310
g3010 g614 16.686310 16.501630
g3010 g617 16.686310 16.501630
g3010 g620 16.686310 16.501630
g3010 g605 16.686310 16.501630
g3010 g608 16.686310 16.501630
g3010 g611 16.686310 16.501630
g3010 g507 9.300920 9.300920
g3010 g659 6.273980 6.273980
g3010 g1240 15.850990 15.850990
g3010 g1262 11.234460 9.129100
g3010 g1263 12.268740 11.648560
g3010 g1261 12.268740 11.648560
g3010 g1265 12.268740 11.648560
g3010 g1266 12.268740 11.648560
g3010 g1264 12.268740 11.648560
g3010 g1268 12.383400 11.569360
g3010 g1269 12.383400 11.569360
g3010 g1267 12.383400 11.569360
g3010 g1271 12.268740 11.648560
g3010 g1272 12.268740 11.648560
g3010 g1270 12.268740 11.648560
g3010 g1273 15.637310 15.637310
g3010 g1276 15.637310 15.637310
g3010 g1279 15.637310 15.637310
g3010 g1282 15.637310 15.637310
g3010 g1285 15.637310 15.637310
g3010 g1288 15.637310 15.637310
g3010 g1300 16.686310 16.501630
g3010 g1303 16.686310 16.501630
g3010 g1306 16.686310 16.501630
g3010 g1291 16.686310 16.501630
g3010 g1294 16.686310 16.501630
g3010 g1297 16.686310 16.501630
g3010 g1193 9.300920 9.300920
g3010 g1345 6.273980 6.273980
g3010 g1934 15.850990 15.850990
g3010 g1956 11.234460 9.129100
g3010 g1957 12.268740 11.648560
g3010 g1955 12.268740 11.648560
g3010 g1959 12.268740 11.648560
g3010 g1960 12.268740 11.648560
g3010 g1958 12.268740 11.648560
g3010 g1962 12.383400 11.569360
g3010 g1963 12.383400 11.569360
g3010 g1961 12.383400 11.569360
g3010 g1965 12.268740 11.648560
g3010 g1966 12.268740 11.648560
g3010 g1964 12.268740 11.648560
g3010 g1967 15.637310 15.637310
g3010 g1970 15.637310 15.637310
g3010 g1973 15.637310 15.637310
g3010 g1976 15.637310 15.637310
g3010 g1979 15.637310 15.637310
g3010 g1982 15.637310 15.637310
g3010 g1994 16.686310 16.501630
g3010 g1997 16.686310 16.501630
g3010 g2000 16.686310 16.501630
g3010 g1985 16.686310 16.501630
g3010 g1988 16.686310 16.501630
g3010 g1991 16.686310 16.501630
g3010 g1887 9.300920 9.300920
g3010 g2039 6.273980 6.273980
g3010 g2628 15.850990 15.850990
g3010 g2650 11.234460 9.129100
g3010 g2651 12.268740 11.648560
g3010 g2649 12.268740 11.648560
g3010 g2653 12.268740 11.648560
g3010 g2654 12.268740 11.648560
g3010 g2652 12.268740 11.648560
g3010 g2656 12.383400 11.569360
g3010 g2657 12.383400 11.569360
g3010 g2655 12.383400 11.569360
g3010 g2659 12.268740 11.648560
g3010 g2660 12.268740 11.648560
g3010 g2658 12.268740 11.648560
g3010 g2661 15.637310 15.637310
g3010 g2664 15.637310 15.637310
g3010 g2667 15.637310 15.637310
g3010 g2670 15.637310 15.637310
g3010 g2673 15.637310 15.637310
g3010 g2676 15.637310 15.637310
g3010 g2688 16.686310 16.501630
g3010 g2691 16.686310 16.501630
g3010 g2694 16.686310 16.501630
g3010 g2679 16.686310 16.501630
g3010 g2682 16.686310 16.501630
g3010 g2685 16.686310 16.501630
g3010 g2581 9.300920 9.300920
g3010 g2733 6.273980 6.273980
g3010 g2993 13.034700 11.296420
g3010 g2998 12.714670 11.228540
g3010 g3006 11.058540 11.058540
g3010 g3002 11.058540 11.058540
g3010 g3013 11.058540 11.058540
g3010 g3010 11.058540 2.136980
g3010 g3024 11.058540 5.611330
g3010 g3018 9.865510 7.769260
g3010 g3028 10.884200 9.893880
g3010 g3036 12.757060 10.884200
g3010 g3032 14.772570 10.884200
g3024 g554 14.586190 14.586190
g3024 g576 10.946980 8.841620
g3024 g577 11.981260 11.361080
g3024 g575 11.981260 11.361080
g3024 g579 11.981260 11.361080
g3024 g580 11.981260 11.361080
g3024 g578 11.981260 11.361080
g3024 g582 12.095920 11.281880
g3024 g583 12.095920 11.281880
g3024 g581 12.095920 11.281880
g3024 g585 11.981260 11.361080
g3024 g586 11.981260 11.361080
g3024 g584 11.981260 11.361080
g3024 g587 14.372510 14.372510
g3024 g590 14.372510 14.372510
g3024 g593 14.372510 14.372510
g3024 g596 14.372510 14.372510
g3024 g599 14.372510 14.372510
g3024 g602 14.372510 14.372510
g3024 g614 15.421510 15.236830
g3024 g617 15.421510 15.236830
g3024 g620 15.421510 15.236830
g3024 g605 15.421510 15.236830
g3024 g608 15.421510 15.236830
g3024 g611 15.421510 15.236830
g3024 g507 9.013440 9.013440
g3024 g659 5.986500 5.986500
g3024 g1240 14.586190 14.586190
g3024 g1262 10.946980 8.841620
g3024 g1263 11.981260 11.361080
g3024 g1261 11.981260 11.361080
g3024 g1265 11.981260 11.361080
g3024 g1266 11.981260 11.361080
g3024 g1264 11.981260 11.361080
g3024 g1268 12.095920 11.281880
g3024 g1269 12.095920 11.281880
g3024 g1267 12.095920 11.281880
g3024 g1271 11.981260 11.361080
g3024 g1272 11.981260 11.361080
g3024 g1270 11.981260 11.361080
g3024 g1273 14.372510 14.372510
g3024 g1276 14.372510 14.372510
g3024 g1279 14.372510 14.372510
g3024 g1282 14.372510 14.372510
g3024 g1285 14.372510 14.372510
g3024 g1288 14.372510 14.372510
g3024 g1300 15.421510 15.236830
g3024 g1303 15.421510 15.236830
g3024 g1306 15.421510 15.236830
g3024 g1291 15.421510 15.236830
g3024 g1294 15.421510 15.236830
g3024 g1297 15.421510 15.236830
g3024 g1193 9.013440 9.013440
g3024 g1345 5.986500 5.986500
g3024 g1934 14.586190 14.586190
g3024 g1956 10.946980 8.841620
g3024 g1957 11.981260 11.361080
g3024 g1955 11.981260 11.361080
g3024 g1959 11.981260 11.361080
g3024 g1960 11.981260 11.361080
g3024 g1958 11.981260 11.361080
g3024 g1962 12.095920 11.281880
g3024 g1963 12.095920 11.281880
g3024 g1961 12.095920 11.281880
g3024 g1965 11.981260 11.361080
g3024 g1966 11.981260 11.361080
g3024 g1964 11.981260 11.361080
g3024 g1967 14.372510 14.372510
g3024 g1970 14.372510 14.372510
g3024 g1973 14.372510 14.372510
g3024 g1976 14.372510 14.372510
g3024 g1979 14.372510 14.372510
g3024 g1982 14.372510 14.372510
g3024 g1994 15.421510 15.236830
g3024 g1997 15.421510 15.236830
g3024 g2000 15.421510 15.236830
g3024 g1985 15.421510 15.236830
g3024 g1988 15.421510 15.236830
g3024 g1991 15.421510 15.236830
g3024 g1887 9.013440 9.013440
g3024 g2039 5.986500 5.986500
g3024 g2628 14.586190 14.586190
g3024 g2650 10.946980 8.841620
g3024 g2651 11.981260 11.361080
g3024 g2649 11.981260 11.361080
g3024 g2653 11.981260 11.361080
g3024 g2654 11.981260 11.361080
g3024 g2652 11.981260 11.361080
g3024 g2656 12.095920 11.281880
g3024 g2657 12.095920 11.281880
g3024 g2655 12.095920 11.281880
g3024 g2659 11.981260 11.361080
g3024 g2660 11.981260 11.361080
g3024 g2658 11.981260 11.361080
g3024 g2661 14.372510 14.372510
g3024 g2664 14.372510 14.372510
g3024 g2667 14.372510 14.372510
g3024 g2670 14.372510 14.372510
g3024 g2673 14.372510 14.372510
g3024 g2676 14.372510 14.372510
g3024 g2688 15.421510 15.236830
g3024 g2691 15.421510 15.236830
g3024 g2694 15.421510 15.236830
g3024 g2679 15.421510 15.236830
g3024 g2682 15.421510 15.236830
g3024 g2685 15.421510 15.236830
g3024 g2581 9.013440 9.013440
g3024 g2733 5.986500 5.986500
g3024 g2993 11.769900 10.031620
g3024 g2998 11.449870 9.963740
g3024 g3006 9.793740 9.793740
g3024 g3002 9.793740 9.793740
g3024 g3013 9.793740 9.793740
g3024 g3010 9.793740 9.793740
g3024 g3024 9.793740 4.053790
g3024 g3018 8.600710 6.504460
g3024 g3028 9.619400 8.629080
g3024 g3036 11.492260 9.619400
g3024 g3032 13.507770 9.619400
g3018 g554 13.490290 13.490290
g3018 g587 13.276610 13.276610
g3018 g590 13.276610 13.276610
g3018 g593 13.276610 13.276610
g3018 g596 13.276610 13.276610
g3018 g599 13.276610 13.276610
g3018 g602 13.276610 13.276610
g3018 g614 14.325610 14.140930
g3018 g617 14.325610 14.140930
g3018 g620 14.325610 14.140930
g3018 g605 14.325610 14.140930
g3018 g608 14.325610 14.140930
g3018 g611 14.325610 14.140930
g3018 g1240 13.490290 13.490290
g3018 g1273 13.276610 13.276610
g3018 g1276 13.276610 13.276610
g3018 g1279 13.276610 13.276610
g3018 g1282 13.276610 13.276610
g3018 g1285 13.276610 13.276610
g3018 g1288 13.276610 13.276610
g3018 g1300 14.325610 14.140930
g3018 g1303 14.325610 14.140930
g3018 g1306 14.325610 14.140930
g3018 g1291 14.325610 14.140930
g3018 g1294 14.325610 14.140930
g3018 g1297 14.325610 14.140930
g3018 g1934 13.490290 13.490290
g3018 g1967 13.276610 13.276610
g3018 g1970 13.276610 13.276610
g3018 g1973 13.276610 13.276610
g3018 g1976 13.276610 13.276610
g3018 g1979 13.276610 13.276610
g3018 g1982 13.276610 13.276610
g3018 g1994 14.325610 14.140930
g3018 g1997 14.325610 14.140930
g3018 g2000 14.325610 14.140930
g3018 g1985 14.325610 14.140930
g3018 g1988 14.325610 14.140930
g3018 g1991 14.325610 14.140930
g3018 g2628 13.490290 13.490290
g3018 g2661 13.276610 13.276610
g3018 g2664 13.276610 13.276610
g3018 g2667 13.276610 13.276610
g3018 g2670 13.276610 13.276610
g3018 g2673 13.276610 13.276610
g3018 g2676 13.276610 13.276610
g3018 g2688 14.325610 14.140930
g3018 g2691 14.325610 14.140930
g3018 g2694 14.325610 14.140930
g3018 g2679 14.325610 14.140930
g3018 g2682 14.325610 14.140930
g3018 g2685 14.325610 14.140930
g3018 g3018 4.606240 2.041150
g3018 g3028 5.624930 4.079190
g3018 g3036 6.942370 5.624930
g3018 g3032 8.957880 5.624930
g3028 g554 12.396120 12.396120
g3028 g587 12.182440 12.182440
g3028 g590 12.182440 12.182440
g3028 g593 12.182440 12.182440
g3028 g596 12.182440 12.182440
g3028 g599 12.182440 12.182440
g3028 g602 12.182440 12.182440
g3028 g614 13.231440 13.046760
g3028 g617 13.231440 13.046760
g3028 g620 13.231440 13.046760
g3028 g605 13.231440 13.046760
g3028 g608 13.231440 13.046760
g3028 g611 13.231440 13.046760
g3028 g1240 12.396120 12.396120
g3028 g1273 12.182440 12.182440
g3028 g1276 12.182440 12.182440
g3028 g1279 12.182440 12.182440
g3028 g1282 12.182440 12.182440
g3028 g1285 12.182440 12.182440
g3028 g1288 12.182440 12.182440
g3028 g1300 13.231440 13.046760
g3028 g1303 13.231440 13.046760
g3028 g1306 13.231440 13.046760
g3028 g1291 13.231440 13.046760
g3028 g1294 13.231440 13.046760
g3028 g1297 13.231440 13.046760
g3028 g1934 12.396120 12.396120
g3028 g1967 12.182440 12.182440
g3028 g1970 12.182440 12.182440
g3028 g1973 12.182440 12.182440
g3028 g1976 12.182440 12.182440
g3028 g1979 12.182440 12.182440
g3028 g1982 12.182440 12.182440
g3028 g1994 13.231440 13.046760
g3028 g1997 13.231440 13.046760
g3028 g2000 13.231440 13.046760
g3028 g1985 13.231440 13.046760
g3028 g1988 13.231440 13.046760
g3028 g1991 13.231440 13.046760
g3028 g2628 12.396120 12.396120
g3028 g2661 12.182440 12.182440
g3028 g2664 12.182440 12.182440
g3028 g2667 12.182440 12.182440
g3028 g2670 12.182440 12.182440
g3028 g2673 12.182440 12.182440
g3028 g2676 12.182440 12.182440
g3028 g2688 13.231440 13.046760
g3028 g2691 13.231440 13.046760
g3028 g2694 13.231440 13.046760
g3028 g2679 13.231440 13.046760
g3028 g2682 13.231440 13.046760
g3028 g2685 13.231440 13.046760
g3028 g3018 4.255380 4.255380
g3028 g3028 5.274070 2.136980
g3028 g3036 5.274070 4.062830
g3028 g3032 6.821260 5.274070
g3036 g554 12.794580 12.794580
g3036 g587 12.580900 12.580900
g3036 g590 12.580900 12.580900
g3036 g593 12.580900 12.580900
g3036 g596 12.580900 12.580900
g3036 g599 12.580900 12.580900
g3036 g602 12.580900 12.580900
g3036 g614 13.629900 13.445220
g3036 g617 13.629900 13.445220
g3036 g620 13.629900 13.445220
g3036 g605 13.629900 13.445220
g3036 g608 13.629900 13.445220
g3036 g611 13.629900 13.445220
g3036 g1240 12.794580 12.794580
g3036 g1273 12.580900 12.580900
g3036 g1276 12.580900 12.580900
g3036 g1279 12.580900 12.580900
g3036 g1282 12.580900 12.580900
g3036 g1285 12.580900 12.580900
g3036 g1288 12.580900 12.580900
g3036 g1300 13.629900 13.445220
g3036 g1303 13.629900 13.445220
g3036 g1306 13.629900 13.445220
g3036 g1291 13.629900 13.445220
g3036 g1294 13.629900 13.445220
g3036 g1297 13.629900 13.445220
g3036 g1934 12.794580 12.794580
g3036 g1967 12.580900 12.580900
g3036 g1970 12.580900 12.580900
g3036 g1973 12.580900 12.580900
g3036 g1976 12.580900 12.580900
g3036 g1979 12.580900 12.580900
g3036 g1982 12.580900 12.580900
g3036 g1994 13.629900 13.445220
g3036 g1997 13.629900 13.445220
g3036 g2000 13.629900 13.445220
g3036 g1985 13.629900 13.445220
g3036 g1988 13.629900 13.445220
g3036 g1991 13.629900 13.445220
g3036 g2628 12.794580 12.794580
g3036 g2661 12.580900 12.580900
g3036 g2664 12.580900 12.580900
g3036 g2667 12.580900 12.580900
g3036 g2670 12.580900 12.580900
g3036 g2673 12.580900 12.580900
g3036 g2676 12.580900 12.580900
g3036 g2688 13.629900 13.445220
g3036 g2691 13.629900 13.445220
g3036 g2694 13.629900 13.445220
g3036 g2679 13.629900 13.445220
g3036 g2682 13.629900 13.445220
g3036 g2685 13.629900 13.445220
g3036 g3018 3.933150 3.933150
g3036 g3028 4.951840 4.951840
g3036 g3036 4.951840 2.136980
g3036 g3032 5.644990 4.951840
g3032 g554 12.214020 12.214020
g3032 g587 12.000340 12.000340
g3032 g590 12.000340 12.000340
g3032 g593 12.000340 12.000340
g3032 g596 12.000340 12.000340
g3032 g599 12.000340 12.000340
g3032 g602 12.000340 12.000340
g3032 g614 13.049340 12.864660
g3032 g617 13.049340 12.864660
g3032 g620 13.049340 12.864660
g3032 g605 13.049340 12.864660
g3032 g608 13.049340 12.864660
g3032 g611 13.049340 12.864660
g3032 g1240 12.214020 12.214020
g3032 g1273 12.000340 12.000340
g3032 g1276 12.000340 12.000340
g3032 g1279 12.000340 12.000340
g3032 g1282 12.000340 12.000340
g3032 g1285 12.000340 12.000340
g3032 g1288 12.000340 12.000340
g3032 g1300 13.049340 12.864660
g3032 g1303 13.049340 12.864660
g3032 g1306 13.049340 12.864660
g3032 g1291 13.049340 12.864660
g3032 g1294 13.049340 12.864660
g3032 g1297 13.049340 12.864660
g3032 g1934 12.214020 12.214020
g3032 g1967 12.000340 12.000340
g3032 g1970 12.000340 12.000340
g3032 g1973 12.000340 12.000340
g3032 g1976 12.000340 12.000340
g3032 g1979 12.000340 12.000340
g3032 g1982 12.000340 12.000340
g3032 g1994 13.049340 12.864660
g3032 g1997 13.049340 12.864660
g3032 g2000 13.049340 12.864660
g3032 g1985 13.049340 12.864660
g3032 g1988 13.049340 12.864660
g3032 g1991 13.049340 12.864660
g3032 g2628 12.214020 12.214020
g3032 g2661 12.000340 12.000340
g3032 g2664 12.000340 12.000340
g3032 g2667 12.000340 12.000340
g3032 g2670 12.000340 12.000340
g3032 g2673 12.000340 12.000340
g3032 g2676 12.000340 12.000340
g3032 g2688 13.049340 12.864660
g3032 g2691 13.049340 12.864660
g3032 g2694 13.049340 12.864660
g3032 g2679 13.049340 12.864660
g3032 g2682 13.049340 12.864660
g3032 g2685 13.049340 12.864660
g3032 g3018 3.186750 3.186750
g3032 g3028 4.205440 4.205440
g3032 g3036 4.205440 4.205440
g3032 g3032 4.205440 4.053790
g3040 g2986 0.499980 0.499980
g3040 g2987 2.657880 2.657880
g3040 OUTPUT 0.000000 0.000000
g3040 OUTPUT 2.157900 2.157900
g2986 g2987 1.985860 1.985860
g2986 OUTPUT 1.485880 1.485880
g2987 g2987 1.284080 1.284080
g2987 g48 2.351660 1.537620
g2987 g45 2.351660 1.537620
g2987 g42 2.351660 1.537620
g2987 g39 2.351660 1.537620
g2987 g27 2.351660 1.537620
g2987 g30 2.351660 1.537620
g2987 g33 2.351660 1.537620
g2987 g36 2.351660 1.537620
g2987 g3083 2.351660 1.537620
g2987 g23 2.351660 1.537620
g2987 g20 2.351660 1.537620
g2987 g17 2.351660 1.537620
g2987 g11 2.351660 1.537620
g2987 g14 2.351660 1.537620
g2987 g5 2.351660 1.537620
g2987 g8 2.351660 1.537620
g2987 g2 2.351660 1.537620
g2987 g2990 2.351660 1.537620
g2987 OUTPUT 0.784100 0.784100
g48 g26 13.379460 8.534110
g48 g2992 13.884010 7.627520
g48 OUTPUT 0.000000 0.000000
g45 g26 13.549460 9.006510
g45 g2992 14.054010 8.099920
g45 OUTPUT 0.000000 0.000000
g42 g26 13.176540 8.715190
g42 g2992 13.681090 7.808600
g42 OUTPUT 0.000000 0.000000
g39 g26 13.346540 9.185190
g39 g2992 13.851090 8.278600
g39 OUTPUT 0.000000 0.000000
g27 g26 13.582560 8.759940
g27 g2992 14.087110 7.853350
g27 OUTPUT 0.000000 0.000000
g30 g26 13.752560 9.232340
g30 g2992 14.257110 8.325750
g30 OUTPUT 0.000000 0.000000
g33 g26 13.379640 8.940960
g33 g2992 13.884190 8.034370
g33 OUTPUT 0.000000 0.000000
g36 g26 13.549640 9.410960
g36 g2992 14.054190 8.504370
g36 OUTPUT 0.000000 0.000000
g3083 g2992 4.723440 2.181660
g26 OUTPUT 0.000000 0.000000
g2992 g3204 7.041140 7.041140
g2992 g3188 7.894500 7.894500
g2992 g3133 8.394480 8.394480
g2992 g3128 7.541120 7.541120
g2992 OUTPUT 5.994390 5.994390
g2992 OUTPUT 6.541160 6.541160
g2992 OUTPUT 7.394520 7.394520
g23 g2991 14.087110 7.652120
g23 g1 13.582560 8.558710
g23 OUTPUT 0.000000 0.000000
g20 g2991 14.257110 8.124520
g20 g1 13.752560 9.031110
g20 OUTPUT 0.000000 0.000000
g17 g2991 13.884190 7.833140
g17 g1 13.379640 8.739730
g17 OUTPUT 0.000000 0.000000
g11 g2991 14.054190 8.303140
g11 g1 13.549640 9.209730
g11 OUTPUT 0.000000 0.000000
g14 g2991 13.884010 7.828750
g14 g1 13.379460 8.735340
g14 OUTPUT 0.000000 0.000000
g5 g2991 14.054010 8.301150
g5 g1 13.549460 9.207740
g5 OUTPUT 0.000000 0.000000
g8 g2991 13.681090 8.009830
g8 g1 13.176540 8.916420
g8 OUTPUT 0.000000 0.000000
g2 g2991 13.851090 8.479830
g2 g1 13.346540 9.386420
g2 OUTPUT 0.000000 0.000000
g2990 g2991 4.723440 2.181660
g2991 g3204 7.211140 7.211140
g2991 g3188 8.064500 8.064500
g2991 g3133 8.564480 8.564480
g2991 g3128 7.711120 7.711120
g2991 OUTPUT 6.164390 6.164390
g2991 OUTPUT 6.711160 6.711160
g2991 OUTPUT 7.564520 7.564520
g1 OUTPUT 0.000000 0.000000
