Network ../DATA/s38584.bench
latch latch max_delay min_delay
INPUT latch max_delay min_delay
latch OUTPUT max_delay min_delay
INPUT g45 273.306710 8.369870
INPUT g46 274.120550 271.111960
INPUT g47 274.964020 271.131960
INPUT g48 274.949260 271.117200
INPUT g49 274.964020 271.131960
INPUT g50 274.949260 271.117200
INPUT g51 274.964020 271.131960
INPUT g52 273.932650 8.719650
INPUT g55 288.604820 17.584370
INPUT g4507 265.517060 1.559640
INPUT g4459 265.603630 2.584770
INPUT g4369 265.168900 1.559640
INPUT g4473 265.136460 2.207600
INPUT g4462 265.058900 1.559640
INPUT g4581 265.499300 1.403180
INPUT g4467 265.517060 1.559640
INPUT g4477 265.168900 1.559640
INPUT g4480 265.058900 1.559640
INPUT g4495 265.058900 1.559640
INPUT g4498 265.058900 1.559640
INPUT g4501 265.058900 1.559640
INPUT g4504 265.058900 1.559640
INPUT g4512 265.058900 1.559640
INPUT g4521 265.136460 2.207600
INPUT g4527 265.058900 1.559640
INPUT g4515 265.058900 1.559640
INPUT g4519 265.136460 2.207600
INPUT g4486 265.168900 1.559640
INPUT g4489 265.168900 1.559640
INPUT g4492 265.168900 1.559640
INPUT g4537 265.168900 1.559640
INPUT g4540 265.058900 1.559640
INPUT g4543 265.058900 1.559640
INPUT g4567 265.058900 1.559640
INPUT g4546 265.058900 1.559640
INPUT g4549 265.058900 1.559640
INPUT g4552 265.058900 1.559640
INPUT g4570 265.136460 2.207600
INPUT g4558 265.168900 1.559640
INPUT g4561 265.168900 1.559640
INPUT g4564 265.168900 1.559640
INPUT g4534 265.168900 1.559640
INPUT g4420 265.058900 1.559640
INPUT g4438 265.359300 2.340440
INPUT g4449 265.058900 1.559640
INPUT g4446 265.058900 1.559640
INPUT g4434 265.058900 1.559640
INPUT g4430 265.058900 1.559640
INPUT g4427 265.136460 2.207600
INPUT g4375 265.168900 1.559640
INPUT g4414 265.058900 1.559640
INPUT g4408 265.058900 1.559640
INPUT g4401 265.058900 1.559640
INPUT g4388 265.058900 1.559640
INPUT g4382 265.058900 1.559640
INPUT g4417 265.499300 1.403180
INPUT g4392 265.136460 2.207600
INPUT g4456 1.197620 1.197620
INPUT g4455 265.136460 2.269420
INPUT g1 265.136460 2.207600
INPUT g4304 265.359300 2.340440
INPUT g2932 265.136460 2.207600
INPUT g4639 265.673140 1.734280
INPUT g4621 265.136460 2.207600
INPUT g4628 265.058900 1.559640
INPUT g4633 265.136460 2.207600
INPUT g4643 265.168900 1.559640
INPUT g4340 265.058900 1.559640
INPUT g4349 265.058900 1.559640
INPUT g4358 265.058900 1.559640
INPUT g66 265.499300 1.403180
INPUT g4531 265.499300 1.403180
INPUT g4311 265.359300 2.340440
INPUT g4322 265.058900 1.559640
INPUT g4332 265.136460 2.207600
INPUT g4584 265.058900 1.559640
INPUT g4593 265.058900 1.559640
INPUT g4601 265.058900 1.559640
INPUT g4608 265.136460 2.207600
INPUT g4616 265.058900 1.559640
INPUT g4366 265.244550 1.645000
INPUT g4372 265.058900 1.559640
INPUT g4836 265.359300 2.340440
INPUT g4864 265.453630 2.444770
INPUT g4871 265.453630 2.444770
INPUT g4878 265.453630 2.444770
INPUT g4843 265.136460 2.207600
INPUT g4849 265.058900 1.559640
INPUT g4854 265.058900 1.559640
INPUT g4859 265.058900 1.559640
INPUT g4917 265.359300 2.340440
INPUT g4922 265.168900 1.559640
INPUT g4907 265.168900 1.559640
INPUT g4912 265.168900 1.559640
INPUT g4927 265.168900 1.559640
INPUT g4931 1.197620 1.197620
INPUT g4932 1.197620 1.197620
INPUT g4572 265.058900 1.559640
INPUT g4578 265.058900 1.559640
INPUT g4999 265.359300 2.340440
INPUT g4983 265.058900 1.559640
INPUT g4991 265.058900 1.559640
INPUT g4966 265.136460 2.207600
INPUT g4975 265.058900 1.559640
INPUT g4899 265.058900 1.559640
INPUT g4894 265.359300 2.340440
INPUT g4888 265.058900 1.559640
INPUT g4939 265.359300 2.340440
INPUT g4933 265.058900 1.559640
INPUT g4950 265.359300 2.340440
INPUT g4944 265.058900 1.559640
INPUT g4961 265.359300 2.340440
INPUT g4955 265.058900 1.559640
INPUT g4646 265.359300 2.340440
INPUT g4674 265.453630 2.444770
INPUT g4681 265.453630 2.444770
INPUT g4688 265.453630 2.444770
INPUT g4653 265.136460 2.207600
INPUT g4659 265.058900 1.559640
INPUT g4664 265.058900 1.559640
INPUT g4669 265.058900 1.559640
INPUT g4727 265.359300 2.340440
INPUT g4732 265.168900 1.559640
INPUT g4717 265.168900 1.559640
INPUT g4722 265.168900 1.559640
INPUT g4737 265.168900 1.559640
INPUT g4741 1.197620 1.197620
INPUT g4742 1.197620 1.197620
INPUT g59 265.058900 1.559640
INPUT g4575 265.058900 1.559640
INPUT g4809 265.359300 2.340440
INPUT g4793 265.058900 1.559640
INPUT g4801 265.058900 1.559640
INPUT g4776 265.136460 2.207600
INPUT g4785 265.058900 1.559640
INPUT g4709 265.058900 1.559640
INPUT g4704 265.359300 2.340440
INPUT g4698 265.058900 1.559640
INPUT g4749 265.359300 2.340440
INPUT g4743 265.058900 1.559640
INPUT g4760 265.359300 2.340440
INPUT g4754 265.058900 1.559640
INPUT g4771 265.359300 2.340440
INPUT g4765 265.058900 1.559640
INPUT g5313 265.359300 2.340440
INPUT g5343 265.058900 1.559640
INPUT g5348 265.499300 1.403180
INPUT g5352 265.453630 2.444770
INPUT g5357 265.058900 1.559640
INPUT g5297 265.058900 1.559640
INPUT g5101 265.359300 2.340440
INPUT g5062 265.499300 1.403180
INPUT g5105 265.168900 1.559640
INPUT g5022 265.499300 1.403180
INPUT g5016 265.058900 1.559640
INPUT g5029 265.058900 1.559640
INPUT g5033 265.058900 1.559640
INPUT g5037 265.058900 1.559640
INPUT g5041 265.058900 1.559640
INPUT g5046 265.058900 1.559640
INPUT g5052 265.058900 1.559640
INPUT g5057 265.058900 1.559640
INPUT g5069 265.453630 2.444770
INPUT g5073 265.453630 2.444770
INPUT g5077 265.453630 2.444770
INPUT g5080 265.136460 2.207600
INPUT g5084 265.058900 1.559640
INPUT g5092 265.058900 1.559640
INPUT g5097 265.058900 1.559640
INPUT g86 265.136460 2.207600
INPUT g5164 265.244550 2.245690
INPUT g5170 265.058900 1.559640
INPUT g5176 265.168900 1.559640
INPUT g5180 265.058900 1.559640
INPUT g5188 265.058900 1.559640
INPUT g5196 265.058900 1.559640
INPUT g5224 265.058900 1.559640
INPUT g5240 265.058900 1.559640
INPUT g5256 265.058900 1.559640
INPUT g5204 265.058900 1.559640
INPUT g5200 265.058900 1.559640
INPUT g5228 265.058900 1.559640
INPUT g5244 265.058900 1.559640
INPUT g5260 265.058900 1.559640
INPUT g5212 265.058900 1.559640
INPUT g5208 265.058900 1.559640
INPUT g5232 265.058900 1.559640
INPUT g5248 265.058900 1.559640
INPUT g5264 265.058900 1.559640
INPUT g5220 265.058900 1.559640
INPUT g5216 265.058900 1.559640
INPUT g5236 265.058900 1.559640
INPUT g5252 265.058900 1.559640
INPUT g5268 265.058900 1.559640
INPUT g5272 265.058900 1.559640
INPUT g128 265.058900 1.559640
INPUT g5156 265.359300 2.340440
INPUT g5120 265.058900 1.559640
INPUT g5115 265.058900 1.559640
INPUT g5124 265.058900 1.559640
INPUT g5128 265.058900 1.559640
INPUT g5134 265.058900 1.559640
INPUT g5138 265.058900 1.559640
INPUT g5142 265.058900 1.559640
INPUT g5148 265.058900 1.559640
INPUT g5152 265.058900 1.559640
INPUT g5160 265.359300 2.340440
INPUT g5659 265.359300 2.340440
INPUT g5689 265.058900 1.559640
INPUT g5694 265.499300 1.403180
INPUT g5698 265.453630 2.444770
INPUT g5703 265.058900 1.559640
INPUT g5644 265.058900 1.559640
INPUT g5448 265.359300 2.340440
INPUT g5406 265.499300 1.403180
INPUT g5452 265.168900 1.559640
INPUT g5366 265.499300 1.403180
INPUT g5360 265.058900 1.559640
INPUT g5373 265.058900 1.559640
INPUT g5377 265.058900 1.559640
INPUT g5381 265.058900 1.559640
INPUT g5385 265.058900 1.559640
INPUT g5390 265.058900 1.559640
INPUT g5396 265.058900 1.559640
INPUT g5401 265.058900 1.559640
INPUT g5413 265.453630 2.444770
INPUT g5417 265.453630 2.444770
INPUT g5421 265.453630 2.444770
INPUT g5424 265.136460 2.207600
INPUT g5428 265.058900 1.559640
INPUT g5436 265.058900 1.559640
INPUT g5441 265.058900 1.559640
INPUT g5445 265.136460 2.207600
INPUT g5511 265.244550 2.245690
INPUT g5517 265.058900 1.559640
INPUT g5523 265.168900 1.559640
INPUT g5527 265.058900 1.559640
INPUT g5535 265.058900 1.559640
INPUT g5543 265.058900 1.559640
INPUT g5571 265.058900 1.559640
INPUT g5587 265.058900 1.559640
INPUT g5603 265.058900 1.559640
INPUT g5551 265.058900 1.559640
INPUT g5547 265.058900 1.559640
INPUT g5575 265.058900 1.559640
INPUT g5591 265.058900 1.559640
INPUT g5607 265.058900 1.559640
INPUT g5559 265.058900 1.559640
INPUT g5555 265.058900 1.559640
INPUT g5579 265.058900 1.559640
INPUT g5595 265.058900 1.559640
INPUT g5611 265.058900 1.559640
INPUT g5567 265.058900 1.559640
INPUT g5563 265.058900 1.559640
INPUT g5583 265.058900 1.559640
INPUT g5599 265.058900 1.559640
INPUT g5615 265.058900 1.559640
INPUT g5619 265.058900 1.559640
INPUT g4821 265.058900 1.559640
INPUT g5503 265.359300 2.340440
INPUT g5467 265.058900 1.559640
INPUT g5462 265.058900 1.559640
INPUT g5471 265.058900 1.559640
INPUT g5475 265.058900 1.559640
INPUT g5481 265.058900 1.559640
INPUT g5485 265.058900 1.559640
INPUT g5489 265.058900 1.559640
INPUT g5495 265.058900 1.559640
INPUT g5499 265.058900 1.559640
INPUT g5507 265.359300 2.340440
INPUT g6005 265.359300 2.340440
INPUT g6035 265.058900 1.559640
INPUT g6040 265.499300 1.403180
INPUT g6044 265.453630 2.444770
INPUT g6049 265.058900 1.559640
INPUT g5990 265.058900 1.559640
INPUT g5794 265.359300 2.340440
INPUT g5752 265.499300 1.403180
INPUT g5798 265.168900 1.559640
INPUT g5712 265.499300 1.403180
INPUT g5706 265.058900 1.559640
INPUT g5719 265.058900 1.559640
INPUT g5723 265.058900 1.559640
INPUT g5727 265.058900 1.559640
INPUT g5731 265.058900 1.559640
INPUT g5736 265.058900 1.559640
INPUT g5742 265.058900 1.559640
INPUT g5747 265.058900 1.559640
INPUT g5759 265.453630 2.444770
INPUT g5763 265.453630 2.444770
INPUT g5767 265.453630 2.444770
INPUT g5770 265.136460 2.207600
INPUT g5774 265.058900 1.559640
INPUT g5782 265.058900 1.559640
INPUT g5787 265.058900 1.559640
INPUT g5791 265.136460 2.207600
INPUT g5857 265.244550 2.245690
INPUT g5863 265.058900 1.559640
INPUT g5869 265.168900 1.559640
INPUT g5873 265.058900 1.559640
INPUT g5881 265.058900 1.559640
INPUT g5889 265.058900 1.559640
INPUT g5917 265.058900 1.559640
INPUT g5933 265.058900 1.559640
INPUT g5949 265.058900 1.559640
INPUT g5897 265.058900 1.559640
INPUT g5893 265.058900 1.559640
INPUT g5921 265.058900 1.559640
INPUT g5937 265.058900 1.559640
INPUT g5953 265.058900 1.559640
INPUT g5905 265.058900 1.559640
INPUT g5901 265.058900 1.559640
INPUT g5925 265.058900 1.559640
INPUT g5941 265.058900 1.559640
INPUT g5957 265.058900 1.559640
INPUT g5913 265.058900 1.559640
INPUT g5909 265.058900 1.559640
INPUT g5929 265.058900 1.559640
INPUT g5945 265.058900 1.559640
INPUT g5961 265.058900 1.559640
INPUT g5965 265.058900 1.559640
INPUT g4831 265.058900 1.559640
INPUT g5849 265.359300 2.340440
INPUT g5813 265.058900 1.559640
INPUT g5808 265.058900 1.559640
INPUT g5817 265.058900 1.559640
INPUT g5821 265.058900 1.559640
INPUT g5827 265.058900 1.559640
INPUT g5831 265.058900 1.559640
INPUT g5835 265.058900 1.559640
INPUT g5841 265.058900 1.559640
INPUT g5845 265.058900 1.559640
INPUT g5853 265.359300 2.340440
INPUT g6351 265.359300 2.340440
INPUT g6381 265.058900 1.559640
INPUT g6386 265.499300 1.403180
INPUT g6390 265.453630 2.444770
INPUT g6395 265.058900 1.559640
INPUT g6336 265.058900 1.559640
INPUT g6140 265.359300 2.340440
INPUT g6098 265.499300 1.403180
INPUT g6144 265.168900 1.559640
INPUT g6058 265.499300 1.403180
INPUT g6052 265.058900 1.559640
INPUT g6065 265.058900 1.559640
INPUT g6069 265.058900 1.559640
INPUT g6073 265.058900 1.559640
INPUT g6077 265.058900 1.559640
INPUT g6082 265.058900 1.559640
INPUT g6088 265.058900 1.559640
INPUT g6093 265.058900 1.559640
INPUT g6105 265.453630 2.444770
INPUT g6109 265.453630 2.444770
INPUT g6113 265.453630 2.444770
INPUT g6116 265.136460 2.207600
INPUT g6120 265.058900 1.559640
INPUT g6128 265.058900 1.559640
INPUT g6133 265.058900 1.559640
INPUT g6137 265.136460 2.207600
INPUT g6203 265.244550 2.245690
INPUT g6209 265.058900 1.559640
INPUT g6215 265.168900 1.559640
INPUT g6219 265.058900 1.559640
INPUT g6227 265.058900 1.559640
INPUT g6235 265.058900 1.559640
INPUT g6263 265.058900 1.559640
INPUT g6279 265.058900 1.559640
INPUT g6295 265.058900 1.559640
INPUT g6243 265.058900 1.559640
INPUT g6239 265.058900 1.559640
INPUT g6267 265.058900 1.559640
INPUT g6283 265.058900 1.559640
INPUT g6299 265.058900 1.559640
INPUT g6251 265.058900 1.559640
INPUT g6247 265.058900 1.559640
INPUT g6271 265.058900 1.559640
INPUT g6287 265.058900 1.559640
INPUT g6303 265.058900 1.559640
INPUT g6259 265.058900 1.559640
INPUT g6255 265.058900 1.559640
INPUT g6275 265.058900 1.559640
INPUT g6291 265.058900 1.559640
INPUT g6307 265.058900 1.559640
INPUT g6311 265.058900 1.559640
INPUT g4826 265.058900 1.559640
INPUT g6195 265.359300 2.340440
INPUT g6159 265.058900 1.559640
INPUT g6154 265.058900 1.559640
INPUT g6163 265.058900 1.559640
INPUT g6167 265.058900 1.559640
INPUT g6173 265.058900 1.559640
INPUT g6177 265.058900 1.559640
INPUT g6181 265.058900 1.559640
INPUT g6187 265.058900 1.559640
INPUT g6191 265.058900 1.559640
INPUT g6199 265.359300 2.340440
INPUT g6697 265.099300 2.340440
INPUT g6727 265.058900 1.559640
INPUT g6732 265.499300 1.403180
INPUT g6736 265.453630 2.444770
INPUT g6741 265.058900 1.559640
INPUT g6682 265.058900 1.559640
INPUT g6486 265.359300 2.340440
INPUT g6444 265.499300 1.403180
INPUT g6490 265.168900 1.559640
INPUT g6404 265.499300 1.403180
INPUT g6398 265.058900 1.559640
INPUT g6411 265.058900 1.559640
INPUT g6415 265.058900 1.559640
INPUT g6419 265.058900 1.559640
INPUT g6423 265.058900 1.559640
INPUT g6428 265.058900 1.559640
INPUT g6434 265.058900 1.559640
INPUT g6439 265.058900 1.559640
INPUT g6451 265.453630 2.444770
INPUT g6455 265.453630 2.444770
INPUT g6459 265.453630 2.444770
INPUT g6462 265.136460 2.207600
INPUT g6466 265.058900 1.559640
INPUT g6474 265.058900 1.559640
INPUT g6479 265.058900 1.559640
INPUT g6483 265.136460 2.207600
INPUT g6549 265.244550 2.245690
INPUT g6555 265.058900 1.559640
INPUT g6561 265.168900 1.559640
INPUT g6565 265.058900 1.559640
INPUT g6573 265.058900 1.559640
INPUT g6581 265.058900 1.559640
INPUT g6609 265.058900 1.559640
INPUT g6625 265.058900 1.559640
INPUT g6641 265.058900 1.559640
INPUT g6589 265.058900 1.559640
INPUT g6585 265.058900 1.559640
INPUT g6613 265.058900 1.559640
INPUT g6629 265.058900 1.559640
INPUT g6645 265.058900 1.559640
INPUT g6597 265.058900 1.559640
INPUT g6593 265.058900 1.559640
INPUT g6617 265.058900 1.559640
INPUT g6633 265.058900 1.559640
INPUT g6649 265.058900 1.559640
INPUT g6605 265.058900 1.559640
INPUT g6601 265.058900 1.559640
INPUT g6621 265.058900 1.559640
INPUT g6637 265.058900 1.559640
INPUT g6653 265.058900 1.559640
INPUT g6657 265.058900 1.559640
INPUT g5011 265.058900 1.559640
INPUT g6541 265.359300 2.340440
INPUT g6505 265.058900 1.559640
INPUT g6500 265.058900 1.559640
INPUT g6509 265.058900 1.559640
INPUT g6513 265.058900 1.559640
INPUT g6519 265.058900 1.559640
INPUT g6523 265.058900 1.559640
INPUT g6527 265.058900 1.559640
INPUT g6533 265.058900 1.559640
INPUT g6537 265.058900 1.559640
INPUT g6545 265.359300 2.340440
INPUT g3303 265.359300 2.340440
INPUT g3338 265.058900 1.559640
INPUT g3343 265.499300 1.403180
INPUT g3347 265.453630 2.444770
INPUT g3352 265.058900 1.559640
INPUT g3288 265.058900 1.559640
INPUT g3092 265.359300 2.340440
INPUT g3050 265.499300 1.403180
INPUT g3096 265.168900 1.559640
INPUT g3010 265.499300 1.403180
INPUT g3004 265.058900 1.559640
INPUT g3017 265.058900 1.559640
INPUT g3021 265.058900 1.559640
INPUT g3025 265.058900 1.559640
INPUT g3029 265.058900 1.559640
INPUT g3034 265.058900 1.559640
INPUT g3040 265.058900 1.559640
INPUT g3045 265.058900 1.559640
INPUT g3057 265.453630 2.444770
INPUT g3061 265.453630 2.444770
INPUT g3065 265.453630 2.444770
INPUT g3068 265.136460 2.207600
INPUT g3072 265.058900 1.559640
INPUT g3080 265.058900 1.559640
INPUT g3085 265.058900 1.559640
INPUT g3089 265.136460 2.207600
INPUT g3155 265.244550 2.245690
INPUT g3161 265.058900 1.559640
INPUT g3167 265.168900 1.559640
INPUT g3171 265.058900 1.559640
INPUT g3179 265.058900 1.559640
INPUT g3187 265.058900 1.559640
INPUT g3215 265.058900 1.559640
INPUT g3231 265.058900 1.559640
INPUT g3247 265.058900 1.559640
INPUT g3195 265.058900 1.559640
INPUT g3191 265.058900 1.559640
INPUT g3219 265.058900 1.559640
INPUT g3235 265.058900 1.559640
INPUT g3251 265.058900 1.559640
INPUT g3203 265.058900 1.559640
INPUT g3199 265.058900 1.559640
INPUT g3223 265.058900 1.559640
INPUT g3239 265.058900 1.559640
INPUT g3255 265.058900 1.559640
INPUT g3211 265.058900 1.559640
INPUT g3207 265.058900 1.559640
INPUT g3227 265.058900 1.559640
INPUT g3243 265.058900 1.559640
INPUT g3259 265.058900 1.559640
INPUT g3263 265.058900 1.559640
INPUT g3333 265.058900 1.559640
INPUT g3147 265.359300 2.340440
INPUT g3111 265.058900 1.559640
INPUT g3106 265.058900 1.559640
INPUT g3115 265.058900 1.559640
INPUT g3119 265.058900 1.559640
INPUT g3125 265.058900 1.559640
INPUT g3129 265.058900 1.559640
INPUT g3133 265.058900 1.559640
INPUT g3139 265.058900 1.559640
INPUT g3143 265.058900 1.559640
INPUT g3151 265.359300 2.340440
INPUT g3654 265.359300 2.340440
INPUT g3689 265.058900 1.559640
INPUT g3694 265.499300 1.403180
INPUT g3698 265.453630 2.444770
INPUT g3703 265.058900 1.559640
INPUT g3639 265.058900 1.559640
INPUT g3443 265.359300 2.340440
INPUT g3401 265.499300 1.403180
INPUT g3447 265.168900 1.559640
INPUT g3361 265.499300 1.403180
INPUT g3355 265.058900 1.559640
INPUT g3368 265.058900 1.559640
INPUT g3372 265.058900 1.559640
INPUT g3376 265.058900 1.559640
INPUT g3380 265.058900 1.559640
INPUT g3385 265.058900 1.559640
INPUT g3391 265.058900 1.559640
INPUT g3396 265.058900 1.559640
INPUT g3408 265.453630 2.444770
INPUT g3412 265.453630 2.444770
INPUT g3416 265.453630 2.444770
INPUT g3419 265.136460 2.207600
INPUT g3423 265.058900 1.559640
INPUT g3431 265.058900 1.559640
INPUT g3436 265.058900 1.559640
INPUT g3440 265.136460 2.207600
INPUT g3506 265.244550 2.245690
INPUT g3512 265.058900 1.559640
INPUT g3518 265.168900 1.559640
INPUT g3522 265.058900 1.559640
INPUT g3530 265.058900 1.559640
INPUT g3538 265.058900 1.559640
INPUT g3566 265.058900 1.559640
INPUT g3582 265.058900 1.559640
INPUT g3598 265.058900 1.559640
INPUT g3546 265.058900 1.559640
INPUT g3542 265.058900 1.559640
INPUT g3570 265.058900 1.559640
INPUT g3586 265.058900 1.559640
INPUT g3602 265.058900 1.559640
INPUT g3554 265.058900 1.559640
INPUT g3550 265.058900 1.559640
INPUT g3574 265.058900 1.559640
INPUT g3590 265.058900 1.559640
INPUT g3606 265.058900 1.559640
INPUT g3562 265.058900 1.559640
INPUT g3558 265.058900 1.559640
INPUT g3578 265.058900 1.559640
INPUT g3594 265.058900 1.559640
INPUT g3610 265.058900 1.559640
INPUT g3614 265.058900 1.559640
INPUT g3684 265.058900 1.559640
INPUT g3498 265.359300 2.340440
INPUT g3462 265.058900 1.559640
INPUT g3457 265.058900 1.559640
INPUT g3466 265.058900 1.559640
INPUT g3470 265.058900 1.559640
INPUT g3476 265.058900 1.559640
INPUT g3480 265.058900 1.559640
INPUT g3484 265.058900 1.559640
INPUT g3490 265.058900 1.559640
INPUT g3494 265.058900 1.559640
INPUT g3502 265.359300 2.340440
INPUT g4005 265.359300 2.340440
INPUT g4040 265.058900 1.559640
INPUT g4045 265.499300 1.403180
INPUT g4049 265.453630 2.444770
INPUT g4054 265.058900 1.559640
INPUT g3990 265.058900 1.559640
INPUT g3794 265.359300 2.340440
INPUT g3752 265.499300 1.403180
INPUT g3798 265.168900 1.559640
INPUT g3712 265.499300 1.403180
INPUT g3706 265.058900 1.559640
INPUT g3719 265.058900 1.559640
INPUT g3723 265.058900 1.559640
INPUT g3727 265.058900 1.559640
INPUT g3731 265.058900 1.559640
INPUT g3736 265.058900 1.559640
INPUT g3742 265.058900 1.559640
INPUT g3747 265.058900 1.559640
INPUT g3759 265.453630 2.444770
INPUT g3763 265.453630 2.444770
INPUT g3767 265.453630 2.444770
INPUT g3770 265.136460 2.207600
INPUT g3774 265.058900 1.559640
INPUT g3782 265.058900 1.559640
INPUT g3787 265.058900 1.559640
INPUT g3791 265.136460 2.207600
INPUT g3857 265.244550 2.245690
INPUT g3863 265.058900 1.559640
INPUT g3869 265.168900 1.559640
INPUT g3873 265.058900 1.559640
INPUT g3881 265.058900 1.559640
INPUT g3889 265.058900 1.559640
INPUT g3917 265.058900 1.559640
INPUT g3933 265.058900 1.559640
INPUT g3949 265.058900 1.559640
INPUT g3897 265.058900 1.559640
INPUT g3893 265.058900 1.559640
INPUT g3921 265.058900 1.559640
INPUT g3937 265.058900 1.559640
INPUT g3953 265.058900 1.559640
INPUT g3905 265.058900 1.559640
INPUT g3901 265.058900 1.559640
INPUT g3925 265.058900 1.559640
INPUT g3941 265.058900 1.559640
INPUT g3957 265.058900 1.559640
INPUT g3913 265.058900 1.559640
INPUT g3909 265.058900 1.559640
INPUT g3929 265.058900 1.559640
INPUT g3945 265.058900 1.559640
INPUT g3961 265.058900 1.559640
INPUT g3965 265.058900 1.559640
INPUT g4035 265.058900 1.559640
INPUT g3849 265.359300 2.340440
INPUT g3813 265.058900 1.559640
INPUT g3808 265.058900 1.559640
INPUT g3817 265.058900 1.559640
INPUT g3821 265.058900 1.559640
INPUT g3827 265.058900 1.559640
INPUT g3831 265.058900 1.559640
INPUT g3835 265.058900 1.559640
INPUT g3841 265.058900 1.559640
INPUT g3845 265.058900 1.559640
INPUT g3853 265.359300 2.340440
INPUT g4165 265.099300 2.340440
INPUT g4169 265.168900 1.559640
INPUT g4125 265.499300 1.403180
INPUT g4072 265.499300 1.403180
INPUT g4064 265.058900 1.559640
INPUT g4057 265.499300 1.403180
INPUT g4141 265.499300 1.403180
INPUT g4082 265.058900 1.559640
INPUT g4076 265.058900 1.559640
INPUT g4087 265.499300 1.403180
INPUT g4093 265.499300 1.403180
INPUT g4098 265.058900 1.559640
INPUT g4108 265.058900 1.559640
INPUT g4104 265.058900 1.559640
INPUT g4145 265.136460 2.207600
INPUT g4112 265.058900 1.559640
INPUT g4116 265.058900 1.559640
INPUT g4119 265.058900 1.559640
INPUT g4122 265.058900 1.559640
INPUT g4153 265.136460 2.207600
INPUT g4164 265.136460 2.207600
INPUT g4129 265.058900 1.559640
INPUT g4132 265.058900 1.559640
INPUT g4135 265.058900 1.559640
INPUT g4138 265.058900 1.559640
INPUT g4172 265.244550 1.655140
INPUT g4176 1.652030 1.587920
INPUT g4146 265.168900 1.559640
INPUT g4157 265.168900 1.559640
INPUT g4258 265.359300 2.340440
INPUT g4264 265.058900 1.559640
INPUT g4269 265.058900 1.559640
INPUT g4273 265.136460 2.207600
INPUT g4239 265.058900 1.559640
INPUT g4294 265.499300 1.403180
INPUT g4300 1.652030 1.587920
INPUT g4253 265.168900 1.559640
INPUT g4249 265.168900 1.559640
INPUT g4245 265.168900 1.559640
INPUT g4277 265.058900 1.559640
INPUT g4284 265.136460 2.207600
INPUT g4287 265.058900 1.559640
INPUT g2946 265.136460 2.207600
INPUT g4191 265.058900 1.559640
INPUT g4185 265.168900 1.559640
INPUT g4242 265.058900 1.559640
INPUT g305 265.603630 2.584770
INPUT g311 265.168900 1.559640
INPUT g336 265.058900 1.559640
INPUT g324 265.058900 1.559640
INPUT g316 265.136460 2.207600
INPUT g319 265.136460 2.207600
INPUT g329 265.168900 1.559640
INPUT g333 265.058900 1.559640
INPUT g344 265.058900 1.559640
INPUT g351 265.499300 1.403180
INPUT g355 265.499300 1.403180
INPUT g74 265.136460 2.269420
INPUT g106 265.499300 1.403180
INPUT g341 265.168900 1.559640
INPUT g637 265.359300 2.340440
INPUT g562 265.136460 2.207600
INPUT g568 265.058900 1.559640
INPUT g572 265.058900 1.559640
INPUT g586 265.058900 1.559640
INPUT g577 265.058900 1.559640
INPUT g582 265.058900 1.559640
INPUT g590 265.058900 1.559640
INPUT g595 265.058900 1.559640
INPUT g599 265.058900 1.559640
INPUT g604 265.058900 1.559640
INPUT g608 265.058900 1.559640
INPUT g613 265.058900 1.559640
INPUT g617 265.058900 1.559640
INPUT g622 265.058900 1.559640
INPUT g626 265.058900 1.559640
INPUT g632 265.058900 1.559640
INPUT g859 265.359300 2.340440
INPUT g225 265.058900 1.559640
INPUT g255 265.058900 1.559640
INPUT g232 265.058900 1.559640
INPUT g262 265.058900 1.559640
INPUT g239 265.058900 1.559640
INPUT g269 265.058900 1.559640
INPUT g246 265.058900 1.559640
INPUT g446 265.058900 1.559640
INPUT g890 265.058900 1.559640
INPUT g862 265.058900 1.559640
INPUT g896 265.058900 1.559640
INPUT g901 1.197620 1.197620
INPUT g391 265.136460 2.269420
INPUT g365 265.499300 1.403180
INPUT g370 265.058900 1.559640
INPUT g376 265.058900 1.559640
INPUT g385 265.058900 1.559640
INPUT g203 265.168900 1.559640
INPUT g854 265.359300 2.340440
INPUT g847 265.058900 1.559640
INPUT g703 265.058900 1.559640
INPUT g837 265.058900 1.559640
INPUT g843 265.058900 1.559640
INPUT g812 265.058900 1.559640
INPUT g817 265.136460 2.207600
INPUT g832 265.058900 1.559640
INPUT g822 265.058900 1.559640
INPUT g827 265.058900 1.559640
INPUT g723 265.058900 1.559640
INPUT g645 265.359300 2.340440
INPUT g681 265.058900 1.559640
INPUT g699 265.058900 1.559640
INPUT g650 265.058900 1.559640
INPUT g655 265.058900 1.559640
INPUT g718 265.058900 1.559640
INPUT g661 265.058900 1.559640
INPUT g728 265.058900 1.559640
INPUT g79 265.058900 1.559640
INPUT g691 265.058900 1.559640
INPUT g686 265.058900 1.559640
INPUT g667 265.058900 1.559640
INPUT g671 265.136460 2.207600
INPUT g676 265.058900 1.559640
INPUT g714 265.058900 1.559640
INPUT g499 265.359300 2.340440
INPUT g504 265.058900 1.559640
INPUT g513 265.058900 1.559640
INPUT g518 265.058900 1.559640
INPUT g528 265.058900 1.559640
INPUT g482 265.058900 1.559640
INPUT g490 265.058900 1.559640
INPUT g417 265.099300 2.340440
INPUT g411 265.058900 1.559640
INPUT g424 265.058900 1.559640
INPUT g475 265.058900 1.559640
INPUT g441 265.058900 1.559640
INPUT g437 265.058900 1.559640
INPUT g433 265.058900 1.559640
INPUT g429 265.058900 1.559640
INPUT g401 265.058900 1.559640
INPUT g392 265.058900 1.559640
INPUT g405 265.058900 1.559640
INPUT g182 265.058900 1.559640
INPUT g174 265.058900 1.559640
INPUT g168 265.058900 1.559640
INPUT g460 265.058900 1.559640
INPUT g452 265.058900 1.559640
INPUT g457 265.058900 1.559640
INPUT g471 265.058900 1.559640
INPUT g464 265.058900 1.559640
INPUT g468 265.058900 1.559640
INPUT g479 265.244550 1.645000
INPUT g102 265.499300 1.403180
INPUT g496 265.499300 1.403180
INPUT g732 265.359300 2.340440
INPUT g753 265.058900 1.559640
INPUT g799 265.168900 1.559640
INPUT g739 265.058900 1.559640
INPUT g744 265.058900 1.559640
INPUT g749 265.058900 1.559640
INPUT g758 265.058900 1.559640
INPUT g763 265.058900 1.559640
INPUT g767 265.058900 1.559640
INPUT g772 265.058900 1.559640
INPUT g776 265.058900 1.559640
INPUT g781 265.058900 1.559640
INPUT g785 265.058900 1.559640
INPUT g790 265.058900 1.559640
INPUT g794 265.058900 1.559640
INPUT g807 265.058900 1.559640
INPUT g554 265.058900 1.559640
INPUT g538 265.244550 1.655140
INPUT g546 1.652030 1.587920
INPUT g542 1.800030 1.587920
INPUT g534 1.652030 1.587920
INPUT g550 1.652030 1.587920
INPUT g136 265.058900 1.559640
INPUT g199 1.652030 1.587920
INPUT g278 265.631410 2.724870
INPUT g283 265.499300 1.403180
INPUT g287 265.058900 1.559640
INPUT g291 265.058900 1.559640
INPUT g294 265.058900 1.559640
INPUT g298 265.058900 1.559640
INPUT g142 265.058900 1.559640
INPUT g146 265.058900 1.559640
INPUT g164 265.058900 1.559640
INPUT g150 265.058900 1.559640
INPUT g153 265.058900 1.559640
INPUT g157 265.058900 1.559640
INPUT g160 265.058900 1.559640
INPUT g301 265.499300 1.403180
INPUT g222 265.499300 1.403180
INPUT g194 265.058900 1.559640
INPUT g209 265.058900 1.559640
INPUT g215 265.058900 1.559640
INPUT g1249 265.359300 2.340440
INPUT g1266 265.058900 1.559640
INPUT g1280 265.058900 1.559640
INPUT g1252 265.058900 1.559640
INPUT g1256 265.058900 1.559640
INPUT g1259 265.058900 1.559640
INPUT g1263 265.058900 1.559640
INPUT g1270 265.058900 1.559640
INPUT g1274 265.058900 1.559640
INPUT g1277 2.709030 1.587920
INPUT g1418 265.359300 2.340440
INPUT g1548 265.058900 1.559640
INPUT g1564 265.058900 1.559640
INPUT g1559 265.058900 1.559640
INPUT g1554 265.058900 1.559640
INPUT g1570 265.168900 1.559640
INPUT g1589 265.168900 1.559640
INPUT g1576 265.058900 1.559640
INPUT g1339 265.168900 1.559640
INPUT g1500 265.136460 2.207600
INPUT g1399 265.058900 1.559640
INPUT g1514 265.603630 2.584770
INPUT g1526 265.136460 2.207600
INPUT g1521 265.058900 1.559640
INPUT g1306 265.058900 1.559640
INPUT g1532 265.058900 1.559640
INPUT g1536 265.058900 1.559640
INPUT g1542 265.136460 2.207600
INPUT g1413 265.058900 1.559640
INPUT g1395 265.359300 2.340440
INPUT g1404 265.168900 1.559640
INPUT g1319 1.652030 1.587920
INPUT g1312 265.603630 2.584770
INPUT g1351 265.058900 1.559640
INPUT g1345 265.058900 1.559640
INPUT g1361 265.058900 1.559640
INPUT g1367 265.058900 1.559640
INPUT g1373 265.058900 1.559640
INPUT g1379 265.058900 1.559640
INPUT g1384 265.058900 1.559640
INPUT g1389 265.058900 1.559640
INPUT g1489 265.359300 2.340440
INPUT g1495 265.058900 1.559640
INPUT g1442 265.058900 1.559640
INPUT g1437 265.058900 1.559640
INPUT g1478 265.058900 1.559640
INPUT g1454 265.058900 1.559640
INPUT g1448 265.058900 1.559640
INPUT g1467 265.058900 1.559640
INPUT g1472 265.058900 1.559640
INPUT g1484 265.058900 1.559640
INPUT g1300 265.058900 1.559640
INPUT g1291 265.359300 2.340440
INPUT g1296 1.652030 1.587920
INPUT g1283 1.652030 1.587920
INPUT g1287 1.652030 1.587920
INPUT g1311 1.197620 1.197620
INPUT g929 1.197620 1.197620
INPUT g904 265.058900 1.559640
INPUT g921 265.058900 1.559640
INPUT g936 265.058900 1.559640
INPUT g907 265.058900 1.559640
INPUT g911 265.058900 1.559640
INPUT g914 265.058900 1.559640
INPUT g918 265.058900 1.559640
INPUT g925 265.058900 1.559640
INPUT g930 265.058900 1.559640
INPUT g933 2.709030 1.587920
INPUT g1075 265.359300 2.340440
INPUT g1205 265.058900 1.559640
INPUT g1221 265.058900 1.559640
INPUT g1216 265.058900 1.559640
INPUT g1211 265.058900 1.559640
INPUT g1227 265.168900 1.559640
INPUT g1246 265.168900 1.559640
INPUT g1233 265.058900 1.559640
INPUT g996 265.168900 1.559640
INPUT g1157 265.136460 2.207600
INPUT g1056 265.058900 1.559640
INPUT g1171 265.603630 2.584770
INPUT g1183 265.136460 2.207600
INPUT g1178 265.058900 1.559640
INPUT g962 265.058900 1.559640
INPUT g1189 265.058900 1.559640
INPUT g1193 265.058900 1.559640
INPUT g1199 265.136460 2.207600
INPUT g1070 265.058900 1.559640
INPUT g1052 265.359300 2.340440
INPUT g1061 265.168900 1.559640
INPUT g976 1.652030 1.587920
INPUT g969 265.603630 2.584770
INPUT g1008 265.058900 1.559640
INPUT g1002 265.058900 1.559640
INPUT g1018 265.058900 1.559640
INPUT g1024 265.058900 1.559640
INPUT g1030 265.058900 1.559640
INPUT g1036 265.058900 1.559640
INPUT g1041 265.058900 1.559640
INPUT g1046 265.058900 1.559640
INPUT g1146 265.359300 2.340440
INPUT g1152 265.058900 1.559640
INPUT g1099 265.058900 1.559640
INPUT g1094 265.058900 1.559640
INPUT g1135 265.058900 1.559640
INPUT g1111 265.058900 1.559640
INPUT g1105 265.058900 1.559640
INPUT g1124 265.058900 1.559640
INPUT g1129 265.058900 1.559640
INPUT g1141 265.058900 1.559640
INPUT g956 265.058900 1.559640
INPUT g947 265.359300 2.340440
INPUT g952 1.652030 1.587920
INPUT g939 1.652030 1.587920
INPUT g943 1.652030 1.587920
INPUT g967 1.197620 1.197620
INPUT g968 1.197620 1.197620
INPUT g1592 265.058900 1.559640
INPUT g1644 265.058900 1.559640
INPUT g1636 265.058900 1.559640
INPUT g1668 265.058900 1.559640
INPUT g1682 265.058900 1.559640
INPUT g1687 265.058900 1.559640
INPUT g1604 265.058900 1.559640
INPUT g1600 265.058900 1.559640
INPUT g1608 265.058900 1.559640
INPUT g1620 265.058900 1.559640
INPUT g1616 265.058900 1.559640
INPUT g1612 265.058900 1.559640
INPUT g1632 265.136460 2.207600
INPUT g1624 265.058900 1.559640
INPUT g1648 265.058900 1.559640
INPUT g1664 265.058900 1.559640
INPUT g1657 265.058900 1.559640
INPUT g1677 265.058900 1.559640
INPUT g1691 265.058900 1.559640
INPUT g1696 265.058900 1.559640
INPUT g1700 265.058900 1.559640
INPUT g1706 265.058900 1.559640
INPUT g1710 265.058900 1.559640
INPUT g1714 265.058900 1.559640
INPUT g1720 265.058900 1.559640
INPUT g1724 265.058900 1.559640
INPUT g1728 265.359300 2.340440
INPUT g1779 265.058900 1.559640
INPUT g1772 265.058900 1.559640
INPUT g1802 265.058900 1.559640
INPUT g1816 265.058900 1.559640
INPUT g1821 265.058900 1.559640
INPUT g1740 265.058900 1.559640
INPUT g1736 265.058900 1.559640
INPUT g1744 265.058900 1.559640
INPUT g1756 265.058900 1.559640
INPUT g1752 265.058900 1.559640
INPUT g1748 265.058900 1.559640
INPUT g1768 265.136460 2.207600
INPUT g1760 265.058900 1.559640
INPUT g1783 265.058900 1.559640
INPUT g1798 265.058900 1.559640
INPUT g1792 265.058900 1.559640
INPUT g1811 265.058900 1.559640
INPUT g1825 265.058900 1.559640
INPUT g1830 265.058900 1.559640
INPUT g1834 265.058900 1.559640
INPUT g1840 265.058900 1.559640
INPUT g1844 265.058900 1.559640
INPUT g1848 265.058900 1.559640
INPUT g1854 265.058900 1.559640
INPUT g1858 265.058900 1.559640
INPUT g1862 265.359300 2.340440
INPUT g1913 265.058900 1.559640
INPUT g1906 265.058900 1.559640
INPUT g1936 265.058900 1.559640
INPUT g1950 265.058900 1.559640
INPUT g1955 265.058900 1.559640
INPUT g1874 265.058900 1.559640
INPUT g1870 265.058900 1.559640
INPUT g1878 265.058900 1.559640
INPUT g1890 265.058900 1.559640
INPUT g1886 265.058900 1.559640
INPUT g1882 265.058900 1.559640
INPUT g1902 265.136460 2.207600
INPUT g1894 265.058900 1.559640
INPUT g1917 265.058900 1.559640
INPUT g1932 265.058900 1.559640
INPUT g1926 265.058900 1.559640
INPUT g1945 265.058900 1.559640
INPUT g1959 265.058900 1.559640
INPUT g1964 265.058900 1.559640
INPUT g1968 265.058900 1.559640
INPUT g1974 265.058900 1.559640
INPUT g1978 265.058900 1.559640
INPUT g1982 265.058900 1.559640
INPUT g1988 265.058900 1.559640
INPUT g1992 265.058900 1.559640
INPUT g1996 265.359300 2.340440
INPUT g2047 265.058900 1.559640
INPUT g2040 265.058900 1.559640
INPUT g2070 265.058900 1.559640
INPUT g2084 265.058900 1.559640
INPUT g2089 265.058900 1.559640
INPUT g2008 265.058900 1.559640
INPUT g2004 265.058900 1.559640
INPUT g2012 265.058900 1.559640
INPUT g2024 265.058900 1.559640
INPUT g2020 265.058900 1.559640
INPUT g2016 265.058900 1.559640
INPUT g2036 265.136460 2.207600
INPUT g2028 265.058900 1.559640
INPUT g2051 265.058900 1.559640
INPUT g2066 265.058900 1.559640
INPUT g2060 265.058900 1.559640
INPUT g2079 265.058900 1.559640
INPUT g2093 265.058900 1.559640
INPUT g2098 265.058900 1.559640
INPUT g2102 265.058900 1.559640
INPUT g2108 265.058900 1.559640
INPUT g2112 265.058900 1.559640
INPUT g2116 265.058900 1.559640
INPUT g2122 265.058900 1.559640
INPUT g2126 265.058900 1.559640
INPUT g2130 265.359300 2.340440
INPUT g2138 265.168900 1.559640
INPUT g2145 265.168900 1.559640
INPUT g2151 1.197620 1.197620
INPUT g2152 1.197620 1.197620
INPUT g2153 265.058900 1.559640
INPUT g2204 265.058900 1.559640
INPUT g2197 265.058900 1.559640
INPUT g2227 265.058900 1.559640
INPUT g2241 265.058900 1.559640
INPUT g2246 265.058900 1.559640
INPUT g2165 265.058900 1.559640
INPUT g2161 265.058900 1.559640
INPUT g2169 265.058900 1.559640
INPUT g2181 265.058900 1.559640
INPUT g2177 265.058900 1.559640
INPUT g2173 265.058900 1.559640
INPUT g2193 265.136460 2.207600
INPUT g2185 265.058900 1.559640
INPUT g2208 265.058900 1.559640
INPUT g2223 265.058900 1.559640
INPUT g2217 265.058900 1.559640
INPUT g2236 265.058900 1.559640
INPUT g2250 265.058900 1.559640
INPUT g2255 265.058900 1.559640
INPUT g2259 265.058900 1.559640
INPUT g2265 265.058900 1.559640
INPUT g2269 265.058900 1.559640
INPUT g2273 265.058900 1.559640
INPUT g2279 265.058900 1.559640
INPUT g2283 265.058900 1.559640
INPUT g2287 265.359300 2.340440
INPUT g2338 265.058900 1.559640
INPUT g2331 265.058900 1.559640
INPUT g2361 265.058900 1.559640
INPUT g2375 265.058900 1.559640
INPUT g2380 265.058900 1.559640
INPUT g2299 265.058900 1.559640
INPUT g2295 265.058900 1.559640
INPUT g2303 265.058900 1.559640
INPUT g2315 265.058900 1.559640
INPUT g2311 265.058900 1.559640
INPUT g2307 265.058900 1.559640
INPUT g2327 265.136460 2.207600
INPUT g2319 265.058900 1.559640
INPUT g2342 265.058900 1.559640
INPUT g2357 265.058900 1.559640
INPUT g2351 265.058900 1.559640
INPUT g2370 265.058900 1.559640
INPUT g2384 265.058900 1.559640
INPUT g2389 265.058900 1.559640
INPUT g2393 265.058900 1.559640
INPUT g2399 265.058900 1.559640
INPUT g2403 265.058900 1.559640
INPUT g2407 265.058900 1.559640
INPUT g2413 265.058900 1.559640
INPUT g2417 265.058900 1.559640
INPUT g2421 265.359300 2.340440
INPUT g2472 265.058900 1.559640
INPUT g2465 265.058900 1.559640
INPUT g2495 265.058900 1.559640
INPUT g2509 265.058900 1.559640
INPUT g2514 265.058900 1.559640
INPUT g2433 265.058900 1.559640
INPUT g2429 265.058900 1.559640
INPUT g2437 265.058900 1.559640
INPUT g2449 265.058900 1.559640
INPUT g2445 265.058900 1.559640
INPUT g2441 265.058900 1.559640
INPUT g2461 265.136460 2.207600
INPUT g2453 265.058900 1.559640
INPUT g2476 265.058900 1.559640
INPUT g2491 265.058900 1.559640
INPUT g2485 265.058900 1.559640
INPUT g2504 265.058900 1.559640
INPUT g2518 265.058900 1.559640
INPUT g2523 265.058900 1.559640
INPUT g2527 265.058900 1.559640
INPUT g2533 265.058900 1.559640
INPUT g2537 265.058900 1.559640
INPUT g2541 265.058900 1.559640
INPUT g2547 265.058900 1.559640
INPUT g2551 265.058900 1.559640
INPUT g2555 265.359300 2.340440
INPUT g2606 265.058900 1.559640
INPUT g2599 265.058900 1.559640
INPUT g2629 265.058900 1.559640
INPUT g2643 265.058900 1.559640
INPUT g2648 265.058900 1.559640
INPUT g2567 265.058900 1.559640
INPUT g2563 265.058900 1.559640
INPUT g2571 265.058900 1.559640
INPUT g2583 265.058900 1.559640
INPUT g2579 265.058900 1.559640
INPUT g2575 265.058900 1.559640
INPUT g2595 265.136460 2.207600
INPUT g2587 265.058900 1.559640
INPUT g2610 265.058900 1.559640
INPUT g2625 265.058900 1.559640
INPUT g2619 265.058900 1.559640
INPUT g2638 265.058900 1.559640
INPUT g2652 265.058900 1.559640
INPUT g2657 265.058900 1.559640
INPUT g2661 265.058900 1.559640
INPUT g2667 265.058900 1.559640
INPUT g2671 265.058900 1.559640
INPUT g2675 265.058900 1.559640
INPUT g2681 265.058900 1.559640
INPUT g2685 265.058900 1.559640
INPUT g2689 265.359300 2.340440
INPUT g2697 265.168900 1.559640
INPUT g2704 265.168900 1.559640
INPUT g2710 1.197620 1.197620
INPUT g2711 1.197620 1.197620
INPUT g2837 265.603630 2.584770
INPUT g2841 265.168900 1.559640
INPUT g2712 265.499300 1.403180
INPUT g2715 265.058900 1.559640
INPUT g2719 265.058900 1.559640
INPUT g2724 265.499300 1.403180
INPUT g2729 265.058900 1.559640
INPUT g2735 265.058900 1.559640
INPUT g2741 265.499300 1.403180
INPUT g2748 265.499300 1.403180
INPUT g2756 265.058900 1.559640
INPUT g2759 265.058900 1.559640
INPUT g2763 265.058900 1.559640
INPUT g2767 1.800030 1.587920
INPUT g2779 1.800030 1.587920
INPUT g2791 1.800030 1.587920
INPUT g2795 1.800030 1.587920
INPUT g2787 265.058900 1.559640
INPUT g2783 265.058900 1.559640
INPUT g2775 265.058900 1.559640
INPUT g2771 265.058900 1.559640
INPUT g2831 265.136460 2.207600
INPUT g121 265.136460 2.207600
INPUT g2799 1.800030 1.587920
INPUT g2811 1.800030 1.587920
INPUT g2823 1.800030 1.587920
INPUT g2827 1.800030 1.587920
INPUT g2819 265.058900 1.559640
INPUT g2815 265.058900 1.559640
INPUT g2807 265.058900 1.559640
INPUT g2803 265.058900 1.559640
INPUT g2834 265.136460 2.207600
INPUT g117 265.136460 2.207600
INPUT g2999 265.244550 1.655140
INPUT g2994 265.168900 1.559640
INPUT g2988 265.168900 1.559640
INPUT g2868 265.168900 1.559640
INPUT g2873 265.168900 1.559640
INPUT g2890 1.652030 1.587920
INPUT g2844 265.058900 1.559640
INPUT g2852 265.168900 1.559640
INPUT g2860 265.168900 1.559640
INPUT g2894 265.168900 1.559640
INPUT g37 265.058900 1.559640
INPUT g94 265.168900 1.559640
INPUT g2848 4.791860 1.587920
INPUT g2856 5.693160 1.587920
INPUT g2864 11.345840 1.587920
INPUT g2898 8.053420 1.587920
INPUT g2882 5.774960 1.587920
INPUT g2878 1.652030 1.587920
INPUT g2886 1.652030 1.587920
INPUT g2980 1.652030 1.587920
INPUT g2984 287.780450 1.559640
INPUT g2907 265.058900 1.559640
INPUT g2912 265.168900 1.559640
INPUT g2922 265.168900 1.559640
INPUT g2936 265.168900 1.559640
INPUT g2950 265.168900 1.559640
INPUT g2960 265.168900 1.559640
INPUT g2970 265.168900 1.559640
INPUT g2902 265.058900 1.559640
INPUT g2917 5.329150 1.587920
INPUT g2927 1.643030 1.587920
INPUT g2941 1.643030 1.587920
INPUT g2955 265.058900 1.559640
INPUT g2965 5.832960 1.587920
INPUT g2975 5.329150 1.587920
INPUT g3003 1.197620 1.197620
INPUT g6 269.424340 6.662250
INPUT g7 270.238180 269.404340
INPUT g8 271.081650 269.424340
INPUT g9 271.066890 269.409580
INPUT g16 271.081650 269.424340
INPUT g19 271.066890 269.409580
INPUT g28 271.081650 269.424340
INPUT g31 270.050280 7.012030
INPUT g34 284.722450 15.876750
INPUT OUTPUT 0.697640 0.697640
INPUT OUTPUT 3.562270 2.222210
INPUT OUTPUT 4.455390 3.115330
INPUT OUTPUT 4.455390 3.115330
INPUT OUTPUT 8.012410 4.520730
INPUT OUTPUT 4.455390 3.115330
INPUT OUTPUT 4.455390 3.115330
INPUT OUTPUT 11.878780 6.443920
INPUT OUTPUT 271.329110 8.567020
INPUT OUTPUT 271.955050 8.916800
INPUT OUTPUT 272.142950 271.309110
INPUT OUTPUT 272.986420 271.329110
INPUT OUTPUT 272.971660 271.314350
INPUT OUTPUT 272.986420 271.329110
INPUT OUTPUT 272.971660 271.314350
INPUT OUTPUT 272.986420 271.329110
INPUT OUTPUT 286.627220 17.781520
INPUT OUTPUT 0.000000 0.000000
INPUT g311 2.403980 2.403980
INPUT OUTPUT 0.000000 0.000000
INPUT g305 2.142550 2.142550
INPUT OUTPUT 0.000000 0.000000
INPUT OUTPUT 0.000000 0.000000
INPUT OUTPUT 0.000000 0.000000
INPUT g4486 2.607920 2.607920
INPUT g4558 2.607920 2.607920
INPUT OUTPUT 0.000000 0.000000
INPUT g4489 2.607920 2.607920
INPUT g4561 2.607920 2.607920
INPUT OUTPUT 0.000000 0.000000
INPUT g4492 2.607920 2.607920
INPUT g4564 2.607920 2.607920
INPUT OUTPUT 0.000000 0.000000
INPUT OUTPUT 0.000000 0.000000
INPUT g70 0.499980 0.499980
INPUT OUTPUT 0.000000 0.000000
g72 g72 0.499980 0.499980
g72 g110 21.478810 15.238120
g72 g112 16.956300 10.891760
g72 g63 20.632310 16.668900
g72 g93 22.156140 16.570600
g72 g43 20.987270 13.205820
g72 g4459 11.551970 11.551970
g72 g4473 11.164760 11.164760
g72 g4462 12.591480 12.591480
g72 g4467 11.822270 11.822270
g72 g4480 4.092240 4.092240
g72 g4495 9.201660 9.201660
g72 g4498 9.201660 9.201660
g72 g4501 3.969120 3.969120
g72 g4504 3.969120 3.969120
g72 g4512 9.201660 9.201660
g72 g4519 4.661170 4.661170
g72 g4537 9.961010 3.525480
g72 g4540 4.092240 4.092240
g72 g4543 9.201660 9.201660
g72 g4567 9.201660 9.201660
g72 g4546 3.969120 3.969120
g72 g4549 3.969120 3.969120
g72 g4552 9.201660 9.201660
g72 g4570 4.661170 4.661170
g72 g4534 9.961010 3.525480
g72 g4639 12.792550 12.792550
g72 g4621 14.566300 14.566300
g72 g4628 14.940300 14.776170
g72 g4633 14.566300 14.566300
g72 g4643 14.412100 14.412100
g72 g4340 12.412580 11.752460
g72 g4349 13.134430 11.639680
g72 g4358 13.134430 11.639680
g72 g4311 8.102320 7.744160
g72 g4322 8.621280 8.575980
g72 g4332 8.247280 8.247280
g72 g4584 9.618940 9.244480
g72 g4593 9.618940 9.244480
g72 g4601 9.618940 9.244480
g72 g4608 8.870480 8.870480
g72 g4616 9.618940 9.244480
g72 g4372 15.705080 15.496590
g72 g4836 22.894300 17.490570
g72 g4864 18.230300 17.073220
g72 g4871 18.230300 17.073220
g72 g4878 18.230300 17.073220
g72 g4843 22.785170 21.628090
g72 g4849 23.321770 22.002090
g72 g4854 23.220760 22.002090
g72 g4859 23.321770 22.002090
g72 g4983 21.982220 20.467480
g72 g4991 21.912770 20.710390
g72 g4966 21.538770 20.381690
g72 g4975 20.031450 17.379620
g72 g4899 20.031450 17.379620
g72 g4646 22.864120 17.460390
g72 g4674 18.200120 17.043040
g72 g4681 18.200120 17.043040
g72 g4688 18.200120 17.043040
g72 g4653 22.754990 21.597910
g72 g4659 23.291590 21.971910
g72 g4664 23.190580 21.971910
g72 g4669 23.291590 21.971910
g72 g4793 21.952040 20.437300
g72 g4801 21.882590 20.680210
g72 g4776 21.508590 20.351510
g72 g4785 20.001270 17.349440
g72 g4709 20.001270 17.349440
g72 g5357 18.748140 17.591060
g72 g5297 19.862790 17.375300
g72 g5164 18.343380 16.710220
g72 g5170 20.686170 17.764570
g72 g5176 18.655780 17.022620
g72 g5180 20.686170 17.764570
g72 g5188 20.974380 17.626690
g72 g5703 18.748140 17.591060
g72 g5644 19.862790 17.375300
g72 g5511 18.343380 16.710220
g72 g5517 20.686170 17.764570
g72 g5523 18.655780 17.022620
g72 g5527 20.686170 17.764570
g72 g5535 20.974380 17.626690
g72 g6049 18.748140 17.591060
g72 g5990 19.862790 17.375300
g72 g5857 18.343380 16.710220
g72 g5863 20.686170 17.764570
g72 g5869 18.655780 17.022620
g72 g5873 20.686170 17.764570
g72 g5881 20.974380 17.626690
g72 g6395 18.748140 17.591060
g72 g6336 19.862790 17.375300
g72 g6203 18.343380 16.710220
g72 g6209 20.686170 17.764570
g72 g6215 18.655780 17.022620
g72 g6219 20.686170 17.764570
g72 g6227 20.974380 17.626690
g72 g6741 18.778320 17.621240
g72 g6682 19.892970 17.405480
g72 g6549 18.583380 16.950220
g72 g6555 20.926170 18.004570
g72 g6561 18.895780 17.262620
g72 g6565 20.926170 18.004570
g72 g6573 21.214380 17.866690
g72 g3352 18.778320 17.621240
g72 g3288 19.892970 17.405480
g72 g3155 18.583380 16.950220
g72 g3161 20.926170 18.004570
g72 g3167 18.895780 17.262620
g72 g3171 20.926170 18.004570
g72 g3179 21.214380 17.866690
g72 g3703 18.778320 17.621240
g72 g3639 19.892970 17.405480
g72 g3506 18.583380 16.950220
g72 g3512 20.926170 18.004570
g72 g3518 18.895780 17.262620
g72 g3522 20.926170 18.004570
g72 g3530 21.214380 17.866690
g72 g4054 18.778320 17.621240
g72 g3990 19.892970 17.405480
g72 g3857 18.583380 16.950220
g72 g3863 20.926170 18.004570
g72 g3869 18.895780 17.262620
g72 g3873 20.926170 18.004570
g72 g3881 21.214380 17.866690
g72 g102 9.263870 3.210020
g72 g496 9.263870 3.438730
g72 g1592 14.505280 13.048270
g72 g1644 13.906620 11.805570
g72 g1636 14.427400 12.970390
g72 g1668 14.427400 12.970390
g72 g1624 19.247980 17.614820
g72 g1648 19.293140 17.659980
g72 g1664 18.421890 16.144690
g72 g1657 19.293140 17.659980
g72 g1728 13.934970 12.477960
g72 g1779 13.766370 11.665320
g72 g1772 14.445500 12.988490
g72 g1802 14.445500 12.988490
g72 g1760 19.273320 17.640160
g72 g1783 19.318480 17.685320
g72 g1798 18.447230 16.170030
g72 g1792 19.318480 17.685320
g72 g1862 13.909630 12.452620
g72 g1913 13.741030 11.639980
g72 g1906 14.420160 12.963150
g72 g1936 14.420160 12.963150
g72 g1894 19.266080 17.632920
g72 g1917 19.311240 17.678080
g72 g1932 18.439990 16.162790
g72 g1926 19.311240 17.678080
g72 g1996 13.927730 12.470720
g72 g2047 13.759130 11.658080
g72 g2040 14.438260 12.981250
g72 g2070 14.438260 12.981250
g72 g2028 19.247980 17.614820
g72 g2051 19.293140 17.659980
g72 g2066 18.421890 16.144690
g72 g2060 19.293140 17.659980
g72 g2153 14.498040 13.041030
g72 g2204 13.741030 11.639980
g72 g2197 14.420160 12.963150
g72 g2227 14.420160 12.963150
g72 g2185 19.247980 17.614820
g72 g2208 19.293140 17.659980
g72 g2223 18.421890 16.144690
g72 g2217 19.293140 17.659980
g72 g2287 13.934970 12.477960
g72 g2338 13.766370 11.665320
g72 g2331 14.445500 12.988490
g72 g2361 14.445500 12.988490
g72 g2319 19.273320 17.640160
g72 g2342 19.318480 17.685320
g72 g2357 18.447230 16.170030
g72 g2351 19.318480 17.685320
g72 g2421 13.927730 12.470720
g72 g2472 13.759130 11.658080
g72 g2465 14.438260 12.981250
g72 g2495 14.438260 12.981250
g72 g2453 19.266080 17.632920
g72 g2476 19.311240 17.678080
g72 g2491 18.439990 16.162790
g72 g2485 19.311240 17.678080
g72 g2555 13.909630 12.452620
g72 g2606 13.741030 11.639980
g72 g2599 14.420160 12.963150
g72 g2629 14.420160 12.963150
g72 g2587 19.247980 17.614820
g72 g2610 19.293140 17.659980
g72 g2625 18.421890 16.144690
g72 g2619 19.293140 17.659980
g72 OUTPUT 19.009670 12.404270
g72 OUTPUT 11.293410 10.142180
g72 OUTPUT 19.531780 15.021820
g72 OUTPUT 18.685280 16.249560
g72 OUTPUT 15.009270 10.675460
g72 OUTPUT 20.178540 15.769050
g72 OUTPUT 11.293410 10.142180
g72 OUTPUT 9.492330 3.946770
g72 OUTPUT 9.492330 3.946770
g73 g73 0.499980 0.499980
g73 g110 21.001040 14.757950
g73 g112 16.485850 10.421260
g73 g63 20.304820 16.341410
g73 g93 21.828650 16.243050
g73 g43 20.509500 12.725650
g73 g4459 10.893850 10.893850
g73 g4473 10.506640 10.506640
g73 g4462 11.933360 11.933360
g73 g4467 11.164150 11.164150
g73 g4480 3.969120 3.969120
g73 g4495 3.969120 3.969120
g73 g4498 3.969120 3.969120
g73 g4501 8.520540 8.520540
g73 g4504 8.520540 8.520540
g73 g4512 8.397420 8.397420
g73 g4519 4.401170 4.401170
g73 g4537 9.101020 3.695480
g73 g4540 3.969120 3.969120
g73 g4543 3.969120 3.969120
g73 g4567 3.969120 3.969120
g73 g4546 8.520540 8.520540
g73 g4549 8.520540 8.520540
g73 g4552 8.397420 8.397420
g73 g4570 4.401170 4.401170
g73 g4534 9.101020 3.695480
g73 g4639 12.152910 12.152910
g73 g4621 13.926660 13.926660
g73 g4628 14.300660 14.136530
g73 g4633 13.926660 13.926660
g73 g4643 13.772460 13.772460
g73 g4340 11.772940 11.112820
g73 g4349 12.494790 11.000040
g73 g4358 12.494790 11.000040
g73 g4311 7.842320 7.484160
g73 g4322 8.361280 8.315980
g73 g4332 7.987280 7.987280
g73 g4584 9.358940 8.984480
g73 g4593 9.358940 8.984480
g73 g4601 9.358940 8.984480
g73 g4608 8.610480 8.610480
g73 g4616 9.358940 8.984480
g73 g4372 15.063460 14.743870
g73 g4836 22.566810 17.163080
g73 g4864 17.902810 16.745730
g73 g4871 17.902810 16.745730
g73 g4878 17.902810 16.745730
g73 g4843 22.457680 21.300600
g73 g4849 22.994280 21.674600
g73 g4854 22.893270 21.674600
g73 g4859 22.994280 21.674600
g73 g4983 21.654730 20.139990
g73 g4991 21.585280 20.382900
g73 g4966 21.211280 20.054200
g73 g4975 19.703960 17.052130
g73 g4899 19.703960 17.052130
g73 g4646 22.536570 17.132840
g73 g4674 17.872570 16.715490
g73 g4681 17.872570 16.715490
g73 g4688 17.872570 16.715490
g73 g4653 22.427440 21.270360
g73 g4659 22.964040 21.644360
g73 g4664 22.863030 21.644360
g73 g4669 22.964040 21.644360
g73 g4793 21.624490 20.109750
g73 g4801 21.555040 20.352660
g73 g4776 21.181040 20.023960
g73 g4785 19.673720 17.021890
g73 g4709 19.673720 17.021890
g73 g5357 18.420590 17.263510
g73 g5297 19.535240 17.047750
g73 g5164 17.865610 16.230050
g73 g5170 20.208400 17.284400
g73 g5176 18.178010 16.542450
g73 g5180 20.208400 17.284400
g73 g5188 20.496610 17.146520
g73 g5703 18.420590 17.263510
g73 g5644 19.535240 17.047750
g73 g5511 17.865610 16.230050
g73 g5517 20.208400 17.284400
g73 g5523 18.178010 16.542450
g73 g5527 20.208400 17.284400
g73 g5535 20.496610 17.146520
g73 g6049 18.420590 17.263510
g73 g5990 19.535240 17.047750
g73 g5857 17.865610 16.230050
g73 g5863 20.208400 17.284400
g73 g5869 18.178010 16.542450
g73 g5873 20.208400 17.284400
g73 g5881 20.496610 17.146520
g73 g6395 18.420590 17.263510
g73 g6336 19.535240 17.047750
g73 g6203 17.865610 16.230050
g73 g6209 20.208400 17.284400
g73 g6215 18.178010 16.542450
g73 g6219 20.208400 17.284400
g73 g6227 20.496610 17.146520
g73 g6741 18.450830 17.293750
g73 g6682 19.565480 17.077990
g73 g6549 18.105610 16.470050
g73 g6555 20.448400 17.524400
g73 g6561 18.418010 16.782450
g73 g6565 20.448400 17.524400
g73 g6573 20.736610 17.386520
g73 g3352 18.450830 17.293750
g73 g3288 19.565480 17.077990
g73 g3155 18.105610 16.470050
g73 g3161 20.448400 17.524400
g73 g3167 18.418010 16.782450
g73 g3171 20.448400 17.524400
g73 g3179 20.736610 17.386520
g73 g3703 18.450830 17.293750
g73 g3639 19.565480 17.077990
g73 g3506 18.105610 16.470050
g73 g3512 20.448400 17.524400
g73 g3518 18.418010 16.782450
g73 g3522 20.448400 17.524400
g73 g3530 20.736610 17.386520
g73 g4054 18.450830 17.293750
g73 g3990 19.565480 17.077990
g73 g3857 18.105610 16.470050
g73 g3863 20.448400 17.524400
g73 g3869 18.418010 16.782450
g73 g3873 20.448400 17.524400
g73 g3881 20.736610 17.386520
g73 g102 8.278580 4.078360
g73 g496 7.363700 4.078360
g73 g1592 14.034830 12.577770
g73 g1644 13.436170 11.335070
g73 g1636 13.956950 12.499890
g73 g1668 13.956950 12.499890
g73 g1624 18.770210 17.134650
g73 g1648 18.815370 17.179810
g73 g1664 17.944120 15.664520
g73 g1657 18.815370 17.179810
g73 g1728 13.464520 12.007460
g73 g1779 13.295920 11.194820
g73 g1772 13.975050 12.517990
g73 g1802 13.975050 12.517990
g73 g1760 18.795550 17.159990
g73 g1783 18.840710 17.205150
g73 g1798 17.969460 15.689860
g73 g1792 18.840710 17.205150
g73 g1862 13.439180 11.982120
g73 g1913 13.270580 11.169480
g73 g1906 13.949710 12.492650
g73 g1936 13.949710 12.492650
g73 g1894 18.788310 17.152750
g73 g1917 18.833470 17.197910
g73 g1932 17.962220 15.682620
g73 g1926 18.833470 17.197910
g73 g1996 13.457280 12.000220
g73 g2047 13.288680 11.187580
g73 g2040 13.967810 12.510750
g73 g2070 13.967810 12.510750
g73 g2028 18.770210 17.134650
g73 g2051 18.815370 17.179810
g73 g2066 17.944120 15.664520
g73 g2060 18.815370 17.179810
g73 g2153 14.027590 12.570530
g73 g2204 13.270580 11.169480
g73 g2197 13.949710 12.492650
g73 g2227 13.949710 12.492650
g73 g2185 18.770210 17.134650
g73 g2208 18.815370 17.179810
g73 g2223 17.944120 15.664520
g73 g2217 18.815370 17.179810
g73 g2287 13.464520 12.007460
g73 g2338 13.295920 11.194820
g73 g2331 13.975050 12.517990
g73 g2361 13.975050 12.517990
g73 g2319 18.795550 17.159990
g73 g2342 18.840710 17.205150
g73 g2357 17.969460 15.689860
g73 g2351 18.840710 17.205150
g73 g2421 13.457280 12.000220
g73 g2472 13.288680 11.187580
g73 g2465 13.967810 12.510750
g73 g2495 13.967810 12.510750
g73 g2453 18.788310 17.152750
g73 g2476 18.833470 17.197910
g73 g2491 17.962220 15.682620
g73 g2485 18.833470 17.197910
g73 g2555 13.439180 11.982120
g73 g2606 13.270580 11.169480
g73 g2599 13.949710 12.492650
g73 g2629 13.949710 12.492650
g73 g2587 18.770210 17.134650
g73 g2610 18.815370 17.179810
g73 g2625 17.944120 15.664520
g73 g2619 18.815370 17.179810
g73 OUTPUT 18.531900 11.924100
g73 OUTPUT 10.928830 9.568340
g73 OUTPUT 19.054010 14.541650
g73 OUTPUT 18.357790 15.922070
g73 OUTPUT 14.538820 10.204960
g73 OUTPUT 19.851050 15.441500
g73 OUTPUT 10.928830 9.568340
g73 OUTPUT 8.108370 3.428710
g73 OUTPUT 8.108370 3.428710
g84 g84 0.499980 0.499980
g84 g5016 12.169440 8.731060
g84 g5029 12.527410 9.089030
g84 g5033 12.527410 9.089030
g84 g5037 12.527410 9.089030
g84 g5041 12.267410 8.829030
g84 g5046 12.267410 8.829030
g84 g5052 12.267410 8.829030
g84 g5057 12.267410 8.829030
g84 g5069 7.413510 4.125150
g84 g5073 7.378130 4.133210
g84 g5360 12.169440 8.731060
g84 g5373 12.527410 9.089030
g84 g5377 12.527410 9.089030
g84 g5381 12.527410 9.089030
g84 g5385 12.267410 8.829030
g84 g5390 12.267410 8.829030
g84 g5396 12.267410 8.829030
g84 g5401 12.267410 8.829030
g84 g5413 7.413510 4.125150
g84 g5417 7.378130 4.133210
g84 g5706 12.169440 8.731060
g84 g5719 12.527410 9.089030
g84 g5723 12.527410 9.089030
g84 g5727 12.527410 9.089030
g84 g5731 12.267410 8.829030
g84 g5736 12.267410 8.829030
g84 g5742 12.267410 8.829030
g84 g5747 12.267410 8.829030
g84 g5759 7.413510 4.125150
g84 g5763 7.378130 4.133210
g84 g6052 12.169440 8.731060
g84 g6065 12.527410 9.089030
g84 g6069 12.527410 9.089030
g84 g6073 12.527410 9.089030
g84 g6077 12.267410 8.829030
g84 g6082 12.267410 8.829030
g84 g6088 12.267410 8.829030
g84 g6093 12.267410 8.829030
g84 g6105 7.413510 4.125150
g84 g6109 7.378130 4.133210
g84 g6398 12.169440 8.731060
g84 g6411 12.527410 9.089030
g84 g6415 12.527410 9.089030
g84 g6419 12.527410 9.089030
g84 g6423 12.267410 8.829030
g84 g6428 12.267410 8.829030
g84 g6434 12.267410 8.829030
g84 g6439 12.267410 8.829030
g84 g6451 7.413510 4.125150
g84 g6455 7.378130 4.133210
g84 g3004 12.169440 8.731060
g84 g3017 12.527410 9.089030
g84 g3021 12.527410 9.089030
g84 g3025 12.527410 9.089030
g84 g3029 12.267410 8.829030
g84 g3034 12.267410 8.829030
g84 g3040 12.267410 8.829030
g84 g3045 12.267410 8.829030
g84 g3057 7.413510 4.125150
g84 g3061 7.378130 4.133210
g84 g3355 12.169440 8.731060
g84 g3368 12.527410 9.089030
g84 g3372 12.527410 9.089030
g84 g3376 12.527410 9.089030
g84 g3380 12.267410 8.829030
g84 g3385 12.267410 8.829030
g84 g3391 12.267410 8.829030
g84 g3396 12.267410 8.829030
g84 g3408 7.413510 4.125150
g84 g3412 7.378130 4.133210
g84 g3706 12.169440 8.731060
g84 g3719 12.527410 9.089030
g84 g3723 12.527410 9.089030
g84 g3727 12.527410 9.089030
g84 g3731 12.267410 8.829030
g84 g3736 12.267410 8.829030
g84 g3742 12.267410 8.829030
g84 g3747 12.267410 8.829030
g84 g3759 7.413510 4.125150
g84 g3763 7.378130 4.133210
g90 g90 0.499980 0.499980
g90 g4372 12.213900 12.005410
g91 g91 0.499980 0.499980
g91 g2878 3.041970 3.041970
g91 g2965 3.359970 3.359970
g92 g92 0.499980 0.499980
g92 g51 10.171930 7.997180
g92 g55 23.609630 17.568560
g92 g2984 22.785260 18.918940
g92 g28 6.289560 6.289560
g92 g34 19.727260 15.860940
g92 OUTPUT 8.194330 8.194330
g92 OUTPUT 21.632030 17.765710
g99 g99 0.499980 0.499980
g99 g110 17.028800 14.603860
g99 g112 17.028800 14.603860
g99 g63 16.700780 14.394760
g99 g71 15.381140 13.966930
g99 g93 14.598270 13.245880
g99 g101 15.381140 13.966930
g99 g43 15.394250 14.041860
g99 g65 15.318230 13.965840
g99 g4459 26.076860 26.076860
g99 g4473 25.689650 25.689650
g99 g4462 27.116370 27.116370
g99 g4467 26.347160 26.347160
g99 g4417 20.581750 20.581750
g99 g4639 27.431120 27.431120
g99 g4621 29.204870 29.204870
g99 g4628 29.578870 29.414740
g99 g4633 29.204870 29.204870
g99 g4643 29.050670 29.050670
g99 g4340 27.051150 26.391030
g99 g4349 27.773000 26.278250
g99 g4358 27.773000 26.278250
g99 g4311 27.800390 27.442230
g99 g4322 28.319350 28.274050
g99 g4332 27.945350 27.945350
g99 g4584 29.317010 28.942550
g99 g4593 29.317010 28.942550
g99 g4601 29.317010 28.942550
g99 g4608 28.568550 28.568550
g99 g4616 29.317010 28.942550
g99 g4836 19.871630 15.624980
g99 g4864 15.207630 15.207630
g99 g4871 15.207630 15.207630
g99 g4878 15.207630 15.207630
g99 g4843 19.762500 19.762500
g99 g4849 20.299100 20.136500
g99 g4854 20.198090 20.136500
g99 g4859 20.299100 20.136500
g99 g4983 18.934280 18.576620
g99 g4991 18.864830 18.819530
g99 g4966 18.490830 18.490830
g99 g4975 16.983510 15.488760
g99 g4899 16.983510 15.488760
g99 g4888 16.664140 15.678290
g99 g4933 16.647780 15.840940
g99 g4944 16.647780 15.840940
g99 g4955 16.647780 15.840940
g99 g4646 19.871630 15.624980
g99 g4674 15.207630 15.207630
g99 g4681 15.207630 15.207630
g99 g4688 15.207630 15.207630
g99 g4653 19.762500 19.762500
g99 g4659 20.299100 20.136500
g99 g4664 20.198090 20.136500
g99 g4669 20.299100 20.136500
g99 g4793 18.934280 18.576620
g99 g4801 18.864830 18.819530
g99 g4776 18.490830 18.490830
g99 g4785 16.983510 15.488760
g99 g4709 16.983510 15.488760
g99 g4698 16.664140 15.678290
g99 g4743 16.647780 15.840940
g99 g4754 16.647780 15.840940
g99 g4765 16.647780 15.840940
g99 g5357 25.768240 25.768240
g99 g5297 26.882890 25.552480
g99 g5164 24.965410 24.965410
g99 g5170 27.308200 26.019760
g99 g5176 25.277810 25.277810
g99 g5180 27.308200 26.019760
g99 g5188 27.596410 25.881880
g99 g5703 25.768240 25.768240
g99 g5644 26.882890 25.552480
g99 g5511 24.965410 24.965410
g99 g5517 27.308200 26.019760
g99 g5523 25.277810 25.277810
g99 g5527 27.308200 26.019760
g99 g5535 27.596410 25.881880
g99 g6049 25.768240 25.768240
g99 g5990 26.882890 25.552480
g99 g5857 24.965410 24.965410
g99 g5863 27.308200 26.019760
g99 g5869 25.277810 25.277810
g99 g5873 27.308200 26.019760
g99 g5881 27.596410 25.881880
g99 g6395 25.768240 25.768240
g99 g6336 26.882890 25.552480
g99 g6203 24.965410 24.965410
g99 g6209 27.308200 26.019760
g99 g6215 25.277810 25.277810
g99 g6219 27.308200 26.019760
g99 g6227 27.596410 25.881880
g99 g6741 25.768240 25.768240
g99 g6682 26.882890 25.552480
g99 g6549 24.965410 24.965410
g99 g6555 27.308200 26.019760
g99 g6561 25.277810 25.277810
g99 g6565 27.308200 26.019760
g99 g6573 27.596410 25.881880
g99 g3352 25.768240 25.768240
g99 g3288 26.882890 25.552480
g99 g3155 24.965410 24.965410
g99 g3161 27.308200 26.019760
g99 g3167 25.277810 25.277810
g99 g3171 27.308200 26.019760
g99 g3179 27.596410 25.881880
g99 g3703 25.768240 25.768240
g99 g3639 26.882890 25.552480
g99 g3506 24.965410 24.965410
g99 g3512 27.308200 26.019760
g99 g3518 25.277810 25.277810
g99 g3522 27.308200 26.019760
g99 g3530 27.596410 25.881880
g99 g4054 25.768240 25.768240
g99 g3990 26.882890 25.552480
g99 g3857 24.965410 24.965410
g99 g3863 27.308200 26.019760
g99 g3869 25.277810 25.277810
g99 g3873 27.308200 26.019760
g99 g3881 27.596410 25.881880
g99 g1592 25.006840 25.006840
g99 g1644 24.419830 23.775790
g99 g1636 24.928960 24.928960
g99 g1668 24.928960 24.928960
g99 g1624 25.234270 25.234270
g99 g1648 25.279430 25.279430
g99 g1664 24.419830 23.775790
g99 g1657 25.279430 25.279430
g99 g1728 24.418430 24.418430
g99 g1779 24.158180 23.514140
g99 g1772 24.928960 24.928960
g99 g1802 24.928960 24.928960
g99 g1760 25.234270 25.234270
g99 g1783 25.279430 25.279430
g99 g1798 24.419830 23.775790
g99 g1792 25.279430 25.279430
g99 g1862 24.418430 24.418430
g99 g1913 24.158180 23.514140
g99 g1906 24.928960 24.928960
g99 g1936 24.928960 24.928960
g99 g1894 25.234270 25.234270
g99 g1917 25.279430 25.279430
g99 g1932 24.419830 23.775790
g99 g1926 25.279430 25.279430
g99 g1996 24.418430 24.418430
g99 g2047 24.158180 23.514140
g99 g2040 24.928960 24.928960
g99 g2070 24.928960 24.928960
g99 g2028 25.234270 25.234270
g99 g2051 25.279430 25.279430
g99 g2066 24.419830 23.775790
g99 g2060 25.279430 25.279430
g99 g2153 25.006840 25.006840
g99 g2204 24.158180 23.514140
g99 g2197 24.928960 24.928960
g99 g2227 24.928960 24.928960
g99 g2185 25.234270 25.234270
g99 g2208 25.279430 25.279430
g99 g2223 24.419830 23.775790
g99 g2217 25.279430 25.279430
g99 g2287 24.418430 24.418430
g99 g2338 24.158180 23.514140
g99 g2331 24.928960 24.928960
g99 g2361 24.928960 24.928960
g99 g2319 25.234270 25.234270
g99 g2342 25.279430 25.279430
g99 g2357 24.419830 23.775790
g99 g2351 25.279430 25.279430
g99 g2421 24.418430 24.418430
g99 g2472 24.158180 23.514140
g99 g2465 24.928960 24.928960
g99 g2495 24.928960 24.928960
g99 g2453 25.234270 25.234270
g99 g2476 25.279430 25.279430
g99 g2491 24.419830 23.775790
g99 g2485 25.279430 25.279430
g99 g2555 24.418430 24.418430
g99 g2606 24.158180 23.514140
g99 g2599 24.928960 24.928960
g99 g2629 24.928960 24.928960
g99 g2587 25.234270 25.234270
g99 g2610 25.279430 25.279430
g99 g2625 24.419830 23.775790
g99 g2619 25.279430 25.279430
g99 g2787 20.418050 19.204040
g99 g2783 20.418050 19.204040
g99 g2775 20.418050 19.204040
g99 g2771 20.418050 19.204040
g99 g2819 20.435840 19.204040
g99 g2815 20.435840 19.204040
g99 g2807 20.435840 19.204040
g99 g2803 20.435840 19.204040
g99 OUTPUT 13.403540 13.227200
g99 OUTPUT 13.416650 13.240310
g99 OUTPUT 13.340630 13.164290
g99 OUTPUT 13.403540 13.227200
g99 OUTPUT 15.081770 13.561600
g99 OUTPUT 14.753750 13.975420
g99 OUTPUT 15.081770 13.561600
g99 OUTPUT 12.620670 12.444330
g100 g100 0.499980 0.499980
g100 g52 10.294030 8.119280
g100 g55 23.553170 17.893700
g100 g2984 22.728800 19.244080
g100 g31 6.411660 6.411660
g100 g34 19.670800 16.186080
g100 OUTPUT 8.316430 8.316430
g100 OUTPUT 21.575570 18.090850
g110 g1624 5.793320 5.793320
g110 g1648 5.838480 5.838480
g110 g1664 8.800340 7.222060
g110 g1657 5.838480 5.838480
g110 g1760 5.793320 5.793320
g110 g1783 5.838480 5.838480
g110 g1798 8.800340 7.222060
g110 g1792 5.838480 5.838480
g110 g1894 5.793320 5.793320
g110 g1917 5.838480 5.838480
g110 g1932 8.800340 7.222060
g110 g1926 5.838480 5.838480
g110 g2028 5.793320 5.793320
g110 g2051 5.838480 5.838480
g110 g2066 8.800340 7.222060
g110 g2060 5.838480 5.838480
g110 g2185 5.793320 5.793320
g110 g2208 5.838480 5.838480
g110 g2223 8.800340 7.222060
g110 g2217 5.838480 5.838480
g110 g2319 5.793320 5.793320
g110 g2342 5.838480 5.838480
g110 g2357 8.800340 7.222060
g110 g2351 5.838480 5.838480
g110 g2453 5.793320 5.793320
g110 g2476 5.838480 5.838480
g110 g2491 8.800340 7.222060
g110 g2485 5.838480 5.838480
g110 g2587 5.793320 5.793320
g110 g2610 5.838480 5.838480
g110 g2625 8.800340 7.222060
g110 g2619 5.838480 5.838480
g112 g1592 5.584850 5.584850
g112 g1644 8.800340 7.222060
g112 g1636 5.506970 5.506970
g112 g1668 5.506970 5.506970
g112 g1728 4.996440 4.996440
g112 g1779 8.800340 7.222060
g112 g1772 5.506970 5.506970
g112 g1802 5.506970 5.506970
g112 g1862 4.996440 4.996440
g112 g1913 8.800340 7.222060
g112 g1906 5.506970 5.506970
g112 g1936 5.506970 5.506970
g112 g1996 4.996440 4.996440
g112 g2047 8.800340 7.222060
g112 g2040 5.506970 5.506970
g112 g2070 5.506970 5.506970
g112 g2153 5.584850 5.584850
g112 g2204 8.800340 7.222060
g112 g2197 5.506970 5.506970
g112 g2227 5.506970 5.506970
g112 g2287 4.996440 4.996440
g112 g2338 8.800340 7.222060
g112 g2331 5.506970 5.506970
g112 g2361 5.506970 5.506970
g112 g2421 4.996440 4.996440
g112 g2472 8.800340 7.222060
g112 g2465 5.506970 5.506970
g112 g2495 5.506970 5.506970
g112 g2555 4.996440 4.996440
g112 g2606 8.800340 7.222060
g112 g2599 5.506970 5.506970
g112 g2629 5.506970 5.506970
g113 g110 7.075310 4.648690
g113 g112 7.075310 4.648690
g113 g113 0.499980 0.499980
g113 g63 6.747290 4.439590
g113 g93 4.862270 3.509880
g113 g43 5.503200 4.150810
g113 g4507 2.987680 2.987680
g113 g4417 2.200440 2.200440
g113 g4639 8.611370 8.611370
g113 g4621 10.385120 10.385120
g113 g4628 10.759120 10.594990
g113 g4633 10.385120 10.385120
g113 g4643 10.230920 10.230920
g113 g4340 8.231400 7.571280
g113 g4349 8.953250 7.458500
g113 g4358 8.953250 7.458500
g113 g4311 8.989080 8.630920
g113 g4322 9.508040 9.462740
g113 g4332 9.134040 9.134040
g113 g4584 10.505700 10.131240
g113 g4593 10.505700 10.131240
g113 g4601 10.505700 10.131240
g113 g4608 9.757240 9.757240
g113 g4616 10.505700 10.131240
g113 g4836 15.865150 11.618500
g113 g4864 11.201150 11.201150
g113 g4871 11.201150 11.201150
g113 g4878 11.201150 11.201150
g113 g4843 15.756020 15.756020
g113 g4849 16.292620 16.130020
g113 g4854 16.191610 16.130020
g113 g4859 16.292620 16.130020
g113 g4999 7.037300 7.037300
g113 g4983 15.193070 14.835410
g113 g4991 15.123620 15.078320
g113 g4966 14.749620 14.749620
g113 g4975 13.242300 11.747550
g113 g4899 13.242300 11.747550
g113 g4646 15.865150 11.618500
g113 g4674 11.201150 11.201150
g113 g4681 11.201150 11.201150
g113 g4688 11.201150 11.201150
g113 g4653 15.756020 15.756020
g113 g4659 16.292620 16.130020
g113 g4664 16.191610 16.130020
g113 g4669 16.292620 16.130020
g113 g4809 7.037300 7.037300
g113 g4793 15.193070 14.835410
g113 g4801 15.123620 15.078320
g113 g4776 14.749620 14.749620
g113 g4785 13.242300 11.747550
g113 g4709 13.242300 11.747550
g113 g5357 7.387930 7.387930
g113 g5297 8.502580 7.172170
g113 g5164 11.395830 11.395830
g113 g5170 13.738620 12.450180
g113 g5176 11.708230 11.708230
g113 g5180 13.738620 12.450180
g113 g5188 14.026830 12.312300
g113 g5703 7.387930 7.387930
g113 g5644 8.502580 7.172170
g113 g5511 11.395830 11.395830
g113 g5517 13.738620 12.450180
g113 g5523 11.708230 11.708230
g113 g5527 13.738620 12.450180
g113 g5535 14.026830 12.312300
g113 g6049 7.387930 7.387930
g113 g5990 8.502580 7.172170
g113 g5857 11.395830 11.395830
g113 g5863 13.738620 12.450180
g113 g5869 11.708230 11.708230
g113 g5873 13.738620 12.450180
g113 g5881 14.026830 12.312300
g113 g6395 7.387930 7.387930
g113 g6336 8.502580 7.172170
g113 g6203 11.395830 11.395830
g113 g6209 13.738620 12.450180
g113 g6215 11.708230 11.708230
g113 g6219 13.738620 12.450180
g113 g6227 14.026830 12.312300
g113 g6741 7.387930 7.387930
g113 g6682 8.502580 7.172170
g113 g6549 11.395830 11.395830
g113 g6555 13.738620 12.450180
g113 g6561 11.708230 11.708230
g113 g6565 13.738620 12.450180
g113 g6573 14.026830 12.312300
g113 g3352 7.387930 7.387930
g113 g3288 8.502580 7.172170
g113 g3155 11.395830 11.395830
g113 g3161 13.738620 12.450180
g113 g3167 11.708230 11.708230
g113 g3171 13.738620 12.450180
g113 g3179 14.026830 12.312300
g113 g3703 7.387930 7.387930
g113 g3639 8.502580 7.172170
g113 g3506 11.395830 11.395830
g113 g3512 13.738620 12.450180
g113 g3518 11.708230 11.708230
g113 g3522 13.738620 12.450180
g113 g3530 14.026830 12.312300
g113 g4054 7.387930 7.387930
g113 g3990 8.502580 7.172170
g113 g3857 11.395830 11.395830
g113 g3863 13.738620 12.450180
g113 g3869 11.708230 11.708230
g113 g3873 13.738620 12.450180
g113 g3881 14.026830 12.312300
g113 g1592 11.282730 11.282730
g113 g1644 5.076870 4.432830
g113 g1636 11.204850 11.204850
g113 g1668 11.204850 11.204850
g113 g1624 11.497920 11.497920
g113 g1648 11.543080 11.543080
g113 g1664 5.076870 4.432830
g113 g1657 11.543080 11.543080
g113 g1728 10.694320 10.694320
g113 g1779 5.076870 4.432830
g113 g1772 11.204850 11.204850
g113 g1802 11.204850 11.204850
g113 g1760 11.497920 11.497920
g113 g1783 11.543080 11.543080
g113 g1798 5.076870 4.432830
g113 g1792 11.543080 11.543080
g113 g1862 10.694320 10.694320
g113 g1913 5.076870 4.432830
g113 g1906 11.204850 11.204850
g113 g1936 11.204850 11.204850
g113 g1894 11.497920 11.497920
g113 g1917 11.543080 11.543080
g113 g1932 5.076870 4.432830
g113 g1926 11.543080 11.543080
g113 g1996 10.694320 10.694320
g113 g2047 5.076870 4.432830
g113 g2040 11.204850 11.204850
g113 g2070 11.204850 11.204850
g113 g2028 11.497920 11.497920
g113 g2051 11.543080 11.543080
g113 g2066 5.076870 4.432830
g113 g2060 11.543080 11.543080
g113 g2153 11.282730 11.282730
g113 g2204 5.076870 4.432830
g113 g2197 11.204850 11.204850
g113 g2227 11.204850 11.204850
g113 g2185 11.497920 11.497920
g113 g2208 11.543080 11.543080
g113 g2223 5.076870 4.432830
g113 g2217 11.543080 11.543080
g113 g2287 10.694320 10.694320
g113 g2338 5.076870 4.432830
g113 g2331 11.204850 11.204850
g113 g2361 11.204850 11.204850
g113 g2319 11.497920 11.497920
g113 g2342 11.543080 11.543080
g113 g2357 5.076870 4.432830
g113 g2351 11.543080 11.543080
g113 g2421 10.694320 10.694320
g113 g2472 5.076870 4.432830
g113 g2465 11.204850 11.204850
g113 g2495 11.204850 11.204850
g113 g2453 11.497920 11.497920
g113 g2476 11.543080 11.543080
g113 g2491 5.076870 4.432830
g113 g2485 11.543080 11.543080
g113 g2555 10.694320 10.694320
g113 g2606 5.076870 4.432830
g113 g2599 11.204850 11.204850
g113 g2629 11.204850 11.204850
g113 g2587 11.497920 11.497920
g113 g2610 11.543080 11.543080
g113 g2625 5.076870 4.432830
g113 g2619 11.543080 11.543080
g113 g2787 16.397110 15.183100
g113 g2783 16.397110 15.183100
g113 g2775 16.397110 15.183100
g113 g2771 16.397110 15.183100
g113 g2819 16.414900 15.183100
g113 g2815 16.414900 15.183100
g113 g2807 16.414900 15.183100
g113 g2803 16.414900 15.183100
g113 OUTPUT 1.466180 1.466180
g113 OUTPUT 1.466180 1.466180
g113 OUTPUT 3.525600 3.349260
g113 OUTPUT 5.128280 3.606430
g113 OUTPUT 4.800260 4.020250
g113 OUTPUT 5.128280 3.606430
g113 OUTPUT 2.884670 2.708330
g113 OUTPUT 1.466180 1.466180
g113 OUTPUT 1.466180 1.466180
g114 g114 0.499980 0.499980
g114 g4153 8.764850 7.309880
g114 g4164 4.810840 4.810840
g115 g115 0.499980 0.499980
g115 g4153 8.534050 7.280080
g116 g116 0.499980 0.499980
g116 g4153 8.347790 6.435740
g116 g4164 4.393780 4.393780
g120 g120 0.499980 0.499980
g120 g4145 4.810840 4.810840
g120 g4153 8.294400 6.829530
g124 g124 0.499980 0.499980
g124 g4145 4.393780 4.393780
g124 g4153 7.877340 5.965240
g125 g125 0.499980 0.499980
g125 g4165 1.913060 1.913060
g125 g2837 2.294770 2.294770
g126 g126 0.499980 0.499980
g126 g4153 8.063600 6.809580
g127 g127 0.499980 0.499980
g127 g51 10.983570 8.808820
g127 g55 24.421270 18.380200
g127 g2984 23.596900 19.730580
g127 g28 7.101200 7.101200
g127 g34 20.538900 16.672580
g127 OUTPUT 9.005970 9.005970
g127 OUTPUT 22.443670 18.577350
g134 g110 12.881120 10.456180
g134 g112 12.881120 10.456180
g134 g134 0.499980 0.499980
g134 g63 12.553100 10.247080
g134 g71 11.233460 9.819250
g134 g93 10.450590 9.098200
g134 g101 11.233460 9.819250
g134 g43 11.246570 9.894180
g134 g65 11.170550 9.818160
g134 g4459 21.929180 21.929180
g134 g4473 21.541970 21.541970
g134 g4462 22.968690 22.968690
g134 g4467 22.199480 22.199480
g134 g4417 16.434070 16.434070
g134 g4639 23.283440 23.283440
g134 g4621 25.057190 25.057190
g134 g4628 25.431190 25.267060
g134 g4633 25.057190 25.057190
g134 g4643 24.902990 24.902990
g134 g4340 22.903470 22.243350
g134 g4349 23.625320 22.130570
g134 g4358 23.625320 22.130570
g134 g4311 23.652710 23.294550
g134 g4322 24.171670 24.126370
g134 g4332 23.797670 23.797670
g134 g4584 25.169330 24.794870
g134 g4593 25.169330 24.794870
g134 g4601 25.169330 24.794870
g134 g4608 24.420870 24.420870
g134 g4616 25.169330 24.794870
g134 g4836 15.723950 11.477300
g134 g4864 11.059950 11.059950
g134 g4871 11.059950 11.059950
g134 g4878 11.059950 11.059950
g134 g4843 15.614820 15.614820
g134 g4849 16.151420 15.988820
g134 g4854 16.050410 15.988820
g134 g4859 16.151420 15.988820
g134 g4983 14.786600 14.428940
g134 g4991 14.717150 14.671850
g134 g4966 14.343150 14.343150
g134 g4975 12.835830 11.341080
g134 g4899 12.835830 11.341080
g134 g4888 12.516460 11.530610
g134 g4933 12.500100 11.693260
g134 g4944 12.500100 11.693260
g134 g4955 12.500100 11.693260
g134 g4646 15.723950 11.477300
g134 g4674 11.059950 11.059950
g134 g4681 11.059950 11.059950
g134 g4688 11.059950 11.059950
g134 g4653 15.614820 15.614820
g134 g4659 16.151420 15.988820
g134 g4664 16.050410 15.988820
g134 g4669 16.151420 15.988820
g134 g4793 14.786600 14.428940
g134 g4801 14.717150 14.671850
g134 g4776 14.343150 14.343150
g134 g4785 12.835830 11.341080
g134 g4709 12.835830 11.341080
g134 g4698 12.516460 11.530610
g134 g4743 12.500100 11.693260
g134 g4754 12.500100 11.693260
g134 g4765 12.500100 11.693260
g134 g5357 21.620560 21.620560
g134 g5297 22.735210 21.404800
g134 g5164 20.817730 20.817730
g134 g5170 23.160520 21.872080
g134 g5176 21.130130 21.130130
g134 g5180 23.160520 21.872080
g134 g5188 23.448730 21.734200
g134 g5703 21.620560 21.620560
g134 g5644 22.735210 21.404800
g134 g5511 20.817730 20.817730
g134 g5517 23.160520 21.872080
g134 g5523 21.130130 21.130130
g134 g5527 23.160520 21.872080
g134 g5535 23.448730 21.734200
g134 g6049 21.620560 21.620560
g134 g5990 22.735210 21.404800
g134 g5857 20.817730 20.817730
g134 g5863 23.160520 21.872080
g134 g5869 21.130130 21.130130
g134 g5873 23.160520 21.872080
g134 g5881 23.448730 21.734200
g134 g6395 21.620560 21.620560
g134 g6336 22.735210 21.404800
g134 g6203 20.817730 20.817730
g134 g6209 23.160520 21.872080
g134 g6215 21.130130 21.130130
g134 g6219 23.160520 21.872080
g134 g6227 23.448730 21.734200
g134 g6741 21.620560 21.620560
g134 g6682 22.735210 21.404800
g134 g6549 20.817730 20.817730
g134 g6555 23.160520 21.872080
g134 g6561 21.130130 21.130130
g134 g6565 23.160520 21.872080
g134 g6573 23.448730 21.734200
g134 g3352 21.620560 21.620560
g134 g3288 22.735210 21.404800
g134 g3155 20.817730 20.817730
g134 g3161 23.160520 21.872080
g134 g3167 21.130130 21.130130
g134 g3171 23.160520 21.872080
g134 g3179 23.448730 21.734200
g134 g3703 21.620560 21.620560
g134 g3639 22.735210 21.404800
g134 g3506 20.817730 20.817730
g134 g3512 23.160520 21.872080
g134 g3518 21.130130 21.130130
g134 g3522 23.160520 21.872080
g134 g3530 23.448730 21.734200
g134 g4054 21.620560 21.620560
g134 g3990 22.735210 21.404800
g134 g3857 20.817730 20.817730
g134 g3863 23.160520 21.872080
g134 g3869 21.130130 21.130130
g134 g3873 23.160520 21.872080
g134 g3881 23.448730 21.734200
g134 g1592 20.859160 14.099750
g134 g1644 20.272150 19.628110
g134 g1636 20.781280 14.099750
g134 g1668 20.781280 14.099750
g134 g1682 15.050060 11.466650
g134 g1687 15.688870 15.394670
g134 g1604 15.839400 10.488880
g134 g1600 15.839400 10.488880
g134 g1608 15.839400 10.488880
g134 g1620 15.839400 10.488880
g134 g1616 15.839400 10.488880
g134 g1612 15.762930 10.488880
g134 g1624 21.086590 21.086590
g134 g1648 21.131750 21.131750
g134 g1664 20.272150 19.628110
g134 g1657 21.131750 21.131750
g134 g1706 17.382130 17.087930
g134 g1710 17.750150 16.923990
g134 g1714 17.670150 16.923990
g134 g1728 20.270750 13.954040
g134 g1779 20.010500 19.366460
g134 g1772 20.781280 14.541850
g134 g1802 20.781280 14.541850
g134 g1816 15.492160 11.861790
g134 g1821 16.130970 15.836770
g134 g1740 16.281500 10.862660
g134 g1736 16.281500 10.862660
g134 g1744 16.281500 10.862660
g134 g1756 16.281500 10.862660
g134 g1752 16.281500 10.862660
g134 g1748 16.205030 10.862660
g134 g1760 21.086590 21.086590
g134 g1783 21.131750 21.131750
g134 g1798 20.272150 19.628110
g134 g1792 21.131750 21.131750
g134 g1840 17.824230 17.530030
g134 g1844 18.192250 17.366090
g134 g1848 18.112250 17.366090
g134 g1862 20.270750 14.157040
g134 g1913 20.010500 19.366460
g134 g1906 20.781280 14.744850
g134 g1936 20.781280 14.744850
g134 g1950 15.695160 11.699730
g134 g1955 16.333970 16.039770
g134 g1874 16.484500 11.133980
g134 g1870 16.484500 11.133980
g134 g1878 16.484500 11.133980
g134 g1890 16.484500 11.133980
g134 g1886 16.484500 11.133980
g134 g1882 16.408030 11.133980
g134 g1894 21.086590 21.086590
g134 g1917 21.131750 21.131750
g134 g1932 20.272150 19.628110
g134 g1926 21.131750 21.131750
g134 g1974 18.027230 17.733030
g134 g1978 18.395250 17.569090
g134 g1982 18.315250 17.569090
g134 g1996 20.270750 13.954040
g134 g2047 20.010500 19.366460
g134 g2040 20.781280 14.541850
g134 g2070 20.781280 14.541850
g134 g2084 15.492160 11.861790
g134 g2089 16.130970 15.836770
g134 g2008 16.281500 10.862660
g134 g2004 16.281500 10.862660
g134 g2012 16.281500 10.862660
g134 g2024 16.281500 10.862660
g134 g2020 16.281500 10.862660
g134 g2016 16.205030 10.862660
g134 g2028 21.086590 21.086590
g134 g2051 21.131750 21.131750
g134 g2066 20.272150 19.628110
g134 g2060 21.131750 21.131750
g134 g2108 17.824230 17.530030
g134 g2112 18.192250 17.366090
g134 g2116 18.112250 17.366090
g134 g2153 20.859160 14.099750
g134 g2204 20.010500 19.366460
g134 g2197 20.781280 14.099750
g134 g2227 20.781280 14.099750
g134 g2241 15.050060 11.466650
g134 g2246 15.688870 15.394670
g134 g2165 15.839400 10.488880
g134 g2161 15.839400 10.488880
g134 g2169 15.839400 10.488880
g134 g2181 15.839400 10.488880
g134 g2177 15.839400 10.488880
g134 g2173 15.762930 10.488880
g134 g2185 21.086590 21.086590
g134 g2208 21.131750 21.131750
g134 g2223 20.272150 19.628110
g134 g2217 21.131750 21.131750
g134 g2265 17.382130 17.087930
g134 g2269 17.750150 16.923990
g134 g2273 17.670150 16.923990
g134 g2287 20.270750 13.954040
g134 g2338 20.010500 19.366460
g134 g2331 20.781280 14.541850
g134 g2361 20.781280 14.541850
g134 g2375 15.492160 11.861790
g134 g2380 16.130970 15.836770
g134 g2299 16.281500 10.862660
g134 g2295 16.281500 10.862660
g134 g2303 16.281500 10.862660
g134 g2315 16.281500 10.862660
g134 g2311 16.281500 10.862660
g134 g2307 16.205030 10.862660
g134 g2319 21.086590 21.086590
g134 g2342 21.131750 21.131750
g134 g2357 20.272150 19.628110
g134 g2351 21.131750 21.131750
g134 g2399 17.824230 17.530030
g134 g2403 18.192250 17.366090
g134 g2407 18.112250 17.366090
g134 g2421 20.270750 14.157040
g134 g2472 20.010500 19.366460
g134 g2465 20.781280 14.744850
g134 g2495 20.781280 14.744850
g134 g2509 15.695160 11.699730
g134 g2514 16.333970 16.039770
g134 g2433 16.484500 11.133980
g134 g2429 16.484500 11.133980
g134 g2437 16.484500 11.133980
g134 g2449 16.484500 11.133980
g134 g2445 16.484500 11.133980
g134 g2441 16.408030 11.133980
g134 g2453 21.086590 21.086590
g134 g2476 21.131750 21.131750
g134 g2491 20.272150 19.628110
g134 g2485 21.131750 21.131750
g134 g2533 18.027230 17.733030
g134 g2537 18.395250 17.569090
g134 g2541 18.315250 17.569090
g134 g2555 20.270750 13.954040
g134 g2606 20.010500 19.366460
g134 g2599 20.781280 14.541850
g134 g2629 20.781280 14.541850
g134 g2643 15.492160 11.861790
g134 g2648 16.130970 15.836770
g134 g2567 16.281500 10.862660
g134 g2563 16.281500 10.862660
g134 g2571 16.281500 10.862660
g134 g2583 16.281500 10.862660
g134 g2579 16.281500 10.862660
g134 g2575 16.205030 10.862660
g134 g2587 21.086590 21.086590
g134 g2610 21.131750 21.131750
g134 g2625 20.272150 19.628110
g134 g2619 21.131750 21.131750
g134 g2667 17.824230 17.530030
g134 g2671 18.192250 17.366090
g134 g2675 18.112250 17.366090
g134 g2787 16.270370 15.056360
g134 g2783 16.270370 15.056360
g134 g2775 16.270370 15.056360
g134 g2771 16.270370 15.056360
g134 g2819 16.288160 15.056360
g134 g2815 16.288160 15.056360
g134 g2807 16.288160 15.056360
g134 g2803 16.288160 15.056360
g134 OUTPUT 9.255860 9.079520
g134 OUTPUT 9.268970 9.092630
g134 OUTPUT 9.192950 9.016610
g134 OUTPUT 9.255860 9.079520
g134 OUTPUT 10.934090 9.413920
g134 OUTPUT 10.606070 9.827740
g134 OUTPUT 10.934090 9.413920
g134 OUTPUT 8.472990 8.296650
g135 g135 0.499980 0.499980
g135 g4527 5.785470 5.785470
g135 g4366 4.760850 4.760850
g135 g4372 7.056420 6.612050
g44 g44 0.499980 0.499980
g44 g2890 3.049890 3.049890
g44 g2927 3.107890 3.107890
g45 g45 7.159660 4.984910
g45 g55 21.003560 14.199410
g45 g2984 20.179190 15.549790
g45 g6 3.277290 3.277290
g45 g34 17.121190 12.491790
g45 OUTPUT 5.182060 5.182060
g45 OUTPUT 19.025960 14.396560
g46 g46 7.126450 4.951700
g46 g55 20.791790 14.369180
g46 g2984 19.967420 15.719560
g46 g7 3.244080 3.244080
g46 g34 16.909420 12.661560
g46 OUTPUT 5.148850 5.148850
g46 OUTPUT 18.814190 14.566330
g47 g47 7.141210 4.966460
g47 g55 20.782010 14.359340
g47 g2984 19.957640 15.709720
g47 g8 3.258840 3.258840
g47 g34 16.899640 12.651720
g47 OUTPUT 5.163610 5.163610
g47 OUTPUT 18.804410 14.556490
g48 g48 7.126450 4.951700
g48 g55 20.588690 14.547620
g48 g2984 19.764320 15.898000
g48 g9 3.244080 3.244080
g48 g34 16.706320 12.840000
g48 OUTPUT 5.148850 5.148850
g48 OUTPUT 18.611090 14.744770
g49 g49 7.141210 4.966460
g49 g55 20.782010 14.359400
g49 g2984 19.957640 15.709780
g49 g16 3.258840 3.258840
g49 g34 16.899640 12.651780
g49 OUTPUT 5.163610 5.163610
g49 OUTPUT 18.804410 14.556550
g50 g50 7.126450 4.951700
g50 g55 20.588690 14.547620
g50 g2984 19.764320 15.898000
g50 g19 3.244080 3.244080
g50 g34 16.706320 12.840000
g50 OUTPUT 5.148850 5.148850
g50 OUTPUT 18.611090 14.744770
g51 g51 7.141210 4.966460
g51 g55 20.578910 14.537840
g51 g2984 19.754540 15.888220
g51 g28 3.258840 3.258840
g51 g34 16.696540 12.830220
g51 OUTPUT 5.163610 5.163610
g51 OUTPUT 18.601310 14.734990
g52 g52 7.126450 4.951700
g52 g55 20.385590 14.726120
g52 g2984 19.561220 16.076500
g52 g31 3.244080 3.244080
g52 g34 16.503220 13.018500
g52 OUTPUT 5.148850 5.148850
g52 OUTPUT 18.407990 14.923270
g53 g45 52.025330 21.975520
g53 g46 52.010570 21.950560
g53 g47 52.025330 21.975520
g53 g48 52.010570 21.950560
g53 g49 52.025330 24.438300
g53 g50 51.930570 24.423540
g53 g51 52.025330 24.438300
g53 g52 52.010570 24.423540
g53 g53 0.499980 0.499980
g53 g55 65.869230 31.190020
g53 g2984 65.044860 4.025720
g53 g6 48.142960 20.267900
g53 g7 48.128200 20.242940
g53 g8 48.142960 20.267900
g53 g9 48.128200 20.242940
g53 g16 48.142960 22.730680
g53 g19 48.048200 22.715920
g53 g28 48.142960 22.730680
g53 g31 48.128200 22.715920
g53 g34 61.986860 29.482400
g53 g22 12.310320 12.310320
g53 OUTPUT 48.760030 13.142080
g53 OUTPUT 48.760030 13.142080
g53 OUTPUT 48.760030 13.142080
g53 OUTPUT 48.760030 13.142080
g53 OUTPUT 50.006680 14.744830
g53 OUTPUT 50.006680 14.744830
g53 OUTPUT 48.760030 13.142080
g53 OUTPUT 50.006680 14.744830
g53 OUTPUT 50.047730 22.172670
g53 OUTPUT 50.032970 24.620690
g53 OUTPUT 50.032970 22.147710
g53 OUTPUT 50.047730 22.172670
g53 OUTPUT 50.032970 22.147710
g53 OUTPUT 50.047730 24.635450
g53 OUTPUT 49.952970 24.620690
g53 OUTPUT 50.047730 24.635450
g53 OUTPUT 63.891630 31.387170
g54 g45 52.430630 20.040690
g54 g46 52.415870 20.015730
g54 g47 52.430630 20.040690
g54 g48 52.415870 20.015730
g54 g49 52.430630 23.852130
g54 g50 52.335870 24.093530
g54 g51 52.430630 24.106310
g54 g52 52.415870 24.093530
g54 g54 0.499980 0.499980
g54 g55 66.274530 7.293060
g54 g2984 65.450160 4.195720
g54 g6 48.548260 18.333070
g54 g7 48.533500 18.308110
g54 g8 48.548260 18.333070
g54 g9 48.533500 18.308110
g54 g16 48.548260 22.144510
g54 g19 48.453500 22.385910
g54 g28 48.548260 22.398690
g54 g31 48.533500 22.385910
g54 g34 62.392160 5.585440
g54 g22 12.715620 10.375490
g54 OUTPUT 49.165330 13.624620
g54 OUTPUT 49.165330 13.624620
g54 OUTPUT 49.165330 13.624620
g54 OUTPUT 49.165330 13.624620
g54 OUTPUT 50.411980 15.227370
g54 OUTPUT 50.411980 15.227370
g54 OUTPUT 49.165330 13.624620
g54 OUTPUT 50.411980 15.227370
g54 OUTPUT 50.453030 20.237840
g54 OUTPUT 50.438270 24.290680
g54 OUTPUT 50.438270 20.212880
g54 OUTPUT 50.453030 20.237840
g54 OUTPUT 50.438270 20.212880
g54 OUTPUT 50.453030 24.049280
g54 OUTPUT 50.358270 24.290680
g54 OUTPUT 50.453030 24.303460
g54 OUTPUT 64.296930 7.490210
g55 g55 9.258750 5.833480
g55 g2984 8.434380 7.183860
g55 g34 5.376380 4.125860
g55 OUTPUT 7.281150 6.030630
g56 g45 50.878300 20.828490
g56 g46 50.863540 20.803530
g56 g47 50.878300 20.828490
g56 g48 50.863540 20.803530
g56 g49 50.878300 24.639930
g56 g50 50.783540 24.881330
g56 g51 50.878300 24.894110
g56 g52 50.863540 24.881330
g56 g55 64.722200 6.448320
g56 g56 0.499980 0.499980
g56 g2984 63.897830 4.129210
g56 g6 46.995930 19.120870
g56 g7 46.981170 19.095910
g56 g8 46.995930 19.120870
g56 g9 46.981170 19.095910
g56 g16 46.995930 22.932310
g56 g19 46.901170 23.173710
g56 g28 46.995930 23.186490
g56 g31 46.981170 23.173710
g56 g34 60.839830 4.740700
g56 g22 11.163290 11.163290
g56 OUTPUT 47.613000 14.412420
g56 OUTPUT 47.613000 14.412420
g56 OUTPUT 47.613000 14.412420
g56 OUTPUT 47.613000 14.412420
g56 OUTPUT 48.859650 16.015170
g56 OUTPUT 48.859650 16.015170
g56 OUTPUT 47.613000 14.412420
g56 OUTPUT 48.859650 16.015170
g56 OUTPUT 48.900700 21.025640
g56 OUTPUT 48.885940 25.078480
g56 OUTPUT 48.885940 21.000680
g56 OUTPUT 48.900700 21.025640
g56 OUTPUT 48.885940 21.000680
g56 OUTPUT 48.900700 24.837080
g56 OUTPUT 48.805940 25.078480
g56 OUTPUT 48.900700 25.091260
g56 OUTPUT 62.744600 6.645470
g57 g45 52.184330 22.134520
g57 g46 52.169570 22.109560
g57 g47 52.184330 22.134520
g57 g48 52.169570 22.109560
g57 g49 52.184330 25.945960
g57 g50 52.089570 26.187360
g57 g51 52.184330 26.200140
g57 g52 52.169570 26.187360
g57 g55 66.028230 31.349020
g57 g57 0.499980 0.499980
g57 g2984 65.203860 32.699400
g57 g6 48.301960 20.426900
g57 g7 48.287200 20.401940
g57 g8 48.301960 20.426900
g57 g9 48.287200 20.401940
g57 g16 48.301960 24.238340
g57 g19 48.207200 24.479740
g57 g28 48.301960 24.492520
g57 g31 48.287200 24.479740
g57 g34 62.145860 29.641400
g57 g22 12.469320 12.469320
g57 OUTPUT 48.919030 15.718450
g57 OUTPUT 48.919030 15.718450
g57 OUTPUT 48.919030 15.718450
g57 OUTPUT 48.919030 15.718450
g57 OUTPUT 50.165680 17.321200
g57 OUTPUT 50.165680 17.321200
g57 OUTPUT 48.919030 15.718450
g57 OUTPUT 50.165680 17.321200
g57 OUTPUT 50.206730 22.331670
g57 OUTPUT 50.191970 26.384510
g57 OUTPUT 50.191970 22.306710
g57 OUTPUT 50.206730 22.331670
g57 OUTPUT 50.191970 22.306710
g57 OUTPUT 50.206730 26.143110
g57 OUTPUT 50.111970 26.384510
g57 OUTPUT 50.206730 26.397290
g57 OUTPUT 64.050630 31.546170
g63 g4836 9.541030 5.294380
g63 g4864 4.877030 4.877030
g63 g4871 4.877030 4.877030
g63 g4878 4.877030 4.877030
g63 g4843 9.431900 9.431900
g63 g4849 9.968500 9.805900
g63 g4854 9.867490 9.805900
g63 g4859 9.968500 9.805900
g63 g4983 9.375120 9.017460
g63 g4991 9.305670 9.260370
g63 g4966 8.931670 8.931670
g63 g4975 7.424350 5.929600
g63 g4899 7.424350 5.929600
g63 g4646 9.541030 5.294380
g63 g4674 4.877030 4.877030
g63 g4681 4.877030 4.877030
g63 g4688 4.877030 4.877030
g63 g4653 9.431900 9.431900
g63 g4659 9.968500 9.805900
g63 g4664 9.867490 9.805900
g63 g4669 9.968500 9.805900
g63 g4793 9.375120 9.017460
g63 g4801 9.305670 9.260370
g63 g4776 8.931670 8.931670
g63 g4785 7.424350 5.929600
g63 g4709 7.424350 5.929600
g71 g4888 5.436670 5.436670
g71 g4933 5.257660 5.257660
g71 g4944 5.257660 5.257660
g71 g4955 5.257660 5.257660
g85 g2787 4.213850 4.213850
g85 g2783 4.213850 4.213850
g85 g2775 4.213850 4.213850
g85 g2771 4.213850 4.213850
g93 g5357 9.256690 9.256690
g93 g5297 10.371340 9.040930
g93 g5703 9.256690 9.256690
g93 g5644 10.371340 9.040930
g93 g6049 9.256690 9.256690
g93 g5990 10.371340 9.040930
g93 g6395 9.256690 9.256690
g93 g6336 10.371340 9.040930
g93 g6741 9.256690 9.256690
g93 g6682 10.371340 9.040930
g93 g3352 9.256690 9.256690
g93 g3288 10.371340 9.040930
g93 g3703 9.256690 9.256690
g93 g3639 10.371340 9.040930
g93 g4054 9.256690 9.256690
g93 g3990 10.371340 9.040930
g101 g4698 5.436670 5.436670
g101 g4743 5.257660 5.257660
g101 g4754 5.257660 5.257660
g101 g4765 5.257660 5.257660
g111 g2819 4.196060 4.196060
g111 g2815 4.196060 4.196060
g111 g2807 4.196060 4.196060
g111 g2803 4.196060 4.196060
g43 g5164 5.782790 5.782790
g43 g5170 8.125580 6.837140
g43 g5176 6.095190 6.095190
g43 g5180 8.125580 6.837140
g43 g5188 8.413790 6.699260
g43 g5511 5.782790 5.782790
g43 g5517 8.125580 6.837140
g43 g5523 6.095190 6.095190
g43 g5527 8.125580 6.837140
g43 g5535 8.413790 6.699260
g43 g5857 5.782790 5.782790
g43 g5863 8.125580 6.837140
g43 g5869 6.095190 6.095190
g43 g5873 8.125580 6.837140
g43 g5881 8.413790 6.699260
g43 g6203 5.782790 5.782790
g43 g6209 8.125580 6.837140
g43 g6215 6.095190 6.095190
g43 g6219 8.125580 6.837140
g43 g6227 8.413790 6.699260
g43 g6549 5.782790 5.782790
g43 g6555 8.125580 6.837140
g43 g6561 6.095190 6.095190
g43 g6565 8.125580 6.837140
g43 g6573 8.413790 6.699260
g43 g3155 5.782790 5.782790
g43 g3161 8.125580 6.837140
g43 g3167 6.095190 6.095190
g43 g3171 8.125580 6.837140
g43 g3179 8.413790 6.699260
g43 g3506 5.782790 5.782790
g43 g3512 8.125580 6.837140
g43 g3518 6.095190 6.095190
g43 g3522 8.125580 6.837140
g43 g3530 8.413790 6.699260
g43 g3857 5.782790 5.782790
g43 g3863 8.125580 6.837140
g43 g3869 6.095190 6.095190
g43 g3873 8.125580 6.837140
g43 g3881 8.413790 6.699260
g64 g64 0.499980 0.499980
g64 g637 2.231870 2.231870
g64 g799 2.627720 2.627720
g65 g4639 6.662290 6.662290
g65 g4621 8.436040 8.436040
g65 g4628 8.810040 8.645910
g65 g4633 8.436040 8.436040
g65 g4643 8.281840 8.281840
g65 g4340 6.284770 5.622200
g65 g4349 7.006620 5.511870
g65 g4358 7.006620 5.511870
g65 g4311 6.961920 6.603760
g65 g4322 7.480880 7.435580
g65 g4332 7.106880 7.106880
g65 g4584 8.478540 8.104080
g65 g4593 8.478540 8.104080
g65 g4601 8.478540 8.104080
g65 g4608 7.730080 7.730080
g65 g4616 8.478540 8.104080
g70 g4507 2.188200 2.188200
g4507 g65 5.315910 3.963520
g4507 g4507 3.217680 3.217680
g4507 g4459 7.256550 2.662650
g4507 g4473 6.869340 6.869340
g4507 g4462 8.296060 8.296060
g4507 g4467 7.526850 7.526850
g4507 OUTPUT 3.338310 3.161970
g4459 g4507 5.204940 3.768040
g4459 g4369 2.347900 2.347900
g4459 g4473 3.864940 3.864940
g4369 g4473 2.067600 2.067600
g4369 OUTPUT 1.277010 1.277010
g4369 OUTPUT 1.277010 1.277010
g4473 g4507 5.271600 4.157700
g4473 g4369 3.233600 3.233600
g4473 g4473 5.327300 5.327300
g4473 g4462 6.826970 2.813200
g4473 g4581 2.200440 2.200440
g4473 g4467 3.615850 3.615850
g4462 g4459 3.284990 3.284990
g4462 g4473 3.814760 3.814760
g4462 g4462 6.176910 4.165010
g4462 g4581 2.447690 2.447690
g4462 g4467 3.537870 3.537870
g4581 g4467 2.188200 2.188200
g4581 g4480 6.003020 3.077680
g4581 g4495 6.003020 3.077680
g4581 g4498 6.003020 3.077680
g4581 g4501 6.003020 3.077680
g4581 g4504 6.003020 3.077680
g4581 g4512 6.003020 3.077680
g4581 g4521 3.326600 3.326600
g4581 g4519 3.806520 3.646170
g4581 g4537 4.447770 4.287420
g4581 g4540 6.003020 3.077680
g4581 g4543 6.003020 3.077680
g4581 g4567 6.003020 3.077680
g4581 g4546 6.003020 3.077680
g4581 g4549 6.003020 3.077680
g4581 g4552 6.003020 3.077680
g4581 g4570 3.806520 3.646170
g4581 g4534 4.447770 4.287420
g4467 g4459 3.537570 3.537570
g4467 g4462 3.890600 3.890600
g4467 g4581 1.940440 1.940440
g4467 g4467 3.785850 3.785850
g4467 g4474 0.499980 0.499980
g4474 g4459 5.701600 5.701600
g4474 g4473 5.314390 5.314390
g4474 g4462 6.741110 6.741110
g4474 g4467 5.971900 5.971900
g4474 g4477 2.609900 2.609900
g4477 g4459 6.411260 6.411260
g4477 g4473 6.024050 6.024050
g4477 g4462 7.450770 7.450770
g4477 g4467 6.681560 6.681560
g4477 g4480 2.149900 2.149900
g4480 g4495 3.217680 1.985560
g4495 g4498 3.217680 1.985560
g4498 g4501 3.217680 1.985560
g4501 g4504 3.217680 1.985560
g4504 g4512 3.217680 1.985560
g4512 g4521 2.067600 2.067600
g4512 g4519 4.478410 4.478410
g4512 g4537 5.119660 5.119660
g4521 g4527 3.691720 2.175640
g4521 g4515 3.683680 3.279500
g4527 g4527 4.769660 4.601440
g4527 g4515 4.731780 1.985560
g4515 g4515 3.217680 3.217680
g4515 g4519 2.067600 2.067600
g4515 g4372 10.541240 10.527070
g4519 g4520 0.499980 0.499980
g4520 g4483 0.499980 0.499980
g4483 g4527 7.221400 7.052160
g4483 g4515 7.183520 7.014280
g4483 g4486 1.985560 1.985560
g4483 g4537 6.147880 6.147880
g4486 g4527 7.038630 6.869390
g4486 g4515 7.000750 6.831510
g4486 g4489 1.985560 1.985560
g4486 g4537 5.965110 5.965110
g4489 g4527 6.771400 6.602160
g4489 g4515 6.733520 6.564280
g4489 g4492 1.985560 1.985560
g4489 g4537 5.697880 5.697880
g4492 g4527 6.531400 6.362160
g4492 g4515 6.493520 6.324280
g4492 g4537 5.457880 1.985560
g4537 g4423 0.499980 0.499980
g4537 g4420 5.910840 4.351560
g4537 OUTPUT 0.000000 0.000000
g4423 g4540 2.413240 2.413240
g4423 g4438 2.437790 2.437790
g4423 g4375 2.833640 2.833640
g4540 g4543 3.217680 1.985560
g4543 g4567 3.217680 1.985560
g4567 g4546 3.217680 1.985560
g4546 g4549 3.217680 1.985560
g4549 g4552 3.217680 1.985560
g4552 g4570 4.478410 2.067600
g4552 g4534 5.119660 5.119660
g4570 g4571 0.499980 0.499980
g4571 g4555 0.499980 0.499980
g4555 g4558 1.985560 1.985560
g4555 g4534 5.510760 5.510760
g4558 g4561 1.985560 1.985560
g4558 g4534 5.329750 5.329750
g4561 g4564 1.985560 1.985560
g4561 g4534 5.060760 5.060760
g4564 g4534 4.820760 1.985560
g4534 g4420 5.732650 1.985560
g4420 g4438 2.466160 2.466160
g4420 g2864 9.681140 9.681140
g4420 g2955 12.499260 12.499260
g4420 OUTPUT 10.992060 6.807730
g4438 g4449 7.102870 2.149900
g4438 g4446 7.199300 3.557980
g4438 g4434 7.278320 7.278320
g4438 g4430 7.508220 7.508220
g4449 g4449 7.690590 7.075050
g4449 g4443 0.499980 0.499980
g4449 g4446 7.787020 6.948280
g4449 g4434 7.866040 7.866040
g4449 g4430 8.095940 8.095940
g4449 OUTPUT 0.000000 0.000000
g4443 g4449 7.430590 6.815050
g4443 g4446 7.527020 1.985560
g4443 g4434 7.606040 7.606040
g4443 g4430 7.835940 3.310100
g4446 g4449 6.849610 6.234070
g4446 g4446 6.946040 6.107300
g4446 g4452 0.499980 0.499980
g4446 g4434 7.025060 7.025060
g4446 g4430 7.254960 7.254960
g4446 OUTPUT 0.000000 0.000000
g4452 g4449 7.751590 7.136050
g4452 g4446 7.848020 7.009280
g4452 g4434 7.927040 1.985560
g4452 g4430 8.156940 8.156940
g4434 g4430 3.328080 1.985560
g4434 g4427 5.777520 4.320460
g4430 g4434 3.557980 3.557980
g4430 g4427 6.247970 2.067600
g4427 g4375 1.985560 1.985560
g4427 g2864 9.821140 9.821140
g4427 g2955 12.639260 12.639260
g4427 OUTPUT 11.132060 6.947730
g4375 g4414 8.570140 2.149900
g4375 g4408 8.666570 3.557980
g4375 g4401 8.745590 8.745590
g4375 g4388 8.975490 8.975490
g4375 g4382 8.191470 5.293610
g4375 g4392 8.606370 8.262930
g4375 g1 8.606370 8.262930
g4414 g4414 8.975790 8.360250
g4414 g4411 0.499980 0.499980
g4414 g4408 9.072220 8.233480
g4414 g4401 9.151240 9.151240
g4414 g4388 9.381140 9.381140
g4414 g4382 8.597120 8.020960
g4414 g4392 9.012020 8.668580
g4414 g1 9.012020 8.668580
g4414 OUTPUT 0.000000 0.000000
g4411 g4414 8.715790 8.100250
g4411 g4408 8.812220 1.985560
g4411 g4401 8.891240 8.891240
g4411 g4388 9.121140 3.310100
g4411 g4382 8.337120 7.760960
g4411 g4392 8.752020 8.408580
g4411 g1 8.752020 8.408580
g4408 g4414 8.416840 7.801300
g4408 g4408 8.513270 7.674530
g4408 g4405 0.499980 0.499980
g4408 g4401 8.592290 8.592290
g4408 g4388 8.822190 8.822190
g4408 g4382 8.038170 7.462010
g4408 g4392 8.453070 8.109630
g4408 g1 8.453070 8.109630
g4408 OUTPUT 0.000000 0.000000
g4405 g4414 9.036790 8.421250
g4405 g4408 9.133220 8.294480
g4405 g4401 9.212240 1.985560
g4405 g4388 9.442140 9.442140
g4405 g4382 8.658120 8.081960
g4405 g4392 9.073020 8.729580
g4405 g1 9.073020 8.729580
g4401 g4427 5.599080 4.109160
g4401 g4388 3.328080 1.985560
g4388 g4427 6.069530 4.790960
g4388 g4401 3.557980 3.557980
g4388 g4382 1.985560 1.985560
g4382 g4449 3.672730 3.672730
g4382 g4446 4.396510 4.396510
g4382 g4414 3.594850 3.594850
g4382 g4408 4.396510 4.396510
g4382 g4382 5.410830 5.410830
g4382 g4417 2.443730 2.443730
g4417 g4382 5.320020 5.129470
g4417 g4392 5.399440 2.067600
g4417 g1 5.399440 5.208890
g4392 g4449 3.304850 3.304850
g4392 g4446 3.996820 3.996820
g4392 g4434 4.558870 4.558870
g4392 g4430 3.456970 3.456970
g4392 g4414 3.304850 3.304850
g4392 g4408 3.996820 3.996820
g4392 g4401 4.558870 4.558870
g4392 g4388 3.456970 3.456970
g4392 g4382 6.599970 6.599970
g4392 g4392 6.679390 3.927620
g4392 g4456 2.469520 2.469520
g4392 g1 6.679390 3.927620
g4456 g4455 2.207600 2.207600
g4455 g1 2.067600 2.067600
g1 g4304 2.466160 2.466160
g1 OUTPUT 0.000000 0.000000
g4304 g4304 9.022310 3.103060
g4304 g4308 0.499980 0.499980
g4304 g2932 6.279410 4.620320
g4304 OUTPUT 0.000000 0.000000
g4308 g4304 8.843870 5.079030
g4308 g2932 6.100970 2.067600
g2932 g4639 2.585070 2.585070
g2932 g2999 2.175480 2.175480
g2932 g2927 2.658030 2.658030
g4639 g4639 2.435290 2.435290
g4639 g4621 5.352300 2.067600
g4639 g4628 6.764600 5.448660
g4639 g4633 7.981570 6.384480
g4639 g4643 4.607180 4.607180
g4639 g4340 7.458000 7.259740
g4639 g4349 9.580790 8.264850
g4639 g4358 11.250050 9.934110
g4639 g66 4.846040 4.846040
g4639 g4311 13.799770 7.460250
g4639 g4322 14.318730 11.142870
g4639 g4332 13.944730 12.705070
g4639 g4584 16.827690 10.922290
g4639 g4593 16.827690 13.005650
g4639 g4601 18.412690 14.508370
g4639 g4608 20.527270 14.134370
g4639 g4616 22.109970 14.508370
g4639 g4366 5.322700 5.322700
g4621 g4621 4.564740 4.209040
g4621 g4628 6.588220 2.205340
g4621 g4633 7.805190 6.208100
g4621 g4643 3.361870 3.361870
g4621 g4340 6.293840 6.095580
g4621 g4349 8.416630 7.100690
g4621 g4358 10.085890 8.769950
g4621 g66 3.691120 3.691120
g4621 g4311 12.635610 6.296090
g4621 g4322 13.154570 9.978710
g4621 g4332 12.780570 11.540910
g4621 g4584 15.663530 9.758130
g4621 g4593 15.663530 11.841490
g4621 g4601 17.248530 13.344210
g4621 g4608 19.363110 12.970210
g4621 g4616 20.945810 13.344210
g4621 g4366 4.167780 4.167780
g4628 g4628 4.583040 3.557980
g4628 g4633 5.227720 2.067600
g4628 g4340 6.482430 6.284170
g4628 g4349 8.605220 7.289280
g4628 g4358 10.274480 8.958540
g4628 g4311 12.824200 6.484680
g4628 g4322 13.343160 10.167300
g4628 g4332 12.969160 11.729500
g4628 g4584 15.852120 9.946720
g4628 g4593 15.852120 12.030080
g4628 g4601 17.437120 13.532800
g4628 g4608 19.551700 13.158800
g4628 g4616 21.134400 13.532800
g4633 g4633 4.564740 4.209040
g4633 g4643 2.852900 2.205340
g4633 g66 3.853640 3.853640
g4633 g4366 4.330300 4.330300
g4643 g4462 5.653410 5.653410
g4643 g4639 6.444990 6.444990
g4643 g4621 8.218740 8.218740
g4643 g4628 8.592740 8.428610
g4643 g4633 8.218740 8.218740
g4643 g4643 8.064540 8.064540
g4643 g4340 2.140000 2.140000
g4643 g4531 3.623120 3.623120
g4340 g4340 4.050780 3.077680
g4340 g4349 6.284820 2.730040
g4340 g4358 7.954080 6.638140
g4340 g66 5.514240 5.514240
g4340 g4531 4.600610 4.600610
g4340 g4311 12.591520 6.252000
g4340 g4322 13.110480 9.934620
g4340 g4332 12.736480 11.496820
g4340 g4584 15.619440 9.714040
g4340 g4593 15.619440 11.797400
g4340 g4601 17.204440 13.300120
g4340 g4608 19.319020 12.926120
g4340 g4616 20.901720 13.300120
g4340 g4366 4.063100 4.063100
g4340 g4372 5.874610 4.509250
g4349 g93 11.932810 8.174170
g4349 g4349 4.583040 3.557980
g4349 g4358 6.048850 2.854780
g4349 g66 4.523840 4.523840
g4349 g4531 4.605310 4.605310
g4349 g4311 12.518620 6.179100
g4349 g4322 13.037580 9.861720
g4349 g4332 12.663580 11.423920
g4349 g4584 15.546540 9.641140
g4349 g4593 15.546540 11.724500
g4349 g4601 17.131540 13.227220
g4349 g4608 19.246120 12.853220
g4349 g4616 20.828820 13.227220
g4349 g4366 3.990200 3.990200
g4349 g4372 5.972390 3.943140
g4349 g5357 10.141750 10.141750
g4349 g5297 11.256400 9.925990
g4349 g5703 8.590130 8.590130
g4349 g5644 9.704780 8.374370
g4349 g6049 10.141750 10.141750
g4349 g5990 11.256400 9.925990
g4349 g6395 8.766610 8.766610
g4349 g6336 9.881260 8.550850
g4349 g6741 10.141750 10.141750
g4349 g6682 11.256400 9.925990
g4349 g3352 8.590130 8.590130
g4349 g3288 9.704780 8.374370
g4349 g3703 10.141750 10.141750
g4349 g3639 11.256400 9.925990
g4349 g4054 8.766610 8.766610
g4349 g3990 9.881260 8.550850
g4349 OUTPUT 9.955210 7.934710
g4358 g93 11.609310 7.569510
g4358 g4358 4.583040 3.557980
g4358 g66 4.584840 2.726870
g4358 g4531 4.698320 4.698320
g4358 g4311 12.427420 6.087900
g4358 g4322 12.946380 9.770520
g4358 g4332 12.572380 11.332720
g4358 g4584 15.455340 9.549940
g4358 g4593 15.455340 11.633300
g4358 g4601 17.040340 13.136020
g4358 g4608 19.154920 12.762020
g4358 g4616 20.737620 13.136020
g4358 g4366 3.899000 3.899000
g4358 g4372 4.957630 3.482630
g4358 g5357 9.812810 9.812810
g4358 g5297 10.927460 9.597050
g4358 g5703 9.989290 9.989290
g4358 g5644 11.103940 9.773530
g4358 g6049 8.590130 8.590130
g4358 g5990 9.704780 8.374370
g4358 g6395 8.590130 8.590130
g4358 g6336 9.704780 8.374370
g4358 g6741 9.812810 9.812810
g4358 g6682 10.927460 9.597050
g4358 g3352 9.989290 9.989290
g4358 g3288 11.103940 9.773530
g4358 g3703 8.590130 8.590130
g4358 g3639 9.704780 8.374370
g4358 g4054 8.590130 8.590130
g4358 g3990 9.704780 8.374370
g4358 OUTPUT 9.631710 7.330050
g66 g65 4.169480 2.207600
g66 g4531 2.229890 2.229890
g66 OUTPUT 0.000000 0.000000
g66 OUTPUT 0.000000 0.000000
g66 OUTPUT 2.191880 2.191880
g4531 g4521 3.147620 3.147620
g4531 g4311 2.466160 2.466160
g4311 g63 14.335010 10.190740
g4311 g93 15.858840 10.057220
g4311 g66 3.871880 3.871880
g4311 g4531 4.546280 4.546280
g4311 g4311 3.275920 3.007040
g4311 g4322 6.858670 2.852800
g4311 g4332 7.428550 7.104930
g4311 g4372 11.109800 8.918110
g4311 g4836 16.597000 12.350350
g4311 g4864 11.933000 11.933000
g4311 g4871 11.933000 11.933000
g4311 g4878 11.933000 11.933000
g4311 g4843 16.487870 16.487870
g4311 g4849 17.024470 16.861870
g4311 g4854 16.923460 16.861870
g4311 g4859 17.024470 16.861870
g4311 g4983 15.684920 15.327260
g4311 g4991 15.615470 15.570170
g4311 g4966 15.241470 15.241470
g4311 g4975 13.734150 12.239400
g4311 g4899 13.734150 12.239400
g4311 g4646 15.193660 10.947010
g4311 g4674 10.529660 10.529660
g4311 g4681 10.529660 10.529660
g4311 g4688 10.529660 10.529660
g4311 g4653 15.084530 15.084530
g4311 g4659 15.621130 15.458530
g4311 g4664 15.520120 15.458530
g4311 g4669 15.621130 15.458530
g4311 g4793 14.281580 13.923920
g4311 g4801 14.212130 14.166830
g4311 g4776 13.838130 13.838130
g4311 g4785 12.330810 10.836060
g4311 g4709 12.330810 10.836060
g4311 g5357 11.077680 11.077680
g4311 g5297 12.192330 10.861920
g4311 g5703 11.077680 11.077680
g4311 g5644 12.192330 10.861920
g4311 g6049 11.077680 11.077680
g4311 g5990 12.192330 10.861920
g4311 g6395 11.077680 11.077680
g4311 g6336 12.192330 10.861920
g4311 g6741 12.481020 12.481020
g4311 g6682 13.595670 12.265260
g4311 g3352 12.481020 12.481020
g4311 g3288 13.595670 12.265260
g4311 g3703 12.481020 12.481020
g4311 g3639 13.595670 12.265260
g4311 g4054 12.481020 12.481020
g4311 g3990 13.595670 12.265260
g4311 OUTPUT 12.387980 9.904340
g4311 OUTPUT 13.881240 9.255670
g4311 OUTPUT 5.432110 4.757570
g4311 OUTPUT 5.432110 4.757570
g4322 g63 17.561050 12.981240
g4322 g93 19.084880 12.882940
g4322 g66 4.311880 4.311880
g4322 g4531 4.801280 4.801280
g4322 g4311 7.834890 7.476730
g4322 g4322 8.353850 3.456970
g4322 g4332 7.979850 2.067600
g4322 g4584 10.862810 6.965150
g4322 g4593 10.862810 9.048510
g4322 g4601 12.447810 10.488350
g4322 g4608 14.562390 10.114350
g4322 g4616 16.145090 10.488350
g4322 g4372 10.419900 7.666290
g4322 g4836 19.823040 13.802910
g4322 g4864 15.159040 13.385560
g4322 g4871 15.159040 13.385560
g4322 g4878 15.159040 13.385560
g4322 g4843 19.713910 17.940430
g4322 g4849 20.250510 18.314430
g4322 g4854 20.149500 18.314430
g4322 g4859 20.250510 18.314430
g4322 g4983 18.910960 16.779820
g4322 g4991 18.841510 17.022730
g4322 g4966 18.467510 16.694030
g4322 g4975 16.960190 13.691960
g4322 g4899 16.960190 13.691960
g4322 g4646 19.792860 13.772730
g4322 g4674 15.128860 13.355380
g4322 g4681 15.128860 13.355380
g4322 g4688 15.128860 13.355380
g4322 g4653 19.683730 17.910250
g4322 g4659 20.220330 18.284250
g4322 g4664 20.119320 18.284250
g4322 g4669 20.220330 18.284250
g4322 g4793 18.880780 16.749640
g4322 g4801 18.811330 16.992550
g4322 g4776 18.437330 16.663850
g4322 g4785 16.930010 13.661780
g4322 g4709 16.930010 13.661780
g4322 g5357 15.676880 13.903400
g4322 g5297 16.791530 13.687640
g4322 g5703 15.676880 13.903400
g4322 g5644 16.791530 13.687640
g4322 g6049 15.676880 13.903400
g4322 g5990 16.791530 13.687640
g4322 g6395 15.676880 13.903400
g4322 g6336 16.791530 13.687640
g4322 g6741 15.707060 13.933580
g4322 g6682 16.821710 13.717820
g4322 g3352 15.707060 13.933580
g4322 g3288 16.821710 13.717820
g4322 g3703 15.707060 13.933580
g4322 g3639 16.821710 13.717820
g4322 g4054 15.707060 13.933580
g4322 g3990 16.821710 13.717820
g4322 OUTPUT 15.614020 12.561900
g4322 OUTPUT 17.107280 12.081390
g4322 OUTPUT 7.006500 4.497570
g4322 OUTPUT 7.006500 4.497570
g4332 g63 17.993880 13.411670
g4332 g93 19.517710 13.313310
g4332 g66 4.572660 4.572660
g4332 g4531 5.389340 5.389340
g4332 g4311 7.934770 7.576610
g4332 g4322 8.453730 8.408430
g4332 g4332 8.079730 2.708020
g4332 g4584 10.962690 3.427000
g4332 g4593 10.962690 9.148390
g4332 g4601 12.547690 10.588230
g4332 g4608 14.662270 10.214230
g4332 g4616 16.244970 10.588230
g4332 g4372 8.872950 6.635930
g4332 g4836 20.255870 14.233340
g4332 g4864 15.591870 13.815990
g4332 g4871 15.591870 13.815990
g4332 g4878 15.591870 13.815990
g4332 g4843 20.146740 18.370860
g4332 g4849 20.683340 18.744860
g4332 g4854 20.582330 18.744860
g4332 g4859 20.683340 18.744860
g4332 g4983 19.343790 17.210250
g4332 g4991 19.274340 17.453160
g4332 g4966 18.900340 17.124460
g4332 g4975 17.393020 14.122390
g4332 g4899 17.393020 14.122390
g4332 g4646 20.225630 14.203100
g4332 g4674 15.561630 13.785750
g4332 g4681 15.561630 13.785750
g4332 g4688 15.561630 13.785750
g4332 g4653 20.116500 18.340620
g4332 g4659 20.653100 18.714620
g4332 g4664 20.552090 18.714620
g4332 g4669 20.653100 18.714620
g4332 g4793 19.313550 17.180010
g4332 g4801 19.244100 17.422920
g4332 g4776 18.870100 17.094220
g4332 g4785 17.362780 14.092150
g4332 g4709 17.362780 14.092150
g4332 g5357 16.109650 14.333770
g4332 g5297 17.224300 14.118010
g4332 g5703 16.109650 14.333770
g4332 g5644 17.224300 14.118010
g4332 g6049 16.109650 14.333770
g4332 g5990 17.224300 14.118010
g4332 g6395 16.109650 14.333770
g4332 g6336 17.224300 14.118010
g4332 g6741 16.139890 14.364010
g4332 g6682 17.254540 14.148250
g4332 g3352 16.139890 14.364010
g4332 g3288 17.254540 14.148250
g4332 g3703 16.139890 14.364010
g4332 g3639 17.254540 14.148250
g4332 g4054 16.139890 14.364010
g4332 g3990 17.254540 14.148250
g4332 OUTPUT 16.046850 12.992330
g4332 OUTPUT 17.540110 12.511760
g4332 OUTPUT 7.054880 5.558340
g4332 OUTPUT 7.054880 5.558340
g4584 g4527 10.512750 8.361440
g4584 g66 4.731880 4.731880
g4584 g4584 9.556540 3.456970
g4584 g4593 9.556540 1.985560
g4584 g4601 9.556540 7.229360
g4584 g4608 10.659880 8.808080
g4584 g4616 12.242580 9.182080
g4584 g4366 9.488130 7.336820
g4584 g4372 11.783700 9.188020
g4593 g4527 11.524870 8.418050
g4593 g66 4.019510 4.019510
g4593 g4593 4.583040 3.456970
g4593 g4601 6.461940 1.985560
g4593 g4608 8.576520 7.122300
g4593 g4616 10.159220 8.843280
g4593 g4366 10.500250 7.393430
g4593 g4372 12.795820 9.244630
g4601 g4527 11.346430 7.177070
g4601 g66 4.459510 4.459510
g4601 g4601 4.583040 3.456970
g4601 g4608 6.493860 2.067600
g4601 g4616 8.076560 6.760620
g4601 g4366 10.321810 6.152450
g4601 g4372 12.617380 8.003650
g4608 g4527 10.690930 7.977070
g4608 g66 4.720340 4.720340
g4608 g4608 5.162440 2.708020
g4608 g4616 6.048850 2.433040
g4608 g4366 9.666310 6.952450
g4608 g4372 11.961880 8.803650
g4616 g4527 10.106100 10.106100
g4616 g66 4.879510 4.879510
g4616 g4584 9.375760 9.001300
g4616 g4593 9.375760 9.001300
g4616 g4601 9.375760 9.001300
g4616 g4608 8.627300 8.627300
g4616 g4616 9.375760 3.456970
g4616 g4366 9.081480 2.539510
g4616 g4372 11.377050 10.932680
g4366 g4372 1.985560 1.985560
g4366 OUTPUT 1.787900 1.787900
g4366 OUTPUT 1.787900 1.787900
g4372 g4480 3.217680 3.217680
g4372 g4540 3.217680 3.217680
g4372 g4836 2.466160 2.466160
g4836 g4836 3.421330 3.421330
g4836 g4864 2.662650 2.662650
g4836 g4572 6.381900 5.186440
g4836 g4578 6.381900 5.186440
g4836 g4894 6.655660 5.413500
g4836 g6741 9.837030 6.192050
g4836 g6682 10.951680 8.789400
g4836 g5011 7.312300 6.166700
g4836 g6500 7.312300 6.166700
g4836 g6509 12.215130 11.388970
g4836 g6519 11.751170 11.552910
g4836 g6523 12.215130 11.388970
g4836 g6527 12.135130 11.388970
g4864 g4836 3.209050 3.209050
g4864 g4871 2.662650 2.662650
g4864 g4572 6.169620 5.416440
g4864 g4578 6.169620 5.416440
g4864 g4939 6.655660 5.413500
g4864 g3352 9.837030 6.192050
g4864 g3288 10.951680 8.789400
g4864 g3333 7.312300 6.166700
g4864 g3106 7.312300 6.166700
g4864 g3115 12.215130 11.388970
g4864 g3125 11.751170 11.552910
g4864 g3129 12.215130 11.388970
g4864 g3133 12.135130 11.388970
g4871 g4836 3.888170 3.888170
g4871 g4878 2.662650 2.662650
g4871 g4572 7.059600 6.092930
g4871 g4578 7.059600 6.092930
g4871 g4950 5.249580 4.007420
g4871 g3703 8.430950 4.785970
g4871 g3639 9.545600 7.383320
g4871 g3684 5.906220 4.760620
g4871 g3457 5.906220 4.760620
g4871 g3466 10.809050 9.982890
g4871 g3476 10.345090 10.146830
g4871 g3480 10.809050 9.982890
g4871 g3484 10.729050 9.982890
g4878 g63 8.561490 6.600560
g4878 g4836 9.661300 9.661300
g4878 g4843 9.552170 2.067600
g4878 g4849 10.088770 5.146000
g4878 g4854 9.987760 7.229360
g4878 g4859 10.404570 9.088630
g4878 g4572 7.106230 5.489870
g4878 g4578 7.106230 5.489870
g4878 g4983 12.343760 5.694040
g4878 g4991 12.274310 8.594740
g4878 g4966 11.900310 9.700560
g4878 g4975 9.910290 8.594350
g4878 g4899 11.579550 10.263610
g4878 g4961 5.249580 4.007420
g4878 g4054 8.430950 4.785970
g4878 g3990 9.545600 7.383320
g4878 g4035 5.906220 4.760620
g4878 g3808 5.906220 4.760620
g4878 g3817 10.809050 9.982890
g4878 g3827 10.345090 10.146830
g4878 g3831 10.809050 9.982890
g4878 g3835 10.729050 9.982890
g4878 OUTPUT 6.614460 6.614460
g4843 g63 10.719120 8.758190
g4843 g4836 11.818930 11.818930
g4843 g4843 11.709800 2.708020
g4843 g4849 12.246400 2.201380
g4843 g4854 12.145390 7.052240
g4843 g4859 12.246400 8.911510
g4843 g4983 14.501390 7.851670
g4843 g4991 14.431940 10.752370
g4843 g4966 14.057940 11.858190
g4843 g4975 12.067920 10.751980
g4843 g4899 13.737180 12.421240
g4843 g4894 10.194040 8.951880
g4843 g4939 10.194040 8.951880
g4843 g4950 11.246310 10.004150
g4843 g4961 11.246310 10.004150
g4843 g6741 13.375410 9.730430
g4843 g6682 14.490060 12.327780
g4843 g5011 10.850680 9.705080
g4843 g6500 10.850680 9.705080
g4843 g6509 15.753510 14.927350
g4843 g6519 15.289550 15.091290
g4843 g6523 15.753510 14.927350
g4843 g6527 15.673510 14.927350
g4843 g3352 13.375410 9.730430
g4843 g3288 14.490060 12.327780
g4843 g3333 10.850680 9.705080
g4843 g3106 10.850680 9.705080
g4843 g3115 15.753510 14.927350
g4843 g3125 15.289550 15.091290
g4843 g3129 15.753510 14.927350
g4843 g3133 15.673510 14.927350
g4843 g3703 14.427680 10.782700
g4843 g3639 15.542330 13.380050
g4843 g3684 11.902950 10.757350
g4843 g3457 11.902950 10.757350
g4843 g3466 16.805780 15.979620
g4843 g3476 16.341820 16.143560
g4843 g3480 16.805780 15.979620
g4843 g3484 16.725780 15.979620
g4843 g4054 14.427680 10.782700
g4843 g3990 15.542330 13.380050
g4843 g4035 11.902950 10.757350
g4843 g3808 11.902950 10.757350
g4843 g3817 16.805780 15.979620
g4843 g3827 16.341820 16.143560
g4843 g3831 16.805780 15.979620
g4843 g3835 16.725780 15.979620
g4843 OUTPUT 8.772090 8.772090
g4849 g63 10.590630 8.629700
g4849 g4836 11.690440 11.690440
g4849 g4843 11.581310 11.581310
g4849 g4849 12.117910 3.456970
g4849 g4854 12.016900 1.985560
g4849 g4859 12.117910 7.005270
g4849 g4983 14.372900 7.723180
g4849 g4991 14.303450 10.623880
g4849 g4966 13.929450 11.729700
g4849 g4975 11.939430 10.623490
g4849 g4899 13.608690 12.292750
g4849 g4894 10.065550 8.823390
g4849 g4939 10.065550 8.823390
g4849 g4950 11.117820 9.875660
g4849 g4961 11.117820 9.875660
g4849 g6741 13.246920 9.601940
g4849 g6682 14.361570 12.199290
g4849 g5011 10.722190 9.576590
g4849 g6500 10.722190 9.576590
g4849 g6509 15.625020 14.798860
g4849 g6519 15.161060 14.962800
g4849 g6523 15.625020 14.798860
g4849 g6527 15.545020 14.798860
g4849 g3352 13.246920 9.601940
g4849 g3288 14.361570 12.199290
g4849 g3333 10.722190 9.576590
g4849 g3106 10.722190 9.576590
g4849 g3115 15.625020 14.798860
g4849 g3125 15.161060 14.962800
g4849 g3129 15.625020 14.798860
g4849 g3133 15.545020 14.798860
g4849 g3703 14.299190 10.654210
g4849 g3639 15.413840 13.251560
g4849 g3684 11.774460 10.628860
g4849 g3457 11.774460 10.628860
g4849 g3466 16.677290 15.851130
g4849 g3476 16.213330 16.015070
g4849 g3480 16.677290 15.851130
g4849 g3484 16.597290 15.851130
g4849 g4054 14.299190 10.654210
g4849 g3990 15.413840 13.251560
g4849 g4035 11.774460 10.628860
g4849 g3808 11.774460 10.628860
g4849 g3817 16.677290 15.851130
g4849 g3827 16.213330 16.015070
g4849 g3831 16.677290 15.851130
g4849 g3835 16.597290 15.851130
g4849 OUTPUT 8.643600 8.643600
g4854 g4854 4.583040 3.557980
g4854 g4859 5.870720 1.985560
g4859 g63 10.468910 8.507980
g4859 g4836 11.568720 11.568720
g4859 g4843 11.459590 11.459590
g4859 g4849 11.996190 11.833590
g4859 g4854 11.895180 11.833590
g4859 g4859 11.996190 3.456970
g4859 g4917 2.466160 2.466160
g4859 g4983 14.251180 7.601460
g4859 g4991 14.181730 10.502160
g4859 g4966 13.807730 11.607980
g4859 g4975 11.817710 10.501770
g4859 g4899 13.486970 12.171030
g4859 g4894 9.943830 8.701670
g4859 g4939 9.943830 8.701670
g4859 g4950 10.996100 9.753940
g4859 g4961 10.996100 9.753940
g4859 g6741 13.125200 9.480220
g4859 g6682 14.239850 12.077570
g4859 g5011 10.600470 9.454870
g4859 g6500 10.600470 9.454870
g4859 g6509 15.503300 14.677140
g4859 g6519 15.039340 14.841080
g4859 g6523 15.503300 14.677140
g4859 g6527 15.423300 14.677140
g4859 g3352 13.125200 9.480220
g4859 g3288 14.239850 12.077570
g4859 g3333 10.600470 9.454870
g4859 g3106 10.600470 9.454870
g4859 g3115 15.503300 14.677140
g4859 g3125 15.039340 14.841080
g4859 g3129 15.503300 14.677140
g4859 g3133 15.423300 14.677140
g4859 g3703 14.177470 10.532490
g4859 g3639 15.292120 13.129840
g4859 g3684 11.652740 10.507140
g4859 g3457 11.652740 10.507140
g4859 g3466 16.555570 15.729410
g4859 g3476 16.091610 15.893350
g4859 g3480 16.555570 15.729410
g4859 g3484 16.475570 15.729410
g4859 g4054 14.177470 10.532490
g4859 g3990 15.292120 13.129840
g4859 g4035 11.652740 10.507140
g4859 g3808 11.652740 10.507140
g4859 g3817 16.555570 15.729410
g4859 g3827 16.091610 15.893350
g4859 g3831 16.555570 15.729410
g4859 g3835 16.475570 15.729410
g4859 OUTPUT 8.521880 8.521880
g4917 g45 8.632830 6.458080
g4917 g55 22.476730 15.672580
g4917 g4917 2.309060 2.309060
g4917 g4922 2.385520 2.385520
g4917 g4572 11.004630 9.929940
g4917 g4578 11.004630 9.929940
g4917 g2984 21.652360 17.022960
g4917 g6 4.750460 4.750460
g4917 g34 18.594360 13.964960
g4917 OUTPUT 6.655230 6.655230
g4917 OUTPUT 20.499130 15.869730
g4922 g46 8.549950 6.375200
g4922 g55 22.215290 15.792680
g4922 g4922 2.815820 2.815820
g4922 g4907 2.395420 2.395420
g4922 g4572 11.296270 10.221580
g4922 g4578 11.296270 10.221580
g4922 g2984 21.390920 17.143060
g4922 g7 4.667580 4.667580
g4922 g34 18.332920 14.085060
g4922 OUTPUT 6.572350 6.572350
g4922 OUTPUT 20.237690 15.989830
g4907 g47 8.768650 6.593900
g4907 g55 22.409450 15.986780
g4907 g4907 3.021740 3.021740
g4907 g4912 2.601340 2.601340
g4907 g4572 12.228550 11.153860
g4907 g4578 12.228550 11.153860
g4907 g2984 21.585080 17.337160
g4907 g8 4.886280 4.886280
g4907 g34 18.527080 14.279160
g4907 OUTPUT 6.791050 6.791050
g4907 OUTPUT 20.431850 16.183930
g4912 g48 9.180610 7.005860
g4912 g55 22.642850 16.601780
g4912 g4912 3.027680 3.027680
g4912 g4927 2.607280 2.607280
g4912 g4572 11.573490 10.498800
g4912 g4578 11.573490 10.498800
g4912 g2984 21.818480 17.952160
g4912 g9 5.298240 5.298240
g4912 g34 18.760480 14.894160
g4912 OUTPUT 7.203010 7.203010
g4912 OUTPUT 20.665250 16.798930
g4927 g49 7.278770 5.104020
g4927 g55 20.919570 14.496960
g4927 g4927 2.596040 2.596040
g4927 g4931 2.063620 2.063620
g4927 g4572 7.492430 7.492430
g4927 g4578 7.492430 7.492430
g4927 g2984 20.095200 15.847340
g4927 g16 3.396400 3.396400
g4927 g34 17.037200 12.789340
g4927 OUTPUT 5.301170 5.301170
g4927 OUTPUT 18.941970 14.694110
g4931 g4932 1.859680 1.859680
g4932 g4572 2.366040 2.366040
g4572 g4495 5.323200 5.323200
g4572 g4501 5.323200 5.323200
g4572 g4512 5.323200 5.323200
g4572 g4578 2.579560 2.579560
g4578 g4543 5.343000 5.343000
g4578 g4546 5.343000 5.343000
g4578 g4552 5.343000 5.343000
g4578 g4999 3.060160 3.060160
g4999 g5002 0.499980 0.499980
g4999 g4888 8.039710 7.053860
g4999 g4933 8.023310 7.216470
g4999 g4944 8.023310 7.216470
g4999 g4955 8.023310 7.216470
g4999 OUTPUT 0.000000 0.000000
g5002 g71 5.523710 4.109500
g5002 g5005 0.499980 0.499980
g5002 OUTPUT 0.000000 0.000000
g5002 OUTPUT 3.546110 3.369770
g5005 g71 5.454910 4.040700
g5005 g5008 0.499980 0.499980
g5005 OUTPUT 0.000000 0.000000
g5005 OUTPUT 3.477310 3.300970
g5008 g4983 1.985560 1.985560
g5008 g4888 8.209710 7.223860
g5008 g4933 8.193310 7.386470
g5008 g4944 8.193310 7.386470
g5008 g4955 8.193310 7.386470
g4983 g63 7.904180 5.943250
g4983 g4572 9.082160 6.328680
g4983 g4578 9.082160 6.328680
g4983 g4983 9.244230 3.594850
g4983 g4991 9.174780 2.779540
g4983 g4966 8.800780 6.472400
g4983 g4975 6.810760 5.494820
g4983 g4899 8.480020 7.164080
g4983 g4894 12.924460 7.480940
g4983 g4888 8.999150 8.288970
g4983 g4939 12.924460 7.480940
g4983 g4933 8.999150 8.288970
g4983 g4950 11.246700 7.480940
g4983 g4944 8.999150 8.288970
g4983 g4961 11.246700 7.480940
g4983 g4955 8.999150 8.288970
g4983 g6741 16.105830 12.460850
g4983 g6682 17.220480 15.058200
g4983 g5011 13.581100 12.435500
g4983 g6500 13.581100 12.435500
g4983 g6509 18.483930 17.657770
g4983 g6519 18.019970 17.821710
g4983 g6523 18.483930 17.657770
g4983 g6527 18.403930 17.657770
g4983 g3352 16.105830 12.460850
g4983 g3288 17.220480 15.058200
g4983 g3333 13.581100 12.435500
g4983 g3106 13.581100 12.435500
g4983 g3115 18.483930 17.657770
g4983 g3125 18.019970 17.821710
g4983 g3129 18.483930 17.657770
g4983 g3133 18.403930 17.657770
g4983 g3703 14.428070 10.783090
g4983 g3639 15.542720 13.380440
g4983 g3684 11.903340 10.757740
g4983 g3457 11.903340 10.757740
g4983 g3466 16.806170 15.980010
g4983 g3476 16.342210 16.143950
g4983 g3480 16.806170 15.980010
g4983 g3484 16.726170 15.980010
g4983 g4054 14.428070 10.783090
g4983 g3990 15.542720 13.380440
g4983 g4035 11.903340 10.757740
g4983 g3808 11.903340 10.757740
g4983 g3817 16.806170 15.980010
g4983 g3827 16.342210 16.143950
g4983 g3831 16.806170 15.980010
g4983 g3835 16.726170 15.980010
g4983 OUTPUT 5.957150 5.957150
g4991 g63 9.145600 7.184670
g4991 g4572 8.695440 6.281280
g4991 g4578 8.695440 6.281280
g4991 g4991 4.583040 3.456970
g4991 g4966 5.437080 2.067600
g4991 g4894 12.754700 8.722360
g4991 g4888 10.240570 9.530390
g4991 g4939 12.754700 8.722360
g4991 g4933 10.240570 9.530390
g4991 g4950 11.076940 8.722360
g4991 g4944 10.240570 9.530390
g4991 g4961 11.076940 8.722360
g4991 g4955 10.240570 9.530390
g4991 g6741 15.936070 12.291090
g4991 g6682 17.050720 14.888440
g4991 g5011 13.411340 12.265740
g4991 g6500 13.411340 12.265740
g4991 g6509 18.314170 17.488010
g4991 g6519 17.850210 17.651950
g4991 g6523 18.314170 17.488010
g4991 g6527 18.234170 17.488010
g4991 g3352 15.936070 12.291090
g4991 g3288 17.050720 14.888440
g4991 g3333 13.411340 12.265740
g4991 g3106 13.411340 12.265740
g4991 g3115 18.314170 17.488010
g4991 g3125 17.850210 17.651950
g4991 g3129 18.314170 17.488010
g4991 g3133 18.234170 17.488010
g4991 g3703 14.258310 10.613330
g4991 g3639 15.372960 13.210680
g4991 g3684 11.733580 10.587980
g4991 g3457 11.733580 10.587980
g4991 g3466 16.636410 15.810250
g4991 g3476 16.172450 15.974190
g4991 g3480 16.636410 15.810250
g4991 g3484 16.556410 15.810250
g4991 g4054 14.258310 10.613330
g4991 g3990 15.372960 13.210680
g4991 g4035 11.733580 10.587980
g4991 g3808 11.733580 10.587980
g4991 g3817 16.636410 15.810250
g4991 g3827 16.172450 15.974190
g4991 g3831 16.636410 15.810250
g4991 g3835 16.556410 15.810250
g4991 OUTPUT 7.198570 7.198570
g4966 g63 8.003500 6.042570
g4966 g4572 7.861280 6.149880
g4966 g4578 7.861280 6.149880
g4966 g4983 9.285090 8.927430
g4966 g4991 9.215640 9.170340
g4966 g4966 8.841640 3.637660
g4966 g4975 6.851620 2.409280
g4966 g4899 8.520880 7.204940
g4966 g4894 11.609740 7.580260
g4966 g4888 9.098470 8.388290
g4966 g4939 11.609740 7.580260
g4966 g4933 9.098470 8.388290
g4966 g4950 9.931980 7.580260
g4966 g4944 9.098470 8.388290
g4966 g4961 9.931980 7.580260
g4966 g4955 9.098470 8.388290
g4966 g6741 14.791110 11.146130
g4966 g6682 15.905760 13.743480
g4966 g5011 12.266380 11.120780
g4966 g6500 12.266380 11.120780
g4966 g6509 17.169210 16.343050
g4966 g6519 16.705250 16.506990
g4966 g6523 17.169210 16.343050
g4966 g6527 17.089210 16.343050
g4966 g3352 14.791110 11.146130
g4966 g3288 15.905760 13.743480
g4966 g3333 12.266380 11.120780
g4966 g3106 12.266380 11.120780
g4966 g3115 17.169210 16.343050
g4966 g3125 16.705250 16.506990
g4966 g3129 17.169210 16.343050
g4966 g3133 17.089210 16.343050
g4966 g3703 13.113350 9.468370
g4966 g3639 14.228000 12.065720
g4966 g3684 10.588620 9.443020
g4966 g3457 10.588620 9.443020
g4966 g3466 15.491450 14.665290
g4966 g3476 15.027490 14.829230
g4966 g3480 15.491450 14.665290
g4966 g3484 15.411450 14.665290
g4966 g4054 13.113350 9.468370
g4966 g3990 14.228000 12.065720
g4966 g4035 10.588620 9.443020
g4966 g3808 10.588620 9.443020
g4966 g3817 15.491450 14.665290
g4966 g3827 15.027490 14.829230
g4966 g3831 15.491450 14.665290
g4966 g3835 15.411450 14.665290
g4966 OUTPUT 6.056470 6.056470
g4975 g63 10.028650 8.067720
g4975 g71 9.874920 6.447710
g4975 g4572 15.281330 9.186660
g4975 g4578 15.281330 9.186660
g4975 g4975 4.583040 3.557980
g4975 g4899 6.048850 2.613220
g4975 g4894 9.283540 7.231290
g4975 g4888 8.749500 8.039320
g4975 g4939 10.157120 8.468610
g4975 g4933 9.986820 9.276640
g4975 g4950 9.626170 7.585610
g4975 g4944 9.103820 8.393640
g4975 g4961 8.492590 7.250430
g4975 g4955 9.676120 8.965940
g4975 g6741 12.464910 8.819930
g4975 g6682 13.579560 11.417280
g4975 g5011 9.940180 8.794580
g4975 g6500 9.940180 8.794580
g4975 g6509 14.843010 14.016850
g4975 g6519 14.379050 14.180790
g4975 g6523 14.843010 14.016850
g4975 g6527 14.763010 14.016850
g4975 g3352 13.338490 9.693510
g4975 g3288 14.453140 12.290860
g4975 g3333 10.813760 9.668160
g4975 g3106 10.813760 9.668160
g4975 g3115 15.716590 14.890430
g4975 g3125 15.252630 15.054370
g4975 g3129 15.716590 14.890430
g4975 g3133 15.636590 14.890430
g4975 g3703 12.807540 9.162560
g4975 g3639 13.922190 11.759910
g4975 g3684 10.282810 9.137210
g4975 g3457 10.282810 9.137210
g4975 g3466 15.185640 14.359480
g4975 g3476 14.721680 14.523420
g4975 g3480 15.185640 14.359480
g4975 g3484 15.105640 14.359480
g4975 g4054 11.673960 8.028980
g4975 g3990 12.788610 10.626330
g4975 g4035 9.149230 8.003630
g4975 g3808 9.149230 8.003630
g4975 g3817 14.052060 13.225900
g4975 g3827 13.588100 13.389840
g4975 g3831 14.052060 13.225900
g4975 g3835 13.972060 13.225900
g4975 OUTPUT 7.897320 6.146430
g4975 OUTPUT 8.081620 8.081620
g4899 g63 9.850790 7.889860
g4899 g71 9.268770 6.887080
g4899 g4572 15.245980 8.000900
g4899 g4578 15.245980 8.000900
g4899 g4899 4.583040 3.557980
g4899 g4894 9.023540 2.763160
g4899 g4888 8.571640 7.861460
g4899 g4939 9.283540 7.981930
g4899 g4933 9.500140 8.789960
g4899 g4950 8.583110 7.071520
g4899 g4944 10.101320 9.391140
g4899 g4961 8.313680 6.846390
g4899 g4955 8.364600 7.654420
g4899 g6741 12.204910 8.559930
g4899 g6682 13.319560 11.157280
g4899 g5011 9.680180 8.534580
g4899 g6500 9.680180 8.534580
g4899 g6509 14.583010 13.756850
g4899 g6519 14.119050 13.920790
g4899 g6523 14.583010 13.756850
g4899 g6527 14.503010 13.756850
g4899 g3352 12.464910 8.819930
g4899 g3288 13.579560 11.417280
g4899 g3333 9.940180 8.794580
g4899 g3106 9.940180 8.794580
g4899 g3115 14.843010 14.016850
g4899 g3125 14.379050 14.180790
g4899 g3129 14.843010 14.016850
g4899 g3133 14.763010 14.016850
g4899 g3703 11.495050 7.850070
g4899 g3639 12.609700 10.447420
g4899 g3684 8.970320 7.824720
g4899 g3457 8.970320 7.824720
g4899 g3466 13.873150 13.046990
g4899 g3476 13.409190 13.210930
g4899 g3480 13.873150 13.046990
g4899 g3484 13.793150 13.046990
g4899 g4054 11.495050 7.850070
g4899 g3990 12.609700 10.447420
g4899 g4035 8.970320 7.824720
g4899 g3808 8.970320 7.824720
g4899 g3817 13.873150 13.046990
g4899 g3827 13.409190 13.210930
g4899 g3831 13.873150 13.046990
g4899 g3835 13.793150 13.046990
g4899 OUTPUT 7.291170 6.585800
g4899 OUTPUT 7.903760 7.903760
g4894 g4894 4.955590 2.459020
g4894 g4888 4.520630 1.985560
g4888 g71 7.317730 5.641410
g4888 g4572 12.017220 8.645190
g4888 g4578 12.017220 8.645190
g4888 g4894 7.732160 6.490000
g4888 g4888 3.279500 3.279500
g4888 g4939 2.885920 2.885920
g4888 g6741 10.913530 7.268550
g4888 g6682 12.028180 9.865900
g4888 g5011 8.388800 7.243200
g4888 g6500 8.388800 7.243200
g4888 g6509 13.291630 12.465470
g4888 g6519 12.827670 12.629410
g4888 g6523 13.291630 12.465470
g4888 g6527 13.211630 12.465470
g4888 OUTPUT 5.340130 5.340130
g4939 g4939 4.955590 2.459020
g4939 g4933 4.520630 1.985560
g4933 g71 6.649310 4.972990
g4933 g4572 12.693760 9.321730
g4933 g4578 12.693760 9.321730
g4933 g4939 7.732160 6.490000
g4933 g4933 3.279500 3.279500
g4933 g4950 2.885920 2.885920
g4933 g3352 10.913530 7.268550
g4933 g3288 12.028180 9.865900
g4933 g3333 8.388800 7.243200
g4933 g3106 8.388800 7.243200
g4933 g3115 13.291630 12.465470
g4933 g3125 12.827670 12.629410
g4933 g3129 13.291630 12.465470
g4933 g3133 13.211630 12.465470
g4933 OUTPUT 4.671710 4.671710
g4950 g4950 4.955590 2.459020
g4950 g4944 4.520630 1.985560
g4944 g71 6.169860 4.493540
g4944 g4572 11.727910 8.355880
g4944 g4578 11.727910 8.355880
g4944 g4950 8.733680 7.491520
g4944 g4944 3.279500 3.279500
g4944 g4961 2.466160 2.466160
g4944 g3703 11.915050 8.270070
g4944 g3639 13.029700 10.867420
g4944 g3684 9.390320 8.244720
g4944 g3457 9.390320 8.244720
g4944 g3466 14.293150 13.466990
g4944 g3476 13.829190 13.630930
g4944 g3480 14.293150 13.466990
g4944 g3484 14.213150 13.466990
g4944 OUTPUT 4.192260 4.192260
g4961 g4961 4.955590 2.459020
g4961 g4955 4.520630 1.985560
g4955 g71 6.399860 4.723540
g4955 g4572 11.526270 8.154240
g4955 g4578 11.526270 8.154240
g4955 g4961 8.733680 7.491520
g4955 g4955 3.279500 3.279500
g4955 g4646 2.466160 2.466160
g4955 g4054 11.915050 8.270070
g4955 g3990 13.029700 10.867420
g4955 g4035 9.390320 8.244720
g4955 g3808 9.390320 8.244720
g4955 g3817 14.293150 13.466990
g4955 g3827 13.829190 13.630930
g4955 g3831 14.293150 13.466990
g4955 g3835 14.213150 13.466990
g4955 OUTPUT 4.422260 4.422260
g4646 g4646 3.833170 3.833170
g4646 g4674 2.662650 2.662650
g4646 g59 6.793740 6.277070
g4646 g4575 6.793740 6.277070
g4646 g4704 6.655660 5.413500
g4646 g5357 10.236990 6.192050
g4646 g5297 11.351640 9.189360
g4646 g128 7.712260 6.166700
g4646 g5115 7.712260 6.166700
g4646 g5124 12.615090 11.788930
g4646 g5134 12.151130 11.952870
g4646 g5138 12.615090 11.788930
g4646 g5142 12.535090 11.788930
g4646 OUTPUT 4.634580 4.634580
g4646 OUTPUT 4.634580 4.634580
g4674 g4646 3.628810 3.628810
g4674 g4681 2.662650 2.662650
g4674 g59 6.589380 5.479970
g4674 g4575 6.589380 5.479970
g4674 g4749 6.655660 5.413500
g4674 g5703 9.837030 6.192050
g4674 g5644 10.951680 8.789400
g4674 g4821 7.312300 6.166700
g4674 g5462 7.312300 6.166700
g4674 g5471 12.215130 11.388970
g4674 g5481 11.751170 11.552910
g4674 g5485 12.215130 11.388970
g4674 g5489 12.135130 11.388970
g4681 g4646 3.888170 3.888170
g4681 g4688 2.662650 2.662650
g4681 g59 6.647760 5.186440
g4681 g4575 6.647760 5.186440
g4681 g4760 5.249580 4.007420
g4681 g6049 8.430950 4.785970
g4681 g5990 9.545600 7.383320
g4681 g4831 5.906220 4.760620
g4681 g5808 5.906220 4.760620
g4681 g5817 10.809050 9.982890
g4681 g5827 10.345090 10.146830
g4681 g5831 10.809050 9.982890
g4681 g5835 10.729050 9.982890
g4688 g63 7.059700 5.098770
g4688 g4646 9.661300 9.661300
g4688 g4653 9.552170 2.067600
g4688 g4659 10.088770 5.146000
g4688 g4664 9.987760 7.229360
g4688 g4669 10.404570 9.088630
g4688 g59 6.686470 5.416440
g4688 g4575 6.686470 5.416440
g4688 g4793 12.343760 5.694040
g4688 g4801 12.274310 8.594740
g4688 g4776 11.900310 9.700560
g4688 g4785 9.910290 8.594350
g4688 g4709 11.579550 10.263610
g4688 g4771 5.249580 4.007420
g4688 g6395 8.430950 4.785970
g4688 g6336 9.545600 7.383320
g4688 g4826 5.906220 4.760620
g4688 g6154 5.906220 4.760620
g4688 g6163 10.809050 9.982890
g4688 g6173 10.345090 10.146830
g4688 g6177 10.809050 9.982890
g4688 g6181 10.729050 9.982890
g4688 OUTPUT 5.112670 5.112670
g4653 g63 9.217330 7.256400
g4653 g4646 11.818930 11.818930
g4653 g4653 11.709800 2.708020
g4653 g4659 12.246400 2.201380
g4653 g4664 12.145390 7.052240
g4653 g4669 12.246400 8.911510
g4653 g4793 14.501390 7.851670
g4653 g4801 14.431940 10.752370
g4653 g4776 14.057940 11.858190
g4653 g4785 12.067920 10.751980
g4653 g4709 13.737180 12.421240
g4653 g4704 10.194040 8.951880
g4653 g4749 10.194040 8.951880
g4653 g4760 11.246310 10.004150
g4653 g4771 11.246310 10.004150
g4653 g5357 13.775370 9.730430
g4653 g5297 14.890020 12.727740
g4653 g128 11.250640 9.705080
g4653 g5115 11.250640 9.705080
g4653 g5124 16.153470 15.327310
g4653 g5134 15.689510 15.491250
g4653 g5138 16.153470 15.327310
g4653 g5142 16.073470 15.327310
g4653 g5703 13.375410 9.730430
g4653 g5644 14.490060 12.327780
g4653 g4821 10.850680 9.705080
g4653 g5462 10.850680 9.705080
g4653 g5471 15.753510 14.927350
g4653 g5481 15.289550 15.091290
g4653 g5485 15.753510 14.927350
g4653 g5489 15.673510 14.927350
g4653 g6049 14.427680 10.782700
g4653 g5990 15.542330 13.380050
g4653 g4831 11.902950 10.757350
g4653 g5808 11.902950 10.757350
g4653 g5817 16.805780 15.979620
g4653 g5827 16.341820 16.143560
g4653 g5831 16.805780 15.979620
g4653 g5835 16.725780 15.979620
g4653 g6395 14.427680 10.782700
g4653 g6336 15.542330 13.380050
g4653 g4826 11.902950 10.757350
g4653 g6154 11.902950 10.757350
g4653 g6163 16.805780 15.979620
g4653 g6173 16.341820 16.143560
g4653 g6177 16.805780 15.979620
g4653 g6181 16.725780 15.979620
g4653 OUTPUT 8.172960 8.172960
g4653 OUTPUT 8.172960 8.172960
g4653 OUTPUT 7.270300 7.270300
g4659 g63 9.088840 7.127910
g4659 g4646 11.690440 11.690440
g4659 g4653 11.581310 11.581310
g4659 g4659 12.117910 3.456970
g4659 g4664 12.016900 1.985560
g4659 g4669 12.117910 7.005270
g4659 g4793 14.372900 7.723180
g4659 g4801 14.303450 10.623880
g4659 g4776 13.929450 11.729700
g4659 g4785 11.939430 10.623490
g4659 g4709 13.608690 12.292750
g4659 g4704 10.065550 8.823390
g4659 g4749 10.065550 8.823390
g4659 g4760 11.117820 9.875660
g4659 g4771 11.117820 9.875660
g4659 g5357 13.646880 9.601940
g4659 g5297 14.761530 12.599250
g4659 g128 11.122150 9.576590
g4659 g5115 11.122150 9.576590
g4659 g5124 16.024980 15.198820
g4659 g5134 15.561020 15.362760
g4659 g5138 16.024980 15.198820
g4659 g5142 15.944980 15.198820
g4659 g5703 13.246920 9.601940
g4659 g5644 14.361570 12.199290
g4659 g4821 10.722190 9.576590
g4659 g5462 10.722190 9.576590
g4659 g5471 15.625020 14.798860
g4659 g5481 15.161060 14.962800
g4659 g5485 15.625020 14.798860
g4659 g5489 15.545020 14.798860
g4659 g6049 14.299190 10.654210
g4659 g5990 15.413840 13.251560
g4659 g4831 11.774460 10.628860
g4659 g5808 11.774460 10.628860
g4659 g5817 16.677290 15.851130
g4659 g5827 16.213330 16.015070
g4659 g5831 16.677290 15.851130
g4659 g5835 16.597290 15.851130
g4659 g6395 14.299190 10.654210
g4659 g6336 15.413840 13.251560
g4659 g4826 11.774460 10.628860
g4659 g6154 11.774460 10.628860
g4659 g6163 16.677290 15.851130
g4659 g6173 16.213330 16.015070
g4659 g6177 16.677290 15.851130
g4659 g6181 16.597290 15.851130
g4659 OUTPUT 8.044470 8.044470
g4659 OUTPUT 8.044470 8.044470
g4659 OUTPUT 7.141810 7.141810
g4664 g4664 4.583040 3.557980
g4664 g4669 5.870720 1.985560
g4669 g63 8.967120 7.006190
g4669 g4646 11.568720 11.568720
g4669 g4653 11.459590 11.459590
g4669 g4659 11.996190 11.833590
g4669 g4664 11.895180 11.833590
g4669 g4669 11.996190 3.456970
g4669 g4727 2.466160 2.466160
g4669 g4793 14.251180 7.601460
g4669 g4801 14.181730 10.502160
g4669 g4776 13.807730 11.607980
g4669 g4785 11.817710 10.501770
g4669 g4709 13.486970 12.171030
g4669 g4704 9.943830 8.701670
g4669 g4749 9.943830 8.701670
g4669 g4760 10.996100 9.753940
g4669 g4771 10.996100 9.753940
g4669 g5357 13.525160 9.480220
g4669 g5297 14.639810 12.477530
g4669 g128 11.000430 9.454870
g4669 g5115 11.000430 9.454870
g4669 g5124 15.903260 15.077100
g4669 g5134 15.439300 15.241040
g4669 g5138 15.903260 15.077100
g4669 g5142 15.823260 15.077100
g4669 g5703 13.125200 9.480220
g4669 g5644 14.239850 12.077570
g4669 g4821 10.600470 9.454870
g4669 g5462 10.600470 9.454870
g4669 g5471 15.503300 14.677140
g4669 g5481 15.039340 14.841080
g4669 g5485 15.503300 14.677140
g4669 g5489 15.423300 14.677140
g4669 g6049 14.177470 10.532490
g4669 g5990 15.292120 13.129840
g4669 g4831 11.652740 10.507140
g4669 g5808 11.652740 10.507140
g4669 g5817 16.555570 15.729410
g4669 g5827 16.091610 15.893350
g4669 g5831 16.555570 15.729410
g4669 g5835 16.475570 15.729410
g4669 g6395 14.177470 10.532490
g4669 g6336 15.292120 13.129840
g4669 g4826 11.652740 10.507140
g4669 g6154 11.652740 10.507140
g4669 g6163 16.555570 15.729410
g4669 g6173 16.091610 15.893350
g4669 g6177 16.555570 15.729410
g4669 g6181 16.475570 15.729410
g4669 OUTPUT 7.922750 7.922750
g4669 OUTPUT 7.922750 7.922750
g4669 OUTPUT 7.020090 7.020090
g4727 g45 9.091530 6.916780
g4727 g55 22.935430 16.131280
g4727 g4727 2.318960 2.318960
g4727 g4732 2.395420 2.395420
g4727 g59 11.004630 9.929940
g4727 g4575 11.004630 9.929940
g4727 g2984 22.111060 17.481660
g4727 g6 5.209160 5.209160
g4727 g34 19.053060 14.423660
g4727 OUTPUT 7.113930 7.113930
g4727 OUTPUT 20.957830 16.328430
g4732 g46 8.966770 6.792020
g4732 g55 22.632110 16.209500
g4732 g4732 2.813840 2.813840
g4732 g4717 2.393440 2.393440
g4732 g59 11.296270 10.221580
g4732 g4575 11.296270 10.221580
g4732 g2984 21.807740 17.559880
g4732 g7 5.084400 5.084400
g4732 g34 18.749740 14.501880
g4732 OUTPUT 6.989170 6.989170
g4732 OUTPUT 20.654510 16.406650
g4717 g47 9.185470 7.010720
g4717 g55 22.826270 16.403600
g4717 g4717 3.019760 3.019760
g4717 g4722 2.599360 2.599360
g4717 g59 12.226570 11.151880
g4717 g4575 12.226570 11.151880
g4717 g2984 22.001900 17.753980
g4717 g8 5.303100 5.303100
g4717 g34 18.943900 14.695980
g4717 OUTPUT 7.207870 7.207870
g4717 OUTPUT 20.848670 16.600750
g4722 g48 8.917230 6.742480
g4722 g55 22.379470 16.338400
g4722 g4722 3.027680 3.027680
g4722 g4737 2.607280 2.607280
g4722 g59 11.573490 10.498800
g4722 g4575 11.573490 10.498800
g4722 g2984 21.555100 17.688780
g4722 g9 5.034860 5.034860
g4722 g34 18.497100 14.630780
g4722 OUTPUT 6.939630 6.939630
g4722 OUTPUT 20.401870 16.535550
g4737 g49 8.175750 6.001000
g4737 g55 21.816550 15.393940
g4737 g4737 2.596040 2.596040
g4737 g4741 2.063620 2.063620
g4737 g59 7.492430 7.492430
g4737 g4575 7.492430 7.492430
g4737 g2984 20.992180 16.744320
g4737 g16 4.293380 4.293380
g4737 g34 17.934180 13.686320
g4737 OUTPUT 6.198150 6.198150
g4737 OUTPUT 19.838950 15.591090
g4741 g4742 1.859680 1.859680
g4742 g59 2.366040 2.366040
g59 g4480 5.323200 5.323200
g59 g4498 5.323200 5.323200
g59 g4504 5.323200 5.323200
g59 g4519 4.821170 4.821170
g59 g4537 5.462420 5.462420
g59 g4575 2.579560 2.579560
g59 OUTPUT 0.000000 0.000000
g59 OUTPUT 0.000000 0.000000
g4575 g4540 5.343000 5.343000
g4575 g4567 5.343000 5.343000
g4575 g4549 5.343000 5.343000
g4575 g4570 4.821170 4.821170
g4575 g4534 5.462420 5.462420
g4575 g4809 3.060160 3.060160
g4809 g4812 0.499980 0.499980
g4809 g4698 8.039710 7.053860
g4809 g4743 8.023310 7.216470
g4809 g4754 8.023310 7.216470
g4809 g4765 8.023310 7.216470
g4809 OUTPUT 0.000000 0.000000
g4812 g101 5.523710 4.109500
g4812 g4815 0.499980 0.499980
g4812 OUTPUT 0.000000 0.000000
g4812 OUTPUT 3.546110 3.369770
g4815 g101 5.454910 4.040700
g4815 g4818 0.499980 0.499980
g4815 OUTPUT 0.000000 0.000000
g4815 OUTPUT 3.477310 3.300970
g4818 g4793 1.985560 1.985560
g4818 g4698 8.209710 7.223860
g4818 g4743 8.193310 7.386470
g4818 g4754 8.193310 7.386470
g4818 g4765 8.193310 7.386470
g4793 g63 7.807350 5.846420
g4793 g59 9.082160 6.341850
g4793 g4575 9.082160 6.341850
g4793 g4793 9.244230 3.594850
g4793 g4801 9.174780 2.779540
g4793 g4776 8.800780 6.472400
g4793 g4785 6.810760 5.494820
g4793 g4709 8.480020 7.164080
g4793 g4704 12.924460 7.494110
g4793 g4698 9.012320 8.302140
g4793 g4749 12.924460 7.494110
g4793 g4743 9.012320 8.302140
g4793 g4760 11.246700 7.494110
g4793 g4754 9.012320 8.302140
g4793 g4771 11.246700 7.494110
g4793 g4765 9.012320 8.302140
g4793 g5357 16.505790 12.460850
g4793 g5297 17.620440 15.458160
g4793 g128 13.981060 12.435500
g4793 g5115 13.981060 12.435500
g4793 g5124 18.883890 18.057730
g4793 g5134 18.419930 18.221670
g4793 g5138 18.883890 18.057730
g4793 g5142 18.803890 18.057730
g4793 g5703 16.105830 12.460850
g4793 g5644 17.220480 15.058200
g4793 g4821 13.581100 12.435500
g4793 g5462 13.581100 12.435500
g4793 g5471 18.483930 17.657770
g4793 g5481 18.019970 17.821710
g4793 g5485 18.483930 17.657770
g4793 g5489 18.403930 17.657770
g4793 g6049 14.428070 10.783090
g4793 g5990 15.542720 13.380440
g4793 g4831 11.903340 10.757740
g4793 g5808 11.903340 10.757740
g4793 g5817 16.806170 15.980010
g4793 g5827 16.342210 16.143950
g4793 g5831 16.806170 15.980010
g4793 g5835 16.726170 15.980010
g4793 g6395 14.428070 10.783090
g4793 g6336 15.542720 13.380440
g4793 g4826 11.903340 10.757740
g4793 g6154 11.903340 10.757740
g4793 g6163 16.806170 15.980010
g4793 g6173 16.342210 16.143950
g4793 g6177 16.806170 15.980010
g4793 g6181 16.726170 15.980010
g4793 OUTPUT 10.903380 10.903380
g4793 OUTPUT 10.903380 10.903380
g4793 OUTPUT 5.860320 5.860320
g4801 g63 9.047930 7.087000
g4801 g59 8.695440 6.281280
g4801 g4575 8.695440 6.281280
g4801 g4801 4.583040 3.456970
g4801 g4776 5.437080 2.067600
g4801 g4704 12.754700 8.734690
g4801 g4698 10.252900 9.542720
g4801 g4749 12.754700 8.734690
g4801 g4743 10.252900 9.542720
g4801 g4760 11.076940 8.734690
g4801 g4754 10.252900 9.542720
g4801 g4771 11.076940 8.734690
g4801 g4765 10.252900 9.542720
g4801 g5357 16.336030 12.291090
g4801 g5297 17.450680 15.288400
g4801 g128 13.811300 12.265740
g4801 g5115 13.811300 12.265740
g4801 g5124 18.714130 17.887970
g4801 g5134 18.250170 18.051910
g4801 g5138 18.714130 17.887970
g4801 g5142 18.634130 17.887970
g4801 g5703 15.936070 12.291090
g4801 g5644 17.050720 14.888440
g4801 g4821 13.411340 12.265740
g4801 g5462 13.411340 12.265740
g4801 g5471 18.314170 17.488010
g4801 g5481 17.850210 17.651950
g4801 g5485 18.314170 17.488010
g4801 g5489 18.234170 17.488010
g4801 g6049 14.258310 10.613330
g4801 g5990 15.372960 13.210680
g4801 g4831 11.733580 10.587980
g4801 g5808 11.733580 10.587980
g4801 g5817 16.636410 15.810250
g4801 g5827 16.172450 15.974190
g4801 g5831 16.636410 15.810250
g4801 g5835 16.556410 15.810250
g4801 g6395 14.258310 10.613330
g4801 g6336 15.372960 13.210680
g4801 g4826 11.733580 10.587980
g4801 g6154 11.733580 10.587980
g4801 g6163 16.636410 15.810250
g4801 g6173 16.172450 15.974190
g4801 g6177 16.636410 15.810250
g4801 g6181 16.556410 15.810250
g4801 OUTPUT 10.733620 10.733620
g4801 OUTPUT 10.733620 10.733620
g4801 OUTPUT 7.100900 7.100900
g4776 g63 7.904300 5.943370
g4776 g59 7.861280 6.149880
g4776 g4575 7.861280 6.149880
g4776 g4793 9.285090 8.927430
g4776 g4801 9.215640 9.170340
g4776 g4776 8.841640 3.637660
g4776 g4785 6.851620 2.409280
g4776 g4709 8.520880 7.204940
g4776 g4704 11.609740 7.591060
g4776 g4698 9.109270 8.399090
g4776 g4749 11.609740 7.591060
g4776 g4743 9.109270 8.399090
g4776 g4760 9.931980 7.591060
g4776 g4754 9.109270 8.399090
g4776 g4771 9.931980 7.591060
g4776 g4765 9.109270 8.399090
g4776 g5357 15.191070 11.146130
g4776 g5297 16.305720 14.143440
g4776 g128 12.666340 11.120780
g4776 g5115 12.666340 11.120780
g4776 g5124 17.569170 16.743010
g4776 g5134 17.105210 16.906950
g4776 g5138 17.569170 16.743010
g4776 g5142 17.489170 16.743010
g4776 g5703 14.791110 11.146130
g4776 g5644 15.905760 13.743480
g4776 g4821 12.266380 11.120780
g4776 g5462 12.266380 11.120780
g4776 g5471 17.169210 16.343050
g4776 g5481 16.705250 16.506990
g4776 g5485 17.169210 16.343050
g4776 g5489 17.089210 16.343050
g4776 g6049 13.113350 9.468370
g4776 g5990 14.228000 12.065720
g4776 g4831 10.588620 9.443020
g4776 g5808 10.588620 9.443020
g4776 g5817 15.491450 14.665290
g4776 g5827 15.027490 14.829230
g4776 g5831 15.491450 14.665290
g4776 g5835 15.411450 14.665290
g4776 g6395 13.113350 9.468370
g4776 g6336 14.228000 12.065720
g4776 g4826 10.588620 9.443020
g4776 g6154 10.588620 9.443020
g4776 g6163 15.491450 14.665290
g4776 g6173 15.027490 14.829230
g4776 g6177 15.491450 14.665290
g4776 g6181 15.411450 14.665290
g4776 OUTPUT 9.588660 9.588660
g4776 OUTPUT 9.588660 9.588660
g4776 OUTPUT 5.957270 5.957270
g4785 g63 9.248650 7.287720
g4785 g101 9.874920 6.447710
g4785 g59 15.281330 9.186660
g4785 g4575 15.281330 9.186660
g4785 g4785 4.583040 3.557980
g4785 g4709 6.048850 2.613220
g4785 g4704 9.283540 7.231290
g4785 g4698 8.749500 8.039320
g4785 g4749 10.157120 8.468610
g4785 g4743 9.986820 9.276640
g4785 g4760 9.626170 7.585610
g4785 g4754 9.103820 8.393640
g4785 g4771 8.492590 7.250430
g4785 g4765 9.676120 8.965940
g4785 g5357 12.864870 8.819930
g4785 g5297 13.979520 11.817240
g4785 g128 10.340140 8.794580
g4785 g5115 10.340140 8.794580
g4785 g5124 15.242970 14.416810
g4785 g5134 14.779010 14.580750
g4785 g5138 15.242970 14.416810
g4785 g5142 15.162970 14.416810
g4785 g5703 13.338490 9.693510
g4785 g5644 14.453140 12.290860
g4785 g4821 10.813760 9.668160
g4785 g5462 10.813760 9.668160
g4785 g5471 15.716590 14.890430
g4785 g5481 15.252630 15.054370
g4785 g5485 15.716590 14.890430
g4785 g5489 15.636590 14.890430
g4785 g6049 12.807540 9.162560
g4785 g5990 13.922190 11.759910
g4785 g4831 10.282810 9.137210
g4785 g5808 10.282810 9.137210
g4785 g5817 15.185640 14.359480
g4785 g5827 14.721680 14.523420
g4785 g5831 15.185640 14.359480
g4785 g5835 15.105640 14.359480
g4785 g6395 11.673960 8.028980
g4785 g6336 12.788610 10.626330
g4785 g4826 9.149230 8.003630
g4785 g6154 9.149230 8.003630
g4785 g6163 14.052060 13.225900
g4785 g6173 13.588100 13.389840
g4785 g6177 14.052060 13.225900
g4785 g6181 13.972060 13.225900
g4785 OUTPUT 7.262460 7.262460
g4785 OUTPUT 7.897320 6.146430
g4785 OUTPUT 7.262460 7.262460
g4785 OUTPUT 7.301620 7.301620
g4709 g63 9.070790 7.109860
g4709 g101 9.268770 6.887080
g4709 g59 15.245980 8.000900
g4709 g4575 15.245980 8.000900
g4709 g4709 4.583040 3.557980
g4709 g4704 9.023540 2.763160
g4709 g4698 8.571640 7.861460
g4709 g4749 9.283540 7.981930
g4709 g4743 9.500140 8.789960
g4709 g4760 8.583110 7.071520
g4709 g4754 10.101320 9.391140
g4709 g4771 8.313680 6.846390
g4709 g4765 8.364600 7.654420
g4709 g5357 12.604870 8.559930
g4709 g5297 13.719520 11.557240
g4709 g128 10.080140 8.534580
g4709 g5115 10.080140 8.534580
g4709 g5124 14.982970 14.156810
g4709 g5134 14.519010 14.320750
g4709 g5138 14.982970 14.156810
g4709 g5142 14.902970 14.156810
g4709 g5703 12.464910 8.819930
g4709 g5644 13.579560 11.417280
g4709 g4821 9.940180 8.794580
g4709 g5462 9.940180 8.794580
g4709 g5471 14.843010 14.016850
g4709 g5481 14.379050 14.180790
g4709 g5485 14.843010 14.016850
g4709 g5489 14.763010 14.016850
g4709 g6049 11.495050 7.850070
g4709 g5990 12.609700 10.447420
g4709 g4831 8.970320 7.824720
g4709 g5808 8.970320 7.824720
g4709 g5817 13.873150 13.046990
g4709 g5827 13.409190 13.210930
g4709 g5831 13.873150 13.046990
g4709 g5835 13.793150 13.046990
g4709 g6395 11.495050 7.850070
g4709 g6336 12.609700 10.447420
g4709 g4826 8.970320 7.824720
g4709 g6154 8.970320 7.824720
g4709 g6163 13.873150 13.046990
g4709 g6173 13.409190 13.210930
g4709 g6177 13.873150 13.046990
g4709 g6181 13.793150 13.046990
g4709 OUTPUT 7.002460 7.002460
g4709 OUTPUT 7.291170 6.585800
g4709 OUTPUT 7.002460 7.002460
g4709 OUTPUT 7.123760 7.123760
g4704 g4704 4.955590 2.459020
g4704 g4698 4.520630 1.985560
g4698 g101 7.317730 5.641410
g4698 g59 12.017220 8.645190
g4698 g4575 12.017220 8.645190
g4698 g4704 7.732160 6.490000
g4698 g4698 3.279500 3.279500
g4698 g4749 2.885920 2.885920
g4698 g5357 11.313490 7.268550
g4698 g5297 12.428140 10.265860
g4698 g128 8.788760 7.243200
g4698 g5115 8.788760 7.243200
g4698 g5124 13.691590 12.865430
g4698 g5134 13.227630 13.029370
g4698 g5138 13.691590 12.865430
g4698 g5142 13.611590 12.865430
g4698 OUTPUT 5.711080 5.711080
g4698 OUTPUT 5.340130 5.340130
g4698 OUTPUT 5.711080 5.711080
g4749 g4749 4.955590 2.459020
g4749 g4743 4.520630 1.985560
g4743 g101 6.649310 4.972990
g4743 g59 12.693760 9.321730
g4743 g4575 12.693760 9.321730
g4743 g4749 7.732160 6.490000
g4743 g4743 3.279500 3.279500
g4743 g4760 2.885920 2.885920
g4743 g5703 10.913530 7.268550
g4743 g5644 12.028180 9.865900
g4743 g4821 8.388800 7.243200
g4743 g5462 8.388800 7.243200
g4743 g5471 13.291630 12.465470
g4743 g5481 12.827670 12.629410
g4743 g5485 13.291630 12.465470
g4743 g5489 13.211630 12.465470
g4743 OUTPUT 4.671710 4.671710
g4760 g4760 4.955590 2.459020
g4760 g4754 4.520630 1.985560
g4754 g101 6.169860 4.493540
g4754 g59 11.727910 8.355880
g4754 g4575 11.727910 8.355880
g4754 g4760 8.733680 7.491520
g4754 g4754 3.279500 3.279500
g4754 g4771 2.466160 2.466160
g4754 g6049 11.915050 8.270070
g4754 g5990 13.029700 10.867420
g4754 g4831 9.390320 8.244720
g4754 g5808 9.390320 8.244720
g4754 g5817 14.293150 13.466990
g4754 g5827 13.829190 13.630930
g4754 g5831 14.293150 13.466990
g4754 g5835 14.213150 13.466990
g4754 OUTPUT 4.192260 4.192260
g4771 g4771 4.955590 2.459020
g4771 g4765 4.520630 1.985560
g4765 g101 6.399860 4.723540
g4765 g59 11.526270 8.154240
g4765 g4575 11.526270 8.154240
g4765 g4771 8.733680 7.491520
g4765 g4765 3.279500 3.279500
g4765 g5313 2.466160 2.466160
g4765 g6395 11.915050 8.270070
g4765 g6336 13.029700 10.867420
g4765 g4826 9.390320 8.244720
g4765 g6154 9.390320 8.244720
g4765 g6163 14.293150 13.466990
g4765 g6173 13.829190 13.630930
g4765 g6177 14.293150 13.466990
g4765 g6181 14.213150 13.466990
g4765 OUTPUT 4.422260 4.422260
g5313 g5313 6.832930 4.477550
g5313 g5290 0.499980 0.499980
g5313 g5343 6.168460 5.422300
g5313 g5348 4.992140 4.992140
g5313 g5352 6.399040 6.399040
g5313 g128 13.893180 7.962370
g5313 g5115 16.959120 9.954030
g5313 OUTPUT 0.000000 0.000000
g5290 g5313 7.072930 3.555400
g5290 g5320 0.499980 0.499980
g5290 g5343 6.408460 5.662300
g5290 g5348 5.232140 5.232140
g5290 g5352 6.639040 6.639040
g5290 g128 8.742450 7.350860
g5290 g5115 11.808390 9.342520
g5290 OUTPUT 0.000000 0.000000
g5320 g5313 7.522930 2.899580
g5320 g5276 0.499980 0.499980
g5320 g5343 6.858460 6.112300
g5320 g5348 5.682140 5.682140
g5320 g5352 7.089040 7.089040
g5320 g128 9.522450 7.130580
g5320 g5115 12.588390 9.122240
g5320 OUTPUT 0.000000 0.000000
g5276 g5313 7.338160 3.405680
g5276 g5283 0.499980 0.499980
g5276 g5343 6.673690 5.927530
g5276 g5348 5.497370 5.497370
g5276 g5352 6.904270 6.904270
g5276 g128 8.311050 8.191190
g5276 g5115 11.376990 10.182850
g5276 OUTPUT 0.000000 0.000000
g5283 g5313 6.116140 4.880440
g5283 g5308 0.499980 0.499980
g5283 g128 9.269880 8.454410
g5283 g5115 12.335820 8.152670
g5283 g5124 10.169360 9.343200
g5283 g5134 9.705400 9.507140
g5283 g5138 10.169360 9.343200
g5283 g5142 10.089360 9.343200
g5283 OUTPUT 0.000000 0.000000
g5308 g5313 5.558800 5.558800
g5308 g5327 0.499980 0.499980
g5308 g128 8.630930 8.371630
g5308 g5115 11.696870 10.363290
g5308 OUTPUT 0.000000 0.000000
g5327 g5331 0.499980 0.499980
g5327 g128 8.250210 7.733570
g5327 g5115 11.316150 9.725230
g5327 OUTPUT 0.000000 0.000000
g5331 g5335 0.499980 0.499980
g5331 g128 9.171050 7.816970
g5331 g5115 12.236990 9.808630
g5331 OUTPUT 0.000000 0.000000
g5335 g5339 0.499980 0.499980
g5335 g128 9.951050 7.388790
g5335 g5115 13.016990 9.380450
g5335 OUTPUT 0.000000 0.000000
g5339 g5343 2.157820 2.157820
g5339 g128 9.003480 8.424640
g5339 g5115 12.069420 10.416300
g5343 g5343 3.691720 3.047680
g5343 g5348 5.816520 4.465310
g5343 g5352 3.458870 3.458870
g5343 g5105 4.861160 4.861160
g5343 g128 16.197620 6.645090
g5343 g5115 19.263560 7.970880
g5343 g5124 9.987570 9.161410
g5343 g5134 9.523610 9.325350
g5343 g5138 9.987570 9.161410
g5343 g5142 9.907570 9.161410
g5343 OUTPUT 0.000000 0.000000
g5343 OUTPUT 0.000000 0.000000
g5348 g4704 6.997730 6.492510
g5348 g5352 2.662650 2.662650
g5352 g4704 7.099590 4.991680
g5352 g5348 2.200440 2.200440
g5352 g5357 2.205340 2.205340
g5357 g93 10.123380 8.385240
g5357 g4704 7.891670 6.232510
g5357 g5357 5.364010 3.152630
g5357 g5297 6.048850 3.248800
g5357 g128 13.033560 9.754640
g5357 g5115 16.099500 7.702670
g5357 g5124 9.719360 8.893200
g5357 g5134 9.255400 9.057140
g5357 g5138 9.719360 8.893200
g5357 g5142 9.639360 8.893200
g5357 OUTPUT 2.834440 2.834440
g5357 OUTPUT 2.834440 2.834440
g5357 OUTPUT 8.145780 8.145780
g5297 g93 10.167670 8.429530
g5297 g4704 8.477400 6.571680
g5297 g5297 4.583040 3.557980
g5297 g5101 3.594760 3.594760
g5297 g128 12.942030 9.579450
g5297 g5115 16.007970 7.462670
g5297 g5124 9.479360 8.653200
g5297 g5134 9.015400 8.817140
g5297 g5138 9.479360 8.653200
g5297 g5142 9.399360 8.653200
g5297 OUTPUT 2.889600 2.889600
g5297 OUTPUT 2.889600 2.889600
g5297 OUTPUT 8.190070 8.190070
g5101 g5109 0.499980 0.499980
g5101 g5062 3.025400 3.025400
g5101 g5022 2.200440 2.200440
g5101 OUTPUT 0.000000 0.000000
g5109 g5062 3.819400 2.231870
g5062 g5062 2.935400 2.935400
g5062 g5105 2.140000 2.140000
g5062 g5016 9.096240 3.878920
g5062 g5029 9.454210 6.180450
g5062 g5033 9.454210 7.402810
g5062 g5037 9.454210 8.136430
g5062 g5041 11.082330 9.007490
g5062 g5046 12.718790 9.007490
g5062 g5052 14.363450 9.007490
g5062 g5057 14.708140 9.007490
g5062 g5073 4.118210 4.040330
g5105 g5062 2.200440 2.200440
g5105 g5112 0.499980 0.499980
g5105 g5022 3.025400 3.025400
g5105 OUTPUT 0.000000 0.000000
g5112 g5022 3.819400 2.231870
g5022 g5022 2.935400 2.935400
g5022 g5016 8.491060 2.128120
g5022 g5029 8.849030 5.386280
g5022 g5033 8.849030 6.958560
g5022 g5037 8.978340 7.668900
g5022 g5041 10.550620 8.392470
g5022 g5046 11.260960 8.392470
g5022 g5052 12.777080 8.392470
g5022 g5057 12.849200 8.392470
g5022 g5069 4.006470 3.885150
g5016 g5016 3.768040 3.279500
g5016 g5029 7.534390 2.140000
g5016 g5033 9.106670 7.225570
g5016 g5037 9.817010 7.959190
g5016 g5041 11.389290 9.595650
g5016 g5046 12.541550 10.790190
g5016 g5052 14.186210 12.306310
g5016 g5057 14.530900 12.378430
g5029 g5029 5.056730 4.136280
g5029 g5033 6.945100 2.500360
g5029 g5037 8.527750 6.346000
g5029 g5041 10.164210 7.918280
g5029 g5046 11.800670 8.628620
g5029 g5052 13.445330 10.144740
g5029 g5057 13.790020 10.216860
g5033 g5033 5.064650 4.144200
g5033 g5037 7.902670 2.508280
g5033 g5041 9.474950 7.420180
g5033 g5046 10.366080 8.875850
g5033 g5052 12.010740 10.391970
g5033 g5057 12.355430 10.464090
g5037 g5037 4.910210 3.989760
g5037 g5041 7.093160 2.353840
g5037 g5046 8.729620 6.346000
g5037 g5052 10.374280 7.862120
g5037 g5057 10.718970 7.934240
g5041 g5016 11.733140 9.685790
g5041 g5029 12.091110 10.043760
g5041 g5033 12.091110 10.043760
g5041 g5037 12.091110 10.043760
g5041 g5041 11.831110 4.300620
g5041 g5046 11.831110 2.664700
g5041 g5052 11.831110 7.428380
g5041 g5057 11.831110 7.773070
g5041 g5069 5.079880 5.079880
g5041 g5073 6.677230 6.677230
g5046 g5016 11.556320 9.489110
g5046 g5029 11.914290 9.847080
g5046 g5033 11.914290 9.847080
g5046 g5037 11.914290 9.847080
g5046 g5041 11.654290 9.587080
g5046 g5046 11.654290 4.310520
g5046 g5052 11.654290 2.674600
g5046 g5057 11.654290 5.651620
g5046 g5069 5.249880 5.201080
g5046 g5073 6.765010 6.427130
g5052 g5016 11.335920 9.659110
g5052 g5029 11.693890 10.017080
g5052 g5033 11.693890 10.017080
g5052 g5037 11.693890 10.017080
g5052 g5041 11.433890 9.757080
g5052 g5046 11.433890 9.757080
g5052 g5052 11.433890 4.350120
g5052 g5057 11.433890 2.714200
g5052 g5069 5.371080 5.371080
g5052 g5073 6.544610 6.544610
g5057 g5016 10.609080 8.984500
g5057 g5029 10.967050 9.342470
g5057 g5033 10.967050 9.342470
g5057 g5037 10.967050 9.342470
g5057 g5041 10.707050 9.082470
g5057 g5046 10.707050 9.082470
g5057 g5052 10.707050 9.082470
g5057 g5057 10.707050 3.779880
g5057 g5069 4.696470 2.142550
g5057 g5073 5.631050 5.553170
g5069 g5073 2.142550 2.142550
g5069 g5077 2.584770 2.584770
g5069 g5080 5.193810 5.193810
g5069 g5084 5.162580 5.162580
g5073 g5077 2.662650 2.662650
g5073 g5080 5.189250 5.189250
g5073 g5084 4.594640 4.594640
g5077 g5080 4.561440 2.067600
g5077 g5084 5.256700 4.530210
g5080 g5084 3.914820 1.985560
g5084 g5080 4.230700 3.783540
g5084 g5084 4.084820 3.937470
g5084 g5092 4.177460 2.377600
g5084 g5097 5.716450 4.970290
g5084 g86 7.451770 7.451770
g5092 g5092 3.683680 3.217680
g5092 g5097 5.539420 2.175640
g5092 g86 7.274740 7.274740
g5097 g5097 3.691720 3.047680
g5097 g86 5.873560 2.067600
g86 g86 4.683720 4.683720
g86 g5164 2.341510 2.341510
g86 OUTPUT 0.000000 0.000000
g86 OUTPUT 0.000000 0.000000
g5164 g5164 3.494240 3.494240
g5164 g5170 4.677530 2.702320
g5164 g5176 3.542900 3.542900
g5164 g5196 8.036090 7.392050
g5164 g5224 6.560220 5.916180
g5164 g5240 7.959710 7.315670
g5164 g5256 6.737030 6.092990
g5164 g5200 7.866090 7.222050
g5164 g5228 6.390220 5.746180
g5164 g5244 7.789710 7.145670
g5164 g5260 6.567030 5.922990
g5164 g5208 7.866090 7.222050
g5164 g5232 6.390220 5.746180
g5164 g5248 7.789710 7.145670
g5164 g5264 6.567030 5.922990
g5164 g5216 7.866090 7.222050
g5164 g5236 6.390220 5.746180
g5164 g5252 7.789710 7.145670
g5164 g5268 6.567030 5.922990
g5170 g5170 3.864830 3.672730
g5170 g5176 3.361870 2.294440
g5170 g5196 7.567530 6.923490
g5170 g5224 7.551830 6.907790
g5170 g5240 6.560220 5.916180
g5170 g5256 6.560220 5.916180
g5170 g5200 7.397530 6.753490
g5170 g5228 7.381830 6.737790
g5170 g5244 6.390220 5.746180
g5170 g5260 6.390220 5.746180
g5170 g5208 7.397530 6.753490
g5170 g5232 7.381830 6.737790
g5170 g5248 6.390220 5.746180
g5170 g5264 6.390220 5.746180
g5170 g5216 7.397530 6.753490
g5170 g5236 7.381830 6.737790
g5170 g5252 6.390220 5.746180
g5170 g5268 6.390220 5.746180
g5176 g43 9.725450 7.987310
g5176 g5164 4.103660 4.103660
g5176 g5176 5.165000 5.165000
g5176 g5180 5.526950 3.304850
g5176 g5188 6.048850 4.732910
g5176 g5196 8.902820 8.258780
g5176 g5204 5.840140 4.336680
g5176 g5200 8.732820 8.088780
g5176 g5212 5.840140 4.336680
g5176 g5208 8.732820 8.088780
g5176 g5220 5.840140 4.336680
g5176 g5216 8.732820 8.088780
g5176 g5272 5.840140 4.336680
g5176 g5156 10.601900 8.120520
g5176 g5120 8.149410 7.265170
g5176 g5128 7.847390 7.101230
g5176 g5148 8.059410 7.265170
g5176 g5152 7.927390 7.101230
g5176 OUTPUT 5.071730 5.071730
g5176 OUTPUT 5.071730 5.071730
g5176 OUTPUT 7.747850 7.747850
g5180 g43 9.080410 7.342270
g5180 g5180 3.864830 3.672730
g5180 g5188 5.870720 2.466700
g5180 g5196 8.269840 7.625800
g5180 g5224 8.269840 7.625800
g5180 g5240 8.269840 7.625800
g5180 g5256 8.269840 7.625800
g5180 g5204 8.247780 7.585560
g5180 g5200 7.654920 7.010880
g5180 g5228 7.654920 7.010880
g5180 g5244 7.654920 7.010880
g5180 g5260 7.654920 7.010880
g5180 g5212 7.462860 6.800640
g5180 g5208 8.816120 8.172080
g5180 g5232 8.816120 8.172080
g5180 g5248 8.816120 8.172080
g5180 g5264 8.816120 8.172080
g5180 g5220 8.624060 7.961840
g5180 g5216 7.829060 7.185020
g5180 g5236 7.829060 7.185020
g5180 g5252 7.829060 7.185020
g5180 g5268 7.829060 7.185020
g5180 g5272 7.637000 6.974780
g5180 g5156 10.675060 8.193680
g5180 g5120 8.222570 7.338330
g5180 g5128 7.920550 7.174390
g5180 g5148 8.132570 7.338330
g5180 g5152 8.000550 7.174390
g5180 OUTPUT 5.144890 5.144890
g5180 OUTPUT 5.144890 5.144890
g5180 OUTPUT 7.102810 7.102810
g5188 g43 9.553140 7.815000
g5188 g5101 2.703110 2.703110
g5188 g5188 4.583040 3.557980
g5188 g5196 8.306640 2.678560
g5188 g5224 8.306640 7.662600
g5188 g5240 8.306640 7.662600
g5188 g5256 8.306640 7.662600
g5188 g5204 8.284580 7.622360
g5188 g5200 9.027980 8.383940
g5188 g5228 9.027980 8.383940
g5188 g5244 9.027980 8.383940
g5188 g5260 9.027980 8.383940
g5188 g5212 8.835920 8.173700
g5188 g5208 7.654920 7.010880
g5188 g5232 7.654920 7.010880
g5188 g5248 7.654920 7.010880
g5188 g5264 7.654920 7.010880
g5188 g5220 7.462860 6.800640
g5188 g5216 7.654920 7.010880
g5188 g5236 7.654920 7.010880
g5188 g5252 7.654920 7.010880
g5188 g5268 7.654920 7.010880
g5188 g5272 7.462860 6.800640
g5188 g5156 10.375430 7.894050
g5188 g5120 7.922940 7.038700
g5188 g5128 7.620920 6.874760
g5188 g5148 7.832940 7.038700
g5188 g5152 7.700920 6.874760
g5188 OUTPUT 4.845260 4.845260
g5188 OUTPUT 4.845260 4.845260
g5188 OUTPUT 7.575540 7.575540
g5196 g5196 4.731960 4.731960
g5196 g5224 2.349880 2.349880
g5196 g128 9.343700 9.343700
g5196 g5115 12.409640 11.335360
g5224 g5224 4.731960 4.731960
g5224 g5240 2.349880 2.349880
g5224 g128 9.172840 9.172840
g5224 g5115 12.238780 11.164500
g5240 g5240 4.731960 4.731960
g5240 g5256 2.349880 2.349880
g5240 g128 8.911860 8.911860
g5240 g5115 11.977800 10.903520
g5256 g5256 4.731960 4.731960
g5256 g5204 2.349880 2.349880
g5256 g128 8.483700 8.483700
g5256 g5115 11.549640 10.475360
g5204 g5204 3.217680 3.217680
g5204 g5200 2.157820 2.157820
g5204 g128 8.685530 8.685530
g5204 g5115 11.751470 10.677190
g5200 g5200 4.731960 4.731960
g5200 g5228 2.349880 2.349880
g5200 g128 8.706800 8.706800
g5200 g5115 11.772740 10.698460
g5228 g5228 4.731960 4.731960
g5228 g5244 2.349880 2.349880
g5228 g128 8.184880 8.184880
g5228 g5115 11.250820 10.176540
g5244 g5244 4.731960 4.731960
g5244 g5260 2.349880 2.349880
g5244 g128 7.756700 7.756700
g5244 g5115 10.822640 9.748360
g5260 g5260 4.731960 4.731960
g5260 g5212 2.349880 2.349880
g5260 g128 8.815330 8.815330
g5260 g5115 11.881270 10.806990
g5212 g5212 3.217680 3.217680
g5212 g5208 2.157820 2.157820
g5212 g128 8.713300 8.713300
g5212 g5115 11.779240 10.704960
g5208 g5208 4.731960 4.731960
g5208 g5232 2.349880 2.349880
g5208 g128 8.644380 8.644380
g5208 g5115 11.710320 10.636040
g5232 g5232 4.731960 4.731960
g5232 g5248 2.349880 2.349880
g5232 g128 8.216220 8.216220
g5232 g5115 11.282160 10.207880
g5248 g5248 4.775520 4.775520
g5248 g5264 2.393440 2.393440
g5248 g128 8.345150 8.345150
g5248 g5115 11.411090 10.336810
g5264 g5264 4.775520 4.775520
g5264 g5220 2.393440 2.393440
g5264 g128 9.846040 9.846040
g5264 g5115 12.911980 11.837700
g5220 g5220 3.217680 3.217680
g5220 g5216 2.201380 2.201380
g5220 g128 7.985520 7.985520
g5220 g5115 11.051460 9.977180
g5216 g5216 4.775520 4.775520
g5216 g5236 2.393440 2.393440
g5216 g128 9.678450 9.678450
g5216 g5115 12.744390 11.670110
g5236 g5236 4.775520 4.775520
g5236 g5252 2.393440 2.393440
g5236 g128 7.916550 7.916550
g5236 g5115 10.982490 9.908210
g5252 g5252 4.775520 4.775520
g5252 g5268 2.393440 2.393440
g5252 g128 9.417420 9.417420
g5252 g5115 12.483360 11.409080
g5268 g5268 4.775520 4.775520
g5268 g5272 2.393440 2.393440
g5268 g128 7.485150 7.485150
g5268 g5115 10.551090 9.476810
g5272 g5272 3.217680 3.217680
g5272 g128 8.793980 2.201380
g5272 g5115 11.859920 10.785640
g128 g59 6.018670 6.018670
g128 g4575 6.018670 6.018670
g128 g128 3.217680 3.217680
g128 g5156 2.881960 2.881960
g128 OUTPUT 0.000000 0.000000
g128 OUTPUT 0.000000 0.000000
g5156 g5156 6.437240 3.955860
g5156 g5120 2.987680 1.985560
g5120 g5120 3.217680 3.217680
g5120 g5115 1.985560 1.985560
g5120 g5124 6.437710 4.864820
g5115 g5115 7.334340 3.217680
g5115 g5124 6.259270 1.985560
g5124 g5124 3.047680 3.047680
g5124 g5128 1.985560 1.985560
g5124 g2864 11.177150 11.177150
g5124 g2955 13.995270 13.995270
g5124 OUTPUT 11.340470 8.507390
g5128 g5128 3.691720 3.047680
g5128 g5134 3.077680 1.985560
g5128 g5138 6.118910 4.864820
g5134 g5134 3.217680 3.217680
g5134 g5138 7.112210 2.294440
g5138 g5138 3.047680 3.047680
g5138 g5142 1.985560 1.985560
g5138 g2898 9.415650 9.415650
g5138 g2955 10.980460 10.980460
g5138 OUTPUT 10.184390 6.789320
g5142 g5142 3.691720 3.047680
g5142 g5148 3.077680 1.985560
g5142 g5152 6.118910 4.864820
g5148 g5148 3.217680 3.217680
g5148 g5152 7.112210 2.294440
g5152 g5152 3.047680 3.047680
g5152 g5160 2.466160 2.466160
g5152 g2898 9.585340 9.585340
g5152 g2955 11.150150 11.150150
g5152 OUTPUT 10.354080 6.959010
g5160 g48 8.653710 6.478960
g5160 g55 22.115950 16.074880
g5160 g5160 2.443730 2.443730
g5160 g5659 2.879980 2.879980
g5160 g2984 21.291580 17.425260
g5160 g9 4.771340 4.771340
g5160 g34 18.233580 14.367260
g5160 OUTPUT 6.676110 6.676110
g5160 OUTPUT 20.138350 16.272030
g5659 g5659 6.832930 4.477550
g5659 g5637 0.499980 0.499980
g5659 g5689 6.168460 5.422300
g5659 g5694 4.992140 4.992140
g5659 g5698 6.399040 6.399040
g5659 g4821 13.893180 7.962370
g5659 g5462 16.959120 9.954030
g5659 OUTPUT 0.000000 0.000000
g5637 g5659 7.072930 3.555400
g5637 g5666 0.499980 0.499980
g5637 g5689 6.408460 5.662300
g5637 g5694 5.232140 5.232140
g5637 g5698 6.639040 6.639040
g5637 g4821 8.742450 7.350860
g5637 g5462 11.808390 9.342520
g5637 OUTPUT 0.000000 0.000000
g5666 g5659 7.522930 2.899580
g5666 g5623 0.499980 0.499980
g5666 g5689 6.858460 6.112300
g5666 g5694 5.682140 5.682140
g5666 g5698 7.089040 7.089040
g5666 g4821 9.522450 7.130580
g5666 g5462 12.588390 9.122240
g5666 OUTPUT 0.000000 0.000000
g5623 g5659 7.338160 3.405680
g5623 g5630 0.499980 0.499980
g5623 g5689 6.673690 5.927530
g5623 g5694 5.497370 5.497370
g5623 g5698 6.904270 6.904270
g5623 g4821 8.311050 8.191190
g5623 g5462 11.376990 10.182850
g5623 OUTPUT 0.000000 0.000000
g5630 g5659 6.116140 4.880440
g5630 g5654 0.499980 0.499980
g5630 g4821 9.269880 8.454410
g5630 g5462 12.335820 8.152670
g5630 g5471 10.169360 9.343200
g5630 g5481 9.705400 9.507140
g5630 g5485 10.169360 9.343200
g5630 g5489 10.089360 9.343200
g5630 OUTPUT 0.000000 0.000000
g5654 g5659 5.558800 5.558800
g5654 g5673 0.499980 0.499980
g5654 g4821 8.630930 8.371630
g5654 g5462 11.696870 10.363290
g5654 OUTPUT 0.000000 0.000000
g5673 g5677 0.499980 0.499980
g5673 g4821 8.250210 7.733570
g5673 g5462 11.316150 9.725230
g5673 OUTPUT 0.000000 0.000000
g5677 g5681 0.499980 0.499980
g5677 g4821 9.171050 7.816970
g5677 g5462 12.236990 9.808630
g5677 OUTPUT 0.000000 0.000000
g5681 g5685 0.499980 0.499980
g5681 g4821 9.951050 7.388790
g5681 g5462 13.016990 9.380450
g5681 OUTPUT 0.000000 0.000000
g5685 g5689 2.157820 2.157820
g5685 g4821 9.003480 8.424640
g5685 g5462 12.069420 10.416300
g5689 g5689 3.691720 3.047680
g5689 g5694 5.816520 4.465310
g5689 g5698 3.458870 3.458870
g5689 g5452 4.861160 4.861160
g5689 g4821 16.197620 6.645090
g5689 g5462 19.263560 7.970880
g5689 g5471 9.987570 9.161410
g5689 g5481 9.523610 9.325350
g5689 g5485 9.987570 9.161410
g5689 g5489 9.907570 9.161410
g5694 g4749 6.997730 6.492510
g5694 g5698 2.662650 2.662650
g5698 g4749 7.099590 4.991680
g5698 g5694 2.200440 2.200440
g5698 g5703 2.205340 2.205340
g5703 g93 10.147980 8.409840
g5703 g4749 7.745150 6.232510
g5703 g5703 5.217490 3.152630
g5703 g5644 6.048850 3.102280
g5703 g4821 12.887040 9.754640
g5703 g5462 15.952980 7.702670
g5703 g5471 9.719360 8.893200
g5703 g5481 9.255400 9.057140
g5703 g5485 9.719360 8.893200
g5703 g5489 9.639360 8.893200
g5703 OUTPUT 8.170380 8.170380
g5644 g93 10.146710 8.408570
g5644 g4749 8.285340 6.571680
g5644 g5644 4.583040 3.557980
g5644 g5448 3.402700 3.402700
g5644 g4821 12.749970 9.579450
g5644 g5462 15.815910 7.462670
g5644 g5471 9.479360 8.653200
g5644 g5481 9.015400 8.817140
g5644 g5485 9.479360 8.653200
g5644 g5489 9.399360 8.653200
g5644 OUTPUT 8.169110 8.169110
g5448 g5456 0.499980 0.499980
g5448 g5406 3.025400 3.025400
g5448 g5366 2.200440 2.200440
g5448 OUTPUT 0.000000 0.000000
g5456 g5406 3.819400 2.231870
g5406 g5406 2.935400 2.935400
g5406 g5452 2.140000 2.140000
g5406 g5360 9.096240 3.878920
g5406 g5373 9.454210 6.180450
g5406 g5377 9.454210 7.402810
g5406 g5381 9.454210 8.136430
g5406 g5385 11.082330 9.007490
g5406 g5390 12.718790 9.007490
g5406 g5396 14.363450 9.007490
g5406 g5401 14.708140 9.007490
g5406 g5417 4.118210 4.040330
g5452 g5406 2.200440 2.200440
g5452 g5459 0.499980 0.499980
g5452 g5366 3.025400 3.025400
g5452 OUTPUT 0.000000 0.000000
g5459 g5366 3.819400 2.231870
g5366 g5366 2.935400 2.935400
g5366 g5360 8.491060 2.128120
g5366 g5373 8.849030 5.386280
g5366 g5377 8.849030 6.958560
g5366 g5381 8.978340 7.668900
g5366 g5385 10.550620 8.392470
g5366 g5390 11.260960 8.392470
g5366 g5396 12.777080 8.392470
g5366 g5401 12.849200 8.392470
g5366 g5413 4.006470 3.885150
g5360 g5360 3.768040 3.279500
g5360 g5373 7.534390 2.140000
g5360 g5377 9.106670 7.225570
g5360 g5381 9.817010 7.959190
g5360 g5385 11.389290 9.595650
g5360 g5390 12.541550 10.790190
g5360 g5396 14.186210 12.306310
g5360 g5401 14.530900 12.378430
g5373 g5373 5.056730 4.136280
g5373 g5377 6.945100 2.500360
g5373 g5381 8.527750 6.346000
g5373 g5385 10.164210 7.918280
g5373 g5390 11.800670 8.628620
g5373 g5396 13.445330 10.144740
g5373 g5401 13.790020 10.216860
g5377 g5377 5.064650 4.144200
g5377 g5381 7.902670 2.508280
g5377 g5385 9.474950 7.420180
g5377 g5390 10.366080 8.875850
g5377 g5396 12.010740 10.391970
g5377 g5401 12.355430 10.464090
g5381 g5381 4.910210 3.989760
g5381 g5385 7.093160 2.353840
g5381 g5390 8.729620 6.346000
g5381 g5396 10.374280 7.862120
g5381 g5401 10.718970 7.934240
g5385 g5360 11.733140 9.685790
g5385 g5373 12.091110 10.043760
g5385 g5377 12.091110 10.043760
g5385 g5381 12.091110 10.043760
g5385 g5385 11.831110 4.300620
g5385 g5390 11.831110 2.664700
g5385 g5396 11.831110 7.428380
g5385 g5401 11.831110 7.773070
g5385 g5413 5.079880 5.079880
g5385 g5417 6.677230 6.677230
g5390 g5360 11.556320 9.489110
g5390 g5373 11.914290 9.847080
g5390 g5377 11.914290 9.847080
g5390 g5381 11.914290 9.847080
g5390 g5385 11.654290 9.587080
g5390 g5390 11.654290 4.310520
g5390 g5396 11.654290 2.674600
g5390 g5401 11.654290 5.651620
g5390 g5413 5.249880 5.201080
g5390 g5417 6.765010 6.427130
g5396 g5360 11.335920 9.659110
g5396 g5373 11.693890 10.017080
g5396 g5377 11.693890 10.017080
g5396 g5381 11.693890 10.017080
g5396 g5385 11.433890 9.757080
g5396 g5390 11.433890 9.757080
g5396 g5396 11.433890 4.350120
g5396 g5401 11.433890 2.714200
g5396 g5413 5.371080 5.371080
g5396 g5417 6.544610 6.544610
g5401 g5360 10.609080 8.984500
g5401 g5373 10.967050 9.342470
g5401 g5377 10.967050 9.342470
g5401 g5381 10.967050 9.342470
g5401 g5385 10.707050 9.082470
g5401 g5390 10.707050 9.082470
g5401 g5396 10.707050 9.082470
g5401 g5401 10.707050 3.779880
g5401 g5413 4.696470 2.142550
g5401 g5417 5.631050 5.553170
g5413 g5417 2.142550 2.142550
g5413 g5421 2.584770 2.584770
g5413 g5424 5.193810 5.193810
g5413 g5428 5.162580 5.162580
g5417 g5421 2.662650 2.662650
g5417 g5424 5.189250 5.189250
g5417 g5428 4.594640 4.594640
g5421 g5424 4.561440 2.067600
g5421 g5428 5.256700 4.530210
g5424 g5428 3.914820 1.985560
g5428 g5424 4.230700 3.783540
g5428 g5428 4.084820 3.937470
g5428 g5436 4.177460 2.377600
g5428 g5441 5.716450 4.970290
g5428 g5445 7.451770 7.451770
g5436 g5436 3.683680 3.217680
g5436 g5441 5.539420 2.175640
g5436 g5445 7.274740 7.274740
g5441 g5441 3.691720 3.047680
g5441 g5445 5.873560 2.067600
g5445 g5445 4.683720 4.683720
g5445 g5511 2.341510 2.341510
g5511 g5511 3.494240 3.494240
g5511 g5517 4.677530 2.702320
g5511 g5523 3.542900 3.542900
g5511 g5543 8.036090 7.392050
g5511 g5571 6.560220 5.916180
g5511 g5587 7.959710 7.315670
g5511 g5603 6.737030 6.092990
g5511 g5547 7.866090 7.222050
g5511 g5575 6.390220 5.746180
g5511 g5591 7.789710 7.145670
g5511 g5607 6.567030 5.922990
g5511 g5555 7.866090 7.222050
g5511 g5579 6.390220 5.746180
g5511 g5595 7.789710 7.145670
g5511 g5611 6.567030 5.922990
g5511 g5563 7.866090 7.222050
g5511 g5583 6.390220 5.746180
g5511 g5599 7.789710 7.145670
g5511 g5615 6.567030 5.922990
g5517 g5517 3.864830 3.672730
g5517 g5523 3.361870 2.294440
g5517 g5543 7.567530 6.923490
g5517 g5571 7.551830 6.907790
g5517 g5587 6.560220 5.916180
g5517 g5603 6.560220 5.916180
g5517 g5547 7.397530 6.753490
g5517 g5575 7.381830 6.737790
g5517 g5591 6.390220 5.746180
g5517 g5607 6.390220 5.746180
g5517 g5555 7.397530 6.753490
g5517 g5579 7.381830 6.737790
g5517 g5595 6.390220 5.746180
g5517 g5611 6.390220 5.746180
g5517 g5563 7.397530 6.753490
g5517 g5583 7.381830 6.737790
g5517 g5599 6.390220 5.746180
g5517 g5615 6.390220 5.746180
g5523 g43 9.896550 8.158410
g5523 g5511 4.103660 4.103660
g5523 g5523 5.165000 5.165000
g5523 g5527 5.526950 3.304850
g5523 g5535 6.048850 4.732910
g5523 g5543 8.902820 8.258780
g5523 g5551 5.840140 4.336680
g5523 g5547 8.732820 8.088780
g5523 g5559 5.840140 4.336680
g5523 g5555 8.732820 8.088780
g5523 g5567 5.840140 4.336680
g5523 g5563 8.732820 8.088780
g5523 g5619 5.840140 4.336680
g5523 g5503 10.601900 8.120520
g5523 g5467 7.749450 7.265170
g5523 g5475 7.847390 7.101230
g5523 g5495 7.659450 7.265170
g5523 g5499 7.927390 7.101230
g5523 OUTPUT 7.918950 7.918950
g5527 g43 9.251510 7.513370
g5527 g5527 3.864830 3.672730
g5527 g5535 5.870720 2.466700
g5527 g5543 8.269840 7.625800
g5527 g5571 8.269840 7.625800
g5527 g5587 8.269840 7.625800
g5527 g5603 8.269840 7.625800
g5527 g5551 8.247780 7.585560
g5527 g5547 7.654920 7.010880
g5527 g5575 7.654920 7.010880
g5527 g5591 7.654920 7.010880
g5527 g5607 7.654920 7.010880
g5527 g5559 7.462860 6.800640
g5527 g5555 8.816120 8.172080
g5527 g5579 8.816120 8.172080
g5527 g5595 8.816120 8.172080
g5527 g5611 8.816120 8.172080
g5527 g5567 8.624060 7.961840
g5527 g5563 7.829060 7.185020
g5527 g5583 7.829060 7.185020
g5527 g5599 7.829060 7.185020
g5527 g5615 7.829060 7.185020
g5527 g5619 7.637000 6.974780
g5527 g5503 10.675060 8.193680
g5527 g5467 7.822610 7.338330
g5527 g5475 7.920550 7.174390
g5527 g5495 7.732610 7.338330
g5527 g5499 8.000550 7.174390
g5527 OUTPUT 7.273910 7.273910
g5535 g43 9.724260 7.986120
g5535 g5448 2.703110 2.703110
g5535 g5535 4.583040 3.557980
g5535 g5543 8.306640 2.678560
g5535 g5571 8.306640 7.662600
g5535 g5587 8.306640 7.662600
g5535 g5603 8.306640 7.662600
g5535 g5551 8.284580 7.622360
g5535 g5547 9.027980 8.383940
g5535 g5575 9.027980 8.383940
g5535 g5591 9.027980 8.383940
g5535 g5607 9.027980 8.383940
g5535 g5559 8.835920 8.173700
g5535 g5555 7.654920 7.010880
g5535 g5579 7.654920 7.010880
g5535 g5595 7.654920 7.010880
g5535 g5611 7.654920 7.010880
g5535 g5567 7.462860 6.800640
g5535 g5563 7.654920 7.010880
g5535 g5583 7.654920 7.010880
g5535 g5599 7.654920 7.010880
g5535 g5615 7.654920 7.010880
g5535 g5619 7.462860 6.800640
g5535 g5503 10.375430 7.894050
g5535 g5467 7.522980 7.038700
g5535 g5475 7.620920 6.874760
g5535 g5495 7.432980 7.038700
g5535 g5499 7.700920 6.874760
g5535 OUTPUT 7.746660 7.746660
g5543 g5543 4.731960 4.731960
g5543 g5571 2.349880 2.349880
g5543 g4821 9.343700 9.343700
g5543 g5462 12.409640 11.335360
g5571 g5571 4.731960 4.731960
g5571 g5587 2.349880 2.349880
g5571 g4821 9.172840 9.172840
g5571 g5462 12.238780 11.164500
g5587 g5587 4.731960 4.731960
g5587 g5603 2.349880 2.349880
g5587 g4821 8.911860 8.911860
g5587 g5462 11.977800 10.903520
g5603 g5603 4.731960 4.731960
g5603 g5551 2.349880 2.349880
g5603 g4821 8.483700 8.483700
g5603 g5462 11.549640 10.475360
g5551 g5551 3.217680 3.217680
g5551 g5547 2.157820 2.157820
g5551 g4821 8.685530 8.685530
g5551 g5462 11.751470 10.677190
g5547 g5547 4.731960 4.731960
g5547 g5575 2.349880 2.349880
g5547 g4821 8.706800 8.706800
g5547 g5462 11.772740 10.698460
g5575 g5575 4.731960 4.731960
g5575 g5591 2.349880 2.349880
g5575 g4821 8.184880 8.184880
g5575 g5462 11.250820 10.176540
g5591 g5591 4.731960 4.731960
g5591 g5607 2.349880 2.349880
g5591 g4821 7.756700 7.756700
g5591 g5462 10.822640 9.748360
g5607 g5607 4.731960 4.731960
g5607 g5559 2.349880 2.349880
g5607 g4821 8.815330 8.815330
g5607 g5462 11.881270 10.806990
g5559 g5559 3.217680 3.217680
g5559 g5555 2.157820 2.157820
g5559 g4821 8.713300 8.713300
g5559 g5462 11.779240 10.704960
g5555 g5555 4.731960 4.731960
g5555 g5579 2.349880 2.349880
g5555 g4821 8.644380 8.644380
g5555 g5462 11.710320 10.636040
g5579 g5579 4.731960 4.731960
g5579 g5595 2.349880 2.349880
g5579 g4821 8.216220 8.216220
g5579 g5462 11.282160 10.207880
g5595 g5595 4.775520 4.775520
g5595 g5611 2.393440 2.393440
g5595 g4821 8.345150 8.345150
g5595 g5462 11.411090 10.336810
g5611 g5611 4.775520 4.775520
g5611 g5567 2.393440 2.393440
g5611 g4821 9.846040 9.846040
g5611 g5462 12.911980 11.837700
g5567 g5567 3.217680 3.217680
g5567 g5563 2.201380 2.201380
g5567 g4821 7.985520 7.985520
g5567 g5462 11.051460 9.977180
g5563 g5563 4.775520 4.775520
g5563 g5583 2.393440 2.393440
g5563 g4821 9.678450 9.678450
g5563 g5462 12.744390 11.670110
g5583 g5583 4.775520 4.775520
g5583 g5599 2.393440 2.393440
g5583 g4821 7.916550 7.916550
g5583 g5462 10.982490 9.908210
g5599 g5599 4.775520 4.775520
g5599 g5615 2.393440 2.393440
g5599 g4821 9.417420 9.417420
g5599 g5462 12.483360 11.409080
g5615 g5615 4.775520 4.775520
g5615 g5619 2.393440 2.393440
g5615 g4821 7.485150 7.485150
g5615 g5462 10.551090 9.476810
g5619 g5619 3.217680 3.217680
g5619 g4821 8.793980 2.201380
g5619 g5462 11.859920 10.785640
g4821 g59 4.524410 4.524410
g4821 g4575 4.524410 4.524410
g4821 g4821 3.217680 3.217680
g4821 g5503 2.466160 2.466160
g5503 g5503 6.437240 3.955860
g5503 g5467 2.987680 1.985560
g5467 g5467 3.217680 3.217680
g5467 g5462 1.985560 1.985560
g5467 g5471 6.437710 4.864820
g5462 g5462 7.334340 3.217680
g5462 g5471 6.259270 1.985560
g5471 g5471 3.047680 3.047680
g5471 g5475 1.985560 1.985560
g5471 g2864 10.811640 10.811640
g5471 g2955 13.629760 13.629760
g5471 OUTPUT 11.709640 8.141800
g5475 g5475 3.691720 3.047680
g5475 g5481 3.077680 1.985560
g5475 g5485 6.118910 4.864820
g5481 g5481 3.217680 3.217680
g5481 g5485 7.112210 2.294440
g5485 g5485 3.047680 3.047680
g5485 g5489 1.985560 1.985560
g5485 g2898 10.287990 10.287990
g5485 g2955 11.852800 11.852800
g5485 OUTPUT 9.932440 7.572910
g5489 g5489 3.691720 3.047680
g5489 g5495 3.077680 1.985560
g5489 g5499 6.118910 4.864820
g5495 g5495 3.217680 3.217680
g5495 g5499 7.112210 2.294440
g5499 g5499 3.047680 3.047680
g5499 g5507 2.466160 2.466160
g5499 g2898 10.457860 10.457860
g5499 g2955 12.022670 12.022670
g5499 OUTPUT 10.102310 7.742780
g5507 g47 8.240090 6.065340
g5507 g55 21.880890 15.458220
g5507 g5507 2.465510 2.465510
g5507 g6005 2.901760 2.901760
g5507 g2984 21.056520 16.808600
g5507 g8 4.357720 4.357720
g5507 g34 17.998520 13.750600
g5507 OUTPUT 6.262490 6.262490
g5507 OUTPUT 19.903290 15.655370
g6005 g6005 6.832930 4.477550
g6005 g5983 0.499980 0.499980
g6005 g6035 6.168460 5.422300
g6005 g6040 4.992140 4.992140
g6005 g6044 6.399040 6.399040
g6005 g4831 13.893180 7.962370
g6005 g5808 16.959120 9.954030
g6005 OUTPUT 0.000000 0.000000
g5983 g6005 7.072930 3.555400
g5983 g6012 0.499980 0.499980
g5983 g6035 6.408460 5.662300
g5983 g6040 5.232140 5.232140
g5983 g6044 6.639040 6.639040
g5983 g4831 8.742450 7.350860
g5983 g5808 11.808390 9.342520
g5983 OUTPUT 0.000000 0.000000
g6012 g6005 7.522930 2.899580
g6012 g5969 0.499980 0.499980
g6012 g6035 6.858460 6.112300
g6012 g6040 5.682140 5.682140
g6012 g6044 7.089040 7.089040
g6012 g4831 9.522450 7.130580
g6012 g5808 12.588390 9.122240
g6012 OUTPUT 0.000000 0.000000
g5969 g6005 7.338160 3.405680
g5969 g5976 0.499980 0.499980
g5969 g6035 6.673690 5.927530
g5969 g6040 5.497370 5.497370
g5969 g6044 6.904270 6.904270
g5969 g4831 8.311050 8.191190
g5969 g5808 11.376990 10.182850
g5969 OUTPUT 0.000000 0.000000
g5976 g6005 6.116140 4.880440
g5976 g6000 0.499980 0.499980
g5976 g4831 9.269880 8.454410
g5976 g5808 12.335820 8.152670
g5976 g5817 10.169360 9.343200
g5976 g5827 9.705400 9.507140
g5976 g5831 10.169360 9.343200
g5976 g5835 10.089360 9.343200
g5976 OUTPUT 0.000000 0.000000
g6000 g6005 5.558800 5.558800
g6000 g6019 0.499980 0.499980
g6000 g4831 8.630930 8.371630
g6000 g5808 11.696870 10.363290
g6000 OUTPUT 0.000000 0.000000
g6019 g6023 0.499980 0.499980
g6019 g4831 8.250210 7.733570
g6019 g5808 11.316150 9.725230
g6019 OUTPUT 0.000000 0.000000
g6023 g6027 0.499980 0.499980
g6023 g4831 9.171050 7.816970
g6023 g5808 12.236990 9.808630
g6023 OUTPUT 0.000000 0.000000
g6027 g6031 0.499980 0.499980
g6027 g4831 9.951050 7.388790
g6027 g5808 13.016990 9.380450
g6027 OUTPUT 0.000000 0.000000
g6031 g6035 2.157820 2.157820
g6031 g4831 9.003480 8.424640
g6031 g5808 12.069420 10.416300
g6035 g6035 3.691720 3.047680
g6035 g6040 5.816520 4.465310
g6035 g6044 3.458870 3.458870
g6035 g5798 4.861160 4.861160
g6035 g4831 16.197620 6.645090
g6035 g5808 19.263560 7.970880
g6035 g5817 9.987570 9.161410
g6035 g5827 9.523610 9.325350
g6035 g5831 9.987570 9.161410
g6035 g5835 9.907570 9.161410
g6040 g4760 6.997730 6.492510
g6040 g6044 2.662650 2.662650
g6044 g4760 7.099590 4.991680
g6044 g6040 2.200440 2.200440
g6044 g6049 2.205340 2.205340
g6049 g93 9.287980 7.549840
g6049 g4760 7.745150 6.232510
g6049 g6049 5.217490 3.152630
g6049 g5990 6.048850 3.102280
g6049 g4831 12.887040 9.754640
g6049 g5808 15.952980 7.702670
g6049 g5817 9.719360 8.893200
g6049 g5827 9.255400 9.057140
g6049 g5831 9.719360 8.893200
g6049 g5835 9.639360 8.893200
g6049 OUTPUT 7.310380 7.310380
g5990 g93 9.286710 7.548570
g5990 g4760 8.285340 6.571680
g5990 g5990 4.583040 3.557980
g5990 g5794 3.402700 3.402700
g5990 g4831 12.749970 9.579450
g5990 g5808 15.815910 7.462670
g5990 g5817 9.479360 8.653200
g5990 g5827 9.015400 8.817140
g5990 g5831 9.479360 8.653200
g5990 g5835 9.399360 8.653200
g5990 OUTPUT 7.309110 7.309110
g5794 g5802 0.499980 0.499980
g5794 g5752 3.025400 3.025400
g5794 g5712 2.200440 2.200440
g5794 OUTPUT 0.000000 0.000000
g5802 g5752 3.819400 2.231870
g5752 g5752 2.935400 2.935400
g5752 g5798 2.140000 2.140000
g5752 g5706 9.096240 3.878920
g5752 g5719 9.454210 6.180450
g5752 g5723 9.454210 7.402810
g5752 g5727 9.454210 8.136430
g5752 g5731 11.082330 9.007490
g5752 g5736 12.718790 9.007490
g5752 g5742 14.363450 9.007490
g5752 g5747 14.708140 9.007490
g5752 g5763 4.118210 4.040330
g5798 g5752 2.200440 2.200440
g5798 g5805 0.499980 0.499980
g5798 g5712 3.025400 3.025400
g5798 OUTPUT 0.000000 0.000000
g5805 g5712 3.819400 2.231870
g5712 g5712 2.935400 2.935400
g5712 g5706 8.491060 2.128120
g5712 g5719 8.849030 5.386280
g5712 g5723 8.849030 6.958560
g5712 g5727 8.978340 7.668900
g5712 g5731 10.550620 8.392470
g5712 g5736 11.260960 8.392470
g5712 g5742 12.777080 8.392470
g5712 g5747 12.849200 8.392470
g5712 g5759 4.006470 3.885150
g5706 g5706 3.768040 3.279500
g5706 g5719 7.534390 2.140000
g5706 g5723 9.106670 7.225570
g5706 g5727 9.817010 7.959190
g5706 g5731 11.389290 9.595650
g5706 g5736 12.541550 10.790190
g5706 g5742 14.186210 12.306310
g5706 g5747 14.530900 12.378430
g5719 g5719 5.056730 4.136280
g5719 g5723 6.945100 2.500360
g5719 g5727 8.527750 6.346000
g5719 g5731 10.164210 7.918280
g5719 g5736 11.800670 8.628620
g5719 g5742 13.445330 10.144740
g5719 g5747 13.790020 10.216860
g5723 g5723 5.064650 4.144200
g5723 g5727 7.902670 2.508280
g5723 g5731 9.474950 7.420180
g5723 g5736 10.366080 8.875850
g5723 g5742 12.010740 10.391970
g5723 g5747 12.355430 10.464090
g5727 g5727 4.910210 3.989760
g5727 g5731 7.093160 2.353840
g5727 g5736 8.729620 6.346000
g5727 g5742 10.374280 7.862120
g5727 g5747 10.718970 7.934240
g5731 g5706 11.733140 9.685790
g5731 g5719 12.091110 10.043760
g5731 g5723 12.091110 10.043760
g5731 g5727 12.091110 10.043760
g5731 g5731 11.831110 4.300620
g5731 g5736 11.831110 2.664700
g5731 g5742 11.831110 7.428380
g5731 g5747 11.831110 7.773070
g5731 g5759 5.079880 5.079880
g5731 g5763 6.677230 6.677230
g5736 g5706 11.556320 9.489110
g5736 g5719 11.914290 9.847080
g5736 g5723 11.914290 9.847080
g5736 g5727 11.914290 9.847080
g5736 g5731 11.654290 9.587080
g5736 g5736 11.654290 4.310520
g5736 g5742 11.654290 2.674600
g5736 g5747 11.654290 5.651620
g5736 g5759 5.249880 5.201080
g5736 g5763 6.765010 6.427130
g5742 g5706 11.335920 9.659110
g5742 g5719 11.693890 10.017080
g5742 g5723 11.693890 10.017080
g5742 g5727 11.693890 10.017080
g5742 g5731 11.433890 9.757080
g5742 g5736 11.433890 9.757080
g5742 g5742 11.433890 4.350120
g5742 g5747 11.433890 2.714200
g5742 g5759 5.371080 5.371080
g5742 g5763 6.544610 6.544610
g5747 g5706 10.609080 8.984500
g5747 g5719 10.967050 9.342470
g5747 g5723 10.967050 9.342470
g5747 g5727 10.967050 9.342470
g5747 g5731 10.707050 9.082470
g5747 g5736 10.707050 9.082470
g5747 g5742 10.707050 9.082470
g5747 g5747 10.707050 3.779880
g5747 g5759 4.696470 2.142550
g5747 g5763 5.631050 5.553170
g5759 g5763 2.142550 2.142550
g5759 g5767 2.584770 2.584770
g5759 g5770 5.193810 5.193810
g5759 g5774 5.162580 5.162580
g5763 g5767 2.662650 2.662650
g5763 g5770 5.189250 5.189250
g5763 g5774 4.594640 4.594640
g5767 g5770 4.561440 2.067600
g5767 g5774 5.256700 4.530210
g5770 g5774 3.914820 1.985560
g5774 g5770 4.230700 3.783540
g5774 g5774 4.084820 3.937470
g5774 g5782 4.177460 2.377600
g5774 g5787 5.716450 4.970290
g5774 g5791 7.451770 7.451770
g5782 g5782 3.683680 3.217680
g5782 g5787 5.539420 2.175640
g5782 g5791 7.274740 7.274740
g5787 g5787 3.691720 3.047680
g5787 g5791 5.873560 2.067600
g5791 g5791 4.683720 4.683720
g5791 g5857 2.341510 2.341510
g5857 g5857 3.494240 3.494240
g5857 g5863 4.677530 2.702320
g5857 g5869 3.542900 3.542900
g5857 g5889 8.036090 7.392050
g5857 g5917 6.560220 5.916180
g5857 g5933 7.959710 7.315670
g5857 g5949 6.737030 6.092990
g5857 g5893 7.866090 7.222050
g5857 g5921 6.390220 5.746180
g5857 g5937 7.789710 7.145670
g5857 g5953 6.567030 5.922990
g5857 g5901 7.866090 7.222050
g5857 g5925 6.390220 5.746180
g5857 g5941 7.789710 7.145670
g5857 g5957 6.567030 5.922990
g5857 g5909 7.866090 7.222050
g5857 g5929 6.390220 5.746180
g5857 g5945 7.789710 7.145670
g5857 g5961 6.567030 5.922990
g5863 g5863 3.864830 3.672730
g5863 g5869 3.361870 2.294440
g5863 g5889 7.567530 6.923490
g5863 g5917 7.551830 6.907790
g5863 g5933 6.560220 5.916180
g5863 g5949 6.560220 5.916180
g5863 g5893 7.397530 6.753490
g5863 g5921 7.381830 6.737790
g5863 g5937 6.390220 5.746180
g5863 g5953 6.390220 5.746180
g5863 g5901 7.397530 6.753490
g5863 g5925 7.381830 6.737790
g5863 g5941 6.390220 5.746180
g5863 g5957 6.390220 5.746180
g5863 g5909 7.397530 6.753490
g5863 g5929 7.381830 6.737790
g5863 g5945 6.390220 5.746180
g5863 g5961 6.390220 5.746180
g5869 g43 9.036550 7.298410
g5869 g5857 4.103660 4.103660
g5869 g5869 5.165000 5.165000
g5869 g5873 5.526950 3.304850
g5869 g5881 6.048850 4.732910
g5869 g5889 8.902820 8.258780
g5869 g5897 5.840140 4.336680
g5869 g5893 8.732820 8.088780
g5869 g5905 5.840140 4.336680
g5869 g5901 8.732820 8.088780
g5869 g5913 5.840140 4.336680
g5869 g5909 8.732820 8.088780
g5869 g5965 5.840140 4.336680
g5869 g5849 10.601900 8.120520
g5869 g5813 7.749450 7.265170
g5869 g5821 7.847390 7.101230
g5869 g5841 7.659450 7.265170
g5869 g5845 7.927390 7.101230
g5869 OUTPUT 7.058950 7.058950
g5873 g43 8.391510 6.653370
g5873 g5873 3.864830 3.672730
g5873 g5881 5.870720 2.466700
g5873 g5889 8.269840 7.625800
g5873 g5917 8.269840 7.625800
g5873 g5933 8.269840 7.625800
g5873 g5949 8.269840 7.625800
g5873 g5897 8.247780 7.585560
g5873 g5893 7.654920 7.010880
g5873 g5921 7.654920 7.010880
g5873 g5937 7.654920 7.010880
g5873 g5953 7.654920 7.010880
g5873 g5905 7.462860 6.800640
g5873 g5901 8.816120 8.172080
g5873 g5925 8.816120 8.172080
g5873 g5941 8.816120 8.172080
g5873 g5957 8.816120 8.172080
g5873 g5913 8.624060 7.961840
g5873 g5909 7.829060 7.185020
g5873 g5929 7.829060 7.185020
g5873 g5945 7.829060 7.185020
g5873 g5961 7.829060 7.185020
g5873 g5965 7.637000 6.974780
g5873 g5849 10.675060 8.193680
g5873 g5813 7.822610 7.338330
g5873 g5821 7.920550 7.174390
g5873 g5841 7.732610 7.338330
g5873 g5845 8.000550 7.174390
g5873 OUTPUT 6.413910 6.413910
g5881 g43 8.864260 7.126120
g5881 g5794 2.703110 2.703110
g5881 g5881 4.583040 3.557980
g5881 g5889 8.306640 2.678560
g5881 g5917 8.306640 7.662600
g5881 g5933 8.306640 7.662600
g5881 g5949 8.306640 7.662600
g5881 g5897 8.284580 7.622360
g5881 g5893 9.027980 8.383940
g5881 g5921 9.027980 8.383940
g5881 g5937 9.027980 8.383940
g5881 g5953 9.027980 8.383940
g5881 g5905 8.835920 8.173700
g5881 g5901 7.654920 7.010880
g5881 g5925 7.654920 7.010880
g5881 g5941 7.654920 7.010880
g5881 g5957 7.654920 7.010880
g5881 g5913 7.462860 6.800640
g5881 g5909 7.654920 7.010880
g5881 g5929 7.654920 7.010880
g5881 g5945 7.654920 7.010880
g5881 g5961 7.654920 7.010880
g5881 g5965 7.462860 6.800640
g5881 g5849 10.375430 7.894050
g5881 g5813 7.522980 7.038700
g5881 g5821 7.620920 6.874760
g5881 g5841 7.432980 7.038700
g5881 g5845 7.700920 6.874760
g5881 OUTPUT 6.886660 6.886660
g5889 g5889 4.731960 4.731960
g5889 g5917 2.349880 2.349880
g5889 g4831 9.343700 9.343700
g5889 g5808 12.409640 11.335360
g5917 g5917 4.731960 4.731960
g5917 g5933 2.349880 2.349880
g5917 g4831 9.172840 9.172840
g5917 g5808 12.238780 11.164500
g5933 g5933 4.731960 4.731960
g5933 g5949 2.349880 2.349880
g5933 g4831 8.911860 8.911860
g5933 g5808 11.977800 10.903520
g5949 g5949 4.731960 4.731960
g5949 g5897 2.349880 2.349880
g5949 g4831 8.483700 8.483700
g5949 g5808 11.549640 10.475360
g5897 g5897 3.217680 3.217680
g5897 g5893 2.157820 2.157820
g5897 g4831 8.685530 8.685530
g5897 g5808 11.751470 10.677190
g5893 g5893 4.731960 4.731960
g5893 g5921 2.349880 2.349880
g5893 g4831 8.706800 8.706800
g5893 g5808 11.772740 10.698460
g5921 g5921 4.731960 4.731960
g5921 g5937 2.349880 2.349880
g5921 g4831 8.184880 8.184880
g5921 g5808 11.250820 10.176540
g5937 g5937 4.731960 4.731960
g5937 g5953 2.349880 2.349880
g5937 g4831 7.756700 7.756700
g5937 g5808 10.822640 9.748360
g5953 g5953 4.731960 4.731960
g5953 g5905 2.349880 2.349880
g5953 g4831 8.815330 8.815330
g5953 g5808 11.881270 10.806990
g5905 g5905 3.217680 3.217680
g5905 g5901 2.157820 2.157820
g5905 g4831 8.713300 8.713300
g5905 g5808 11.779240 10.704960
g5901 g5901 4.731960 4.731960
g5901 g5925 2.349880 2.349880
g5901 g4831 8.644380 8.644380
g5901 g5808 11.710320 10.636040
g5925 g5925 4.731960 4.731960
g5925 g5941 2.349880 2.349880
g5925 g4831 8.216220 8.216220
g5925 g5808 11.282160 10.207880
g5941 g5941 4.775520 4.775520
g5941 g5957 2.393440 2.393440
g5941 g4831 8.345150 8.345150
g5941 g5808 11.411090 10.336810
g5957 g5957 4.775520 4.775520
g5957 g5913 2.393440 2.393440
g5957 g4831 9.846040 9.846040
g5957 g5808 12.911980 11.837700
g5913 g5913 3.217680 3.217680
g5913 g5909 2.201380 2.201380
g5913 g4831 7.985520 7.985520
g5913 g5808 11.051460 9.977180
g5909 g5909 4.775520 4.775520
g5909 g5929 2.393440 2.393440
g5909 g4831 9.678450 9.678450
g5909 g5808 12.744390 11.670110
g5929 g5929 4.775520 4.775520
g5929 g5945 2.393440 2.393440
g5929 g4831 7.916550 7.916550
g5929 g5808 10.982490 9.908210
g5945 g5945 4.775520 4.775520
g5945 g5961 2.393440 2.393440
g5945 g4831 9.417420 9.417420
g5945 g5808 12.483360 11.409080
g5961 g5961 4.775520 4.775520
g5961 g5965 2.393440 2.393440
g5961 g4831 7.485150 7.485150
g5961 g5808 10.551090 9.476810
g5965 g5965 3.217680 3.217680
g5965 g4831 8.793980 2.201380
g5965 g5808 11.859920 10.785640
g4831 g59 5.276440 5.276440
g4831 g4575 5.276440 5.276440
g4831 g4831 3.217680 3.217680
g4831 g5849 2.466160 2.466160
g5849 g5849 6.437240 3.955860
g5849 g5813 2.987680 1.985560
g5813 g5813 3.217680 3.217680
g5813 g5808 1.985560 1.985560
g5813 g5817 6.437710 4.864820
g5808 g5808 7.334340 3.217680
g5808 g5817 6.259270 1.985560
g5817 g5817 3.047680 3.047680
g5817 g5821 1.985560 1.985560
g5817 g2864 10.505750 10.505750
g5817 g2955 13.323870 13.323870
g5817 OUTPUT 11.491570 7.835990
g5821 g5821 3.691720 3.047680
g5821 g5827 3.077680 1.985560
g5821 g5831 6.118910 4.864820
g5827 g5827 3.217680 3.217680
g5827 g5831 7.112210 2.294440
g5831 g5831 3.047680 3.047680
g5831 g5835 1.985560 1.985560
g5831 g2898 9.988820 9.988820
g5831 g2955 11.553630 11.553630
g5831 OUTPUT 9.647120 7.273730
g5835 g5835 3.691720 3.047680
g5835 g5841 3.077680 1.985560
g5835 g5845 6.118910 4.864820
g5841 g5841 3.217680 3.217680
g5841 g5845 7.112210 2.294440
g5845 g5845 3.047680 3.047680
g5845 g5853 2.466160 2.466160
g5845 g2898 10.158990 10.158990
g5845 g2955 11.723800 11.723800
g5845 OUTPUT 9.817290 7.443900
g5853 g46 8.215070 6.040320
g5853 g55 21.880410 15.457800
g5853 g5853 2.465510 2.465510
g5853 g6351 2.901760 2.901760
g5853 g2984 21.056040 16.808180
g5853 g7 4.332700 4.332700
g5853 g34 17.998040 13.750180
g5853 OUTPUT 6.237470 6.237470
g5853 OUTPUT 19.902810 15.654950
g6351 g6351 6.832930 4.477550
g6351 g6329 0.499980 0.499980
g6351 g6381 6.168460 5.422300
g6351 g6386 4.992140 4.992140
g6351 g6390 6.399040 6.399040
g6351 g4826 13.893180 7.962370
g6351 g6154 16.959120 9.954030
g6351 OUTPUT 0.000000 0.000000
g6329 g6351 7.072930 3.555400
g6329 g6358 0.499980 0.499980
g6329 g6381 6.408460 5.662300
g6329 g6386 5.232140 5.232140
g6329 g6390 6.639040 6.639040
g6329 g4826 8.742450 7.350860
g6329 g6154 11.808390 9.342520
g6329 OUTPUT 0.000000 0.000000
g6358 g6351 7.522930 2.899580
g6358 g6315 0.499980 0.499980
g6358 g6381 6.858460 6.112300
g6358 g6386 5.682140 5.682140
g6358 g6390 7.089040 7.089040
g6358 g4826 9.522450 7.130580
g6358 g6154 12.588390 9.122240
g6358 OUTPUT 0.000000 0.000000
g6315 g6351 7.338160 3.405680
g6315 g6322 0.499980 0.499980
g6315 g6381 6.673690 5.927530
g6315 g6386 5.497370 5.497370
g6315 g6390 6.904270 6.904270
g6315 g4826 8.311050 8.191190
g6315 g6154 11.376990 10.182850
g6315 OUTPUT 0.000000 0.000000
g6322 g6351 6.116140 4.880440
g6322 g6346 0.499980 0.499980
g6322 g4826 9.269880 8.454410
g6322 g6154 12.335820 8.152670
g6322 g6163 10.169360 9.343200
g6322 g6173 9.705400 9.507140
g6322 g6177 10.169360 9.343200
g6322 g6181 10.089360 9.343200
g6322 OUTPUT 0.000000 0.000000
g6346 g6351 5.558800 5.558800
g6346 g6365 0.499980 0.499980
g6346 g4826 8.630930 8.371630
g6346 g6154 11.696870 10.363290
g6346 OUTPUT 0.000000 0.000000
g6365 g6369 0.499980 0.499980
g6365 g4826 8.250210 7.733570
g6365 g6154 11.316150 9.725230
g6365 OUTPUT 0.000000 0.000000
g6369 g6373 0.499980 0.499980
g6369 g4826 9.171050 7.816970
g6369 g6154 12.236990 9.808630
g6369 OUTPUT 0.000000 0.000000
g6373 g6377 0.499980 0.499980
g6373 g4826 9.951050 7.388790
g6373 g6154 13.016990 9.380450
g6373 OUTPUT 0.000000 0.000000
g6377 g6381 2.157820 2.157820
g6377 g4826 9.003480 8.424640
g6377 g6154 12.069420 10.416300
g6381 g6381 3.691720 3.047680
g6381 g6386 5.816520 4.465310
g6381 g6390 3.458870 3.458870
g6381 g6144 4.861160 4.861160
g6381 g4826 16.197620 6.645090
g6381 g6154 19.263560 7.970880
g6381 g6163 9.987570 9.161410
g6381 g6173 9.523610 9.325350
g6381 g6177 9.987570 9.161410
g6381 g6181 9.907570 9.161410
g6386 g4771 6.997730 6.492510
g6386 g6390 2.662650 2.662650
g6390 g4771 7.099590 4.991680
g6390 g6386 2.200440 2.200440
g6390 g6395 2.205340 2.205340
g6395 g93 9.716140 7.978000
g6395 g4771 7.745150 6.232510
g6395 g6395 5.217490 3.152630
g6395 g6336 6.048850 3.102280
g6395 g4826 12.887040 9.754640
g6395 g6154 15.952980 7.702670
g6395 g6163 9.719360 8.893200
g6395 g6173 9.255400 9.057140
g6395 g6177 9.719360 8.893200
g6395 g6181 9.639360 8.893200
g6395 OUTPUT 7.738540 7.738540
g6336 g93 9.714890 7.976750
g6336 g4771 8.285340 6.571680
g6336 g6336 4.583040 3.557980
g6336 g6140 3.402700 3.402700
g6336 g4826 12.749970 9.579450
g6336 g6154 15.815910 7.462670
g6336 g6163 9.479360 8.653200
g6336 g6173 9.015400 8.817140
g6336 g6177 9.479360 8.653200
g6336 g6181 9.399360 8.653200
g6336 OUTPUT 7.737290 7.737290
g6140 g6148 0.499980 0.499980
g6140 g6098 3.025400 3.025400
g6140 g6058 2.200440 2.200440
g6140 OUTPUT 0.000000 0.000000
g6148 g6098 3.819400 2.231870
g6098 g6098 2.935400 2.935400
g6098 g6144 2.140000 2.140000
g6098 g6052 9.096240 3.878920
g6098 g6065 9.454210 6.180450
g6098 g6069 9.454210 7.402810
g6098 g6073 9.454210 8.136430
g6098 g6077 11.082330 9.007490
g6098 g6082 12.718790 9.007490
g6098 g6088 14.363450 9.007490
g6098 g6093 14.708140 9.007490
g6098 g6109 4.118210 4.040330
g6144 g6098 2.200440 2.200440
g6144 g6151 0.499980 0.499980
g6144 g6058 3.025400 3.025400
g6144 OUTPUT 0.000000 0.000000
g6151 g6058 3.819400 2.231870
g6058 g6058 2.935400 2.935400
g6058 g6052 8.491060 2.128120
g6058 g6065 8.849030 5.386280
g6058 g6069 8.849030 6.958560
g6058 g6073 8.978340 7.668900
g6058 g6077 10.550620 8.392470
g6058 g6082 11.260960 8.392470
g6058 g6088 12.777080 8.392470
g6058 g6093 12.849200 8.392470
g6058 g6105 4.006470 3.885150
g6052 g6052 3.768040 3.279500
g6052 g6065 7.534390 2.140000
g6052 g6069 9.106670 7.225570
g6052 g6073 9.817010 7.959190
g6052 g6077 11.389290 9.595650
g6052 g6082 12.541550 10.790190
g6052 g6088 14.186210 12.306310
g6052 g6093 14.530900 12.378430
g6065 g6065 5.056730 4.136280
g6065 g6069 6.945100 2.500360
g6065 g6073 8.527750 6.346000
g6065 g6077 10.164210 7.918280
g6065 g6082 11.800670 8.628620
g6065 g6088 13.445330 10.144740
g6065 g6093 13.790020 10.216860
g6069 g6069 5.064650 4.144200
g6069 g6073 7.902670 2.508280
g6069 g6077 9.474950 7.420180
g6069 g6082 10.366080 8.875850
g6069 g6088 12.010740 10.391970
g6069 g6093 12.355430 10.464090
g6073 g6073 4.910210 3.989760
g6073 g6077 7.093160 2.353840
g6073 g6082 8.729620 6.346000
g6073 g6088 10.374280 7.862120
g6073 g6093 10.718970 7.934240
g6077 g6052 11.733140 9.685790
g6077 g6065 12.091110 10.043760
g6077 g6069 12.091110 10.043760
g6077 g6073 12.091110 10.043760
g6077 g6077 11.831110 4.300620
g6077 g6082 11.831110 2.664700
g6077 g6088 11.831110 7.428380
g6077 g6093 11.831110 7.773070
g6077 g6105 5.079880 5.079880
g6077 g6109 6.677230 6.677230
g6082 g6052 11.556320 9.489110
g6082 g6065 11.914290 9.847080
g6082 g6069 11.914290 9.847080
g6082 g6073 11.914290 9.847080
g6082 g6077 11.654290 9.587080
g6082 g6082 11.654290 4.310520
g6082 g6088 11.654290 2.674600
g6082 g6093 11.654290 5.651620
g6082 g6105 5.249880 5.201080
g6082 g6109 6.765010 6.427130
g6088 g6052 11.335920 9.659110
g6088 g6065 11.693890 10.017080
g6088 g6069 11.693890 10.017080
g6088 g6073 11.693890 10.017080
g6088 g6077 11.433890 9.757080
g6088 g6082 11.433890 9.757080
g6088 g6088 11.433890 4.350120
g6088 g6093 11.433890 2.714200
g6088 g6105 5.371080 5.371080
g6088 g6109 6.544610 6.544610
g6093 g6052 10.609080 8.984500
g6093 g6065 10.967050 9.342470
g6093 g6069 10.967050 9.342470
g6093 g6073 10.967050 9.342470
g6093 g6077 10.707050 9.082470
g6093 g6082 10.707050 9.082470
g6093 g6088 10.707050 9.082470
g6093 g6093 10.707050 3.779880
g6093 g6105 4.696470 2.142550
g6093 g6109 5.631050 5.553170
g6105 g6109 2.142550 2.142550
g6105 g6113 2.584770 2.584770
g6105 g6116 5.193810 5.193810
g6105 g6120 5.162580 5.162580
g6109 g6113 2.662650 2.662650
g6109 g6116 5.189250 5.189250
g6109 g6120 4.594640 4.594640
g6113 g6116 4.561440 2.067600
g6113 g6120 5.256700 4.530210
g6116 g6120 3.914820 1.985560
g6120 g6116 4.230700 3.783540
g6120 g6120 4.084820 3.937470
g6120 g6128 4.177460 2.377600
g6120 g6133 5.716450 4.970290
g6120 g6137 7.451770 7.451770
g6128 g6128 3.683680 3.217680
g6128 g6133 5.539420 2.175640
g6128 g6137 7.274740 7.274740
g6133 g6133 3.691720 3.047680
g6133 g6137 5.873560 2.067600
g6137 g6137 4.683720 4.683720
g6137 g6203 2.341510 2.341510
g6203 g6203 3.494240 3.494240
g6203 g6209 4.677530 2.702320
g6203 g6215 3.542900 3.542900
g6203 g6235 8.036090 7.392050
g6203 g6263 6.560220 5.916180
g6203 g6279 7.959710 7.315670
g6203 g6295 6.737030 6.092990
g6203 g6239 7.866090 7.222050
g6203 g6267 6.390220 5.746180
g6203 g6283 7.789710 7.145670
g6203 g6299 6.567030 5.922990
g6203 g6247 7.866090 7.222050
g6203 g6271 6.390220 5.746180
g6203 g6287 7.789710 7.145670
g6203 g6303 6.567030 5.922990
g6203 g6255 7.866090 7.222050
g6203 g6275 6.390220 5.746180
g6203 g6291 7.789710 7.145670
g6203 g6307 6.567030 5.922990
g6209 g6209 3.864830 3.672730
g6209 g6215 3.361870 2.294440
g6209 g6235 7.567530 6.923490
g6209 g6263 7.551830 6.907790
g6209 g6279 6.560220 5.916180
g6209 g6295 6.560220 5.916180
g6209 g6239 7.397530 6.753490
g6209 g6267 7.381830 6.737790
g6209 g6283 6.390220 5.746180
g6209 g6299 6.390220 5.746180
g6209 g6247 7.397530 6.753490
g6209 g6271 7.381830 6.737790
g6209 g6287 6.390220 5.746180
g6209 g6303 6.390220 5.746180
g6209 g6255 7.397530 6.753490
g6209 g6275 7.381830 6.737790
g6209 g6291 6.390220 5.746180
g6209 g6307 6.390220 5.746180
g6215 g43 9.464730 7.726590
g6215 g6203 4.103660 4.103660
g6215 g6215 5.165000 5.165000
g6215 g6219 5.526950 3.304850
g6215 g6227 6.048850 4.732910
g6215 g6235 8.902820 8.258780
g6215 g6243 5.840140 4.336680
g6215 g6239 8.732820 8.088780
g6215 g6251 5.840140 4.336680
g6215 g6247 8.732820 8.088780
g6215 g6259 5.840140 4.336680
g6215 g6255 8.732820 8.088780
g6215 g6311 5.840140 4.336680
g6215 g6195 10.601900 8.120520
g6215 g6159 7.749450 7.265170
g6215 g6167 7.847390 7.101230
g6215 g6187 7.659450 7.265170
g6215 g6191 7.927390 7.101230
g6215 OUTPUT 7.487130 7.487130
g6219 g43 8.819690 7.081550
g6219 g6219 3.864830 3.672730
g6219 g6227 5.870720 2.466700
g6219 g6235 8.269840 7.625800
g6219 g6263 8.269840 7.625800
g6219 g6279 8.269840 7.625800
g6219 g6295 8.269840 7.625800
g6219 g6243 8.247780 7.585560
g6219 g6239 7.654920 7.010880
g6219 g6267 7.654920 7.010880
g6219 g6283 7.654920 7.010880
g6219 g6299 7.654920 7.010880
g6219 g6251 7.462860 6.800640
g6219 g6247 8.816120 8.172080
g6219 g6271 8.816120 8.172080
g6219 g6287 8.816120 8.172080
g6219 g6303 8.816120 8.172080
g6219 g6259 8.624060 7.961840
g6219 g6255 7.829060 7.185020
g6219 g6275 7.829060 7.185020
g6219 g6291 7.829060 7.185020
g6219 g6307 7.829060 7.185020
g6219 g6311 7.637000 6.974780
g6219 g6195 10.675060 8.193680
g6219 g6159 7.822610 7.338330
g6219 g6167 7.920550 7.174390
g6219 g6187 7.732610 7.338330
g6219 g6191 8.000550 7.174390
g6219 OUTPUT 6.842090 6.842090
g6227 g43 9.292420 7.554280
g6227 g6140 2.703110 2.703110
g6227 g6227 4.583040 3.557980
g6227 g6235 8.306640 2.678560
g6227 g6263 8.306640 7.662600
g6227 g6279 8.306640 7.662600
g6227 g6295 8.306640 7.662600
g6227 g6243 8.284580 7.622360
g6227 g6239 9.027980 8.383940
g6227 g6267 9.027980 8.383940
g6227 g6283 9.027980 8.383940
g6227 g6299 9.027980 8.383940
g6227 g6251 8.835920 8.173700
g6227 g6247 7.654920 7.010880
g6227 g6271 7.654920 7.010880
g6227 g6287 7.654920 7.010880
g6227 g6303 7.654920 7.010880
g6227 g6259 7.462860 6.800640
g6227 g6255 7.654920 7.010880
g6227 g6275 7.654920 7.010880
g6227 g6291 7.654920 7.010880
g6227 g6307 7.654920 7.010880
g6227 g6311 7.462860 6.800640
g6227 g6195 10.375430 7.894050
g6227 g6159 7.522980 7.038700
g6227 g6167 7.620920 6.874760
g6227 g6187 7.432980 7.038700
g6227 g6191 7.700920 6.874760
g6227 OUTPUT 7.314820 7.314820
g6235 g6235 4.731960 4.731960
g6235 g6263 2.349880 2.349880
g6235 g4826 9.343700 9.343700
g6235 g6154 12.409640 11.335360
g6263 g6263 4.731960 4.731960
g6263 g6279 2.349880 2.349880
g6263 g4826 9.172840 9.172840
g6263 g6154 12.238780 11.164500
g6279 g6279 4.731960 4.731960
g6279 g6295 2.349880 2.349880
g6279 g4826 8.911860 8.911860
g6279 g6154 11.977800 10.903520
g6295 g6295 4.731960 4.731960
g6295 g6243 2.349880 2.349880
g6295 g4826 8.483700 8.483700
g6295 g6154 11.549640 10.475360
g6243 g6243 3.217680 3.217680
g6243 g6239 2.157820 2.157820
g6243 g4826 8.685530 8.685530
g6243 g6154 11.751470 10.677190
g6239 g6239 4.731960 4.731960
g6239 g6267 2.349880 2.349880
g6239 g4826 8.706800 8.706800
g6239 g6154 11.772740 10.698460
g6267 g6267 4.731960 4.731960
g6267 g6283 2.349880 2.349880
g6267 g4826 8.184880 8.184880
g6267 g6154 11.250820 10.176540
g6283 g6283 4.731960 4.731960
g6283 g6299 2.349880 2.349880
g6283 g4826 7.756700 7.756700
g6283 g6154 10.822640 9.748360
g6299 g6299 4.731960 4.731960
g6299 g6251 2.349880 2.349880
g6299 g4826 8.815330 8.815330
g6299 g6154 11.881270 10.806990
g6251 g6251 3.217680 3.217680
g6251 g6247 2.157820 2.157820
g6251 g4826 8.713300 8.713300
g6251 g6154 11.779240 10.704960
g6247 g6247 4.731960 4.731960
g6247 g6271 2.349880 2.349880
g6247 g4826 8.644380 8.644380
g6247 g6154 11.710320 10.636040
g6271 g6271 4.731960 4.731960
g6271 g6287 2.349880 2.349880
g6271 g4826 8.216220 8.216220
g6271 g6154 11.282160 10.207880
g6287 g6287 4.775520 4.775520
g6287 g6303 2.393440 2.393440
g6287 g4826 8.345150 8.345150
g6287 g6154 11.411090 10.336810
g6303 g6303 4.775520 4.775520
g6303 g6259 2.393440 2.393440
g6303 g4826 9.846040 9.846040
g6303 g6154 12.911980 11.837700
g6259 g6259 3.217680 3.217680
g6259 g6255 2.201380 2.201380
g6259 g4826 7.985520 7.985520
g6259 g6154 11.051460 9.977180
g6255 g6255 4.775520 4.775520
g6255 g6275 2.393440 2.393440
g6255 g4826 9.678450 9.678450
g6255 g6154 12.744390 11.670110
g6275 g6275 4.775520 4.775520
g6275 g6291 2.393440 2.393440
g6275 g4826 7.916550 7.916550
g6275 g6154 10.982490 9.908210
g6291 g6291 4.775520 4.775520
g6291 g6307 2.393440 2.393440
g6291 g4826 9.417420 9.417420
g6291 g6154 12.483360 11.409080
g6307 g6307 4.775520 4.775520
g6307 g6311 2.393440 2.393440
g6307 g4826 7.485150 7.485150
g6307 g6154 10.551090 9.476810
g6311 g6311 3.217680 3.217680
g6311 g4826 8.793980 2.201380
g6311 g6154 11.859920 10.785640
g4826 g59 6.407720 6.407720
g4826 g4575 6.407720 6.407720
g4826 g4826 3.217680 3.217680
g4826 g6195 2.870080 2.870080
g6195 g6195 6.437240 3.955860
g6195 g6159 2.987680 1.985560
g6159 g6159 3.217680 3.217680
g6159 g6154 1.985560 1.985560
g6159 g6163 6.437710 4.864820
g6154 g6154 7.334340 3.217680
g6154 g6163 6.259270 1.985560
g6163 g6163 3.047680 3.047680
g6163 g6167 1.985560 1.985560
g6163 g2864 10.450250 10.450250
g6163 g2955 13.268370 13.268370
g6163 OUTPUT 11.407240 7.780490
g6167 g6167 3.691720 3.047680
g6167 g6173 3.077680 1.985560
g6167 g6177 6.118910 4.864820
g6173 g6173 3.217680 3.217680
g6173 g6177 7.112210 2.294440
g6177 g6177 3.047680 3.047680
g6177 g6181 1.985560 1.985560
g6177 g2898 9.747370 9.747370
g6177 g2955 11.312180 11.312180
g6177 OUTPUT 9.943510 7.032290
g6181 g6181 3.691720 3.047680
g6181 g6187 3.077680 1.985560
g6181 g6191 6.118910 4.864820
g6187 g6187 3.217680 3.217680
g6187 g6191 7.112210 2.294440
g6191 g6191 3.047680 3.047680
g6191 g6199 2.466160 2.466160
g6191 g2898 9.917470 9.917470
g6191 g2955 11.482280 11.482280
g6191 OUTPUT 10.113610 7.202390
g6199 g45 8.212370 6.037620
g6199 g55 22.056270 15.252120
g6199 g6199 2.336780 2.336780
g6199 g6697 3.134040 3.134040
g6199 g2984 21.231900 16.602500
g6199 g6 4.330000 4.330000
g6199 g34 18.173900 13.544500
g6199 OUTPUT 6.234770 6.234770
g6199 OUTPUT 20.078670 15.449270
g6697 g6697 6.832930 4.477550
g6697 g6675 0.499980 0.499980
g6697 g6727 6.168460 5.422300
g6697 g6732 4.992140 4.992140
g6697 g6736 6.399040 6.399040
g6697 g5011 13.893180 7.962370
g6697 g6500 16.959120 9.954030
g6697 OUTPUT 0.000000 0.000000
g6675 g6697 7.072930 3.555400
g6675 g6704 0.499980 0.499980
g6675 g6727 6.408460 5.662300
g6675 g6732 5.232140 5.232140
g6675 g6736 6.639040 6.639040
g6675 g5011 8.742450 7.350860
g6675 g6500 11.808390 9.342520
g6675 OUTPUT 0.000000 0.000000
g6704 g6697 7.522930 2.899580
g6704 g6661 0.499980 0.499980
g6704 g6727 6.858460 6.112300
g6704 g6732 5.682140 5.682140
g6704 g6736 7.089040 7.089040
g6704 g5011 9.522450 7.130580
g6704 g6500 12.588390 9.122240
g6704 OUTPUT 0.000000 0.000000
g6661 g6697 7.338160 3.405680
g6661 g6668 0.499980 0.499980
g6661 g6727 6.673690 5.927530
g6661 g6732 5.497370 5.497370
g6661 g6736 6.904270 6.904270
g6661 g5011 8.311050 8.191190
g6661 g6500 11.376990 10.182850
g6661 OUTPUT 0.000000 0.000000
g6668 g6697 6.116140 4.880440
g6668 g6692 0.499980 0.499980
g6668 g5011 9.269880 8.454410
g6668 g6500 12.335820 8.152670
g6668 g6509 10.169360 9.343200
g6668 g6519 9.705400 9.507140
g6668 g6523 10.169360 9.343200
g6668 g6527 10.089360 9.343200
g6668 OUTPUT 0.000000 0.000000
g6692 g6697 5.558800 5.558800
g6692 g6711 0.499980 0.499980
g6692 g5011 8.630930 8.371630
g6692 g6500 11.696870 10.363290
g6692 OUTPUT 0.000000 0.000000
g6711 g6715 0.499980 0.499980
g6711 g5011 8.250210 7.733570
g6711 g6500 11.316150 9.725230
g6711 OUTPUT 0.000000 0.000000
g6715 g6719 0.499980 0.499980
g6715 g5011 9.171050 7.816970
g6715 g6500 12.236990 9.808630
g6715 OUTPUT 0.000000 0.000000
g6719 g6723 0.499980 0.499980
g6719 g5011 9.951050 7.388790
g6719 g6500 13.016990 9.380450
g6719 OUTPUT 0.000000 0.000000
g6723 g6727 2.157820 2.157820
g6723 g5011 9.003480 8.424640
g6723 g6500 12.069420 10.416300
g6727 g6727 3.691720 3.047680
g6727 g6732 5.816520 4.465310
g6727 g6736 3.458870 3.458870
g6727 g6490 4.861160 4.861160
g6727 g5011 16.197620 6.645090
g6727 g6500 19.263560 7.970880
g6727 g6509 9.987570 9.161410
g6727 g6519 9.523610 9.325350
g6727 g6523 9.987570 9.161410
g6727 g6527 9.907570 9.161410
g6732 g4894 6.997730 6.492510
g6732 g6736 2.662650 2.662650
g6736 g4894 7.099590 4.991680
g6736 g6732 2.200440 2.200440
g6736 g6741 2.205340 2.205340
g6741 g93 10.361520 8.623380
g6741 g4894 7.745150 6.232510
g6741 g6741 5.217490 3.152630
g6741 g6682 6.048850 3.102280
g6741 g5011 12.887040 9.754640
g6741 g6500 15.952980 7.702670
g6741 g6509 9.719360 8.893200
g6741 g6519 9.255400 9.057140
g6741 g6523 9.719360 8.893200
g6741 g6527 9.639360 8.893200
g6741 OUTPUT 8.383920 8.383920
g6682 g93 10.360250 8.622110
g6682 g4894 8.285340 6.571680
g6682 g6682 4.583040 3.557980
g6682 g6486 3.402700 3.402700
g6682 g5011 12.749970 9.579450
g6682 g6500 15.815910 7.462670
g6682 g6509 9.479360 8.653200
g6682 g6519 9.015400 8.817140
g6682 g6523 9.479360 8.653200
g6682 g6527 9.399360 8.653200
g6682 OUTPUT 8.382650 8.382650
g6486 g6494 0.499980 0.499980
g6486 g6444 3.025400 3.025400
g6486 g6404 2.200440 2.200440
g6486 OUTPUT 0.000000 0.000000
g6494 g6444 3.819400 2.231870
g6444 g6444 2.935400 2.935400
g6444 g6490 2.140000 2.140000
g6444 g6398 9.096240 3.878920
g6444 g6411 9.454210 6.180450
g6444 g6415 9.454210 7.402810
g6444 g6419 9.454210 8.136430
g6444 g6423 11.082330 9.007490
g6444 g6428 12.718790 9.007490
g6444 g6434 14.363450 9.007490
g6444 g6439 14.708140 9.007490
g6444 g6455 4.118210 4.040330
g6490 g6444 2.200440 2.200440
g6490 g6497 0.499980 0.499980
g6490 g6404 3.025400 3.025400
g6490 OUTPUT 0.000000 0.000000
g6497 g6404 3.819400 2.231870
g6404 g6404 2.935400 2.935400
g6404 g6398 8.491060 2.128120
g6404 g6411 8.849030 5.386280
g6404 g6415 8.849030 6.958560
g6404 g6419 8.978340 7.668900
g6404 g6423 10.550620 8.392470
g6404 g6428 11.260960 8.392470
g6404 g6434 12.777080 8.392470
g6404 g6439 12.849200 8.392470
g6404 g6451 4.006470 3.885150
g6398 g6398 3.768040 3.279500
g6398 g6411 7.534390 2.140000
g6398 g6415 9.106670 7.225570
g6398 g6419 9.817010 7.959190
g6398 g6423 11.389290 9.595650
g6398 g6428 12.541550 10.790190
g6398 g6434 14.186210 12.306310
g6398 g6439 14.530900 12.378430
g6411 g6411 5.056730 4.136280
g6411 g6415 6.945100 2.500360
g6411 g6419 8.527750 6.346000
g6411 g6423 10.164210 7.918280
g6411 g6428 11.800670 8.628620
g6411 g6434 13.445330 10.144740
g6411 g6439 13.790020 10.216860
g6415 g6415 5.064650 4.144200
g6415 g6419 7.902670 2.508280
g6415 g6423 9.474950 7.420180
g6415 g6428 10.366080 8.875850
g6415 g6434 12.010740 10.391970
g6415 g6439 12.355430 10.464090
g6419 g6419 4.910210 3.989760
g6419 g6423 7.093160 2.353840
g6419 g6428 8.729620 6.346000
g6419 g6434 10.374280 7.862120
g6419 g6439 10.718970 7.934240
g6423 g6398 11.733140 9.685790
g6423 g6411 12.091110 10.043760
g6423 g6415 12.091110 10.043760
g6423 g6419 12.091110 10.043760
g6423 g6423 11.831110 4.300620
g6423 g6428 11.831110 2.664700
g6423 g6434 11.831110 7.428380
g6423 g6439 11.831110 7.773070
g6423 g6451 5.079880 5.079880
g6423 g6455 6.677230 6.677230
g6428 g6398 11.556320 9.489110
g6428 g6411 11.914290 9.847080
g6428 g6415 11.914290 9.847080
g6428 g6419 11.914290 9.847080
g6428 g6423 11.654290 9.587080
g6428 g6428 11.654290 4.310520
g6428 g6434 11.654290 2.674600
g6428 g6439 11.654290 5.651620
g6428 g6451 5.249880 5.201080
g6428 g6455 6.765010 6.427130
g6434 g6398 11.335920 9.659110
g6434 g6411 11.693890 10.017080
g6434 g6415 11.693890 10.017080
g6434 g6419 11.693890 10.017080
g6434 g6423 11.433890 9.757080
g6434 g6428 11.433890 9.757080
g6434 g6434 11.433890 4.350120
g6434 g6439 11.433890 2.714200
g6434 g6451 5.371080 5.371080
g6434 g6455 6.544610 6.544610
g6439 g6398 10.609080 8.984500
g6439 g6411 10.967050 9.342470
g6439 g6415 10.967050 9.342470
g6439 g6419 10.967050 9.342470
g6439 g6423 10.707050 9.082470
g6439 g6428 10.707050 9.082470
g6439 g6434 10.707050 9.082470
g6439 g6439 10.707050 3.779880
g6439 g6451 4.696470 2.142550
g6439 g6455 5.631050 5.553170
g6451 g6455 2.142550 2.142550
g6451 g6459 2.584770 2.584770
g6451 g6462 5.193810 5.193810
g6451 g6466 5.162580 5.162580
g6455 g6459 2.662650 2.662650
g6455 g6462 5.189250 5.189250
g6455 g6466 4.594640 4.594640
g6459 g6462 4.561440 2.067600
g6459 g6466 5.256700 4.530210
g6462 g6466 3.914820 1.985560
g6466 g6462 4.230700 3.783540
g6466 g6466 4.084820 3.937470
g6466 g6474 4.177460 2.377600
g6466 g6479 5.716450 4.970290
g6466 g6483 7.451770 7.451770
g6474 g6474 3.683680 3.217680
g6474 g6479 5.539420 2.175640
g6474 g6483 7.274740 7.274740
g6479 g6479 3.691720 3.047680
g6479 g6483 5.873560 2.067600
g6483 g6483 4.683720 4.683720
g6483 g6549 2.341510 2.341510
g6549 g6549 3.494240 3.494240
g6549 g6555 4.677530 2.702320
g6549 g6561 3.542900 3.542900
g6549 g6581 8.036090 7.392050
g6549 g6609 6.560220 5.916180
g6549 g6625 7.959710 7.315670
g6549 g6641 6.737030 6.092990
g6549 g6585 7.866090 7.222050
g6549 g6613 6.390220 5.746180
g6549 g6629 7.789710 7.145670
g6549 g6645 6.567030 5.922990
g6549 g6593 7.866090 7.222050
g6549 g6617 6.390220 5.746180
g6549 g6633 7.789710 7.145670
g6549 g6649 6.567030 5.922990
g6549 g6601 7.866090 7.222050
g6549 g6621 6.390220 5.746180
g6549 g6637 7.789710 7.145670
g6549 g6653 6.567030 5.922990
g6555 g6555 3.864830 3.672730
g6555 g6561 3.361870 2.294440
g6555 g6581 7.567530 6.923490
g6555 g6609 7.551830 6.907790
g6555 g6625 6.560220 5.916180
g6555 g6641 6.560220 5.916180
g6555 g6585 7.397530 6.753490
g6555 g6613 7.381830 6.737790
g6555 g6629 6.390220 5.746180
g6555 g6645 6.390220 5.746180
g6555 g6593 7.397530 6.753490
g6555 g6617 7.381830 6.737790
g6555 g6633 6.390220 5.746180
g6555 g6649 6.390220 5.746180
g6555 g6601 7.397530 6.753490
g6555 g6621 7.381830 6.737790
g6555 g6637 6.390220 5.746180
g6555 g6653 6.390220 5.746180
g6561 g43 9.939050 8.200910
g6561 g6549 4.103660 4.103660
g6561 g6561 5.165000 5.165000
g6561 g6565 5.526950 3.304850
g6561 g6573 6.048850 4.732910
g6561 g6581 8.902820 8.258780
g6561 g6589 5.840140 4.336680
g6561 g6585 8.732820 8.088780
g6561 g6597 5.840140 4.336680
g6561 g6593 8.732820 8.088780
g6561 g6605 5.840140 4.336680
g6561 g6601 8.732820 8.088780
g6561 g6657 5.840140 4.336680
g6561 g6541 10.601900 8.120520
g6561 g6505 7.749450 7.265170
g6561 g6513 7.847390 7.101230
g6561 g6533 7.659450 7.265170
g6561 g6537 7.927390 7.101230
g6561 OUTPUT 7.961450 7.961450
g6565 g43 9.294010 7.555870
g6565 g6565 3.864830 3.672730
g6565 g6573 5.870720 2.466700
g6565 g6581 8.269840 7.625800
g6565 g6609 8.269840 7.625800
g6565 g6625 8.269840 7.625800
g6565 g6641 8.269840 7.625800
g6565 g6589 8.247780 7.585560
g6565 g6585 7.654920 7.010880
g6565 g6613 7.654920 7.010880
g6565 g6629 7.654920 7.010880
g6565 g6645 7.654920 7.010880
g6565 g6597 7.462860 6.800640
g6565 g6593 8.816120 8.172080
g6565 g6617 8.816120 8.172080
g6565 g6633 8.816120 8.172080
g6565 g6649 8.816120 8.172080
g6565 g6605 8.624060 7.961840
g6565 g6601 7.829060 7.185020
g6565 g6621 7.829060 7.185020
g6565 g6637 7.829060 7.185020
g6565 g6653 7.829060 7.185020
g6565 g6657 7.637000 6.974780
g6565 g6541 10.675060 8.193680
g6565 g6505 7.822610 7.338330
g6565 g6513 7.920550 7.174390
g6565 g6533 7.732610 7.338330
g6565 g6537 8.000550 7.174390
g6565 OUTPUT 7.316410 7.316410
g6573 g43 9.766740 8.028600
g6573 g6486 2.703110 2.703110
g6573 g6573 4.583040 3.557980
g6573 g6581 8.306640 2.678560
g6573 g6609 8.306640 7.662600
g6573 g6625 8.306640 7.662600
g6573 g6641 8.306640 7.662600
g6573 g6589 8.284580 7.622360
g6573 g6585 9.027980 8.383940
g6573 g6613 9.027980 8.383940
g6573 g6629 9.027980 8.383940
g6573 g6645 9.027980 8.383940
g6573 g6597 8.835920 8.173700
g6573 g6593 7.654920 7.010880
g6573 g6617 7.654920 7.010880
g6573 g6633 7.654920 7.010880
g6573 g6649 7.654920 7.010880
g6573 g6605 7.462860 6.800640
g6573 g6601 7.654920 7.010880
g6573 g6621 7.654920 7.010880
g6573 g6637 7.654920 7.010880
g6573 g6653 7.654920 7.010880
g6573 g6657 7.462860 6.800640
g6573 g6541 10.375430 7.894050
g6573 g6505 7.522980 7.038700
g6573 g6513 7.620920 6.874760
g6573 g6533 7.432980 7.038700
g6573 g6537 7.700920 6.874760
g6573 OUTPUT 7.789140 7.789140
g6581 g6581 4.731960 4.731960
g6581 g6609 2.349880 2.349880
g6581 g5011 9.343700 9.343700
g6581 g6500 12.409640 11.335360
g6609 g6609 4.731960 4.731960
g6609 g6625 2.349880 2.349880
g6609 g5011 9.172840 9.172840
g6609 g6500 12.238780 11.164500
g6625 g6625 4.731960 4.731960
g6625 g6641 2.349880 2.349880
g6625 g5011 8.911860 8.911860
g6625 g6500 11.977800 10.903520
g6641 g6641 4.731960 4.731960
g6641 g6589 2.349880 2.349880
g6641 g5011 8.483700 8.483700
g6641 g6500 11.549640 10.475360
g6589 g6589 3.217680 3.217680
g6589 g6585 2.157820 2.157820
g6589 g5011 8.685530 8.685530
g6589 g6500 11.751470 10.677190
g6585 g6585 4.731960 4.731960
g6585 g6613 2.349880 2.349880
g6585 g5011 8.706800 8.706800
g6585 g6500 11.772740 10.698460
g6613 g6613 4.731960 4.731960
g6613 g6629 2.349880 2.349880
g6613 g5011 8.184880 8.184880
g6613 g6500 11.250820 10.176540
g6629 g6629 4.731960 4.731960
g6629 g6645 2.349880 2.349880
g6629 g5011 7.756700 7.756700
g6629 g6500 10.822640 9.748360
g6645 g6645 4.731960 4.731960
g6645 g6597 2.349880 2.349880
g6645 g5011 8.815330 8.815330
g6645 g6500 11.881270 10.806990
g6597 g6597 3.217680 3.217680
g6597 g6593 2.157820 2.157820
g6597 g5011 8.713300 8.713300
g6597 g6500 11.779240 10.704960
g6593 g6593 4.731960 4.731960
g6593 g6617 2.349880 2.349880
g6593 g5011 8.644380 8.644380
g6593 g6500 11.710320 10.636040
g6617 g6617 4.731960 4.731960
g6617 g6633 2.349880 2.349880
g6617 g5011 8.216220 8.216220
g6617 g6500 11.282160 10.207880
g6633 g6633 4.775520 4.775520
g6633 g6649 2.393440 2.393440
g6633 g5011 8.345150 8.345150
g6633 g6500 11.411090 10.336810
g6649 g6649 4.775520 4.775520
g6649 g6605 2.393440 2.393440
g6649 g5011 9.846040 9.846040
g6649 g6500 12.911980 11.837700
g6605 g6605 3.217680 3.217680
g6605 g6601 2.201380 2.201380
g6605 g5011 7.985520 7.985520
g6605 g6500 11.051460 9.977180
g6601 g6601 4.775520 4.775520
g6601 g6621 2.393440 2.393440
g6601 g5011 9.678450 9.678450
g6601 g6500 12.744390 11.670110
g6621 g6621 4.775520 4.775520
g6621 g6637 2.393440 2.393440
g6621 g5011 7.916550 7.916550
g6621 g6500 10.982490 9.908210
g6637 g6637 4.775520 4.775520
g6637 g6653 2.393440 2.393440
g6637 g5011 9.417420 9.417420
g6637 g6500 12.483360 11.409080
g6653 g6653 4.775520 4.775520
g6653 g6657 2.393440 2.393440
g6653 g5011 7.485150 7.485150
g6653 g6500 10.551090 9.476810
g6657 g6657 3.217680 3.217680
g6657 g5011 8.793980 2.201380
g6657 g6500 11.859920 10.785640
g5011 g4572 5.276440 5.276440
g5011 g4578 5.276440 5.276440
g5011 g5011 3.217680 3.217680
g5011 g6541 2.466160 2.466160
g6541 g6541 6.437240 3.955860
g6541 g6505 2.987680 1.985560
g6505 g6505 3.217680 3.217680
g6505 g6500 1.985560 1.985560
g6505 g6509 6.437710 4.864820
g6500 g6500 7.334340 3.217680
g6500 g6509 6.259270 1.985560
g6509 g6509 3.047680 3.047680
g6509 g6513 1.985560 1.985560
g6509 g2864 7.193820 7.193820
g6509 g2955 10.011940 10.011940
g6509 OUTPUT 9.709710 6.270910
g6513 g6513 3.691720 3.047680
g6513 g6519 3.077680 1.985560
g6513 g6523 6.118910 4.864820
g6519 g6519 3.217680 3.217680
g6519 g6523 7.112210 2.294440
g6523 g6523 3.047680 3.047680
g6523 g6527 1.985560 1.985560
g6523 g2898 9.728010 9.728010
g6523 g2955 11.292820 11.292820
g6523 OUTPUT 9.700450 7.012930
g6527 g6527 3.691720 3.047680
g6527 g6533 3.077680 1.985560
g6527 g6537 6.118910 4.864820
g6533 g6533 3.217680 3.217680
g6533 g6537 7.112210 2.294440
g6537 g6537 3.047680 3.047680
g6537 g6545 2.466160 2.466160
g6537 g2898 9.897550 9.897550
g6537 g2955 11.462360 11.462360
g6537 OUTPUT 9.869990 7.182470
g6545 g48 8.215070 6.040320
g6545 g55 21.677310 15.636240
g6545 g6545 2.465510 2.465510
g6545 g3303 2.901760 2.901760
g6545 g2984 20.852940 16.986620
g6545 g9 4.332700 4.332700
g6545 g34 17.794940 13.928620
g6545 OUTPUT 6.237470 6.237470
g6545 OUTPUT 19.699710 15.833390
g3303 g3303 6.832930 4.477550
g3303 g3281 0.499980 0.499980
g3303 g3338 6.168460 5.422300
g3303 g3343 4.992140 4.992140
g3303 g3347 6.399040 6.399040
g3303 g3333 13.893180 7.962370
g3303 g3106 16.959120 9.954030
g3303 OUTPUT 0.000000 0.000000
g3281 g3303 7.072930 3.555400
g3281 g3310 0.499980 0.499980
g3281 g3338 6.408460 5.662300
g3281 g3343 5.232140 5.232140
g3281 g3347 6.639040 6.639040
g3281 g3333 8.742450 7.350860
g3281 g3106 11.808390 9.342520
g3281 OUTPUT 0.000000 0.000000
g3310 g3303 7.522930 2.899580
g3310 g3267 0.499980 0.499980
g3310 g3338 6.858460 6.112300
g3310 g3343 5.682140 5.682140
g3310 g3347 7.089040 7.089040
g3310 g3333 9.522450 7.130580
g3310 g3106 12.588390 9.122240
g3310 OUTPUT 0.000000 0.000000
g3267 g3303 7.338160 3.405680
g3267 g3274 0.499980 0.499980
g3267 g3338 6.673690 5.927530
g3267 g3343 5.497370 5.497370
g3267 g3347 6.904270 6.904270
g3267 g3333 8.311050 8.191190
g3267 g3106 11.376990 10.182850
g3267 OUTPUT 0.000000 0.000000
g3274 g3303 6.116140 4.880440
g3274 g3298 0.499980 0.499980
g3274 g3333 9.269880 8.454410
g3274 g3106 12.335820 8.152670
g3274 g3115 10.169360 9.343200
g3274 g3125 9.705400 9.507140
g3274 g3129 10.169360 9.343200
g3274 g3133 10.089360 9.343200
g3274 OUTPUT 0.000000 0.000000
g3298 g3303 5.558800 5.558800
g3298 g3317 0.499980 0.499980
g3298 g3333 8.630930 8.371630
g3298 g3106 11.696870 10.363290
g3298 OUTPUT 0.000000 0.000000
g3317 g3321 0.499980 0.499980
g3317 g3333 8.250210 7.733570
g3317 g3106 11.316150 9.725230
g3317 OUTPUT 0.000000 0.000000
g3321 g3325 0.499980 0.499980
g3321 g3333 9.171050 7.816970
g3321 g3106 12.236990 9.808630
g3321 OUTPUT 0.000000 0.000000
g3325 g3329 0.499980 0.499980
g3325 g3333 9.951050 7.388790
g3325 g3106 13.016990 9.380450
g3325 OUTPUT 0.000000 0.000000
g3329 g3338 2.157820 2.157820
g3329 g3333 9.003480 8.424640
g3329 g3106 12.069420 10.416300
g3338 g3338 3.691720 3.047680
g3338 g3343 5.816520 4.465310
g3338 g3347 3.458870 3.458870
g3338 g3096 4.861160 4.861160
g3338 g3333 16.197620 6.645090
g3338 g3106 19.263560 7.970880
g3338 g3115 9.987570 9.161410
g3338 g3125 9.523610 9.325350
g3338 g3129 9.987570 9.161410
g3338 g3133 9.907570 9.161410
g3343 g4939 6.997730 6.492510
g3343 g3347 2.662650 2.662650
g3347 g4939 7.099590 4.991680
g3347 g3343 2.200440 2.200440
g3347 g3352 2.205340 2.205340
g3352 g93 10.190460 8.452320
g3352 g4939 7.745150 6.232510
g3352 g3352 5.217490 3.152630
g3352 g3288 6.048850 3.102280
g3352 g3333 12.887040 9.754640
g3352 g3106 15.952980 7.702670
g3352 g3115 9.719360 8.893200
g3352 g3125 9.255400 9.057140
g3352 g3129 9.719360 8.893200
g3352 g3133 9.639360 8.893200
g3352 OUTPUT 8.212860 8.212860
g3288 g93 10.189210 8.451070
g3288 g4939 8.285340 6.571680
g3288 g3288 4.583040 3.557980
g3288 g3092 3.402700 3.402700
g3288 g3333 12.749970 9.579450
g3288 g3106 15.815910 7.462670
g3288 g3115 9.479360 8.653200
g3288 g3125 9.015400 8.817140
g3288 g3129 9.479360 8.653200
g3288 g3133 9.399360 8.653200
g3288 OUTPUT 8.211610 8.211610
g3092 g3100 0.499980 0.499980
g3092 g3050 3.025400 3.025400
g3092 g3010 2.200440 2.200440
g3092 OUTPUT 0.000000 0.000000
g3100 g3050 3.819400 2.231870
g3050 g3050 2.935400 2.935400
g3050 g3096 2.140000 2.140000
g3050 g3004 9.096240 3.878920
g3050 g3017 9.454210 6.180450
g3050 g3021 9.454210 7.402810
g3050 g3025 9.454210 8.136430
g3050 g3029 11.082330 9.007490
g3050 g3034 12.718790 9.007490
g3050 g3040 14.363450 9.007490
g3050 g3045 14.708140 9.007490
g3050 g3061 4.118210 4.040330
g3096 g3050 2.200440 2.200440
g3096 g3103 0.499980 0.499980
g3096 g3010 3.025400 3.025400
g3096 OUTPUT 0.000000 0.000000
g3103 g3010 3.819400 2.231870
g3010 g3010 2.935400 2.935400
g3010 g3004 8.491060 2.128120
g3010 g3017 8.849030 5.386280
g3010 g3021 8.849030 6.958560
g3010 g3025 8.978340 7.668900
g3010 g3029 10.550620 8.392470
g3010 g3034 11.260960 8.392470
g3010 g3040 12.777080 8.392470
g3010 g3045 12.849200 8.392470
g3010 g3057 4.006470 3.885150
g3004 g3004 3.768040 3.279500
g3004 g3017 7.534390 2.140000
g3004 g3021 9.106670 7.225570
g3004 g3025 9.817010 7.959190
g3004 g3029 11.389290 9.595650
g3004 g3034 12.541550 10.790190
g3004 g3040 14.186210 12.306310
g3004 g3045 14.530900 12.378430
g3017 g3017 5.056730 4.136280
g3017 g3021 6.945100 2.500360
g3017 g3025 8.527750 6.346000
g3017 g3029 10.164210 7.918280
g3017 g3034 11.800670 8.628620
g3017 g3040 13.445330 10.144740
g3017 g3045 13.790020 10.216860
g3021 g3021 5.064650 4.144200
g3021 g3025 7.902670 2.508280
g3021 g3029 9.474950 7.420180
g3021 g3034 10.366080 8.875850
g3021 g3040 12.010740 10.391970
g3021 g3045 12.355430 10.464090
g3025 g3025 4.910210 3.989760
g3025 g3029 7.093160 2.353840
g3025 g3034 8.729620 6.346000
g3025 g3040 10.374280 7.862120
g3025 g3045 10.718970 7.934240
g3029 g3004 11.733140 9.685790
g3029 g3017 12.091110 10.043760
g3029 g3021 12.091110 10.043760
g3029 g3025 12.091110 10.043760
g3029 g3029 11.831110 4.300620
g3029 g3034 11.831110 2.664700
g3029 g3040 11.831110 7.428380
g3029 g3045 11.831110 7.773070
g3029 g3057 5.079880 5.079880
g3029 g3061 6.677230 6.677230
g3034 g3004 11.556320 9.489110
g3034 g3017 11.914290 9.847080
g3034 g3021 11.914290 9.847080
g3034 g3025 11.914290 9.847080
g3034 g3029 11.654290 9.587080
g3034 g3034 11.654290 4.310520
g3034 g3040 11.654290 2.674600
g3034 g3045 11.654290 5.651620
g3034 g3057 5.249880 5.201080
g3034 g3061 6.765010 6.427130
g3040 g3004 11.335920 9.659110
g3040 g3017 11.693890 10.017080
g3040 g3021 11.693890 10.017080
g3040 g3025 11.693890 10.017080
g3040 g3029 11.433890 9.757080
g3040 g3034 11.433890 9.757080
g3040 g3040 11.433890 4.350120
g3040 g3045 11.433890 2.714200
g3040 g3057 5.371080 5.371080
g3040 g3061 6.544610 6.544610
g3045 g3004 10.609080 8.984500
g3045 g3017 10.967050 9.342470
g3045 g3021 10.967050 9.342470
g3045 g3025 10.967050 9.342470
g3045 g3029 10.707050 9.082470
g3045 g3034 10.707050 9.082470
g3045 g3040 10.707050 9.082470
g3045 g3045 10.707050 3.779880
g3045 g3057 4.696470 2.142550
g3045 g3061 5.631050 5.553170
g3057 g3061 2.142550 2.142550
g3057 g3065 2.584770 2.584770
g3057 g3068 5.193810 5.193810
g3057 g3072 5.162580 5.162580
g3061 g3065 2.662650 2.662650
g3061 g3068 5.189250 5.189250
g3061 g3072 4.594640 4.594640
g3065 g3068 4.561440 2.067600
g3065 g3072 5.256700 4.530210
g3068 g3072 3.914820 1.985560
g3072 g3068 4.230700 3.783540
g3072 g3072 4.084820 3.937470
g3072 g3080 4.177460 2.377600
g3072 g3085 5.716450 4.970290
g3072 g3089 7.451770 7.451770
g3080 g3080 3.683680 3.217680
g3080 g3085 5.539420 2.175640
g3080 g3089 7.274740 7.274740
g3085 g3085 3.691720 3.047680
g3085 g3089 5.873560 2.067600
g3089 g3089 4.683720 4.683720
g3089 g3155 2.341510 2.341510
g3155 g3155 3.494240 3.494240
g3155 g3161 4.677530 2.702320
g3155 g3167 3.542900 3.542900
g3155 g3187 8.036090 7.392050
g3155 g3215 6.560220 5.916180
g3155 g3231 7.959710 7.315670
g3155 g3247 6.737030 6.092990
g3155 g3191 7.866090 7.222050
g3155 g3219 6.390220 5.746180
g3155 g3235 7.789710 7.145670
g3155 g3251 6.567030 5.922990
g3155 g3199 7.866090 7.222050
g3155 g3223 6.390220 5.746180
g3155 g3239 7.789710 7.145670
g3155 g3255 6.567030 5.922990
g3155 g3207 7.866090 7.222050
g3155 g3227 6.390220 5.746180
g3155 g3243 7.789710 7.145670
g3155 g3259 6.567030 5.922990
g3161 g3161 3.864830 3.672730
g3161 g3167 3.361870 2.294440
g3161 g3187 7.567530 6.923490
g3161 g3215 7.551830 6.907790
g3161 g3231 6.560220 5.916180
g3161 g3247 6.560220 5.916180
g3161 g3191 7.397530 6.753490
g3161 g3219 7.381830 6.737790
g3161 g3235 6.390220 5.746180
g3161 g3251 6.390220 5.746180
g3161 g3199 7.397530 6.753490
g3161 g3223 7.381830 6.737790
g3161 g3239 6.390220 5.746180
g3161 g3255 6.390220 5.746180
g3161 g3207 7.397530 6.753490
g3161 g3227 7.381830 6.737790
g3161 g3243 6.390220 5.746180
g3161 g3259 6.390220 5.746180
g3167 g43 10.110090 8.371950
g3167 g3155 4.103660 4.103660
g3167 g3167 5.165000 5.165000
g3167 g3171 5.526950 3.304850
g3167 g3179 6.048850 4.732910
g3167 g3187 8.902820 8.258780
g3167 g3195 5.840140 4.336680
g3167 g3191 8.732820 8.088780
g3167 g3203 5.840140 4.336680
g3167 g3199 8.732820 8.088780
g3167 g3211 5.840140 4.336680
g3167 g3207 8.732820 8.088780
g3167 g3263 5.840140 4.336680
g3167 g3147 10.601900 8.120520
g3167 g3111 7.749450 7.265170
g3167 g3119 7.847390 7.101230
g3167 g3139 7.659450 7.265170
g3167 g3143 7.927390 7.101230
g3167 OUTPUT 8.132490 8.132490
g3171 g43 9.465050 7.726910
g3171 g3171 3.864830 3.672730
g3171 g3179 5.870720 2.466700
g3171 g3187 8.269840 7.625800
g3171 g3215 8.269840 7.625800
g3171 g3231 8.269840 7.625800
g3171 g3247 8.269840 7.625800
g3171 g3195 8.247780 7.585560
g3171 g3191 7.654920 7.010880
g3171 g3219 7.654920 7.010880
g3171 g3235 7.654920 7.010880
g3171 g3251 7.654920 7.010880
g3171 g3203 7.462860 6.800640
g3171 g3199 8.816120 8.172080
g3171 g3223 8.816120 8.172080
g3171 g3239 8.816120 8.172080
g3171 g3255 8.816120 8.172080
g3171 g3211 8.624060 7.961840
g3171 g3207 7.829060 7.185020
g3171 g3227 7.829060 7.185020
g3171 g3243 7.829060 7.185020
g3171 g3259 7.829060 7.185020
g3171 g3263 7.637000 6.974780
g3171 g3147 10.675060 8.193680
g3171 g3111 7.822610 7.338330
g3171 g3119 7.920550 7.174390
g3171 g3139 7.732610 7.338330
g3171 g3143 8.000550 7.174390
g3171 OUTPUT 7.487450 7.487450
g3179 g43 9.937800 8.199660
g3179 g3092 2.703110 2.703110
g3179 g3179 4.583040 3.557980
g3179 g3187 8.306640 2.678560
g3179 g3215 8.306640 7.662600
g3179 g3231 8.306640 7.662600
g3179 g3247 8.306640 7.662600
g3179 g3195 8.284580 7.622360
g3179 g3191 9.027980 8.383940
g3179 g3219 9.027980 8.383940
g3179 g3235 9.027980 8.383940
g3179 g3251 9.027980 8.383940
g3179 g3203 8.835920 8.173700
g3179 g3199 7.654920 7.010880
g3179 g3223 7.654920 7.010880
g3179 g3239 7.654920 7.010880
g3179 g3255 7.654920 7.010880
g3179 g3211 7.462860 6.800640
g3179 g3207 7.654920 7.010880
g3179 g3227 7.654920 7.010880
g3179 g3243 7.654920 7.010880
g3179 g3259 7.654920 7.010880
g3179 g3263 7.462860 6.800640
g3179 g3147 10.375430 7.894050
g3179 g3111 7.522980 7.038700
g3179 g3119 7.620920 6.874760
g3179 g3139 7.432980 7.038700
g3179 g3143 7.700920 6.874760
g3179 OUTPUT 7.960200 7.960200
g3187 g3187 4.731960 4.731960
g3187 g3215 2.349880 2.349880
g3187 g3333 9.343700 9.343700
g3187 g3106 12.409640 11.335360
g3215 g3215 4.731960 4.731960
g3215 g3231 2.349880 2.349880
g3215 g3333 9.172840 9.172840
g3215 g3106 12.238780 11.164500
g3231 g3231 4.731960 4.731960
g3231 g3247 2.349880 2.349880
g3231 g3333 8.911860 8.911860
g3231 g3106 11.977800 10.903520
g3247 g3247 4.731960 4.731960
g3247 g3195 2.349880 2.349880
g3247 g3333 8.483700 8.483700
g3247 g3106 11.549640 10.475360
g3195 g3195 3.217680 3.217680
g3195 g3191 2.157820 2.157820
g3195 g3333 8.685530 8.685530
g3195 g3106 11.751470 10.677190
g3191 g3191 4.731960 4.731960
g3191 g3219 2.349880 2.349880
g3191 g3333 8.706800 8.706800
g3191 g3106 11.772740 10.698460
g3219 g3219 4.731960 4.731960
g3219 g3235 2.349880 2.349880
g3219 g3333 8.184880 8.184880
g3219 g3106 11.250820 10.176540
g3235 g3235 4.731960 4.731960
g3235 g3251 2.349880 2.349880
g3235 g3333 7.756700 7.756700
g3235 g3106 10.822640 9.748360
g3251 g3251 4.731960 4.731960
g3251 g3203 2.349880 2.349880
g3251 g3333 8.815330 8.815330
g3251 g3106 11.881270 10.806990
g3203 g3203 3.217680 3.217680
g3203 g3199 2.157820 2.157820
g3203 g3333 8.713300 8.713300
g3203 g3106 11.779240 10.704960
g3199 g3199 4.731960 4.731960
g3199 g3223 2.349880 2.349880
g3199 g3333 8.644380 8.644380
g3199 g3106 11.710320 10.636040
g3223 g3223 4.731960 4.731960
g3223 g3239 2.349880 2.349880
g3223 g3333 8.216220 8.216220
g3223 g3106 11.282160 10.207880
g3239 g3239 4.775520 4.775520
g3239 g3255 2.393440 2.393440
g3239 g3333 8.345150 8.345150
g3239 g3106 11.411090 10.336810
g3255 g3255 4.775520 4.775520
g3255 g3211 2.393440 2.393440
g3255 g3333 9.846040 9.846040
g3255 g3106 12.911980 11.837700
g3211 g3211 3.217680 3.217680
g3211 g3207 2.201380 2.201380
g3211 g3333 7.985520 7.985520
g3211 g3106 11.051460 9.977180
g3207 g3207 4.775520 4.775520
g3207 g3227 2.393440 2.393440
g3207 g3333 9.678450 9.678450
g3207 g3106 12.744390 11.670110
g3227 g3227 4.775520 4.775520
g3227 g3243 2.393440 2.393440
g3227 g3333 7.916550 7.916550
g3227 g3106 10.982490 9.908210
g3243 g3243 4.775520 4.775520
g3243 g3259 2.393440 2.393440
g3243 g3333 9.417420 9.417420
g3243 g3106 12.483360 11.409080
g3259 g3259 4.775520 4.775520
g3259 g3263 2.393440 2.393440
g3259 g3333 7.485150 7.485150
g3259 g3106 10.551090 9.476810
g3263 g3263 3.217680 3.217680
g3263 g3333 8.793980 2.201380
g3263 g3106 11.859920 10.785640
g3333 g4572 6.407720 6.407720
g3333 g4578 6.407720 6.407720
g3333 g3333 3.217680 3.217680
g3333 g3147 2.870080 2.870080
g3147 g3147 6.437240 3.955860
g3147 g3111 2.987680 1.985560
g3111 g3111 3.217680 3.217680
g3111 g3106 1.985560 1.985560
g3111 g3115 6.437710 4.864820
g3106 g3106 7.334340 3.217680
g3106 g3115 6.259270 1.985560
g3115 g3115 3.047680 3.047680
g3115 g3119 1.985560 1.985560
g3115 g2864 10.874700 10.874700
g3115 g2955 13.692820 13.692820
g3115 OUTPUT 11.436470 8.001290
g3119 g3119 3.691720 3.047680
g3119 g3125 3.077680 1.985560
g3119 g3129 6.118910 4.864820
g3125 g3125 3.217680 3.217680
g3125 g3129 7.112210 2.294440
g3129 g3129 3.047680 3.047680
g3129 g3133 1.985560 1.985560
g3129 g2898 10.093830 10.093830
g3129 g2955 11.658640 11.658640
g3129 OUTPUT 10.275330 7.467500
g3133 g3133 3.691720 3.047680
g3133 g3139 3.077680 1.985560
g3133 g3143 6.118910 4.864820
g3139 g3139 3.217680 3.217680
g3139 g3143 7.112210 2.294440
g3143 g3143 3.047680 3.047680
g3143 g3151 2.466160 2.466160
g3143 g2898 10.263550 10.263550
g3143 g2955 11.828360 11.828360
g3143 OUTPUT 10.445050 7.637220
g3151 g47 8.412310 6.237560
g3151 g55 22.053110 15.630440
g3151 g3151 2.443730 2.443730
g3151 g3654 2.879980 2.879980
g3151 g2984 21.228740 16.980820
g3151 g8 4.529940 4.529940
g3151 g34 18.170740 13.922820
g3151 OUTPUT 6.434710 6.434710
g3151 OUTPUT 20.075510 15.827590
g3654 g3654 6.832930 4.477550
g3654 g3632 0.499980 0.499980
g3654 g3689 6.168460 5.422300
g3654 g3694 4.992140 4.992140
g3654 g3698 6.399040 6.399040
g3654 g3684 13.893180 7.962370
g3654 g3457 16.959120 9.954030
g3654 OUTPUT 0.000000 0.000000
g3632 g3654 7.072930 3.555400
g3632 g3661 0.499980 0.499980
g3632 g3689 6.408460 5.662300
g3632 g3694 5.232140 5.232140
g3632 g3698 6.639040 6.639040
g3632 g3684 8.742450 7.350860
g3632 g3457 11.808390 9.342520
g3632 OUTPUT 0.000000 0.000000
g3661 g3654 7.522930 2.899580
g3661 g3618 0.499980 0.499980
g3661 g3689 6.858460 6.112300
g3661 g3694 5.682140 5.682140
g3661 g3698 7.089040 7.089040
g3661 g3684 9.522450 7.130580
g3661 g3457 12.588390 9.122240
g3661 OUTPUT 0.000000 0.000000
g3618 g3654 7.338160 3.405680
g3618 g3625 0.499980 0.499980
g3618 g3689 6.673690 5.927530
g3618 g3694 5.497370 5.497370
g3618 g3698 6.904270 6.904270
g3618 g3684 8.311050 8.191190
g3618 g3457 11.376990 10.182850
g3618 OUTPUT 0.000000 0.000000
g3625 g3654 6.116140 4.880440
g3625 g3649 0.499980 0.499980
g3625 g3684 9.269880 8.454410
g3625 g3457 12.335820 8.152670
g3625 g3466 10.169360 9.343200
g3625 g3476 9.705400 9.507140
g3625 g3480 10.169360 9.343200
g3625 g3484 10.089360 9.343200
g3625 OUTPUT 0.000000 0.000000
g3649 g3654 5.558800 5.558800
g3649 g3668 0.499980 0.499980
g3649 g3684 8.630930 8.371630
g3649 g3457 11.696870 10.363290
g3649 OUTPUT 0.000000 0.000000
g3668 g3672 0.499980 0.499980
g3668 g3684 8.250210 7.733570
g3668 g3457 11.316150 9.725230
g3668 OUTPUT 0.000000 0.000000
g3672 g3676 0.499980 0.499980
g3672 g3684 9.171050 7.816970
g3672 g3457 12.236990 9.808630
g3672 OUTPUT 0.000000 0.000000
g3676 g3680 0.499980 0.499980
g3676 g3684 9.951050 7.388790
g3676 g3457 13.016990 9.380450
g3676 OUTPUT 0.000000 0.000000
g3680 g3689 2.157820 2.157820
g3680 g3684 9.003480 8.424640
g3680 g3457 12.069420 10.416300
g3689 g3689 3.691720 3.047680
g3689 g3694 5.816520 4.465310
g3689 g3698 3.458870 3.458870
g3689 g3447 4.861160 4.861160
g3689 g3684 16.197620 6.645090
g3689 g3457 19.263560 7.970880
g3689 g3466 9.987570 9.161410
g3689 g3476 9.523610 9.325350
g3689 g3480 9.987570 9.161410
g3689 g3484 9.907570 9.161410
g3694 g4950 6.997730 6.492510
g3694 g3698 2.662650 2.662650
g3698 g4950 7.099590 4.991680
g3698 g3694 2.200440 2.200440
g3698 g3703 2.205340 2.205340
g3703 g93 9.501520 7.763380
g3703 g4950 7.745150 6.232510
g3703 g3703 5.217490 3.152630
g3703 g3639 6.048850 3.102280
g3703 g3684 12.887040 9.754640
g3703 g3457 15.952980 7.702670
g3703 g3466 9.719360 8.893200
g3703 g3476 9.255400 9.057140
g3703 g3480 9.719360 8.893200
g3703 g3484 9.639360 8.893200
g3703 OUTPUT 7.523920 7.523920
g3639 g93 9.500250 7.762110
g3639 g4950 8.285340 6.571680
g3639 g3639 4.583040 3.557980
g3639 g3443 3.402700 3.402700
g3639 g3684 12.749970 9.579450
g3639 g3457 15.815910 7.462670
g3639 g3466 9.479360 8.653200
g3639 g3476 9.015400 8.817140
g3639 g3480 9.479360 8.653200
g3639 g3484 9.399360 8.653200
g3639 OUTPUT 7.522650 7.522650
g3443 g3451 0.499980 0.499980
g3443 g3401 3.025400 3.025400
g3443 g3361 2.200440 2.200440
g3443 OUTPUT 0.000000 0.000000
g3451 g3401 3.819400 2.231870
g3401 g3401 2.935400 2.935400
g3401 g3447 2.140000 2.140000
g3401 g3355 9.096240 3.878920
g3401 g3368 9.454210 6.180450
g3401 g3372 9.454210 7.402810
g3401 g3376 9.454210 8.136430
g3401 g3380 11.082330 9.007490
g3401 g3385 12.718790 9.007490
g3401 g3391 14.363450 9.007490
g3401 g3396 14.708140 9.007490
g3401 g3412 4.118210 4.040330
g3447 g3401 2.200440 2.200440
g3447 g3454 0.499980 0.499980
g3447 g3361 3.025400 3.025400
g3447 OUTPUT 0.000000 0.000000
g3454 g3361 3.819400 2.231870
g3361 g3361 2.935400 2.935400
g3361 g3355 8.491060 2.128120
g3361 g3368 8.849030 5.386280
g3361 g3372 8.849030 6.958560
g3361 g3376 8.978340 7.668900
g3361 g3380 10.550620 8.392470
g3361 g3385 11.260960 8.392470
g3361 g3391 12.777080 8.392470
g3361 g3396 12.849200 8.392470
g3361 g3408 4.006470 3.885150
g3355 g3355 3.768040 3.279500
g3355 g3368 7.534390 2.140000
g3355 g3372 9.106670 7.225570
g3355 g3376 9.817010 7.959190
g3355 g3380 11.389290 9.595650
g3355 g3385 12.541550 10.790190
g3355 g3391 14.186210 12.306310
g3355 g3396 14.530900 12.378430
g3368 g3368 5.056730 4.136280
g3368 g3372 6.945100 2.500360
g3368 g3376 8.527750 6.346000
g3368 g3380 10.164210 7.918280
g3368 g3385 11.800670 8.628620
g3368 g3391 13.445330 10.144740
g3368 g3396 13.790020 10.216860
g3372 g3372 5.064650 4.144200
g3372 g3376 7.902670 2.508280
g3372 g3380 9.474950 7.420180
g3372 g3385 10.366080 8.875850
g3372 g3391 12.010740 10.391970
g3372 g3396 12.355430 10.464090
g3376 g3376 4.910210 3.989760
g3376 g3380 7.093160 2.353840
g3376 g3385 8.729620 6.346000
g3376 g3391 10.374280 7.862120
g3376 g3396 10.718970 7.934240
g3380 g3355 11.733140 9.685790
g3380 g3368 12.091110 10.043760
g3380 g3372 12.091110 10.043760
g3380 g3376 12.091110 10.043760
g3380 g3380 11.831110 4.300620
g3380 g3385 11.831110 2.664700
g3380 g3391 11.831110 7.428380
g3380 g3396 11.831110 7.773070
g3380 g3408 5.079880 5.079880
g3380 g3412 6.677230 6.677230
g3385 g3355 11.556320 9.489110
g3385 g3368 11.914290 9.847080
g3385 g3372 11.914290 9.847080
g3385 g3376 11.914290 9.847080
g3385 g3380 11.654290 9.587080
g3385 g3385 11.654290 4.310520
g3385 g3391 11.654290 2.674600
g3385 g3396 11.654290 5.651620
g3385 g3408 5.249880 5.201080
g3385 g3412 6.765010 6.427130
g3391 g3355 11.335920 9.659110
g3391 g3368 11.693890 10.017080
g3391 g3372 11.693890 10.017080
g3391 g3376 11.693890 10.017080
g3391 g3380 11.433890 9.757080
g3391 g3385 11.433890 9.757080
g3391 g3391 11.433890 4.350120
g3391 g3396 11.433890 2.714200
g3391 g3408 5.371080 5.371080
g3391 g3412 6.544610 6.544610
g3396 g3355 10.609080 8.984500
g3396 g3368 10.967050 9.342470
g3396 g3372 10.967050 9.342470
g3396 g3376 10.967050 9.342470
g3396 g3380 10.707050 9.082470
g3396 g3385 10.707050 9.082470
g3396 g3391 10.707050 9.082470
g3396 g3396 10.707050 3.779880
g3396 g3408 4.696470 2.142550
g3396 g3412 5.631050 5.553170
g3408 g3412 2.142550 2.142550
g3408 g3416 2.584770 2.584770
g3408 g3419 5.193810 5.193810
g3408 g3423 5.162580 5.162580
g3412 g3416 2.662650 2.662650
g3412 g3419 5.189250 5.189250
g3412 g3423 4.594640 4.594640
g3416 g3419 4.561440 2.067600
g3416 g3423 5.256700 4.530210
g3419 g3423 3.914820 1.985560
g3423 g3419 4.230700 3.783540
g3423 g3423 4.084820 3.937470
g3423 g3431 4.177460 2.377600
g3423 g3436 5.716450 4.970290
g3423 g3440 7.451770 7.451770
g3431 g3431 3.683680 3.217680
g3431 g3436 5.539420 2.175640
g3431 g3440 7.274740 7.274740
g3436 g3436 3.691720 3.047680
g3436 g3440 5.873560 2.067600
g3440 g3440 4.683720 4.683720
g3440 g3506 2.341510 2.341510
g3506 g3506 3.494240 3.494240
g3506 g3512 4.677530 2.702320
g3506 g3518 3.542900 3.542900
g3506 g3538 8.036090 7.392050
g3506 g3566 6.560220 5.916180
g3506 g3582 7.959710 7.315670
g3506 g3598 6.737030 6.092990
g3506 g3542 7.866090 7.222050
g3506 g3570 6.390220 5.746180
g3506 g3586 7.789710 7.145670
g3506 g3602 6.567030 5.922990
g3506 g3550 7.866090 7.222050
g3506 g3574 6.390220 5.746180
g3506 g3590 7.789710 7.145670
g3506 g3606 6.567030 5.922990
g3506 g3558 7.866090 7.222050
g3506 g3578 6.390220 5.746180
g3506 g3594 7.789710 7.145670
g3506 g3610 6.567030 5.922990
g3512 g3512 3.864830 3.672730
g3512 g3518 3.361870 2.294440
g3512 g3538 7.567530 6.923490
g3512 g3566 7.551830 6.907790
g3512 g3582 6.560220 5.916180
g3512 g3598 6.560220 5.916180
g3512 g3542 7.397530 6.753490
g3512 g3570 7.381830 6.737790
g3512 g3586 6.390220 5.746180
g3512 g3602 6.390220 5.746180
g3512 g3550 7.397530 6.753490
g3512 g3574 7.381830 6.737790
g3512 g3590 6.390220 5.746180
g3512 g3606 6.390220 5.746180
g3512 g3558 7.397530 6.753490
g3512 g3578 7.381830 6.737790
g3512 g3594 6.390220 5.746180
g3512 g3610 6.390220 5.746180
g3518 g43 9.250090 7.511950
g3518 g3506 4.103660 4.103660
g3518 g3518 5.165000 5.165000
g3518 g3522 5.526950 3.304850
g3518 g3530 6.048850 4.732910
g3518 g3538 8.902820 8.258780
g3518 g3546 5.840140 4.336680
g3518 g3542 8.732820 8.088780
g3518 g3554 5.840140 4.336680
g3518 g3550 8.732820 8.088780
g3518 g3562 5.840140 4.336680
g3518 g3558 8.732820 8.088780
g3518 g3614 5.840140 4.336680
g3518 g3498 10.601900 8.120520
g3518 g3462 7.749450 7.265170
g3518 g3470 7.847390 7.101230
g3518 g3490 7.659450 7.265170
g3518 g3494 7.927390 7.101230
g3518 OUTPUT 7.272490 7.272490
g3522 g43 8.605050 6.866910
g3522 g3522 3.864830 3.672730
g3522 g3530 5.870720 2.466700
g3522 g3538 8.269840 7.625800
g3522 g3566 8.269840 7.625800
g3522 g3582 8.269840 7.625800
g3522 g3598 8.269840 7.625800
g3522 g3546 8.247780 7.585560
g3522 g3542 7.654920 7.010880
g3522 g3570 7.654920 7.010880
g3522 g3586 7.654920 7.010880
g3522 g3602 7.654920 7.010880
g3522 g3554 7.462860 6.800640
g3522 g3550 8.816120 8.172080
g3522 g3574 8.816120 8.172080
g3522 g3590 8.816120 8.172080
g3522 g3606 8.816120 8.172080
g3522 g3562 8.624060 7.961840
g3522 g3558 7.829060 7.185020
g3522 g3578 7.829060 7.185020
g3522 g3594 7.829060 7.185020
g3522 g3610 7.829060 7.185020
g3522 g3614 7.637000 6.974780
g3522 g3498 10.675060 8.193680
g3522 g3462 7.822610 7.338330
g3522 g3470 7.920550 7.174390
g3522 g3490 7.732610 7.338330
g3522 g3494 8.000550 7.174390
g3522 OUTPUT 6.627450 6.627450
g3530 g43 9.077800 7.339660
g3530 g3443 2.703110 2.703110
g3530 g3530 4.583040 3.557980
g3530 g3538 8.306640 2.678560
g3530 g3566 8.306640 7.662600
g3530 g3582 8.306640 7.662600
g3530 g3598 8.306640 7.662600
g3530 g3546 8.284580 7.622360
g3530 g3542 9.027980 8.383940
g3530 g3570 9.027980 8.383940
g3530 g3586 9.027980 8.383940
g3530 g3602 9.027980 8.383940
g3530 g3554 8.835920 8.173700
g3530 g3550 7.654920 7.010880
g3530 g3574 7.654920 7.010880
g3530 g3590 7.654920 7.010880
g3530 g3606 7.654920 7.010880
g3530 g3562 7.462860 6.800640
g3530 g3558 7.654920 7.010880
g3530 g3578 7.654920 7.010880
g3530 g3594 7.654920 7.010880
g3530 g3610 7.654920 7.010880
g3530 g3614 7.462860 6.800640
g3530 g3498 10.375430 7.894050
g3530 g3462 7.522980 7.038700
g3530 g3470 7.620920 6.874760
g3530 g3490 7.432980 7.038700
g3530 g3494 7.700920 6.874760
g3530 OUTPUT 7.100200 7.100200
g3538 g3538 4.731960 4.731960
g3538 g3566 2.349880 2.349880
g3538 g3684 9.343700 9.343700
g3538 g3457 12.409640 11.335360
g3566 g3566 4.731960 4.731960
g3566 g3582 2.349880 2.349880
g3566 g3684 9.172840 9.172840
g3566 g3457 12.238780 11.164500
g3582 g3582 4.731960 4.731960
g3582 g3598 2.349880 2.349880
g3582 g3684 8.911860 8.911860
g3582 g3457 11.977800 10.903520
g3598 g3598 4.731960 4.731960
g3598 g3546 2.349880 2.349880
g3598 g3684 8.483700 8.483700
g3598 g3457 11.549640 10.475360
g3546 g3546 3.217680 3.217680
g3546 g3542 2.157820 2.157820
g3546 g3684 8.685530 8.685530
g3546 g3457 11.751470 10.677190
g3542 g3542 4.731960 4.731960
g3542 g3570 2.349880 2.349880
g3542 g3684 8.706800 8.706800
g3542 g3457 11.772740 10.698460
g3570 g3570 4.731960 4.731960
g3570 g3586 2.349880 2.349880
g3570 g3684 8.184880 8.184880
g3570 g3457 11.250820 10.176540
g3586 g3586 4.731960 4.731960
g3586 g3602 2.349880 2.349880
g3586 g3684 7.756700 7.756700
g3586 g3457 10.822640 9.748360
g3602 g3602 4.731960 4.731960
g3602 g3554 2.349880 2.349880
g3602 g3684 8.815330 8.815330
g3602 g3457 11.881270 10.806990
g3554 g3554 3.217680 3.217680
g3554 g3550 2.157820 2.157820
g3554 g3684 8.713300 8.713300
g3554 g3457 11.779240 10.704960
g3550 g3550 4.731960 4.731960
g3550 g3574 2.349880 2.349880
g3550 g3684 8.644380 8.644380
g3550 g3457 11.710320 10.636040
g3574 g3574 4.731960 4.731960
g3574 g3590 2.349880 2.349880
g3574 g3684 8.216220 8.216220
g3574 g3457 11.282160 10.207880
g3590 g3590 4.775520 4.775520
g3590 g3606 2.393440 2.393440
g3590 g3684 8.345150 8.345150
g3590 g3457 11.411090 10.336810
g3606 g3606 4.775520 4.775520
g3606 g3562 2.393440 2.393440
g3606 g3684 9.846040 9.846040
g3606 g3457 12.911980 11.837700
g3562 g3562 3.217680 3.217680
g3562 g3558 2.201380 2.201380
g3562 g3684 7.985520 7.985520
g3562 g3457 11.051460 9.977180
g3558 g3558 4.775520 4.775520
g3558 g3578 2.393440 2.393440
g3558 g3684 9.678450 9.678450
g3558 g3457 12.744390 11.670110
g3578 g3578 4.775520 4.775520
g3578 g3594 2.393440 2.393440
g3578 g3684 7.916550 7.916550
g3578 g3457 10.982490 9.908210
g3594 g3594 4.775520 4.775520
g3594 g3610 2.393440 2.393440
g3594 g3684 9.417420 9.417420
g3594 g3457 12.483360 11.409080
g3610 g3610 4.775520 4.775520
g3610 g3614 2.393440 2.393440
g3610 g3684 7.485150 7.485150
g3610 g3457 10.551090 9.476810
g3614 g3614 3.217680 3.217680
g3614 g3684 8.793980 2.201380
g3614 g3457 11.859920 10.785640
g3684 g4572 6.018670 6.018670
g3684 g4578 6.018670 6.018670
g3684 g3684 3.217680 3.217680
g3684 g3498 2.881960 2.881960
g3498 g3498 6.437240 3.955860
g3498 g3462 2.987680 1.985560
g3462 g3462 3.217680 3.217680
g3462 g3457 1.985560 1.985560
g3462 g3466 6.437710 4.864820
g3457 g3457 7.334340 3.217680
g3457 g3466 6.259270 1.985560
g3466 g3466 3.047680 3.047680
g3466 g3470 1.985560 1.985560
g3466 g2864 10.656790 10.656790
g3466 g2955 13.474910 13.474910
g3466 OUTPUT 11.218490 7.783300
g3470 g3470 3.691720 3.047680
g3470 g3476 3.077680 1.985560
g3470 g3480 6.118910 4.864820
g3476 g3476 3.217680 3.217680
g3476 g3480 7.112210 2.294440
g3480 g3480 3.047680 3.047680
g3480 g3484 1.985560 1.985560
g3480 g2898 9.755490 9.755490
g3480 g2955 11.320300 11.320300
g3480 OUTPUT 9.936720 7.128880
g3484 g3484 3.691720 3.047680
g3484 g3490 3.077680 1.985560
g3484 g3494 6.118910 4.864820
g3490 g3490 3.217680 3.217680
g3490 g3494 7.112210 2.294440
g3494 g3494 3.047680 3.047680
g3494 g3502 2.466160 2.466160
g3494 g2898 9.925610 9.925610
g3494 g2955 11.490420 11.490420
g3494 OUTPUT 10.106840 7.299000
g3502 g46 8.399530 6.224780
g3502 g55 22.064870 15.642260
g3502 g3502 2.443730 2.443730
g3502 g4005 2.879980 2.879980
g3502 g2984 21.240500 16.992640
g3502 g7 4.517160 4.517160
g3502 g34 18.182500 13.934640
g3502 OUTPUT 6.421930 6.421930
g3502 OUTPUT 20.087270 15.839410
g4005 g4005 6.832930 4.477550
g4005 g3983 0.499980 0.499980
g4005 g4040 6.168460 5.422300
g4005 g4045 4.992140 4.992140
g4005 g4049 6.399040 6.399040
g4005 g4035 13.893180 7.962370
g4005 g3808 16.959120 9.954030
g4005 OUTPUT 0.000000 0.000000
g3983 g4005 7.072930 3.555400
g3983 g4012 0.499980 0.499980
g3983 g4040 6.408460 5.662300
g3983 g4045 5.232140 5.232140
g3983 g4049 6.639040 6.639040
g3983 g4035 8.742450 7.350860
g3983 g3808 11.808390 9.342520
g3983 OUTPUT 0.000000 0.000000
g4012 g4005 7.522930 2.899580
g4012 g3969 0.499980 0.499980
g4012 g4040 6.858460 6.112300
g4012 g4045 5.682140 5.682140
g4012 g4049 7.089040 7.089040
g4012 g4035 9.522450 7.130580
g4012 g3808 12.588390 9.122240
g4012 OUTPUT 0.000000 0.000000
g3969 g4005 7.338160 3.405680
g3969 g3976 0.499980 0.499980
g3969 g4040 6.673690 5.927530
g3969 g4045 5.497370 5.497370
g3969 g4049 6.904270 6.904270
g3969 g4035 8.311050 8.191190
g3969 g3808 11.376990 10.182850
g3969 OUTPUT 0.000000 0.000000
g3976 g4005 6.116140 4.880440
g3976 g4000 0.499980 0.499980
g3976 g4035 9.269880 8.454410
g3976 g3808 12.335820 8.152670
g3976 g3817 10.169360 9.343200
g3976 g3827 9.705400 9.507140
g3976 g3831 10.169360 9.343200
g3976 g3835 10.089360 9.343200
g3976 OUTPUT 0.000000 0.000000
g4000 g4005 5.558800 5.558800
g4000 g4019 0.499980 0.499980
g4000 g4035 8.630930 8.371630
g4000 g3808 11.696870 10.363290
g4000 OUTPUT 0.000000 0.000000
g4019 g4023 0.499980 0.499980
g4019 g4035 8.250210 7.733570
g4019 g3808 11.316150 9.725230
g4019 OUTPUT 0.000000 0.000000
g4023 g4027 0.499980 0.499980
g4023 g4035 9.171050 7.816970
g4023 g3808 12.236990 9.808630
g4023 OUTPUT 0.000000 0.000000
g4027 g4031 0.499980 0.499980
g4027 g4035 9.951050 7.388790
g4027 g3808 13.016990 9.380450
g4027 OUTPUT 0.000000 0.000000
g4031 g4040 2.157820 2.157820
g4031 g4035 9.003480 8.424640
g4031 g3808 12.069420 10.416300
g4040 g4040 3.691720 3.047680
g4040 g4045 5.816520 4.465310
g4040 g4049 3.458870 3.458870
g4040 g3798 4.861160 4.861160
g4040 g4035 16.197620 6.645090
g4040 g3808 19.263560 7.970880
g4040 g3817 9.987570 9.161410
g4040 g3827 9.523610 9.325350
g4040 g3831 9.987570 9.161410
g4040 g3835 9.907570 9.161410
g4045 g4961 6.997730 6.492510
g4045 g4049 2.662650 2.662650
g4049 g4961 7.099590 4.991680
g4049 g4045 2.200440 2.200440
g4049 g4054 2.205340 2.205340
g4054 g93 9.929680 8.191540
g4054 g4961 7.745150 6.232510
g4054 g4054 5.217490 3.152630
g4054 g3990 6.048850 3.102280
g4054 g4035 12.887040 9.754640
g4054 g3808 15.952980 7.702670
g4054 g3817 9.719360 8.893200
g4054 g3827 9.255400 9.057140
g4054 g3831 9.719360 8.893200
g4054 g3835 9.639360 8.893200
g4054 OUTPUT 7.952080 7.952080
g3990 g93 9.928430 8.190290
g3990 g4961 8.285340 6.571680
g3990 g3990 4.583040 3.557980
g3990 g3794 3.402700 3.402700
g3990 g4035 12.749970 9.579450
g3990 g3808 15.815910 7.462670
g3990 g3817 9.479360 8.653200
g3990 g3827 9.015400 8.817140
g3990 g3831 9.479360 8.653200
g3990 g3835 9.399360 8.653200
g3990 OUTPUT 7.950830 7.950830
g3794 g3802 0.499980 0.499980
g3794 g3752 3.025400 3.025400
g3794 g3712 2.200440 2.200440
g3794 OUTPUT 0.000000 0.000000
g3802 g3752 3.819400 2.231870
g3752 g3752 2.935400 2.935400
g3752 g3798 2.140000 2.140000
g3752 g3706 9.096240 3.878920
g3752 g3719 9.454210 6.180450
g3752 g3723 9.454210 7.402810
g3752 g3727 9.454210 8.136430
g3752 g3731 11.082330 9.007490
g3752 g3736 12.718790 9.007490
g3752 g3742 14.363450 9.007490
g3752 g3747 14.708140 9.007490
g3752 g3763 4.118210 4.040330
g3798 g3752 2.200440 2.200440
g3798 g3805 0.499980 0.499980
g3798 g3712 3.025400 3.025400
g3798 OUTPUT 0.000000 0.000000
g3805 g3712 3.819400 2.231870
g3712 g3712 2.935400 2.935400
g3712 g3706 8.491060 2.128120
g3712 g3719 8.849030 5.386280
g3712 g3723 8.849030 6.958560
g3712 g3727 8.978340 7.668900
g3712 g3731 10.550620 8.392470
g3712 g3736 11.260960 8.392470
g3712 g3742 12.777080 8.392470
g3712 g3747 12.849200 8.392470
g3712 g3759 4.006470 3.885150
g3706 g3706 3.768040 3.279500
g3706 g3719 7.534390 2.140000
g3706 g3723 9.106670 7.225570
g3706 g3727 9.817010 7.959190
g3706 g3731 11.389290 9.595650
g3706 g3736 12.541550 10.790190
g3706 g3742 14.186210 12.306310
g3706 g3747 14.530900 12.378430
g3719 g3719 5.056730 4.136280
g3719 g3723 6.945100 2.500360
g3719 g3727 8.527750 6.346000
g3719 g3731 10.164210 7.918280
g3719 g3736 11.800670 8.628620
g3719 g3742 13.445330 10.144740
g3719 g3747 13.790020 10.216860
g3723 g3723 5.064650 4.144200
g3723 g3727 7.902670 2.508280
g3723 g3731 9.474950 7.420180
g3723 g3736 10.366080 8.875850
g3723 g3742 12.010740 10.391970
g3723 g3747 12.355430 10.464090
g3727 g3727 4.910210 3.989760
g3727 g3731 7.093160 2.353840
g3727 g3736 8.729620 6.346000
g3727 g3742 10.374280 7.862120
g3727 g3747 10.718970 7.934240
g3731 g3706 11.733140 9.685790
g3731 g3719 12.091110 10.043760
g3731 g3723 12.091110 10.043760
g3731 g3727 12.091110 10.043760
g3731 g3731 11.831110 4.300620
g3731 g3736 11.831110 2.664700
g3731 g3742 11.831110 7.428380
g3731 g3747 11.831110 7.773070
g3731 g3759 5.079880 5.079880
g3731 g3763 6.677230 6.677230
g3736 g3706 11.556320 9.489110
g3736 g3719 11.914290 9.847080
g3736 g3723 11.914290 9.847080
g3736 g3727 11.914290 9.847080
g3736 g3731 11.654290 9.587080
g3736 g3736 11.654290 4.310520
g3736 g3742 11.654290 2.674600
g3736 g3747 11.654290 5.651620
g3736 g3759 5.249880 5.201080
g3736 g3763 6.765010 6.427130
g3742 g3706 11.335920 9.659110
g3742 g3719 11.693890 10.017080
g3742 g3723 11.693890 10.017080
g3742 g3727 11.693890 10.017080
g3742 g3731 11.433890 9.757080
g3742 g3736 11.433890 9.757080
g3742 g3742 11.433890 4.350120
g3742 g3747 11.433890 2.714200
g3742 g3759 5.371080 5.371080
g3742 g3763 6.544610 6.544610
g3747 g3706 10.609080 8.984500
g3747 g3719 10.967050 9.342470
g3747 g3723 10.967050 9.342470
g3747 g3727 10.967050 9.342470
g3747 g3731 10.707050 9.082470
g3747 g3736 10.707050 9.082470
g3747 g3742 10.707050 9.082470
g3747 g3747 10.707050 3.779880
g3747 g3759 4.696470 2.142550
g3747 g3763 5.631050 5.553170
g3759 g3763 2.142550 2.142550
g3759 g3767 2.584770 2.584770
g3759 g3770 5.193810 5.193810
g3759 g3774 5.162580 5.162580
g3763 g3767 2.662650 2.662650
g3763 g3770 5.189250 5.189250
g3763 g3774 4.594640 4.594640
g3767 g3770 4.561440 2.067600
g3767 g3774 5.256700 4.530210
g3770 g3774 3.914820 1.985560
g3774 g3770 4.230700 3.783540
g3774 g3774 4.084820 3.937470
g3774 g3782 4.177460 2.377600
g3774 g3787 5.716450 4.970290
g3774 g3791 7.451770 7.451770
g3782 g3782 3.683680 3.217680
g3782 g3787 5.539420 2.175640
g3782 g3791 7.274740 7.274740
g3787 g3787 3.691720 3.047680
g3787 g3791 5.873560 2.067600
g3791 g3791 4.683720 4.683720
g3791 g3857 2.341510 2.341510
g3857 g3857 3.494240 3.494240
g3857 g3863 4.677530 2.702320
g3857 g3869 3.542900 3.542900
g3857 g3889 8.036090 7.392050
g3857 g3917 6.560220 5.916180
g3857 g3933 7.959710 7.315670
g3857 g3949 6.737030 6.092990
g3857 g3893 7.866090 7.222050
g3857 g3921 6.390220 5.746180
g3857 g3937 7.789710 7.145670
g3857 g3953 6.567030 5.922990
g3857 g3901 7.866090 7.222050
g3857 g3925 6.390220 5.746180
g3857 g3941 7.789710 7.145670
g3857 g3957 6.567030 5.922990
g3857 g3909 7.866090 7.222050
g3857 g3929 6.390220 5.746180
g3857 g3945 7.789710 7.145670
g3857 g3961 6.567030 5.922990
g3863 g3863 3.864830 3.672730
g3863 g3869 3.361870 2.294440
g3863 g3889 7.567530 6.923490
g3863 g3917 7.551830 6.907790
g3863 g3933 6.560220 5.916180
g3863 g3949 6.560220 5.916180
g3863 g3893 7.397530 6.753490
g3863 g3921 7.381830 6.737790
g3863 g3937 6.390220 5.746180
g3863 g3953 6.390220 5.746180
g3863 g3901 7.397530 6.753490
g3863 g3925 7.381830 6.737790
g3863 g3941 6.390220 5.746180
g3863 g3957 6.390220 5.746180
g3863 g3909 7.397530 6.753490
g3863 g3929 7.381830 6.737790
g3863 g3945 6.390220 5.746180
g3863 g3961 6.390220 5.746180
g3869 g43 9.678270 7.940130
g3869 g3857 4.103660 4.103660
g3869 g3869 5.165000 5.165000
g3869 g3873 5.526950 3.304850
g3869 g3881 6.048850 4.732910
g3869 g3889 8.902820 8.258780
g3869 g3897 5.840140 4.336680
g3869 g3893 8.732820 8.088780
g3869 g3905 5.840140 4.336680
g3869 g3901 8.732820 8.088780
g3869 g3913 5.840140 4.336680
g3869 g3909 8.732820 8.088780
g3869 g3965 5.840140 4.336680
g3869 g3849 10.601900 8.120520
g3869 g3813 7.749450 7.265170
g3869 g3821 7.847390 7.101230
g3869 g3841 7.659450 7.265170
g3869 g3845 7.927390 7.101230
g3869 OUTPUT 7.700670 7.700670
g3873 g43 9.033230 7.295090
g3873 g3873 3.864830 3.672730
g3873 g3881 5.870720 2.466700
g3873 g3889 8.269840 7.625800
g3873 g3917 8.269840 7.625800
g3873 g3933 8.269840 7.625800
g3873 g3949 8.269840 7.625800
g3873 g3897 8.247780 7.585560
g3873 g3893 7.654920 7.010880
g3873 g3921 7.654920 7.010880
g3873 g3937 7.654920 7.010880
g3873 g3953 7.654920 7.010880
g3873 g3905 7.462860 6.800640
g3873 g3901 8.816120 8.172080
g3873 g3925 8.816120 8.172080
g3873 g3941 8.816120 8.172080
g3873 g3957 8.816120 8.172080
g3873 g3913 8.624060 7.961840
g3873 g3909 7.829060 7.185020
g3873 g3929 7.829060 7.185020
g3873 g3945 7.829060 7.185020
g3873 g3961 7.829060 7.185020
g3873 g3965 7.637000 6.974780
g3873 g3849 10.675060 8.193680
g3873 g3813 7.822610 7.338330
g3873 g3821 7.920550 7.174390
g3873 g3841 7.732610 7.338330
g3873 g3845 8.000550 7.174390
g3873 OUTPUT 7.055630 7.055630
g3881 g43 9.505960 7.767820
g3881 g3794 2.703110 2.703110
g3881 g3881 4.583040 3.557980
g3881 g3889 8.306640 2.678560
g3881 g3917 8.306640 7.662600
g3881 g3933 8.306640 7.662600
g3881 g3949 8.306640 7.662600
g3881 g3897 8.284580 7.622360
g3881 g3893 9.027980 8.383940
g3881 g3921 9.027980 8.383940
g3881 g3937 9.027980 8.383940
g3881 g3953 9.027980 8.383940
g3881 g3905 8.835920 8.173700
g3881 g3901 7.654920 7.010880
g3881 g3925 7.654920 7.010880
g3881 g3941 7.654920 7.010880
g3881 g3957 7.654920 7.010880
g3881 g3913 7.462860 6.800640
g3881 g3909 7.654920 7.010880
g3881 g3929 7.654920 7.010880
g3881 g3945 7.654920 7.010880
g3881 g3961 7.654920 7.010880
g3881 g3965 7.462860 6.800640
g3881 g3849 10.375430 7.894050
g3881 g3813 7.522980 7.038700
g3881 g3821 7.620920 6.874760
g3881 g3841 7.432980 7.038700
g3881 g3845 7.700920 6.874760
g3881 OUTPUT 7.528360 7.528360
g3889 g3889 4.731960 4.731960
g3889 g3917 2.349880 2.349880
g3889 g4035 9.343700 9.343700
g3889 g3808 12.409640 11.335360
g3917 g3917 4.731960 4.731960
g3917 g3933 2.349880 2.349880
g3917 g4035 9.172840 9.172840
g3917 g3808 12.238780 11.164500
g3933 g3933 4.731960 4.731960
g3933 g3949 2.349880 2.349880
g3933 g4035 8.911860 8.911860
g3933 g3808 11.977800 10.903520
g3949 g3949 4.731960 4.731960
g3949 g3897 2.349880 2.349880
g3949 g4035 8.483700 8.483700
g3949 g3808 11.549640 10.475360
g3897 g3897 3.217680 3.217680
g3897 g3893 2.157820 2.157820
g3897 g4035 8.685530 8.685530
g3897 g3808 11.751470 10.677190
g3893 g3893 4.731960 4.731960
g3893 g3921 2.349880 2.349880
g3893 g4035 8.706800 8.706800
g3893 g3808 11.772740 10.698460
g3921 g3921 4.731960 4.731960
g3921 g3937 2.349880 2.349880
g3921 g4035 8.184880 8.184880
g3921 g3808 11.250820 10.176540
g3937 g3937 4.731960 4.731960
g3937 g3953 2.349880 2.349880
g3937 g4035 7.756700 7.756700
g3937 g3808 10.822640 9.748360
g3953 g3953 4.731960 4.731960
g3953 g3905 2.349880 2.349880
g3953 g4035 8.815330 8.815330
g3953 g3808 11.881270 10.806990
g3905 g3905 3.217680 3.217680
g3905 g3901 2.157820 2.157820
g3905 g4035 8.713300 8.713300
g3905 g3808 11.779240 10.704960
g3901 g3901 4.731960 4.731960
g3901 g3925 2.349880 2.349880
g3901 g4035 8.644380 8.644380
g3901 g3808 11.710320 10.636040
g3925 g3925 4.731960 4.731960
g3925 g3941 2.349880 2.349880
g3925 g4035 8.216220 8.216220
g3925 g3808 11.282160 10.207880
g3941 g3941 4.775520 4.775520
g3941 g3957 2.393440 2.393440
g3941 g4035 8.345150 8.345150
g3941 g3808 11.411090 10.336810
g3957 g3957 4.775520 4.775520
g3957 g3913 2.393440 2.393440
g3957 g4035 9.846040 9.846040
g3957 g3808 12.911980 11.837700
g3913 g3913 3.217680 3.217680
g3913 g3909 2.201380 2.201380
g3913 g4035 7.985520 7.985520
g3913 g3808 11.051460 9.977180
g3909 g3909 4.775520 4.775520
g3909 g3929 2.393440 2.393440
g3909 g4035 9.678450 9.678450
g3909 g3808 12.744390 11.670110
g3929 g3929 4.775520 4.775520
g3929 g3945 2.393440 2.393440
g3929 g4035 7.916550 7.916550
g3929 g3808 10.982490 9.908210
g3945 g3945 4.775520 4.775520
g3945 g3961 2.393440 2.393440
g3945 g4035 9.417420 9.417420
g3945 g3808 12.483360 11.409080
g3961 g3961 4.775520 4.775520
g3961 g3965 2.393440 2.393440
g3961 g4035 7.485150 7.485150
g3961 g3808 10.551090 9.476810
g3965 g3965 3.217680 3.217680
g3965 g4035 8.793980 2.201380
g3965 g3808 11.859920 10.785640
g4035 g4572 4.524410 4.524410
g4035 g4578 4.524410 4.524410
g4035 g4035 3.217680 3.217680
g4035 g3849 2.466160 2.466160
g3849 g3849 6.437240 3.955860
g3849 g3813 2.987680 1.985560
g3813 g3813 3.217680 3.217680
g3813 g3808 1.985560 1.985560
g3813 g3817 6.437710 4.864820
g3808 g3808 7.334340 3.217680
g3808 g3817 6.259270 1.985560
g3817 g3817 3.047680 3.047680
g3817 g3821 1.985560 1.985560
g3817 g2864 9.805600 9.805600
g3817 g2955 12.623720 12.623720
g3817 OUTPUT 10.596160 6.932190
g3821 g3821 3.691720 3.047680
g3821 g3827 3.077680 1.985560
g3821 g3831 6.118910 4.864820
g3827 g3827 3.217680 3.217680
g3827 g3831 7.112210 2.294440
g3831 g3831 3.047680 3.047680
g3831 g3835 1.985560 1.985560
g3831 g2898 9.466530 9.466530
g3831 g2955 11.031340 11.031340
g3831 OUTPUT 9.648030 6.840200
g3835 g3835 3.691720 3.047680
g3835 g3841 3.077680 1.985560
g3835 g3845 6.118910 4.864820
g3841 g3841 3.217680 3.217680
g3841 g3845 7.112210 2.294440
g3845 g3845 3.047680 3.047680
g3845 g3853 2.466160 2.466160
g3845 g2898 9.636700 9.636700
g3845 g2955 11.201510 11.201510
g3845 OUTPUT 9.818200 7.010370
g3853 g45 8.384590 6.209840
g3853 g55 22.228490 15.424340
g3853 g3853 2.315000 2.315000
g3853 g4165 3.112260 3.112260
g3853 g2984 21.404120 16.774720
g3853 g6 4.502220 4.502220
g3853 g34 18.346120 13.716720
g3853 OUTPUT 6.406990 6.406990
g3853 OUTPUT 20.250890 15.621490
g4165 g4169 2.835620 2.835620
g4165 g4125 2.876020 2.876020
g4169 g4125 4.249490 4.249490
g4169 g4072 2.200440 2.200440
g4169 g4064 5.702980 3.047680
g4169 g4057 4.685740 4.685740
g4169 g4141 4.685740 4.685740
g4169 g4082 5.702980 3.047680
g4169 g4076 5.702980 3.047680
g4169 g4087 4.685740 4.685740
g4169 g4093 4.685740 4.685740
g4169 g4098 5.702980 3.047680
g4169 g4108 5.702980 3.047680
g4169 g4104 5.702980 3.047680
g4125 g4125 2.200440 2.200440
g4125 g4072 2.235830 2.235830
g4125 OUTPUT 2.156730 2.156730
g4125 OUTPUT 2.156730 2.156730
g4072 g4064 1.985560 1.985560
g4072 g4176 2.161030 2.161030
g4072 g2941 2.658030 2.658030
g4064 g4072 5.852970 5.852970
g4064 g4064 4.508520 4.508520
g4064 g4057 4.883620 2.897150
g4064 g4141 6.341780 5.594900
g4064 g4082 8.716230 8.716230
g4064 g4076 10.430590 10.430590
g4064 g4087 11.509460 10.762580
g4064 g4093 14.043820 13.296940
g4064 g4098 16.418270 16.418270
g4064 g4108 18.132630 18.132630
g4064 g4104 19.432890 19.432890
g4064 g4112 8.160240 7.584080
g4064 g4116 6.528520 5.884480
g4064 g4119 8.099760 7.455720
g4064 g4122 6.706800 6.062760
g4064 g4129 8.160240 7.584080
g4064 g4132 6.528520 5.884480
g4064 g4135 8.099760 7.455720
g4064 g4138 6.706800 6.062760
g4064 OUTPUT 2.160620 2.160620
g4064 OUTPUT 2.160620 2.160620
g4057 g4072 5.434260 5.434260
g4057 g4057 4.353300 3.429920
g4057 g4141 6.165760 2.657570
g4057 g4082 8.540210 8.540210
g4057 g4076 10.254570 10.254570
g4057 g4087 11.333440 10.586560
g4057 g4093 13.867800 13.120920
g4057 g4098 16.242250 16.242250
g4057 g4108 17.956610 17.956610
g4057 g4104 19.256870 19.256870
g4057 g4112 7.742380 7.166220
g4057 g4116 7.860180 7.216140
g4057 g4119 6.528520 5.884480
g4057 g4122 6.528520 5.884480
g4057 g4129 7.742380 7.166220
g4057 g4132 7.860180 7.216140
g4057 g4135 6.528520 5.884480
g4057 g4138 6.528520 5.884480
g4057 OUTPUT 2.330620 2.330620
g4057 OUTPUT 2.330620 2.330620
g4141 g4072 3.725320 3.725320
g4141 g4141 3.903960 3.259920
g4141 g4082 7.085290 2.286520
g4141 g4076 7.898230 7.898230
g4141 g4087 8.977100 8.230220
g4141 g4093 11.511460 10.764580
g4141 g4098 13.885910 13.885910
g4141 g4108 15.600270 15.600270
g4141 g4104 16.900530 16.900530
g4141 g4112 9.726840 9.150680
g4141 g4116 9.666480 9.022440
g4141 g4119 9.666480 9.022440
g4141 g4122 9.666480 9.022440
g4141 g4129 9.726840 9.150680
g4141 g4132 9.666480 9.022440
g4141 g4135 9.666480 9.022440
g4141 g4138 9.666480 9.022440
g4141 OUTPUT 7.044930 7.044930
g4141 OUTPUT 7.044930 7.044930
g4082 g4072 3.884180 3.884180
g4082 g4082 5.534510 5.534510
g4082 g4076 7.073410 2.274640
g4082 g4087 7.263710 6.516830
g4082 g4093 9.798070 9.051190
g4082 g4098 12.172520 12.172520
g4082 g4108 13.886880 13.886880
g4082 g4104 15.187140 15.187140
g4082 g4112 9.542730 8.966570
g4082 g4116 9.482370 8.838330
g4082 g4119 9.482370 8.838330
g4082 g4122 9.482370 8.838330
g4082 g4129 9.542730 8.966570
g4082 g4132 9.482370 8.838330
g4082 g4135 9.482370 8.838330
g4082 g4138 9.482370 8.838330
g4082 OUTPUT 6.860820 6.860820
g4082 OUTPUT 6.860820 6.860820
g4076 g4072 4.435470 4.435470
g4076 g4076 5.534510 5.534510
g4076 g4087 5.945050 2.188310
g4076 g4093 8.479410 7.732530
g4076 g4098 10.853860 10.853860
g4076 g4108 12.568220 12.568220
g4076 g4104 13.868480 13.868480
g4076 g4112 7.642710 7.066550
g4076 g4116 7.582350 6.938310
g4076 g4119 7.582350 6.938310
g4076 g4122 7.582350 6.938310
g4076 g4129 7.642710 7.066550
g4076 g4132 7.582350 6.938310
g4076 g4135 7.582350 6.938310
g4076 g4138 7.582350 6.938310
g4076 OUTPUT 4.243460 4.243460
g4076 OUTPUT 4.243460 4.243460
g4087 g43 12.174110 8.457810
g4087 g5164 9.941260 9.941260
g4087 g5170 12.284050 10.995610
g4087 g5176 10.253660 10.253660
g4087 g5180 12.284050 10.995610
g4087 g5188 12.572260 10.857730
g4087 g5511 8.255560 8.255560
g4087 g5517 10.598350 9.309910
g4087 g5523 8.567960 8.567960
g4087 g5527 10.598350 9.309910
g4087 g5535 10.886560 9.172030
g4087 g5857 9.941260 9.941260
g4087 g5863 12.284050 10.995610
g4087 g5869 10.253660 10.253660
g4087 g5873 12.284050 10.995610
g4087 g5881 12.572260 10.857730
g4087 g6203 8.437420 8.437420
g4087 g6209 10.780210 9.491770
g4087 g6215 8.749820 8.749820
g4087 g6219 10.780210 9.491770
g4087 g6227 11.068420 9.353890
g4087 g6549 9.941260 9.941260
g4087 g6555 12.284050 10.995610
g4087 g6561 10.253660 10.253660
g4087 g6565 12.284050 10.995610
g4087 g6573 12.572260 10.857730
g4087 g3155 8.255560 8.255560
g4087 g3161 10.598350 9.309910
g4087 g3167 8.567960 8.567960
g4087 g3171 10.598350 9.309910
g4087 g3179 10.886560 9.172030
g4087 g3506 9.941260 9.941260
g4087 g3512 12.284050 10.995610
g4087 g3518 10.253660 10.253660
g4087 g3522 12.284050 10.995610
g4087 g3530 12.572260 10.857730
g4087 g3857 8.437420 8.437420
g4087 g3863 10.780210 9.491770
g4087 g3869 8.749820 8.749820
g4087 g3873 10.780210 9.491770
g4087 g3881 11.068420 9.353890
g4087 g4072 4.616360 4.616360
g4087 g4087 3.903960 3.259920
g4087 g4093 6.341780 3.008030
g4087 g4098 8.716230 8.716230
g4087 g4108 10.430590 10.430590
g4087 g4104 11.730850 11.730850
g4087 g4112 10.766350 10.190190
g4087 g4116 10.705990 10.061950
g4087 g4119 10.705990 10.061950
g4087 g4122 10.705990 10.061950
g4087 g4129 10.766350 10.190190
g4087 g4132 10.705990 10.061950
g4087 g4135 10.705990 10.061950
g4087 g4138 10.705990 10.061950
g4087 OUTPUT 6.252980 6.252980
g4087 OUTPUT 10.196510 8.218350
g4087 OUTPUT 6.252980 6.252980
g4093 g43 12.638190 7.847770
g4093 g5164 10.052440 10.052440
g4093 g5170 12.395230 11.106790
g4093 g5176 10.364840 10.364840
g4093 g5180 12.395230 11.106790
g4093 g5188 12.683440 10.968910
g4093 g5511 10.234300 10.234300
g4093 g5517 12.577090 11.288650
g4093 g5523 10.546700 10.546700
g4093 g5527 12.577090 11.288650
g4093 g5535 12.865300 11.150770
g4093 g5857 8.255560 8.255560
g4093 g5863 10.598350 9.309910
g4093 g5869 8.567960 8.567960
g4093 g5873 10.598350 9.309910
g4093 g5881 10.886560 9.172030
g4093 g6203 8.255560 8.255560
g4093 g6209 10.598350 9.309910
g4093 g6215 8.567960 8.567960
g4093 g6219 10.598350 9.309910
g4093 g6227 10.886560 9.172030
g4093 g6549 10.052440 10.052440
g4093 g6555 12.395230 11.106790
g4093 g6561 10.364840 10.364840
g4093 g6565 12.395230 11.106790
g4093 g6573 12.683440 10.968910
g4093 g3155 10.234300 10.234300
g4093 g3161 12.577090 11.288650
g4093 g3167 10.546700 10.546700
g4093 g3171 12.577090 11.288650
g4093 g3179 12.865300 11.150770
g4093 g3506 8.255560 8.255560
g4093 g3512 10.598350 9.309910
g4093 g3518 8.567960 8.567960
g4093 g3522 10.598350 9.309910
g4093 g3530 10.886560 9.172030
g4093 g3857 8.255560 8.255560
g4093 g3863 10.598350 9.309910
g4093 g3869 8.567960 8.567960
g4093 g3873 10.598350 9.309910
g4093 g3881 10.886560 9.172030
g4093 g4072 5.963240 5.963240
g4093 g4093 3.903960 3.259920
g4093 g4098 8.075290 3.276520
g4093 g4108 7.898230 7.898230
g4093 g4104 9.198490 9.198490
g4093 g4112 10.959790 10.383630
g4093 g4116 10.899430 10.255390
g4093 g4119 10.899430 10.255390
g4093 g4122 10.899430 10.255390
g4093 g4129 10.959790 10.383630
g4093 g4132 10.899430 10.255390
g4093 g4135 10.899430 10.255390
g4093 g4138 10.899430 10.255390
g4093 OUTPUT 6.446420 6.446420
g4093 OUTPUT 10.660590 7.608310
g4093 OUTPUT 6.446420 6.446420
g4098 g43 11.804370 7.553170
g4098 g5164 9.614020 9.614020
g4098 g5170 11.956810 10.668370
g4098 g5176 9.926420 9.926420
g4098 g5180 11.956810 10.668370
g4098 g5188 12.245020 10.530490
g4098 g5511 9.614020 9.614020
g4098 g5517 11.956810 10.668370
g4098 g5523 9.926420 9.926420
g4098 g5527 11.956810 10.668370
g4098 g5535 12.245020 10.530490
g4098 g5857 9.614020 9.614020
g4098 g5863 11.956810 10.668370
g4098 g5869 9.926420 9.926420
g4098 g5873 11.956810 10.668370
g4098 g5881 12.245020 10.530490
g4098 g6203 9.614020 9.614020
g4098 g6209 11.956810 10.668370
g4098 g6215 9.926420 9.926420
g4098 g6219 11.956810 10.668370
g4098 g6227 12.245020 10.530490
g4098 g6549 7.747420 7.747420
g4098 g6555 10.090210 8.801770
g4098 g6561 8.059820 8.059820
g4098 g6565 10.090210 8.801770
g4098 g6573 10.378420 8.663890
g4098 g3155 7.747420 7.747420
g4098 g3161 10.090210 8.801770
g4098 g3167 8.059820 8.059820
g4098 g3171 10.090210 8.801770
g4098 g3179 10.378420 8.663890
g4098 g3506 7.747420 7.747420
g4098 g3512 10.090210 8.801770
g4098 g3518 8.059820 8.059820
g4098 g3522 10.090210 8.801770
g4098 g3530 10.378420 8.663890
g4098 g3857 7.747420 7.747420
g4098 g3863 10.090210 8.801770
g4098 g3869 8.059820 8.059820
g4098 g3873 10.090210 8.801770
g4098 g3881 10.378420 8.663890
g4098 g4072 3.926360 3.926360
g4098 g4098 5.534510 5.534510
g4098 g4108 7.905010 3.106240
g4098 g4104 7.485140 7.485140
g4098 g4112 10.977310 10.401150
g4098 g4116 10.916950 10.272910
g4098 g4119 10.916950 10.272910
g4098 g4122 10.916950 10.272910
g4098 g4129 10.977310 10.401150
g4098 g4132 10.916950 10.272910
g4098 g4135 10.916950 10.272910
g4098 g4138 10.916950 10.272910
g4098 OUTPUT 6.463940 6.463940
g4098 OUTPUT 9.826770 7.313710
g4098 OUTPUT 6.463940 6.463940
g4108 g43 15.707850 8.615200
g4108 g5164 13.063960 12.119600
g4108 g5170 15.406750 13.173950
g4108 g5176 13.376360 12.432000
g4108 g5180 15.406750 13.173950
g4108 g5188 15.694960 13.036070
g4108 g5511 13.063960 12.119600
g4108 g5517 15.406750 13.173950
g4108 g5523 13.376360 12.432000
g4108 g5527 15.406750 13.173950
g4108 g5535 15.694960 13.036070
g4108 g5857 13.063960 12.119600
g4108 g5863 15.406750 13.173950
g4108 g5869 13.376360 12.432000
g4108 g5873 15.406750 13.173950
g4108 g5881 15.694960 13.036070
g4108 g6203 13.063960 12.119600
g4108 g6209 15.406750 13.173950
g4108 g6215 13.376360 12.432000
g4108 g6219 15.406750 13.173950
g4108 g6227 15.694960 13.036070
g4108 g6549 13.303960 12.359600
g4108 g6555 15.646750 13.413950
g4108 g6561 13.616360 12.672000
g4108 g6565 15.646750 13.413950
g4108 g6573 15.934960 13.276070
g4108 g3155 13.303960 12.359600
g4108 g3161 15.646750 13.413950
g4108 g3167 13.616360 12.672000
g4108 g3171 15.646750 13.413950
g4108 g3179 15.934960 13.276070
g4108 g3506 13.303960 12.359600
g4108 g3512 15.646750 13.413950
g4108 g3518 13.616360 12.672000
g4108 g3522 15.646750 13.413950
g4108 g3530 15.934960 13.276070
g4108 g3857 13.303960 12.359600
g4108 g3863 15.646750 13.413950
g4108 g3869 13.616360 12.672000
g4108 g3873 15.646750 13.413950
g4108 g3881 15.934960 13.276070
g4108 g4108 5.534510 5.534510
g4108 g4104 6.930850 2.132080
g4108 OUTPUT 13.730250 7.813650
g4104 g43 15.911200 8.818550
g4104 g5164 13.267310 12.322950
g4104 g5170 15.610100 13.377300
g4104 g5176 13.579710 12.635350
g4104 g5180 15.610100 13.377300
g4104 g5188 15.898310 13.239420
g4104 g5511 13.267310 12.322950
g4104 g5517 15.610100 13.377300
g4104 g5523 13.579710 12.635350
g4104 g5527 15.610100 13.377300
g4104 g5535 15.898310 13.239420
g4104 g5857 13.267310 12.322950
g4104 g5863 15.610100 13.377300
g4104 g5869 13.579710 12.635350
g4104 g5873 15.610100 13.377300
g4104 g5881 15.898310 13.239420
g4104 g6203 13.267310 12.322950
g4104 g6209 15.610100 13.377300
g4104 g6215 13.579710 12.635350
g4104 g6219 15.610100 13.377300
g4104 g6227 15.898310 13.239420
g4104 g6549 13.507310 12.562950
g4104 g6555 15.850100 13.617300
g4104 g6561 13.819710 12.875350
g4104 g6565 15.850100 13.617300
g4104 g6573 16.138310 13.479420
g4104 g3155 13.507310 12.562950
g4104 g3161 15.850100 13.617300
g4104 g3167 13.819710 12.875350
g4104 g3171 15.850100 13.617300
g4104 g3179 16.138310 13.479420
g4104 g3506 13.507310 12.562950
g4104 g3512 15.850100 13.617300
g4104 g3518 13.819710 12.875350
g4104 g3522 15.850100 13.617300
g4104 g3530 16.138310 13.479420
g4104 g3857 13.507310 12.562950
g4104 g3863 15.850100 13.617300
g4104 g3869 13.819710 12.875350
g4104 g3873 15.850100 13.617300
g4104 g3881 16.138310 13.479420
g4104 g4104 5.534510 5.534510
g4104 g4145 2.067600 2.067600
g4104 OUTPUT 13.933600 8.017000
g4145 g4112 3.047680 2.191480
g4145 g4116 3.115560 3.115560
g4145 g4119 3.115560 3.115560
g4145 g4122 3.115560 3.115560
g4145 g4185 3.968520 3.968520
g4145 g4242 8.220280 5.738900
g4112 g4112 4.729980 4.729980
g4112 g4116 2.347900 2.347900
g4112 OUTPUT 4.488670 4.488670
g4112 OUTPUT 4.488670 4.488670
g4116 g4116 4.559700 4.559700
g4116 g4119 2.177620 2.177620
g4119 g4119 4.559700 4.559700
g4119 g4122 2.177620 2.177620
g4122 g4122 4.353780 4.353780
g4122 g4153 2.067600 2.067600
g4153 g4164 2.067600 2.067600
g4153 g4172 2.175480 2.175480
g4153 g2941 2.398030 2.398030
g4164 g4129 3.047680 2.189500
g4164 g4132 3.115560 3.115560
g4164 g4135 3.115560 3.115560
g4164 g4138 3.115560 3.115560
g4164 g4185 4.428140 4.428140
g4164 g4242 8.679900 6.198520
g4129 g4129 4.559700 4.559700
g4129 g4132 2.177620 2.177620
g4132 g4132 4.559700 4.559700
g4132 g4135 2.177620 2.177620
g4135 g4135 4.559700 4.559700
g4135 g4138 2.177620 2.177620
g4138 g4138 4.569600 4.569600
g4138 g4172 2.533570 2.533570
g4172 g49 8.606390 6.431640
g4172 g55 22.247190 15.824580
g4172 g4172 2.354420 2.354420
g4172 g4176 2.460930 2.460930
g4172 g2984 21.422820 17.174960
g4172 g16 4.724020 4.724020
g4172 g34 18.364820 14.116960
g4172 OUTPUT 6.628790 6.628790
g4172 OUTPUT 20.269590 16.021730
g4176 g50 8.762830 6.588080
g4176 g55 22.225070 16.184000
g4176 g4176 2.340030 2.340030
g4176 g4146 2.189500 2.189500
g4176 g2984 21.400700 17.534380
g4176 g19 4.880460 4.880460
g4176 g34 18.342700 14.476380
g4176 OUTPUT 6.785230 6.785230
g4176 OUTPUT 20.247470 16.381150
g4146 g51 9.391390 7.216640
g4146 g55 22.829090 16.788020
g4146 g4145 5.149340 4.416900
g4146 g4153 8.632900 6.415640
g4146 g4146 3.225680 3.225680
g4146 g4157 2.805280 2.805280
g4146 g2984 22.004720 18.138400
g4146 g28 5.509020 5.509020
g4146 g34 18.946720 15.080400
g4146 OUTPUT 7.413790 7.413790
g4146 OUTPUT 20.851490 16.985170
g4157 g52 9.398410 7.223660
g4157 g55 22.657550 16.998080
g4157 g4153 9.123150 6.886140
g4157 g4164 5.169140 4.416900
g4157 g4157 3.245480 3.245480
g4157 g4258 3.285880 3.285880
g4157 g2984 21.833180 18.348460
g4157 g31 5.516040 5.516040
g4157 g34 18.775180 15.290460
g4157 OUTPUT 7.420810 7.420810
g4157 OUTPUT 20.679950 17.195230
g4258 g4258 1.403180 1.403180
g4258 g4264 3.987380 2.187520
g4258 g4269 5.716450 4.970290
g4258 g4273 7.451770 7.451770
g4264 g4264 3.683680 3.217680
g4264 g4269 5.539420 2.175640
g4264 g4273 7.274740 7.274740
g4269 g4269 3.691720 3.047680
g4269 g4273 5.873560 2.067600
g4273 g4273 4.683720 4.683720
g4273 g4239 1.985560 1.985560
g4239 g4239 2.010040 2.010040
g4239 g4294 2.027930 2.027930
g4294 g4294 2.200440 2.200440
g4294 g4297 0.499980 0.499980
g4294 OUTPUT 0.000000 0.000000
g4297 g4294 1.940440 1.940440
g4297 g4300 2.260950 2.260950
g4300 g49 8.422950 6.248200
g4300 g55 22.063750 15.641140
g4300 g4300 2.161030 2.161030
g4300 g4253 2.175640 2.175640
g4300 g2984 21.239380 16.991520
g4300 g16 4.540580 4.540580
g4300 g34 18.181380 13.933520
g4300 OUTPUT 6.445350 6.445350
g4300 OUTPUT 20.086150 15.838290
g4253 g50 8.563130 6.388380
g4253 g55 22.025370 15.984300
g4253 g4253 3.033620 3.033620
g4253 g4249 2.613220 2.613220
g4253 g4185 4.961860 3.336680
g4253 g4242 9.213620 5.107060
g4253 g2984 21.201000 17.334680
g4253 g19 4.680760 4.680760
g4253 g34 18.143000 14.276680
g4253 OUTPUT 6.585530 6.585530
g4253 OUTPUT 20.047770 16.181450
g4249 g51 8.388110 6.213360
g4249 g55 21.825810 15.784740
g4249 g4249 2.833640 2.833640
g4249 g4245 2.413240 2.413240
g4249 g2984 21.001440 17.135120
g4249 g28 4.505740 4.505740
g4249 g34 17.943440 14.077120
g4249 OUTPUT 6.410510 6.410510
g4249 OUTPUT 19.848210 15.981890
g4245 g52 8.363150 6.188400
g4245 g55 21.622290 15.962820
g4245 g4245 2.833640 2.833640
g4245 g4277 2.413240 2.413240
g4245 g2984 20.797920 17.313200
g4245 g31 4.480780 4.480780
g4245 g34 17.739920 14.255200
g4245 OUTPUT 6.385550 6.385550
g4245 OUTPUT 19.644690 16.159970
g4277 g4277 9.610970 3.691720
g4277 g4281 0.499980 0.499980
g4277 g4284 6.279410 4.620320
g4277 OUTPUT 0.000000 0.000000
g4281 g4277 9.432530 5.668290
g4281 g4284 6.100970 2.067600
g4284 g5196 14.445920 14.445920
g4284 g5224 14.445920 14.445920
g4284 g5240 14.445920 14.445920
g4284 g5256 14.445920 14.445920
g4284 g5204 14.318040 14.318040
g4284 g5200 14.445920 14.445920
g4284 g5228 14.445920 14.445920
g4284 g5244 14.445920 14.445920
g4284 g5260 14.445920 14.445920
g4284 g5212 14.318040 14.318040
g4284 g5208 14.445920 14.445920
g4284 g5232 14.445920 14.445920
g4284 g5248 14.445920 14.445920
g4284 g5264 14.445920 14.445920
g4284 g5220 14.318040 14.318040
g4284 g5216 14.445920 14.445920
g4284 g5236 14.445920 14.445920
g4284 g5252 14.445920 14.445920
g4284 g5268 14.445920 14.445920
g4284 g5272 14.318040 14.318040
g4284 g5156 16.449010 15.212410
g4284 g5543 14.445920 14.445920
g4284 g5571 14.445920 14.445920
g4284 g5587 14.445920 14.445920
g4284 g5603 14.445920 14.445920
g4284 g5551 14.318040 14.318040
g4284 g5547 14.445920 14.445920
g4284 g5575 14.445920 14.445920
g4284 g5591 14.445920 14.445920
g4284 g5607 14.445920 14.445920
g4284 g5559 14.318040 14.318040
g4284 g5555 14.445920 14.445920
g4284 g5579 14.445920 14.445920
g4284 g5595 14.445920 14.445920
g4284 g5611 14.445920 14.445920
g4284 g5567 14.318040 14.318040
g4284 g5563 14.445920 14.445920
g4284 g5583 14.445920 14.445920
g4284 g5599 14.445920 14.445920
g4284 g5615 14.445920 14.445920
g4284 g5619 14.318040 14.318040
g4284 g5503 16.449010 15.212410
g4284 g5889 14.445920 14.445920
g4284 g5917 14.445920 14.445920
g4284 g5933 14.445920 14.445920
g4284 g5949 14.445920 14.445920
g4284 g5897 14.318040 14.318040
g4284 g5893 14.445920 14.445920
g4284 g5921 14.445920 14.445920
g4284 g5937 14.445920 14.445920
g4284 g5953 14.445920 14.445920
g4284 g5905 14.318040 14.318040
g4284 g5901 14.445920 14.445920
g4284 g5925 14.445920 14.445920
g4284 g5941 14.445920 14.445920
g4284 g5957 14.445920 14.445920
g4284 g5913 14.318040 14.318040
g4284 g5909 14.445920 14.445920
g4284 g5929 14.445920 14.445920
g4284 g5945 14.445920 14.445920
g4284 g5961 14.445920 14.445920
g4284 g5965 14.318040 14.318040
g4284 g5849 16.449010 15.212410
g4284 g6235 14.445920 14.445920
g4284 g6263 14.445920 14.445920
g4284 g6279 14.445920 14.445920
g4284 g6295 14.445920 14.445920
g4284 g6243 14.318040 14.318040
g4284 g6239 14.445920 14.445920
g4284 g6267 14.445920 14.445920
g4284 g6283 14.445920 14.445920
g4284 g6299 14.445920 14.445920
g4284 g6251 14.318040 14.318040
g4284 g6247 14.445920 14.445920
g4284 g6271 14.445920 14.445920
g4284 g6287 14.445920 14.445920
g4284 g6303 14.445920 14.445920
g4284 g6259 14.318040 14.318040
g4284 g6255 14.445920 14.445920
g4284 g6275 14.445920 14.445920
g4284 g6291 14.445920 14.445920
g4284 g6307 14.445920 14.445920
g4284 g6311 14.318040 14.318040
g4284 g6195 16.449010 15.212410
g4284 g6581 14.445920 14.445920
g4284 g6609 14.445920 14.445920
g4284 g6625 14.445920 14.445920
g4284 g6641 14.445920 14.445920
g4284 g6589 14.318040 14.318040
g4284 g6585 14.445920 14.445920
g4284 g6613 14.445920 14.445920
g4284 g6629 14.445920 14.445920
g4284 g6645 14.445920 14.445920
g4284 g6597 14.318040 14.318040
g4284 g6593 14.445920 14.445920
g4284 g6617 14.445920 14.445920
g4284 g6633 14.445920 14.445920
g4284 g6649 14.445920 14.445920
g4284 g6605 14.318040 14.318040
g4284 g6601 14.445920 14.445920
g4284 g6621 14.445920 14.445920
g4284 g6637 14.445920 14.445920
g4284 g6653 14.445920 14.445920
g4284 g6657 14.318040 14.318040
g4284 g6541 16.449010 15.212410
g4284 g3187 14.445920 14.445920
g4284 g3215 14.445920 14.445920
g4284 g3231 14.445920 14.445920
g4284 g3247 14.445920 14.445920
g4284 g3195 14.318040 14.318040
g4284 g3191 14.445920 14.445920
g4284 g3219 14.445920 14.445920
g4284 g3235 14.445920 14.445920
g4284 g3251 14.445920 14.445920
g4284 g3203 14.318040 14.318040
g4284 g3199 14.445920 14.445920
g4284 g3223 14.445920 14.445920
g4284 g3239 14.445920 14.445920
g4284 g3255 14.445920 14.445920
g4284 g3211 14.318040 14.318040
g4284 g3207 14.445920 14.445920
g4284 g3227 14.445920 14.445920
g4284 g3243 14.445920 14.445920
g4284 g3259 14.445920 14.445920
g4284 g3263 14.318040 14.318040
g4284 g3147 16.449010 15.212410
g4284 g3538 14.445920 14.445920
g4284 g3566 14.445920 14.445920
g4284 g3582 14.445920 14.445920
g4284 g3598 14.445920 14.445920
g4284 g3546 14.318040 14.318040
g4284 g3542 14.445920 14.445920
g4284 g3570 14.445920 14.445920
g4284 g3586 14.445920 14.445920
g4284 g3602 14.445920 14.445920
g4284 g3554 14.318040 14.318040
g4284 g3550 14.445920 14.445920
g4284 g3574 14.445920 14.445920
g4284 g3590 14.445920 14.445920
g4284 g3606 14.445920 14.445920
g4284 g3562 14.318040 14.318040
g4284 g3558 14.445920 14.445920
g4284 g3578 14.445920 14.445920
g4284 g3594 14.445920 14.445920
g4284 g3610 14.445920 14.445920
g4284 g3614 14.318040 14.318040
g4284 g3498 16.449010 15.212410
g4284 g3889 14.445920 14.445920
g4284 g3917 14.445920 14.445920
g4284 g3933 14.445920 14.445920
g4284 g3949 14.445920 14.445920
g4284 g3897 14.318040 14.318040
g4284 g3893 14.445920 14.445920
g4284 g3921 14.445920 14.445920
g4284 g3937 14.445920 14.445920
g4284 g3953 14.445920 14.445920
g4284 g3905 14.318040 14.318040
g4284 g3901 14.445920 14.445920
g4284 g3925 14.445920 14.445920
g4284 g3941 14.445920 14.445920
g4284 g3957 14.445920 14.445920
g4284 g3913 14.318040 14.318040
g4284 g3909 14.445920 14.445920
g4284 g3929 14.445920 14.445920
g4284 g3945 14.445920 14.445920
g4284 g3961 14.445920 14.445920
g4284 g3965 14.318040 14.318040
g4284 g3849 16.449010 15.212410
g4284 g4287 3.221080 3.221080
g4287 g4287 9.610970 3.691720
g4287 g4291 0.499980 0.499980
g4287 g2946 6.279410 4.620320
g4287 OUTPUT 0.000000 0.000000
g4291 g4287 9.432530 5.668290
g4291 g2946 6.100970 2.067600
g2946 g4191 2.149900 2.149900
g2946 g2886 2.161030 2.161030
g2946 g2955 5.194780 5.194780
g4191 g4191 3.828060 3.828060
g4191 g4188 0.499980 0.499980
g4191 OUTPUT 0.000000 0.000000
g4188 g4191 4.487520 4.487520
g4188 g4194 0.499980 0.499980
g4188 OUTPUT 0.000000 0.000000
g4194 g4191 4.927520 4.927520
g4194 g4197 0.499980 0.499980
g4194 OUTPUT 0.000000 0.000000
g4197 g4191 5.188570 5.188570
g4197 g4200 0.499980 0.499980
g4197 OUTPUT 0.000000 0.000000
g4200 g4191 6.409540 5.130720
g4200 g4204 0.499980 0.499980
g4200 OUTPUT 0.000000 0.000000
g4204 g4191 4.594440 4.594440
g4204 g4207 0.499980 0.499980
g4204 OUTPUT 0.000000 0.000000
g4207 g4191 5.034440 5.034440
g4207 g4210 0.499980 0.499980
g4207 OUTPUT 0.000000 0.000000
g4210 g4191 5.295500 5.295500
g4210 g4180 0.499980 0.499980
g4210 OUTPUT 0.000000 0.000000
g4180 g5196 12.546360 12.546360
g4180 g5224 12.546360 12.546360
g4180 g5240 12.546360 12.546360
g4180 g5256 12.546360 12.546360
g4180 g5204 12.418480 12.418480
g4180 g5200 12.546360 12.546360
g4180 g5228 12.546360 12.546360
g4180 g5244 12.546360 12.546360
g4180 g5260 12.546360 12.546360
g4180 g5212 12.418480 12.418480
g4180 g5208 12.546360 12.546360
g4180 g5232 12.546360 12.546360
g4180 g5248 12.546360 12.546360
g4180 g5264 12.546360 12.546360
g4180 g5220 12.418480 12.418480
g4180 g5216 12.546360 12.546360
g4180 g5236 12.546360 12.546360
g4180 g5252 12.546360 12.546360
g4180 g5268 12.546360 12.546360
g4180 g5272 12.418480 12.418480
g4180 g5156 14.549450 13.312850
g4180 g5543 12.546360 12.546360
g4180 g5571 12.546360 12.546360
g4180 g5587 12.546360 12.546360
g4180 g5603 12.546360 12.546360
g4180 g5551 12.418480 12.418480
g4180 g5547 12.546360 12.546360
g4180 g5575 12.546360 12.546360
g4180 g5591 12.546360 12.546360
g4180 g5607 12.546360 12.546360
g4180 g5559 12.418480 12.418480
g4180 g5555 12.546360 12.546360
g4180 g5579 12.546360 12.546360
g4180 g5595 12.546360 12.546360
g4180 g5611 12.546360 12.546360
g4180 g5567 12.418480 12.418480
g4180 g5563 12.546360 12.546360
g4180 g5583 12.546360 12.546360
g4180 g5599 12.546360 12.546360
g4180 g5615 12.546360 12.546360
g4180 g5619 12.418480 12.418480
g4180 g5503 14.549450 13.312850
g4180 g5889 12.546360 12.546360
g4180 g5917 12.546360 12.546360
g4180 g5933 12.546360 12.546360
g4180 g5949 12.546360 12.546360
g4180 g5897 12.418480 12.418480
g4180 g5893 12.546360 12.546360
g4180 g5921 12.546360 12.546360
g4180 g5937 12.546360 12.546360
g4180 g5953 12.546360 12.546360
g4180 g5905 12.418480 12.418480
g4180 g5901 12.546360 12.546360
g4180 g5925 12.546360 12.546360
g4180 g5941 12.546360 12.546360
g4180 g5957 12.546360 12.546360
g4180 g5913 12.418480 12.418480
g4180 g5909 12.546360 12.546360
g4180 g5929 12.546360 12.546360
g4180 g5945 12.546360 12.546360
g4180 g5961 12.546360 12.546360
g4180 g5965 12.418480 12.418480
g4180 g5849 14.549450 13.312850
g4180 g6235 12.546360 12.546360
g4180 g6263 12.546360 12.546360
g4180 g6279 12.546360 12.546360
g4180 g6295 12.546360 12.546360
g4180 g6243 12.418480 12.418480
g4180 g6239 12.546360 12.546360
g4180 g6267 12.546360 12.546360
g4180 g6283 12.546360 12.546360
g4180 g6299 12.546360 12.546360
g4180 g6251 12.418480 12.418480
g4180 g6247 12.546360 12.546360
g4180 g6271 12.546360 12.546360
g4180 g6287 12.546360 12.546360
g4180 g6303 12.546360 12.546360
g4180 g6259 12.418480 12.418480
g4180 g6255 12.546360 12.546360
g4180 g6275 12.546360 12.546360
g4180 g6291 12.546360 12.546360
g4180 g6307 12.546360 12.546360
g4180 g6311 12.418480 12.418480
g4180 g6195 14.549450 13.312850
g4180 g6581 12.546360 12.546360
g4180 g6609 12.546360 12.546360
g4180 g6625 12.546360 12.546360
g4180 g6641 12.546360 12.546360
g4180 g6589 12.418480 12.418480
g4180 g6585 12.546360 12.546360
g4180 g6613 12.546360 12.546360
g4180 g6629 12.546360 12.546360
g4180 g6645 12.546360 12.546360
g4180 g6597 12.418480 12.418480
g4180 g6593 12.546360 12.546360
g4180 g6617 12.546360 12.546360
g4180 g6633 12.546360 12.546360
g4180 g6649 12.546360 12.546360
g4180 g6605 12.418480 12.418480
g4180 g6601 12.546360 12.546360
g4180 g6621 12.546360 12.546360
g4180 g6637 12.546360 12.546360
g4180 g6653 12.546360 12.546360
g4180 g6657 12.418480 12.418480
g4180 g6541 14.549450 13.312850
g4180 g3187 12.546360 12.546360
g4180 g3215 12.546360 12.546360
g4180 g3231 12.546360 12.546360
g4180 g3247 12.546360 12.546360
g4180 g3195 12.418480 12.418480
g4180 g3191 12.546360 12.546360
g4180 g3219 12.546360 12.546360
g4180 g3235 12.546360 12.546360
g4180 g3251 12.546360 12.546360
g4180 g3203 12.418480 12.418480
g4180 g3199 12.546360 12.546360
g4180 g3223 12.546360 12.546360
g4180 g3239 12.546360 12.546360
g4180 g3255 12.546360 12.546360
g4180 g3211 12.418480 12.418480
g4180 g3207 12.546360 12.546360
g4180 g3227 12.546360 12.546360
g4180 g3243 12.546360 12.546360
g4180 g3259 12.546360 12.546360
g4180 g3263 12.418480 12.418480
g4180 g3147 14.549450 13.312850
g4180 g3538 12.546360 12.546360
g4180 g3566 12.546360 12.546360
g4180 g3582 12.546360 12.546360
g4180 g3598 12.546360 12.546360
g4180 g3546 12.418480 12.418480
g4180 g3542 12.546360 12.546360
g4180 g3570 12.546360 12.546360
g4180 g3586 12.546360 12.546360
g4180 g3602 12.546360 12.546360
g4180 g3554 12.418480 12.418480
g4180 g3550 12.546360 12.546360
g4180 g3574 12.546360 12.546360
g4180 g3590 12.546360 12.546360
g4180 g3606 12.546360 12.546360
g4180 g3562 12.418480 12.418480
g4180 g3558 12.546360 12.546360
g4180 g3578 12.546360 12.546360
g4180 g3594 12.546360 12.546360
g4180 g3610 12.546360 12.546360
g4180 g3614 12.418480 12.418480
g4180 g3498 14.549450 13.312850
g4180 g3889 12.546360 12.546360
g4180 g3917 12.546360 12.546360
g4180 g3933 12.546360 12.546360
g4180 g3949 12.546360 12.546360
g4180 g3897 12.418480 12.418480
g4180 g3893 12.546360 12.546360
g4180 g3921 12.546360 12.546360
g4180 g3937 12.546360 12.546360
g4180 g3953 12.546360 12.546360
g4180 g3905 12.418480 12.418480
g4180 g3901 12.546360 12.546360
g4180 g3925 12.546360 12.546360
g4180 g3941 12.546360 12.546360
g4180 g3957 12.546360 12.546360
g4180 g3913 12.418480 12.418480
g4180 g3909 12.546360 12.546360
g4180 g3929 12.546360 12.546360
g4180 g3945 12.546360 12.546360
g4180 g3961 12.546360 12.546360
g4180 g3965 12.418480 12.418480
g4180 g3849 14.549450 13.312850
g4180 g4191 6.587980 4.927100
g4180 g4185 1.985560 1.985560
g4180 g1682 9.380140 8.305860
g4180 g1604 7.862530 7.862530
g4180 g1600 7.862530 7.862530
g4180 g1608 7.862530 7.862530
g4180 g1620 7.862530 7.862530
g4180 g1616 7.862530 7.862530
g4180 g1612 7.862530 7.862530
g4180 g1816 9.542200 8.467920
g4180 g1740 7.468790 7.468790
g4180 g1736 7.468790 7.468790
g4180 g1744 7.468790 7.468790
g4180 g1756 7.468790 7.468790
g4180 g1752 7.468790 7.468790
g4180 g1748 7.468790 7.468790
g4180 g1950 9.380140 8.305860
g4180 g1874 7.862530 7.862530
g4180 g1870 7.862530 7.862530
g4180 g1878 7.862530 7.862530
g4180 g1890 7.862530 7.862530
g4180 g1886 7.862530 7.862530
g4180 g1882 7.862530 7.862530
g4180 g2084 9.542200 8.467920
g4180 g2008 7.468790 7.468790
g4180 g2004 7.468790 7.468790
g4180 g2012 7.468790 7.468790
g4180 g2024 7.468790 7.468790
g4180 g2020 7.468790 7.468790
g4180 g2016 7.468790 7.468790
g4180 g2241 9.380140 8.305860
g4180 g2165 7.862530 7.862530
g4180 g2161 7.862530 7.862530
g4180 g2169 7.862530 7.862530
g4180 g2181 7.862530 7.862530
g4180 g2177 7.862530 7.862530
g4180 g2173 7.862530 7.862530
g4180 g2375 9.542200 8.467920
g4180 g2299 7.468790 7.468790
g4180 g2295 7.468790 7.468790
g4180 g2303 7.468790 7.468790
g4180 g2315 7.468790 7.468790
g4180 g2311 7.468790 7.468790
g4180 g2307 7.468790 7.468790
g4180 g2509 9.380140 8.305860
g4180 g2433 7.862530 7.862530
g4180 g2429 7.862530 7.862530
g4180 g2437 7.862530 7.862530
g4180 g2449 7.862530 7.862530
g4180 g2445 7.862530 7.862530
g4180 g2441 7.862530 7.862530
g4180 g2643 9.542200 8.467920
g4180 g2567 7.468790 7.468790
g4180 g2563 7.468790 7.468790
g4180 g2571 7.468790 7.468790
g4180 g2583 7.468790 7.468790
g4180 g2579 7.468790 7.468790
g4180 g2575 7.468790 7.468790
g4185 g4213 0.499980 0.499980
g4185 g4242 7.477830 6.241830
g4185 OUTPUT 0.000000 0.000000
g4213 g4216 0.499980 0.499980
g4213 g4242 10.115810 8.879810
g4213 OUTPUT 0.000000 0.000000
g4216 g4219 0.499980 0.499980
g4216 g4242 10.275090 9.039090
g4216 OUTPUT 0.000000 0.000000
g4219 g4222 0.499980 0.499980
g4219 g4242 9.415090 8.179090
g4219 OUTPUT 0.000000 0.000000
g4222 g4226 0.499980 0.499980
g4222 g4242 9.855090 6.204090
g4222 OUTPUT 0.000000 0.000000
g4226 g4229 0.499980 0.499980
g4226 g4242 10.330200 9.094200
g4226 OUTPUT 0.000000 0.000000
g4229 g4232 0.499980 0.499980
g4229 g4242 10.489420 9.253420
g4229 OUTPUT 0.000000 0.000000
g4232 g4235 0.499980 0.499980
g4232 g4242 9.629420 8.393420
g4232 OUTPUT 0.000000 0.000000
g4235 g4242 10.069420 1.985560
g4242 g4300 2.340030 2.340030
g4242 g305 2.662650 2.662650
g305 g311 2.330080 2.330080
g305 g336 7.488580 3.217680
g305 g324 2.957680 2.957680
g305 g316 6.064420 6.064420
g305 g319 4.528780 4.528780
g305 g333 9.817450 5.264410
g305 g106 5.995440 5.995440
g311 g336 8.456720 2.751820
g311 g324 4.387740 4.387740
g311 g316 7.032560 7.032560
g311 g319 4.772400 4.772400
g311 g333 10.785590 6.168730
g311 g106 6.963580 6.963580
g336 g336 3.077680 3.077680
g336 g324 1.985560 1.985560
g336 g333 5.156550 5.144090
g324 g336 7.294540 6.649980
g324 g324 3.047680 3.047680
g324 g316 5.870380 2.067600
g324 g333 9.623410 6.986330
g324 g106 5.801400 5.570920
g316 g319 2.067600 2.067600
g316 g341 2.403980 2.403980
g319 g329 2.609900 2.609900
g319 g333 4.465900 3.785850
g329 g333 4.205900 1.985560
g329 g106 2.867840 2.867840
g333 g344 1.985560 1.985560
g333 g355 3.016640 3.016640
g333 g74 4.455040 4.455040
g344 g347 0.499980 0.499980
g344 g351 2.466160 2.466160
g344 OUTPUT 0.000000 0.000000
g347 g344 2.010040 2.010040
g347 g351 2.200440 2.027930
g351 g355 2.218010 2.200440
g351 g74 3.862660 3.442460
g355 g355 3.186640 3.186640
g355 g74 4.625040 2.067600
g74 g74 3.958600 3.958600
g74 g106 2.223950 2.223950
g74 g562 5.477820 4.358600
g74 g568 7.491170 6.652430
g74 g572 9.818220 8.979480
g74 g586 12.145270 11.306530
g74 g577 14.609670 13.770930
g74 g582 16.936720 16.097980
g74 g590 19.401120 18.562380
g74 g595 21.728170 20.889430
g74 g599 24.192570 23.353830
g74 g604 26.519620 25.680880
g74 g608 28.984020 28.145280
g74 g613 31.311070 30.472330
g74 g617 33.775470 32.936730
g74 g622 36.102520 35.263780
g74 g626 38.566920 37.728180
g74 g632 40.450580 39.611840
g74 OUTPUT 0.000000 0.000000
g74 OUTPUT 0.000000 0.000000
g106 g341 2.209300 2.209300
g106 g859 2.233850 2.233850
g106 OUTPUT 0.000000 0.000000
g106 OUTPUT 0.000000 0.000000
g341 g106 3.726860 3.726860
g341 g637 2.620600 2.620600
g637 g640 0.499980 0.499980
g637 g562 7.047140 5.927920
g637 g568 9.060490 8.221750
g637 g572 11.387540 10.548800
g637 g586 13.714590 12.875850
g637 g577 16.178990 15.340250
g637 g582 18.506040 17.667300
g637 g590 20.970440 20.131700
g637 g595 23.297490 22.458750
g637 g599 25.761890 24.923150
g637 g604 28.088940 27.250200
g637 g608 30.553340 29.714600
g637 g613 32.880390 32.041650
g637 g617 35.344790 34.506050
g637 g622 37.671840 36.833100
g637 g626 40.136240 39.297500
g637 g632 42.019900 41.181160
g637 OUTPUT 0.000000 0.000000
g640 g559 0.499980 0.499980
g640 g562 14.621400 5.256940
g640 g568 13.547870 7.550770
g640 g572 16.224120 9.877820
g640 g586 18.551170 9.034480
g640 g577 21.015570 11.498880
g640 g582 23.342620 9.034480
g640 g590 25.807020 11.498880
g640 g595 28.134070 9.034480
g640 g599 30.598470 11.498880
g640 g604 32.925520 9.034480
g640 g608 35.389920 11.498880
g640 g613 37.716970 9.034480
g640 g617 40.181370 11.498880
g640 g622 42.508420 9.034480
g640 g626 44.972820 11.498880
g640 g632 46.856480 8.670880
g640 OUTPUT 0.000000 0.000000
g559 g562 15.386790 2.067600
g559 g568 14.313260 9.815360
g559 g572 16.989510 12.142410
g559 g586 19.316560 9.815360
g559 g577 21.780960 12.279760
g559 g582 24.108010 9.815360
g559 g590 26.572410 12.279760
g559 g595 28.899460 9.815360
g559 g599 31.363860 12.279760
g559 g604 33.690910 9.815360
g559 g608 36.155310 12.279760
g559 g613 38.482360 9.815360
g559 g617 40.946760 12.279760
g559 g622 43.273810 9.815360
g559 g626 45.738210 12.279760
g559 g632 47.621870 9.451760
g562 g52 11.838640 9.663890
g562 g55 25.097780 19.438310
g562 g562 5.527260 3.790520
g562 g568 6.105710 2.353840
g562 g572 8.432760 7.594020
g562 g586 10.759810 9.921070
g562 g577 13.224210 12.385470
g562 g582 15.551260 14.712520
g562 g590 18.015660 17.176920
g562 g595 20.342710 19.503970
g562 g599 22.807110 21.968370
g562 g604 25.134160 24.295420
g562 g608 27.598560 26.759820
g562 g613 29.925610 29.086870
g562 g617 32.390010 31.551270
g562 g622 34.717060 33.878320
g562 g626 37.181460 36.342720
g562 g632 39.065120 38.226380
g562 g2984 24.273410 20.788690
g562 g31 7.956270 7.956270
g562 g34 21.215410 17.730690
g562 OUTPUT 9.861040 9.861040
g562 OUTPUT 23.120180 19.635460
g568 g51 11.474370 9.299620
g568 g55 24.912070 18.871000
g568 g568 3.996820 3.557980
g568 g572 6.105710 1.985560
g568 g586 8.432760 7.594020
g568 g577 10.897160 10.058420
g568 g582 13.224210 12.385470
g568 g590 15.688610 14.849870
g568 g595 18.015660 17.176920
g568 g599 20.480060 19.641320
g568 g604 22.807110 21.968370
g568 g608 25.271510 24.432770
g568 g613 27.598560 26.759820
g568 g617 30.062960 29.224220
g568 g622 32.390010 31.551270
g568 g626 34.854410 34.015670
g568 g632 36.738070 35.899330
g568 g2984 24.087700 20.221380
g568 g28 7.592000 7.592000
g568 g34 21.029700 17.163380
g568 OUTPUT 9.496770 9.496770
g568 OUTPUT 22.934470 19.068150
g572 g50 11.459610 9.284860
g572 g55 24.921850 18.880780
g572 g572 3.996820 3.557980
g572 g586 6.105710 1.985560
g572 g577 8.570110 7.731370
g572 g582 10.897160 10.058420
g572 g590 13.361560 12.522820
g572 g595 15.688610 14.849870
g572 g599 18.153010 17.314270
g572 g604 20.480060 19.641320
g572 g608 22.944460 22.105720
g572 g613 25.271510 24.432770
g572 g617 27.735910 26.897170
g572 g622 30.062960 29.224220
g572 g626 32.527360 31.688620
g572 g632 34.411020 33.572280
g572 g2984 24.097480 20.231160
g572 g19 7.577240 7.577240
g572 g34 21.039480 17.173160
g572 OUTPUT 9.482010 9.482010
g572 OUTPUT 22.944250 19.077930
g586 g49 11.474370 9.299620
g586 g55 25.115170 18.692560
g586 g586 3.996820 3.557980
g586 g577 6.039430 1.985560
g586 g582 8.366480 7.527740
g586 g590 10.830880 9.992140
g586 g595 13.157930 12.319190
g586 g599 15.622330 14.783590
g586 g604 17.949380 17.110640
g586 g608 20.413780 19.575040
g586 g613 22.740830 21.902090
g586 g617 25.205230 24.366490
g586 g622 27.532280 26.693540
g586 g626 29.996680 29.157940
g586 g632 31.880340 31.041600
g586 g2984 24.290800 20.042940
g586 g16 7.592000 7.592000
g586 g34 21.232800 16.984940
g586 OUTPUT 9.496770 9.496770
g586 OUTPUT 23.137570 18.889710
g577 g48 11.459610 9.284860
g577 g55 24.921850 18.880780
g577 g577 3.996820 3.557980
g577 g582 6.105710 1.985560
g577 g590 8.570110 7.731370
g577 g595 10.897160 10.058420
g577 g599 13.361560 12.522820
g577 g604 15.688610 14.849870
g577 g608 18.153010 17.314270
g577 g613 20.480060 19.641320
g577 g617 22.944460 22.105720
g577 g622 25.271510 24.432770
g577 g626 27.735910 26.897170
g577 g632 29.619570 28.780830
g577 g2984 24.097480 20.231160
g577 g9 7.577240 7.577240
g577 g34 21.039480 17.173160
g577 OUTPUT 9.482010 9.482010
g577 OUTPUT 22.944250 19.077930
g582 g47 11.474370 9.299620
g582 g55 25.115170 18.692500
g582 g582 3.996820 3.557980
g582 g590 6.039430 1.985560
g582 g595 8.366480 7.527740
g582 g599 10.830880 9.992140
g582 g604 13.157930 12.319190
g582 g608 15.622330 14.783590
g582 g613 17.949380 17.110640
g582 g617 20.413780 19.575040
g582 g622 22.740830 21.902090
g582 g626 25.205230 24.366490
g582 g632 27.088890 26.250150
g582 g2984 24.290800 20.042880
g582 g8 7.592000 7.592000
g582 g34 21.232800 16.984880
g582 OUTPUT 9.496770 9.496770
g582 OUTPUT 23.137570 18.889650
g590 g46 9.957850 7.783100
g590 g55 23.623190 17.200580
g590 g590 3.996820 3.557980
g590 g595 6.105710 1.985560
g590 g599 8.570110 7.731370
g590 g604 10.897160 10.058420
g590 g608 13.361560 12.522820
g590 g613 15.688610 14.849870
g590 g617 18.153010 17.314270
g590 g622 20.480060 19.641320
g590 g626 22.944460 22.105720
g590 g632 24.828120 23.989380
g590 g2984 22.798820 18.550960
g590 g7 6.075480 6.075480
g590 g34 19.740820 15.492960
g590 OUTPUT 7.980250 7.980250
g590 OUTPUT 21.645590 17.397730
g595 g45 11.576560 9.401810
g595 g55 25.420460 18.616310
g595 g595 3.996820 3.557980
g595 g599 6.039430 2.189500
g595 g604 8.366480 7.527740
g595 g608 10.830880 9.992140
g595 g613 13.157930 12.319190
g595 g617 15.622330 14.783590
g595 g622 17.949380 17.110640
g595 g626 20.413780 19.575040
g595 g632 22.297440 21.458700
g595 g2984 24.596090 19.966690
g595 g6 7.694190 7.694190
g595 g34 21.538090 16.908690
g595 OUTPUT 9.598960 9.598960
g595 OUTPUT 23.442860 18.813460
g599 g52 11.927260 9.752510
g599 g55 25.186400 19.526930
g599 g599 3.996820 3.557980
g599 g604 6.105710 2.189500
g599 g608 8.570110 7.731370
g599 g613 10.897160 10.058420
g599 g617 13.361560 12.522820
g599 g622 15.688610 14.849870
g599 g626 18.153010 17.314270
g599 g632 20.036670 19.197930
g599 g2984 24.362030 20.877310
g599 g31 8.044890 8.044890
g599 g34 21.304030 17.819310
g599 OUTPUT 9.949660 9.949660
g599 OUTPUT 23.208800 19.724080
g604 g51 11.635160 9.460410
g604 g55 25.072860 19.031790
g604 g604 3.996820 3.557980
g604 g608 6.039430 1.985560
g604 g613 8.366480 7.527740
g604 g617 10.830880 9.992140
g604 g622 13.157930 12.319190
g604 g626 15.622330 14.783590
g604 g632 17.505990 16.667250
g604 g2984 24.248490 20.382170
g604 g28 7.752790 7.752790
g604 g34 21.190490 17.324170
g604 OUTPUT 9.657560 9.657560
g604 OUTPUT 23.095260 19.228940
g608 g50 11.620400 9.445650
g608 g55 25.082640 19.041570
g608 g608 3.996820 3.557980
g608 g613 6.105710 1.985560
g608 g617 8.570110 7.731370
g608 g622 10.897160 10.058420
g608 g626 13.361560 12.522820
g608 g632 15.245220 14.406480
g608 g2984 24.258270 20.391950
g608 g19 7.738030 7.738030
g608 g34 21.200270 17.333950
g608 OUTPUT 9.642800 9.642800
g608 OUTPUT 23.105040 19.238720
g613 g49 11.635160 9.460410
g613 g55 25.275960 18.853350
g613 g613 3.996820 3.557980
g613 g617 6.039430 1.985560
g613 g622 8.366480 7.527740
g613 g626 10.830880 9.992140
g613 g632 12.714540 11.875800
g613 g2984 24.451590 20.203730
g613 g16 7.752790 7.752790
g613 g34 21.393590 17.145730
g613 OUTPUT 9.657560 9.657560
g613 OUTPUT 23.298360 19.050500
g617 g48 11.620400 9.445650
g617 g55 25.082640 19.041570
g617 g617 3.996820 3.557980
g617 g622 6.105710 1.985560
g617 g626 8.570110 7.731370
g617 g632 10.453770 9.615030
g617 g2984 24.258270 20.391950
g617 g9 7.738030 7.738030
g617 g34 21.200270 17.333950
g617 OUTPUT 9.642800 9.642800
g617 OUTPUT 23.105040 19.238720
g622 g47 11.635160 9.460410
g622 g55 25.275960 18.853290
g622 g622 3.996820 3.557980
g622 g626 6.039430 1.985560
g622 g632 7.923090 7.084350
g622 g2984 24.451590 20.203670
g622 g8 7.752790 7.752790
g622 g34 21.393590 17.145670
g622 OUTPUT 9.657560 9.657560
g622 OUTPUT 23.298360 19.050440
g626 g46 10.118560 7.943810
g626 g55 23.783900 17.361290
g626 g562 6.054880 5.571320
g626 g626 3.996820 3.557980
g626 g632 5.690600 1.985560
g626 g2984 22.959530 18.711670
g626 g7 6.236190 6.236190
g626 g34 19.901530 15.653670
g626 OUTPUT 8.140960 8.140960
g626 OUTPUT 21.806300 17.558440
g632 g45 11.345400 9.170650
g632 g55 25.189300 18.385150
g632 g562 6.232900 5.749340
g632 g632 3.996820 3.557980
g632 g859 2.670100 2.670100
g632 g2984 24.364930 19.735530
g632 g6 7.463030 7.463030
g632 g34 21.306930 16.677530
g632 OUTPUT 9.367800 9.367800
g632 OUTPUT 23.211700 18.582300
g859 g869 0.499980 0.499980
g859 g225 3.279500 3.279500
g859 OUTPUT 0.000000 0.000000
g869 g875 0.499980 0.499980
g869 g255 3.279500 3.279500
g869 OUTPUT 0.000000 0.000000
g875 g878 0.499980 0.499980
g875 g232 3.279500 3.279500
g875 OUTPUT 0.000000 0.000000
g878 g881 0.499980 0.499980
g878 g262 3.279500 3.279500
g878 OUTPUT 0.000000 0.000000
g881 g884 0.499980 0.499980
g881 g239 3.279500 3.279500
g881 OUTPUT 0.000000 0.000000
g884 g887 0.499980 0.499980
g884 g269 3.279500 3.279500
g884 OUTPUT 0.000000 0.000000
g887 g872 0.499980 0.499980
g887 g246 3.279500 3.279500
g887 OUTPUT 0.000000 0.000000
g872 g225 1.985560 1.985560
g872 g446 3.217680 3.217680
g225 g225 3.077680 3.077680
g225 g255 2.157820 2.157820
g225 g102 3.192560 3.192560
g225 g732 11.717510 8.176950
g225 g278 6.315010 6.005480
g225 g283 8.577650 6.828110
g225 g287 14.696670 10.551380
g225 g291 17.023720 10.551380
g225 g294 19.488120 10.551380
g225 g298 21.815170 10.551380
g225 g142 24.326370 10.551380
g225 g222 22.099990 11.027170
g255 g255 3.077680 3.077680
g255 g232 2.157820 2.157820
g255 g496 3.025400 3.025400
g255 g732 15.411110 10.211030
g255 g278 7.123660 5.196830
g255 g283 7.946290 7.459470
g255 g287 14.065310 11.182740
g255 g291 16.392360 11.182740
g255 g294 18.856760 11.182740
g255 g298 21.183810 11.182740
g255 g142 23.695010 11.182740
g255 g222 21.468630 11.658530
g232 g232 3.077680 3.077680
g232 g262 2.161780 2.161780
g232 g102 3.880280 3.880280
g232 g732 15.232670 10.007990
g232 g278 6.738970 6.706530
g232 g283 9.001610 7.529160
g232 g287 15.120630 11.252430
g232 g291 17.447680 11.252430
g232 g294 19.912080 11.252430
g232 g298 22.239130 11.252430
g232 g142 24.750330 11.252430
g232 g222 22.523950 11.728220
g262 g262 3.077680 3.077680
g262 g239 2.161780 2.161780
g262 g496 3.420500 3.420500
g262 g732 14.801150 10.161950
g262 g278 7.547620 5.897880
g262 g283 8.370250 8.160520
g262 g287 14.489270 11.883790
g262 g291 16.816320 11.883790
g262 g294 19.280720 11.883790
g262 g298 21.607770 11.883790
g262 g142 24.118970 11.883790
g262 g222 21.892590 12.359580
g239 g239 3.077680 3.077680
g239 g269 2.189500 2.189500
g239 g102 3.420500 3.420500
g239 g732 14.622710 9.958850
g239 g278 6.374790 4.674240
g239 g283 7.197420 6.936880
g239 g287 13.316440 10.660150
g239 g291 15.643490 10.660150
g239 g294 18.107890 10.660150
g239 g298 20.434940 10.660150
g239 g142 22.946140 10.660150
g239 g222 20.719760 11.135940
g269 g269 3.077680 3.077680
g269 g246 2.189500 2.189500
g269 g433 2.987680 2.987680
g269 g471 2.987680 2.987680
g269 g496 4.108360 4.108360
g269 g732 15.004250 9.983450
g269 g278 5.566140 5.483170
g269 g283 7.828780 6.305800
g269 g287 13.947800 10.029070
g269 g291 16.274850 10.029070
g269 g294 18.739250 10.029070
g269 g298 21.066300 10.029070
g269 g142 23.577500 10.029070
g269 g222 21.351120 10.504860
g246 g246 3.077680 3.077680
g246 g446 2.179600 2.179600
g246 g475 2.987680 2.987680
g246 g460 2.987680 2.987680
g246 g102 4.108360 4.108360
g246 g732 14.825810 9.780410
g246 g278 5.914890 4.406280
g246 g283 6.737520 6.668920
g246 g287 12.856540 10.392190
g246 g291 15.183590 10.392190
g246 g294 17.647990 10.392190
g246 g298 19.975040 10.392190
g246 g142 22.486240 10.392190
g246 g222 20.259860 10.867980
g446 g446 3.077680 3.077680
g446 g890 1.985560 1.985560
g446 g645 2.399020 2.399020
g446 g417 2.399020 2.399020
g446 g182 2.987680 2.987680
g890 g225 9.355810 7.362590
g890 g255 9.355810 7.362590
g890 g232 9.355810 7.362590
g890 g262 9.355810 7.362590
g890 g239 9.355810 7.362590
g890 g269 9.355810 7.362590
g890 g246 9.355810 7.362590
g890 g446 9.417630 7.362590
g890 g890 3.047680 3.047680
g890 g862 3.838120 2.330080
g890 g896 5.027270 3.691720
g890 OUTPUT 1.574060 1.574060
g890 OUTPUT 1.574060 1.574060
g862 g225 10.318850 8.325630
g862 g255 10.318850 8.325630
g862 g232 10.318850 8.325630
g862 g262 10.318850 8.325630
g862 g239 10.318850 8.325630
g862 g269 10.318850 8.325630
g862 g246 10.318850 8.325630
g862 g446 10.380670 8.325630
g862 g890 5.320270 4.278230
g862 g862 3.217680 3.217680
g862 g896 5.771160 2.536000
g896 g225 9.891320 7.898100
g896 g255 9.891320 7.898100
g896 g232 9.891320 7.898100
g896 g262 9.891320 7.898100
g896 g239 9.891320 7.898100
g896 g269 9.891320 7.898100
g896 g246 9.891320 7.898100
g896 g446 9.953140 7.898100
g896 g890 4.085020 3.115560
g896 g862 4.171520 3.077680
g896 g901 2.259640 2.259640
g901 g391 2.207600 2.207600
g391 g365 2.427490 2.427490
g365 g890 7.484430 6.570030
g365 g365 2.200440 2.200440
g365 g358 0.499980 0.499980
g365 g370 7.080250 5.951100
g365 g203 4.168840 4.168840
g365 g854 5.377240 5.082140
g365 OUTPUT 0.000000 0.000000
g358 g365 1.940440 1.940440
g358 g370 2.140000 2.140000
g358 g376 4.720230 3.691720
g358 g385 6.778480 4.293060
g358 g847 14.742970 11.383730
g358 g703 14.742970 11.383730
g358 g837 12.402570 11.219790
g358 g843 16.282540 12.745700
g358 g812 15.311920 13.995980
g358 g817 15.173310 12.392250
g358 g832 18.127230 16.811290
g358 g822 20.210590 18.894650
g358 g827 22.293950 20.978010
g358 g723 23.963210 22.647270
g358 g645 12.953740 11.318180
g358 g681 13.542400 11.907740
g358 g699 13.774820 11.561200
g358 g650 13.452400 11.907740
g358 g655 13.452400 11.907740
g358 g718 13.452400 11.907740
g358 g661 13.452400 11.907740
g358 g728 13.452400 11.907740
g358 g79 18.624750 17.798590
g358 g691 9.479010 8.198770
g358 g686 9.479010 8.198770
g358 g667 9.680830 7.906950
g358 g671 21.236910 18.191050
g358 g676 21.831070 20.515130
g358 g714 23.690340 21.563630
g358 g499 9.030350 7.318290
g358 g504 8.860990 8.034830
g358 g513 9.856180 8.224120
g358 g518 9.856180 8.224120
g358 g528 11.225020 10.571080
g358 g482 12.223700 11.397540
g358 g490 14.003660 13.177500
g358 g417 14.154310 10.794170
g358 g411 14.742970 11.383730
g358 g424 14.742970 11.383730
g358 g475 14.742970 11.383730
g358 g441 14.652970 11.383730
g358 g437 14.742970 11.383730
g358 g433 14.742970 11.383730
g358 g429 14.652970 11.383730
g358 g401 14.652970 11.383730
g358 g392 15.120140 11.409080
g358 g405 14.742970 11.383730
g358 g182 10.560480 8.715940
g358 g174 10.560480 8.715940
g358 g168 10.560480 8.715940
g358 g460 10.560480 8.715940
g358 g452 10.470480 8.715940
g358 g457 10.560480 8.715940
g358 g471 10.560480 8.715940
g358 g464 10.470480 8.715940
g358 g468 10.470480 8.715940
g358 g732 15.377850 12.896470
g358 g753 12.459480 11.749300
g358 g739 17.207660 16.538920
g358 g744 19.344060 18.505320
g358 g749 21.671110 20.832370
g358 g758 24.135510 23.296770
g358 g763 26.462560 25.623820
g358 g767 28.926960 28.088220
g358 g772 31.254010 30.415270
g358 g776 33.718410 32.879670
g358 g781 36.045460 35.206720
g358 g785 38.509860 37.671120
g358 g790 40.836910 39.998170
g358 g794 43.301310 42.462570
g358 g807 45.765710 44.926970
g358 g554 47.866510 47.027770
g358 g283 15.163930 15.163930
g358 g287 21.282950 18.887200
g358 g291 23.610000 18.887200
g358 g294 26.074400 18.887200
g358 g298 28.401450 18.887200
g358 g142 30.912650 18.887200
g358 g146 18.511610 17.210510
g358 g164 19.369790 17.183480
g358 g150 21.086850 18.410600
g358 g153 23.551250 18.410600
g358 g157 25.878300 18.410600
g358 g160 28.389500 18.410600
g358 g301 26.163120 18.886390
g358 g222 28.686270 19.362990
g370 g890 7.301330 7.301330
g370 g370 5.555060 3.997860
g370 g376 2.573620 2.573620
g370 g854 5.194140 4.899040
g370 g847 14.942400 11.583160
g370 g703 14.942400 11.583160
g370 g837 12.602000 11.419220
g370 g843 16.481970 12.945130
g370 g812 15.511350 14.195410
g370 g817 15.372740 12.591680
g370 g832 18.326660 17.010720
g370 g822 20.410020 19.094080
g370 g827 22.493380 21.177440
g370 g723 24.162640 22.846700
g370 g645 14.239760 12.604200
g370 g681 14.828420 13.193760
g370 g699 15.060840 11.760630
g370 g650 14.738420 13.193760
g370 g655 14.738420 13.193760
g370 g718 14.738420 13.193760
g370 g661 14.738420 13.193760
g370 g728 14.738420 13.193760
g370 g79 18.824180 17.998020
g370 g671 21.436340 18.390480
g370 g676 22.030500 20.714560
g370 g714 23.889770 21.763060
g370 g417 14.353740 10.993600
g370 g411 14.942400 11.583160
g370 g424 14.942400 11.583160
g370 g475 14.942400 11.583160
g370 g441 14.852400 11.583160
g370 g437 14.942400 11.583160
g370 g433 14.942400 11.583160
g370 g429 14.852400 11.583160
g370 g401 14.852400 11.583160
g370 g392 15.319570 11.608510
g370 g405 14.942400 11.583160
g370 g182 11.846500 10.001960
g370 g174 11.846500 10.001960
g370 g168 11.846500 10.001960
g370 g460 11.846500 10.001960
g370 g452 11.756500 10.001960
g370 g457 11.846500 10.001960
g370 g471 11.846500 10.001960
g370 g464 11.756500 10.001960
g370 g468 11.756500 10.001960
g370 g732 16.663870 14.182490
g370 g753 13.745500 13.035320
g370 g739 18.493680 17.824940
g370 g744 20.630080 19.791340
g370 g749 22.957130 22.118390
g370 g758 25.421530 24.582790
g370 g763 27.748580 26.909840
g370 g767 30.212980 29.374240
g370 g772 32.540030 31.701290
g370 g776 35.004430 34.165690
g370 g781 37.331480 36.492740
g370 g785 39.795880 38.957140
g370 g790 42.122930 41.284190
g370 g794 44.587330 43.748590
g370 g807 47.051730 46.212990
g370 g554 49.152530 48.313790
g370 g283 16.449950 16.449950
g370 g287 22.568970 20.173220
g370 g291 24.896020 20.173220
g370 g294 27.360420 20.173220
g370 g298 29.687470 20.173220
g370 g142 32.198670 20.173220
g370 g146 19.797630 18.496530
g370 g164 20.655810 18.469500
g370 g150 22.372870 19.696620
g370 g153 24.837270 19.696620
g370 g157 27.164320 19.696620
g370 g160 29.675520 19.696620
g370 g301 27.449140 20.172410
g370 g222 29.972290 20.649010
g376 g890 6.794430 6.585360
g376 g370 7.095580 5.966430
g376 g376 4.897540 4.132320
g376 g385 6.956730 2.496400
g376 g203 4.184170 4.184170
g376 g854 4.687240 4.392140
g376 g847 14.492400 11.133160
g376 g703 14.492400 11.133160
g376 g837 12.152000 10.969220
g376 g843 16.031970 12.495130
g376 g812 15.061350 13.745410
g376 g817 14.922740 12.141680
g376 g832 17.876660 16.560720
g376 g822 19.960020 18.644080
g376 g827 22.043380 20.727440
g376 g723 23.712640 22.396700
g376 g645 12.695780 11.060220
g376 g681 13.284440 11.649780
g376 g699 13.516860 11.310630
g376 g650 13.194440 11.649780
g376 g655 13.194440 11.649780
g376 g718 13.194440 11.649780
g376 g661 13.194440 11.649780
g376 g728 13.194440 11.649780
g376 g79 18.374180 17.548020
g376 g691 10.367730 9.087490
g376 g686 10.367730 9.087490
g376 g667 10.569550 8.795670
g376 g671 20.986340 17.940480
g376 g676 21.580500 20.264560
g376 g714 23.439770 21.313060
g376 g499 9.919070 8.207010
g376 g504 9.749710 8.923550
g376 g513 10.744900 9.112840
g376 g518 10.744900 9.112840
g376 g528 12.113740 11.459800
g376 g482 13.112420 12.286260
g376 g490 14.892380 14.066220
g376 g417 13.903740 10.543600
g376 g411 14.492400 11.133160
g376 g424 14.492400 11.133160
g376 g475 14.492400 11.133160
g376 g441 14.402400 11.133160
g376 g437 14.492400 11.133160
g376 g433 14.492400 11.133160
g376 g429 14.402400 11.133160
g376 g401 14.402400 11.133160
g376 g392 14.869570 11.158510
g376 g405 14.492400 11.133160
g376 g182 10.302520 8.457980
g376 g174 10.302520 8.457980
g376 g168 10.302520 8.457980
g376 g460 10.302520 8.457980
g376 g452 10.212520 8.457980
g376 g457 10.302520 8.457980
g376 g471 10.302520 8.457980
g376 g464 10.212520 8.457980
g376 g468 10.212520 8.457980
g376 g732 15.119890 12.638510
g376 g753 12.201520 11.491340
g376 g739 16.949700 16.280960
g376 g744 19.086100 18.247360
g376 g749 21.413150 20.574410
g376 g758 23.877550 23.038810
g376 g763 26.204600 25.365860
g376 g767 28.669000 27.830260
g376 g772 30.996050 30.157310
g376 g776 33.460450 32.621710
g376 g781 35.787500 34.948760
g376 g785 38.251900 37.413160
g376 g790 40.578950 39.740210
g376 g794 43.043350 42.204610
g376 g807 45.507750 44.669010
g376 g554 47.608550 46.769810
g376 g283 14.905970 14.905970
g376 g287 21.024990 18.629240
g376 g291 23.352040 18.629240
g376 g294 25.816440 18.629240
g376 g298 28.143490 18.629240
g376 g142 30.654690 18.629240
g376 g146 18.253650 16.952550
g376 g164 19.111830 16.925520
g376 g150 20.828890 18.152640
g376 g153 23.293290 18.152640
g376 g157 25.620340 18.152640
g376 g160 28.131540 18.152640
g376 g301 25.905160 18.628430
g376 g222 28.428310 19.105030
g385 g890 7.888830 6.542600
g385 g370 7.052820 5.923670
g385 g385 6.633460 3.691720
g385 g203 4.141410 2.334040
g385 g854 5.781640 5.486540
g385 g847 14.252400 10.893160
g385 g703 14.252400 10.893160
g385 g837 11.912000 10.729220
g385 g843 15.791970 12.255130
g385 g812 14.821350 13.505410
g385 g817 14.682740 11.901680
g385 g832 17.636660 16.320720
g385 g822 19.720020 18.404080
g385 g827 21.803380 20.487440
g385 g723 23.472640 22.156700
g385 g645 12.455780 10.820220
g385 g681 13.044440 11.409780
g385 g699 13.276860 11.070630
g385 g650 12.954440 11.409780
g385 g655 12.954440 11.409780
g385 g718 12.954440 11.409780
g385 g661 12.954440 11.409780
g385 g728 12.954440 11.409780
g385 g79 18.134180 17.308020
g385 g691 9.024540 7.744300
g385 g686 9.024540 7.744300
g385 g667 9.226360 7.452480
g385 g671 20.746340 17.700480
g385 g676 21.340500 20.024560
g385 g714 23.199770 21.073060
g385 g499 8.575880 6.863820
g385 g504 8.406520 7.580360
g385 g513 9.401710 7.769650
g385 g518 9.401710 7.769650
g385 g528 10.770550 10.116610
g385 g482 11.769230 10.943070
g385 g490 13.549190 12.723030
g385 g417 13.663740 10.303600
g385 g411 14.252400 10.893160
g385 g424 14.252400 10.893160
g385 g475 14.252400 10.893160
g385 g441 14.162400 10.893160
g385 g437 14.252400 10.893160
g385 g433 14.252400 10.893160
g385 g429 14.162400 10.893160
g385 g401 14.162400 10.893160
g385 g392 14.629570 10.918510
g385 g405 14.252400 10.893160
g385 g182 10.062520 8.217980
g385 g174 10.062520 8.217980
g385 g168 10.062520 8.217980
g385 g460 10.062520 8.217980
g385 g452 9.972520 8.217980
g385 g457 10.062520 8.217980
g385 g471 10.062520 8.217980
g385 g464 9.972520 8.217980
g385 g468 9.972520 8.217980
g385 g732 14.879890 12.398510
g385 g753 11.961520 11.251340
g385 g739 16.709700 16.040960
g385 g744 18.846100 18.007360
g385 g749 21.173150 20.334410
g385 g758 23.637550 22.798810
g385 g763 25.964600 25.125860
g385 g767 28.429000 27.590260
g385 g772 30.756050 29.917310
g385 g776 33.220450 32.381710
g385 g781 35.547500 34.708760
g385 g785 38.011900 37.173160
g385 g790 40.338950 39.500210
g385 g794 42.803350 41.964610
g385 g807 45.267750 44.429010
g385 g554 47.368550 46.529810
g385 g283 14.665970 14.665970
g385 g287 20.784990 18.389240
g385 g291 23.112040 18.389240
g385 g294 25.576440 18.389240
g385 g298 27.903490 18.389240
g385 g142 30.414690 18.389240
g385 g146 18.013650 16.712550
g385 g164 18.871830 16.685520
g385 g150 20.588890 17.912640
g385 g153 23.053290 17.912640
g385 g157 25.380340 17.912640
g385 g160 27.891540 17.912640
g385 g301 25.665160 18.388430
g385 g222 28.188310 18.865030
g203 g854 2.982940 2.982940
g203 g479 5.634880 5.190150
g203 g146 10.582590 5.526370
g203 g164 11.440770 7.308620
g203 g150 13.157830 9.461630
g203 g153 15.622230 10.481580
g203 g157 17.949280 10.481580
g203 g160 20.460480 10.481580
g203 g301 18.234100 10.957370
g854 g854 2.629020 2.629020
g854 g847 2.987680 1.985560
g854 g392 3.672730 3.672730
g847 g847 3.217680 3.217680
g847 g703 6.684120 2.904280
g847 g837 7.010100 5.319510
g847 g843 5.896110 4.796220
g847 g812 8.462330 7.146390
g847 g817 9.120800 9.120800
g847 g832 9.869260 9.494800
g847 g822 9.869260 9.494800
g847 g827 9.869260 9.494800
g847 g723 9.869260 9.494800
g703 g890 7.443620 7.443620
g703 g703 5.204780 3.217680
g703 g837 5.441230 2.549860
g703 g691 5.646620 4.300480
g703 g686 4.399340 4.399340
g703 g671 5.315340 5.315340
g703 g676 5.689340 5.541050
g703 g714 5.689340 5.642060
g703 g392 4.665070 4.665070
g837 g703 4.314560 4.314560
g837 g837 6.437980 3.047680
g837 g843 3.857880 2.347900
g837 g812 5.191300 3.557980
g837 g817 7.025360 7.025360
g837 g832 7.773820 7.399360
g837 g822 7.773820 7.399360
g837 g827 7.773820 7.399360
g837 g723 7.773820 7.399360
g843 g843 4.138970 3.848690
g843 g812 5.870720 2.173660
g812 g703 5.826200 5.826200
g812 g837 6.549040 6.549040
g812 g812 4.583040 3.456970
g812 g817 8.444520 2.067600
g812 g832 9.192980 8.818520
g812 g822 9.192980 8.818520
g812 g827 9.192980 8.818520
g812 g723 9.192980 8.818520
g817 g703 6.136000 6.136000
g817 g817 4.209040 3.429760
g817 g832 6.284820 2.201380
g817 g822 8.368180 7.052240
g817 g827 10.451540 9.135600
g817 g723 12.120800 10.804860
g832 g837 7.274620 7.169910
g832 g832 4.583040 3.456970
g832 g822 6.461940 1.985560
g832 g827 8.545300 7.229360
g832 g723 10.214560 8.898620
g822 g703 6.009550 6.009550
g822 g822 4.583040 3.456970
g822 g827 6.461940 1.985560
g822 g723 8.131200 6.815260
g827 g837 7.096620 6.991910
g827 g827 4.583040 3.456970
g827 g723 6.048850 1.985560
g723 g703 5.888950 5.888950
g723 g723 4.583040 3.456970
g723 g645 2.466160 2.466160
g645 g645 2.629020 2.629020
g645 g681 2.987680 1.985560
g645 g691 8.927310 8.927310
g645 g686 7.680030 7.680030
g645 g671 9.334970 9.334970
g645 g676 9.708970 9.560680
g645 g714 9.708970 9.661690
g681 g681 3.217680 3.217680
g681 g699 2.149900 2.149900
g681 g650 3.077680 3.077680
g681 g691 9.337570 9.337570
g681 g686 8.090290 8.090290
g681 g671 9.745230 9.745230
g681 g676 10.119230 9.970940
g681 g714 10.119230 10.071950
g699 g699 3.557980 3.557980
g699 g650 1.985560 1.985560
g699 g691 7.849250 7.849250
g699 g686 6.601970 6.601970
g699 g671 8.256910 8.256910
g699 g676 8.630910 8.482620
g699 g714 8.630910 8.583630
g650 g650 3.217680 3.217680
g650 g655 3.077680 1.985560
g650 g691 8.988090 8.988090
g650 g686 7.740810 7.740810
g650 g671 9.395750 9.395750
g650 g676 9.769750 9.621460
g650 g714 9.769750 9.722470
g655 g655 3.217680 3.217680
g655 g718 3.077680 2.185540
g655 g691 11.111670 9.857660
g655 g686 9.864390 8.610380
g655 g671 11.519330 10.265320
g655 g676 11.893330 10.491030
g655 g714 11.893330 10.592040
g655 g739 9.643810 7.927940
g655 g744 11.780210 9.894340
g655 g749 14.107260 12.221390
g655 g758 16.571660 14.685790
g655 g763 18.898710 17.012840
g655 g767 21.363110 19.477240
g655 g772 23.690160 21.804290
g655 g776 26.154560 24.268690
g655 g781 28.481610 26.595740
g655 g785 30.946010 29.060140
g655 g790 33.273060 31.387190
g655 g794 35.737460 33.851590
g655 g807 38.201860 36.315990
g655 g554 40.302660 38.416790
g655 g283 7.600080 6.552950
g655 g287 13.719100 10.276220
g655 g291 16.046150 10.276220
g655 g294 18.510550 10.276220
g655 g298 20.837600 10.276220
g655 g142 23.348800 10.276220
g655 g146 10.947760 8.599530
g655 g164 11.805940 8.572500
g655 g150 13.523000 9.799620
g655 g153 15.987400 9.799620
g655 g157 18.314450 9.799620
g655 g160 20.825650 9.799620
g655 g301 18.599270 10.275410
g655 g222 21.122420 10.752010
g718 g718 3.217680 3.217680
g718 g661 3.077680 2.504320
g718 g691 12.314850 10.959080
g718 g686 11.067570 9.711800
g718 g671 12.722510 11.366740
g718 g676 13.096510 11.592450
g718 g714 13.096510 11.693460
g718 g739 10.043230 8.028660
g718 g744 12.179630 9.995060
g718 g749 14.506680 12.322110
g718 g758 16.971080 14.786510
g718 g763 19.298130 17.113560
g718 g767 21.762530 19.577960
g718 g772 24.089580 21.905010
g718 g776 26.553980 24.369410
g718 g781 28.881030 26.696460
g718 g785 31.345430 29.160860
g718 g790 33.672480 31.487910
g718 g794 36.136880 33.952310
g718 g807 38.601280 36.416710
g718 g554 40.702080 38.517510
g718 g283 7.999500 6.653670
g718 g287 14.118520 10.376940
g718 g291 16.445570 10.376940
g718 g294 18.909970 10.376940
g718 g298 21.237020 10.376940
g718 g142 23.748220 10.376940
g718 g146 11.347180 8.700250
g718 g164 12.205360 8.673220
g718 g150 13.922420 9.900340
g718 g153 16.386820 9.900340
g718 g157 18.713870 9.900340
g718 g160 21.225070 9.900340
g718 g301 18.998690 10.376130
g718 g222 21.521840 10.852730
g661 g661 3.217680 3.217680
g661 g728 3.077680 2.189500
g661 g79 4.808260 4.808260
g661 g691 11.218950 9.964860
g661 g686 9.971670 8.717580
g661 g671 11.626610 10.372520
g661 g676 12.000610 10.598230
g661 g714 12.000610 10.699240
g728 g728 3.217680 3.217680
g728 g79 5.026700 2.474620
g728 g691 12.392430 11.245920
g728 g686 11.145150 9.998640
g728 g671 12.800090 11.653580
g728 g676 13.174090 11.879290
g728 g714 13.174090 11.980300
g79 g79 3.047680 3.047680
g79 g691 2.179600 2.179600
g79 g550 3.039990 3.039990
g79 OUTPUT 0.000000 0.000000
g79 OUTPUT 0.000000 0.000000
g691 g890 8.255810 8.255810
g691 g854 4.460300 4.460300
g691 g645 8.624540 5.971740
g691 g681 9.213200 6.561300
g691 g699 9.445620 6.609880
g691 g650 9.123200 6.561300
g691 g655 9.123200 6.561300
g691 g718 9.123200 6.561300
g691 g661 9.123200 6.561300
g691 g728 9.123200 6.561300
g691 g691 7.218420 3.217680
g691 g686 5.971140 2.955760
g691 g546 3.816150 3.816150
g691 g542 4.269150 4.269150
g691 g283 3.444290 3.444290
g691 g287 9.563310 7.167560
g691 g291 11.890360 7.167560
g691 g294 14.354760 7.167560
g691 g298 16.681810 7.167560
g691 g142 19.193010 7.167560
g691 g146 6.987600 5.686500
g691 g164 7.845780 5.659470
g691 g150 9.562840 6.886590
g691 g153 12.027240 6.886590
g691 g157 14.354290 6.886590
g691 g160 16.865490 6.886590
g691 g301 14.639110 7.362380
g691 g222 16.966630 7.643350
g691 g1592 16.334230 15.510790
g691 g1636 16.334230 15.510790
g691 g1668 16.334230 15.510790
g691 g1682 16.461100 12.877690
g691 g1687 17.099910 16.805710
g691 g1604 17.250440 11.899920
g691 g1600 17.250440 11.899920
g691 g1608 17.250440 11.899920
g691 g1620 17.250440 11.899920
g691 g1616 17.250440 11.899920
g691 g1612 17.173970 11.899920
g691 g1706 18.793170 18.498970
g691 g1710 19.161190 18.335030
g691 g1714 19.081190 18.335030
g691 g1728 16.187420 15.365080
g691 g1772 16.776330 15.952890
g691 g1802 16.776330 15.952890
g691 g1816 16.903200 13.272830
g691 g1821 17.542010 17.247810
g691 g1740 17.692540 12.273700
g691 g1736 17.692540 12.273700
g691 g1744 17.692540 12.273700
g691 g1756 17.692540 12.273700
g691 g1752 17.692540 12.273700
g691 g1748 17.616070 12.273700
g691 g1840 19.235270 18.941070
g691 g1844 19.603290 18.777130
g691 g1848 19.523290 18.777130
g691 g1862 16.390420 15.568080
g691 g1906 16.979330 16.155890
g691 g1936 16.979330 16.155890
g691 g1950 17.106200 13.110770
g691 g1955 17.745010 17.450810
g691 g1874 17.895540 12.545020
g691 g1870 17.895540 12.545020
g691 g1878 17.895540 12.545020
g691 g1890 17.895540 12.545020
g691 g1886 17.895540 12.545020
g691 g1882 17.819070 12.545020
g691 g1974 19.438270 19.144070
g691 g1978 19.806290 18.980130
g691 g1982 19.726290 18.980130
g691 g1996 16.187420 15.365080
g691 g2040 16.776330 15.952890
g691 g2070 16.776330 15.952890
g691 g2084 16.903200 13.272830
g691 g2089 17.542010 17.247810
g691 g2008 17.692540 12.273700
g691 g2004 17.692540 12.273700
g691 g2012 17.692540 12.273700
g691 g2024 17.692540 12.273700
g691 g2020 17.692540 12.273700
g691 g2016 17.616070 12.273700
g691 g2108 19.235270 18.941070
g691 g2112 19.603290 18.777130
g691 g2116 19.523290 18.777130
g691 g2153 16.334230 15.510790
g691 g2197 16.334230 15.510790
g691 g2227 16.334230 15.510790
g691 g2241 16.461100 12.877690
g691 g2246 17.099910 16.805710
g691 g2165 17.250440 11.899920
g691 g2161 17.250440 11.899920
g691 g2169 17.250440 11.899920
g691 g2181 17.250440 11.899920
g691 g2177 17.250440 11.899920
g691 g2173 17.173970 11.899920
g691 g2265 18.793170 18.498970
g691 g2269 19.161190 18.335030
g691 g2273 19.081190 18.335030
g691 g2287 16.187420 15.365080
g691 g2331 16.776330 15.952890
g691 g2361 16.776330 15.952890
g691 g2375 16.903200 13.272830
g691 g2380 17.542010 17.247810
g691 g2299 17.692540 12.273700
g691 g2295 17.692540 12.273700
g691 g2303 17.692540 12.273700
g691 g2315 17.692540 12.273700
g691 g2311 17.692540 12.273700
g691 g2307 17.616070 12.273700
g691 g2399 19.235270 18.941070
g691 g2403 19.603290 18.777130
g691 g2407 19.523290 18.777130
g691 g2421 16.390420 15.568080
g691 g2465 16.979330 16.155890
g691 g2495 16.979330 16.155890
g691 g2509 17.106200 13.110770
g691 g2514 17.745010 17.450810
g691 g2433 17.895540 12.545020
g691 g2429 17.895540 12.545020
g691 g2437 17.895540 12.545020
g691 g2449 17.895540 12.545020
g691 g2445 17.895540 12.545020
g691 g2441 17.819070 12.545020
g691 g2533 19.438270 19.144070
g691 g2537 19.806290 18.980130
g691 g2541 19.726290 18.980130
g691 g2555 16.187420 15.365080
g691 g2599 16.776330 15.952890
g691 g2629 16.776330 15.952890
g691 g2643 16.903200 13.272830
g691 g2648 17.542010 17.247810
g691 g2567 17.692540 12.273700
g691 g2563 17.692540 12.273700
g691 g2571 17.692540 12.273700
g691 g2583 17.692540 12.273700
g691 g2579 17.692540 12.273700
g691 g2575 17.616070 12.273700
g691 g2667 19.235270 18.941070
g691 g2671 19.603290 18.777130
g691 g2675 19.523290 18.777130
g691 g2902 5.353070 5.353070
g686 g686 3.217680 3.217680
g686 g667 3.217680 2.140000
g686 g499 8.603060 8.603060
g686 g504 9.217580 9.217580
g686 g513 8.780710 8.780710
g686 g518 8.780710 8.780710
g686 g528 9.850980 8.780710
g686 g482 9.284260 9.066640
g686 g490 9.284260 9.066640
g667 g667 3.077680 3.077680
g667 g671 2.067600 2.067600
g667 g499 7.772200 7.772200
g667 g504 8.386720 8.386720
g667 g513 7.949850 7.949850
g667 g518 7.949850 7.949850
g667 g528 9.020120 7.949850
g667 g482 8.453400 8.235780
g667 g490 8.453400 8.235780
g671 g671 4.930780 2.708020
g671 g676 6.284820 2.201380
g671 g714 8.144090 6.828150
g676 g676 4.583040 3.557980
g676 g714 5.870720 1.985560
g714 g691 6.019940 6.019940
g714 g714 4.583040 3.456970
g714 g499 2.689900 2.689900
g499 g645 10.221340 8.585780
g499 g681 10.810000 9.175340
g499 g699 11.042420 9.223920
g499 g650 10.720000 9.175340
g499 g655 10.720000 9.175340
g499 g718 10.720000 9.175340
g499 g661 10.720000 9.175340
g499 g728 10.720000 9.175340
g499 g79 6.454800 5.628640
g499 g671 9.066960 6.021100
g499 g676 9.661120 8.345180
g499 g714 11.520390 9.393680
g499 g499 5.502300 2.489020
g499 g504 5.186440 2.567680
g499 g732 12.657450 10.176070
g499 g753 9.739080 9.028900
g499 g739 14.487260 13.818520
g499 g744 16.623660 15.784920
g499 g749 18.950710 18.111970
g499 g758 21.415110 20.576370
g499 g763 23.742160 22.903420
g499 g767 26.206560 25.367820
g499 g772 28.533610 27.694870
g499 g776 30.998010 30.159270
g499 g781 33.325060 32.486320
g499 g785 35.789460 34.950720
g499 g790 38.116510 37.277770
g499 g794 40.580910 39.742170
g499 g807 43.045310 42.206570
g499 g554 45.146110 44.307370
g499 g283 12.443530 12.443530
g499 g287 18.562550 16.166800
g499 g291 20.889600 16.166800
g499 g294 23.354000 16.166800
g499 g298 25.681050 16.166800
g499 g142 28.192250 16.166800
g499 g146 15.791210 14.490110
g499 g164 16.649390 14.463080
g499 g150 18.366450 15.690200
g499 g153 20.830850 15.690200
g499 g157 23.157900 15.690200
g499 g160 25.669100 15.690200
g499 g301 23.442720 16.165990
g499 g222 25.965870 16.642590
g504 g112 13.223890 7.373320
g504 g79 8.210520 7.384360
g504 g671 10.822680 7.776820
g504 g676 11.416840 10.100900
g504 g714 13.276110 11.149400
g504 g504 3.047680 3.047680
g504 g513 3.672730 2.995360
g504 g1592 10.772870 10.772870
g504 g1644 10.174210 9.530170
g504 g1636 10.694990 10.694990
g504 g1668 10.694990 10.694990
g504 g1728 8.502780 8.502780
g504 g1779 8.334180 7.690140
g504 g1772 9.013310 9.013310
g504 g1802 9.013310 9.013310
g504 g1862 8.661500 8.661500
g504 g1913 8.492900 7.848860
g504 g1906 9.172030 9.172030
g504 g1936 9.172030 9.172030
g504 g1996 10.195320 10.195320
g504 g2047 10.026720 9.382680
g504 g2040 10.705850 10.705850
g504 g2070 10.705850 10.705850
g504 g2153 10.765630 10.765630
g504 g2204 10.008620 9.364580
g504 g2197 10.687750 10.687750
g504 g2227 10.687750 10.687750
g504 g2287 8.502780 8.502780
g504 g2338 8.334180 7.690140
g504 g2331 9.013310 9.013310
g504 g2361 9.013310 9.013310
g504 g2421 8.679600 8.679600
g504 g2472 8.511000 7.866960
g504 g2465 9.190130 9.190130
g504 g2495 9.190130 9.190130
g504 g2555 10.177220 10.177220
g504 g2606 10.008620 9.364580
g504 g2599 10.687750 10.687750
g504 g2629 10.687750 10.687750
g504 OUTPUT 11.276860 7.157020
g513 g499 4.235280 4.235280
g513 g513 3.152630 3.152630
g513 g518 3.672730 2.140000
g513 g528 6.242760 5.588820
g513 g482 7.241440 6.415280
g513 g490 9.021400 8.195240
g513 g479 7.556770 7.136770
g513 g146 13.654440 8.598220
g513 g164 14.512620 10.380470
g513 g150 16.229680 12.533480
g513 g153 18.694080 13.553430
g513 g157 21.021130 13.553430
g513 g160 23.532330 13.553430
g513 g301 21.305950 14.029220
g518 g112 12.672080 6.916650
g518 g645 10.564080 8.928520
g518 g681 11.152740 9.518080
g518 g699 11.385160 9.566660
g518 g650 11.062740 9.518080
g518 g655 11.062740 9.518080
g518 g718 11.062740 9.518080
g518 g661 11.062740 9.518080
g518 g728 11.062740 9.518080
g518 g499 3.440860 3.440860
g518 g518 3.152630 3.152630
g518 g528 7.591540 3.088420
g518 g482 8.590220 7.764060
g518 g490 10.370180 9.544020
g518 g479 6.720090 6.300090
g518 g732 13.000190 10.518810
g518 g753 10.081820 9.371640
g518 g739 14.830000 14.161260
g518 g744 16.966400 16.127660
g518 g749 19.293450 18.454710
g518 g758 21.757850 20.919110
g518 g763 24.084900 23.246160
g518 g767 26.549300 25.710560
g518 g772 28.876350 28.037610
g518 g776 31.340750 30.502010
g518 g781 33.667800 32.829060
g518 g785 36.132200 35.293460
g518 g790 38.459250 37.620510
g518 g794 40.923650 40.084910
g518 g807 43.388050 42.549310
g518 g554 45.488850 44.650110
g518 g283 12.786270 12.786270
g518 g287 18.905290 16.509540
g518 g291 21.232340 16.509540
g518 g294 23.696740 16.509540
g518 g298 26.023790 16.509540
g518 g142 28.534990 16.509540
g518 g146 16.133950 7.761540
g518 g164 16.992130 9.543790
g518 g150 18.709190 11.696800
g518 g153 21.173590 12.716750
g518 g157 23.500640 12.716750
g518 g160 26.011840 12.716750
g518 g301 23.785460 13.192540
g518 g222 26.308610 16.985330
g518 g1592 10.681920 10.681920
g518 g1644 10.083260 9.439220
g518 g1636 10.604040 10.604040
g518 g1668 10.604040 10.604040
g518 g1728 10.295620 10.295620
g518 g1779 10.127020 9.482980
g518 g1772 10.806150 10.806150
g518 g1802 10.806150 10.806150
g518 g1862 8.477510 8.477510
g518 g1913 8.308910 7.664870
g518 g1906 8.988040 8.988040
g518 g1936 8.988040 8.988040
g518 g1996 8.495560 8.495560
g518 g2047 8.326960 7.682920
g518 g2040 9.006090 9.006090
g518 g2070 9.006090 9.006090
g518 g2153 10.674700 10.674700
g518 g2204 9.917690 9.273650
g518 g2197 10.596820 10.596820
g518 g2227 10.596820 10.596820
g518 g2287 10.295620 10.295620
g518 g2338 10.127020 9.482980
g518 g2331 10.806150 10.806150
g518 g2361 10.806150 10.806150
g518 g2421 8.495560 8.495560
g518 g2472 8.326960 7.682920
g518 g2465 9.006090 9.006090
g518 g2495 9.006090 9.006090
g518 g2555 8.477510 8.477510
g518 g2606 8.308910 7.664870
g518 g2599 8.988040 8.988040
g518 g2629 8.988040 8.988040
g518 OUTPUT 10.725050 6.700350
g528 g112 13.062970 6.650640
g528 g79 10.942970 10.116810
g528 g671 13.555130 10.509270
g528 g676 14.149290 12.833350
g528 g714 16.008560 13.881850
g528 g528 8.320000 3.672730
g528 g482 9.847840 3.284440
g528 g490 11.627800 6.826620
g528 g732 10.591290 8.109910
g528 g753 7.672920 6.962740
g528 g739 12.421100 11.752360
g528 g744 14.557500 13.718760
g528 g749 16.884550 16.045810
g528 g758 19.348950 18.510210
g528 g763 21.676000 20.837260
g528 g767 24.140400 23.301660
g528 g772 26.467450 25.628710
g528 g776 28.931850 28.093110
g528 g781 31.258900 30.420160
g528 g785 33.723300 32.884560
g528 g790 36.050350 35.211610
g528 g794 38.514750 37.676010
g528 g807 40.979150 40.140410
g528 g554 43.079950 42.241210
g528 g283 10.377370 10.377370
g528 g287 16.496390 14.100640
g528 g291 18.823440 14.100640
g528 g294 21.287840 14.100640
g528 g298 23.614890 14.100640
g528 g142 26.126090 14.100640
g528 g146 13.725050 12.423950
g528 g164 14.583230 12.396920
g528 g150 16.300290 13.624040
g528 g153 18.764690 13.624040
g528 g157 21.091740 13.624040
g528 g160 23.602940 13.624040
g528 g301 21.376560 14.099830
g528 g222 23.899710 14.576430
g528 g1592 10.611950 10.611950
g528 g1644 10.013290 9.369250
g528 g1636 10.534070 10.534070
g528 g1668 10.534070 10.534070
g528 g1728 10.041640 10.041640
g528 g1779 9.873040 9.229000
g528 g1772 10.552170 10.552170
g528 g1802 10.552170 10.552170
g528 g1862 10.016300 10.016300
g528 g1913 9.847700 9.203660
g528 g1906 10.526830 10.526830
g528 g1936 10.526830 10.526830
g528 g1996 10.034400 10.034400
g528 g2047 9.865800 9.221760
g528 g2040 10.544930 10.544930
g528 g2070 10.544930 10.544930
g528 g2153 8.799910 8.799910
g528 g2204 8.042900 7.398860
g528 g2197 8.722030 8.722030
g528 g2227 8.722030 8.722030
g528 g2287 8.236840 8.236840
g528 g2338 8.068240 7.424200
g528 g2331 8.747370 8.747370
g528 g2361 8.747370 8.747370
g528 g2421 8.229600 8.229600
g528 g2472 8.061000 7.416960
g528 g2465 8.740130 8.740130
g528 g2495 8.740130 8.740130
g528 g2555 8.211500 8.211500
g528 g2606 8.042900 7.398860
g528 g2599 8.722030 8.722030
g528 g2629 8.722030 8.722030
g528 OUTPUT 4.588430 4.588430
g528 OUTPUT 11.115940 6.434340
g528 OUTPUT 4.588430 4.588430
g482 g112 16.777860 10.690250
g482 g79 9.016450 8.190290
g482 g671 11.628610 8.582750
g482 g676 12.222770 10.906830
g482 g714 14.082040 11.955330
g482 g528 6.393480 6.393480
g482 g482 7.921320 4.031720
g482 g490 9.701280 2.347900
g482 g732 9.414750 6.933370
g482 g753 6.496380 5.786200
g482 g739 11.244560 10.575820
g482 g744 13.380960 12.542220
g482 g749 15.708010 14.869270
g482 g758 18.172410 17.333670
g482 g763 20.499460 19.660720
g482 g767 22.963860 22.125120
g482 g772 25.290910 24.452170
g482 g776 27.755310 26.916570
g482 g781 30.082360 29.243620
g482 g785 32.546760 31.708020
g482 g790 34.873810 34.035070
g482 g794 37.338210 36.499470
g482 g807 39.802610 38.963870
g482 g554 41.903410 41.064670
g482 g283 9.200830 9.200830
g482 g287 15.319850 12.924100
g482 g291 17.646900 12.924100
g482 g294 20.111300 12.924100
g482 g298 22.438350 12.924100
g482 g142 24.949550 12.924100
g482 g146 12.548510 11.247410
g482 g164 13.406690 11.220380
g482 g150 15.123750 12.447500
g482 g153 17.588150 12.447500
g482 g157 19.915200 12.447500
g482 g160 22.426400 12.447500
g482 g301 20.200020 12.923290
g482 g222 22.723170 13.399890
g482 g1592 14.326840 12.846760
g482 g1644 13.728180 11.604060
g482 g1636 14.248960 12.768880
g482 g1668 14.248960 12.768880
g482 g1728 13.756530 12.276450
g482 g1779 13.587930 11.463810
g482 g1772 14.267060 12.786980
g482 g1802 14.267060 12.786980
g482 g1862 13.731190 12.251110
g482 g1913 13.562590 11.438470
g482 g1906 14.241720 12.761640
g482 g1936 14.241720 12.761640
g482 g1996 13.749290 12.269210
g482 g2047 13.580690 11.456570
g482 g2040 14.259820 12.779740
g482 g2070 14.259820 12.779740
g482 g2153 14.319600 12.839520
g482 g2204 13.562590 11.438470
g482 g2197 14.241720 12.761640
g482 g2227 14.241720 12.761640
g482 g2287 13.756530 12.276450
g482 g2338 13.587930 11.463810
g482 g2331 14.267060 12.786980
g482 g2361 14.267060 12.786980
g482 g2421 13.749290 12.269210
g482 g2472 13.580690 11.456570
g482 g2465 14.259820 12.779740
g482 g2495 14.259820 12.779740
g482 g2555 13.731190 12.251110
g482 g2606 13.562590 11.438470
g482 g2599 14.241720 12.761640
g482 g2629 14.241720 12.761640
g482 OUTPUT 6.005490 4.751450
g482 OUTPUT 14.830830 10.473950
g482 OUTPUT 6.005490 4.751450
g490 g112 16.307410 10.209960
g490 g79 9.266660 8.440500
g490 g671 11.878820 8.832960
g490 g676 12.472980 11.157040
g490 g714 14.332250 12.205540
g490 g528 6.643690 6.643690
g490 g482 8.171530 7.345370
g490 g490 9.951490 4.031720
g490 g417 3.060780 3.060780
g490 g732 9.913100 7.431720
g490 g753 6.994730 6.284550
g490 g739 11.742910 11.074170
g490 g744 13.879310 13.040570
g490 g749 16.206360 15.367620
g490 g758 18.670760 17.832020
g490 g763 20.997810 20.159070
g490 g767 23.462210 22.623470
g490 g772 25.789260 24.950520
g490 g776 28.253660 27.414920
g490 g781 30.580710 29.741970
g490 g785 33.045110 32.206370
g490 g790 35.372160 34.533420
g490 g794 37.836560 36.997820
g490 g807 40.300960 39.462220
g490 g554 42.401760 41.563020
g490 g283 9.699180 9.699180
g490 g287 15.818200 13.422450
g490 g291 18.145250 13.422450
g490 g294 20.609650 13.422450
g490 g298 22.936700 13.422450
g490 g142 25.447900 13.422450
g490 g146 13.046860 11.745760
g490 g164 13.905040 11.718730
g490 g150 15.622100 12.945850
g490 g153 18.086500 12.945850
g490 g157 20.413550 12.945850
g490 g160 22.924750 12.945850
g490 g301 20.698370 13.421640
g490 g222 23.221520 13.898240
g490 g1592 13.856390 12.366470
g490 g1644 13.257730 11.123770
g490 g1636 13.778510 12.288590
g490 g1668 13.778510 12.288590
g490 g1728 13.286080 11.796160
g490 g1779 13.117480 10.983520
g490 g1772 13.796610 12.306690
g490 g1802 13.796610 12.306690
g490 g1862 13.260740 11.770820
g490 g1913 13.092140 10.958180
g490 g1906 13.771270 12.281350
g490 g1936 13.771270 12.281350
g490 g1996 13.278840 11.788920
g490 g2047 13.110240 10.976280
g490 g2040 13.789370 12.299450
g490 g2070 13.789370 12.299450
g490 g2153 13.849150 12.359230
g490 g2204 13.092140 10.958180
g490 g2197 13.771270 12.281350
g490 g2227 13.771270 12.281350
g490 g2287 13.286080 11.796160
g490 g2338 13.117480 10.983520
g490 g2331 13.796610 12.306690
g490 g2361 13.796610 12.306690
g490 g2421 13.278840 11.788920
g490 g2472 13.110240 10.976280
g490 g2465 13.789370 12.299450
g490 g2495 13.789370 12.299450
g490 g2555 13.260740 11.770820
g490 g2606 13.092140 10.958180
g490 g2599 13.771270 12.281350
g490 g2629 13.771270 12.281350
g490 OUTPUT 6.322030 5.068050
g490 OUTPUT 14.360380 9.993660
g490 OUTPUT 6.322030 5.068050
g417 g890 10.428850 9.151810
g417 g854 6.633340 5.356300
g417 g645 10.834980 9.199420
g417 g681 11.423640 9.788980
g417 g699 11.656060 9.837560
g417 g650 11.333640 9.788980
g417 g655 11.333640 9.788980
g417 g718 11.333640 9.788980
g417 g661 11.333640 9.788980
g417 g728 11.333640 9.788980
g417 g417 2.629020 2.629020
g417 g411 9.440140 2.506300
g411 g890 10.727480 10.727480
g411 g854 6.931970 6.931970
g411 g645 10.068320 8.432760
g411 g681 10.656980 9.022320
g411 g699 10.889400 9.070900
g411 g650 10.566980 9.022320
g411 g655 10.566980 9.022320
g411 g718 10.566980 9.022320
g411 g661 10.566980 9.022320
g411 g728 10.566980 9.022320
g411 g411 3.217680 3.217680
g411 g424 2.987680 2.193460
g424 g890 12.741370 11.667090
g424 g854 8.945860 7.871580
g424 g645 10.129300 8.493740
g424 g681 10.717960 9.083300
g424 g699 10.950380 9.131880
g424 g650 10.627960 9.083300
g424 g655 10.627960 9.083300
g424 g718 10.627960 9.083300
g424 g661 10.627960 9.083300
g424 g728 10.627960 9.083300
g424 g411 11.752660 9.383560
g424 g424 3.217680 3.217680
g424 g475 1.985560 1.985560
g475 g475 3.217680 3.217680
g475 g441 3.077680 1.985560
g441 g890 9.994760 9.994760
g441 g854 6.199250 6.199250
g441 g441 3.217680 3.217680
g441 g437 2.987680 2.195440
g437 g890 12.438050 11.363770
g437 g854 8.642540 7.568260
g437 g411 11.449340 9.080240
g437 g437 3.217680 3.217680
g437 g433 1.985560 1.985560
g433 g433 3.217680 3.217680
g433 g429 3.077680 1.985560
g429 g429 3.217680 3.217680
g429 g401 3.077680 1.985560
g401 g890 13.333850 12.259570
g401 g854 9.538340 8.464060
g401 g411 12.345140 9.976040
g401 g401 3.217680 3.217680
g401 g392 2.201380 2.201380
g392 g890 15.690810 10.113660
g392 g854 11.895300 6.318150
g392 g411 14.702100 10.159940
g392 g392 3.152630 3.152630
g392 g405 2.987680 2.805280
g405 g890 15.869250 12.301530
g405 g854 12.073740 8.506020
g405 g411 14.880540 10.018000
g405 g405 3.217680 3.217680
g405 g182 2.403340 2.403340
g182 g890 10.282660 10.282660
g182 g854 6.487150 6.487150
g182 g182 3.217680 3.217680
g182 g174 2.987680 2.338000
g182 g479 4.749650 4.329650
g182 g146 9.587090 8.285990
g182 g164 10.445270 8.258960
g182 g150 12.162330 9.486080
g182 g153 14.626730 9.486080
g182 g157 16.953780 9.486080
g182 g160 19.464980 9.486080
g182 g301 17.238600 9.961870
g174 g890 11.400040 11.400040
g174 g854 7.604530 7.604530
g174 g174 3.217680 3.217680
g174 g168 2.987680 2.334040
g174 g479 4.765690 4.562050
g174 g146 9.526020 8.224920
g174 g164 10.384200 8.197890
g174 g150 12.101260 9.425010
g174 g153 14.565660 9.425010
g174 g157 16.892710 9.425010
g174 g160 19.403910 9.425010
g174 g301 17.177530 9.900800
g168 g168 3.217680 3.217680
g168 g460 2.330080 2.330080
g168 g479 5.259140 5.181730
g168 g146 9.266020 7.964920
g168 g164 10.124200 7.937890
g168 g150 11.841260 9.165010
g168 g153 14.305660 9.165010
g168 g157 16.632710 9.165010
g168 g160 19.143910 9.165010
g168 g301 16.917530 9.640800
g460 g460 3.217680 3.217680
g460 g452 3.077680 1.985560
g452 g890 11.540040 11.540040
g452 g854 7.744530 7.744530
g452 g452 3.217680 3.217680
g452 g457 2.987680 1.985560
g457 g457 3.217680 3.217680
g457 g471 1.985560 1.985560
g471 g471 3.217680 3.217680
g471 g464 3.077680 1.985560
g464 g464 3.217680 3.217680
g464 g468 3.077680 1.985560
g468 g468 3.217680 3.217680
g468 g479 2.341510 2.341510
g479 g102 2.027930 2.027930
g479 OUTPUT 2.655470 2.655470
g479 OUTPUT 2.655470 2.655470
g102 g496 2.231870 2.231870
g102 g1227 2.627720 2.627720
g102 OUTPUT 0.000000 0.000000
g102 OUTPUT 0.000000 0.000000
g496 g732 2.670100 2.670100
g496 g1570 2.629700 2.629700
g732 g732 6.437240 3.955860
g732 g753 3.279500 1.985560
g753 g753 3.077680 3.077680
g753 g799 2.189500 2.189500
g753 g739 9.507770 7.795860
g753 g744 11.644170 9.762260
g753 g749 13.971220 12.089310
g753 g758 16.435620 14.553710
g753 g763 18.762670 16.880760
g753 g767 21.227070 19.345160
g753 g772 23.554120 21.672210
g753 g776 26.018520 24.136610
g753 g781 28.345570 26.463660
g753 g785 30.809970 28.928060
g753 g790 33.137020 31.255110
g753 g794 35.601420 33.719510
g753 g807 38.065820 36.183910
g753 g554 40.166620 38.284710
g753 g283 7.464040 6.420870
g753 g287 13.583060 10.144140
g753 g291 15.910110 10.144140
g753 g294 18.374510 10.144140
g753 g298 20.701560 10.144140
g753 g142 23.212760 10.144140
g753 g146 10.811720 8.467450
g753 g164 11.669900 8.440420
g753 g150 13.386960 9.667540
g753 g153 15.851360 9.667540
g753 g157 18.178410 9.667540
g753 g160 20.689610 9.667540
g753 g301 18.463230 10.143330
g753 g222 20.986380 10.619930
g799 g802 0.499980 0.499980
g799 g739 5.667820 4.999080
g799 g744 7.804220 6.965480
g799 g749 10.131270 9.292530
g799 g758 12.595670 11.756930
g799 g763 14.922720 14.083980
g799 g767 17.387120 16.548380
g799 g772 19.714170 18.875430
g799 g776 22.178570 21.339830
g799 g781 24.505620 23.666880
g799 g785 26.970020 26.131280
g799 g790 29.297070 28.458330
g799 g794 31.761470 30.922730
g799 g807 34.225870 33.387130
g799 g554 36.326670 35.487930
g799 OUTPUT 0.000000 0.000000
g802 g736 0.499980 0.499980
g802 g739 14.827050 5.550020
g802 g744 15.729210 7.516420
g802 g749 18.056260 8.144780
g802 g758 20.520660 10.609180
g802 g763 22.847710 8.144780
g802 g767 25.312110 10.609180
g802 g772 27.639160 8.144780
g802 g776 30.103560 10.609180
g802 g781 32.430610 8.144780
g802 g785 34.895010 10.609180
g802 g790 37.222060 8.144780
g802 g794 39.686460 10.609180
g802 g807 42.150860 8.117270
g802 g554 44.251660 10.218070
g802 g542 11.446530 11.446530
g802 OUTPUT 0.000000 0.000000
g736 g739 15.799500 2.294440
g736 g744 16.701660 14.052920
g736 g749 19.028710 9.133750
g736 g758 21.493110 11.598150
g736 g763 23.820160 9.133750
g736 g767 26.284560 11.598150
g736 g772 28.611610 9.133750
g736 g776 31.076010 11.598150
g736 g781 33.403060 9.133750
g736 g785 35.867460 11.598150
g736 g790 38.194510 9.133750
g736 g794 40.658910 11.598150
g736 g807 43.123310 9.106240
g736 g554 45.224110 11.207040
g736 g542 12.418980 12.418980
g739 g52 10.603790 8.429040
g739 g55 23.862930 18.203460
g739 g739 5.024520 4.170790
g739 g744 6.039430 2.193460
g739 g749 8.366480 7.527740
g739 g758 10.830880 9.992140
g739 g763 13.157930 12.319190
g739 g767 15.622330 14.783590
g739 g772 17.949380 17.110640
g739 g776 20.413780 19.575040
g739 g781 22.740830 21.902090
g739 g785 25.205230 24.366490
g739 g790 27.532280 26.693540
g739 g794 29.996680 29.157940
g739 g807 32.461080 31.622340
g739 g554 34.561880 33.723140
g739 g2984 23.038560 19.553840
g739 g31 6.721420 6.721420
g739 g34 19.980560 16.495840
g739 OUTPUT 8.626190 8.626190
g739 OUTPUT 21.885330 18.400610
g744 g51 9.977850 7.803100
g744 g55 23.415550 17.374480
g744 g744 3.996820 3.557980
g744 g749 6.105710 1.985560
g744 g758 8.570110 7.731370
g744 g763 10.897160 10.058420
g744 g767 13.361560 12.522820
g744 g772 15.688610 14.849870
g744 g776 18.153010 17.314270
g744 g781 20.480060 19.641320
g744 g785 22.944460 22.105720
g744 g790 25.271510 24.432770
g744 g794 27.735910 26.897170
g744 g807 30.200310 29.361570
g744 g554 32.301110 31.462370
g744 g2984 22.591180 18.724860
g744 g28 6.095480 6.095480
g744 g34 19.533180 15.666860
g744 OUTPUT 8.000250 8.000250
g744 OUTPUT 21.437950 17.571630
g749 g50 9.963090 7.788340
g749 g55 23.425330 17.384260
g749 g749 3.996820 3.557980
g749 g758 6.039430 1.985560
g749 g763 8.366480 7.527740
g749 g767 10.830880 9.992140
g749 g772 13.157930 12.319190
g749 g776 15.622330 14.783590
g749 g781 17.949380 17.110640
g749 g785 20.413780 19.575040
g749 g790 22.740830 21.902090
g749 g794 25.205230 24.366490
g749 g807 27.669630 26.830890
g749 g554 29.770430 28.931690
g749 g2984 22.600960 18.734640
g749 g19 6.080720 6.080720
g749 g34 19.542960 15.676640
g749 OUTPUT 7.985490 7.985490
g749 OUTPUT 21.447730 17.581410
g758 g49 9.977850 7.803100
g758 g55 23.618650 17.196040
g758 g758 3.996820 3.557980
g758 g763 6.105710 1.985560
g758 g767 8.570110 7.731370
g758 g772 10.897160 10.058420
g758 g776 13.361560 12.522820
g758 g781 15.688610 14.849870
g758 g785 18.153010 17.314270
g758 g790 20.480060 19.641320
g758 g794 22.944460 22.105720
g758 g807 25.408860 24.570120
g758 g554 27.509660 26.670920
g758 g2984 22.794280 18.546420
g758 g16 6.095480 6.095480
g758 g34 19.736280 15.488420
g758 OUTPUT 8.000250 8.000250
g758 OUTPUT 21.641050 17.393190
g763 g48 9.963090 7.788340
g763 g55 23.425330 17.384260
g763 g763 3.996820 3.557980
g763 g767 6.039430 1.985560
g763 g772 8.366480 7.527740
g763 g776 10.830880 9.992140
g763 g781 13.157930 12.319190
g763 g785 15.622330 14.783590
g763 g790 17.949380 17.110640
g763 g794 20.413780 19.575040
g763 g807 22.878180 22.039440
g763 g554 24.978980 24.140240
g763 g2984 22.600960 18.734640
g763 g9 6.080720 6.080720
g763 g34 19.542960 15.676640
g763 OUTPUT 7.985490 7.985490
g763 OUTPUT 21.447730 17.581410
g767 g47 9.977850 7.803100
g767 g55 23.618650 17.195980
g767 g767 3.996820 3.557980
g767 g772 6.105710 1.985560
g767 g776 8.570110 7.731370
g767 g781 10.897160 10.058420
g767 g785 13.361560 12.522820
g767 g790 15.688610 14.849870
g767 g794 18.153010 17.314270
g767 g807 20.617410 19.778670
g767 g554 22.718210 21.879470
g767 g2984 22.794280 18.546360
g767 g8 6.095480 6.095480
g767 g34 19.736280 15.488360
g767 OUTPUT 8.000250 8.000250
g767 OUTPUT 21.641050 17.393130
g772 g46 10.791690 8.616940
g772 g55 24.457030 18.034420
g772 g772 3.996820 3.557980
g772 g776 6.039430 1.985560
g772 g781 8.366480 7.527740
g772 g785 10.830880 9.992140
g772 g790 13.157930 12.319190
g772 g794 15.622330 14.783590
g772 g807 18.086730 17.247990
g772 g554 20.187530 19.348790
g772 g2984 23.632660 19.384800
g772 g7 6.909320 6.909320
g772 g34 20.574660 16.326800
g772 OUTPUT 8.814090 8.814090
g772 OUTPUT 22.479430 18.231570
g776 g45 9.977850 7.803100
g776 g55 23.821750 17.017600
g776 g776 3.996820 3.557980
g776 g781 6.105710 1.985560
g776 g785 8.570110 7.731370
g776 g790 10.897160 10.058420
g776 g794 13.361560 12.522820
g776 g807 15.825960 14.987220
g776 g554 17.926760 17.088020
g776 g2984 22.997380 18.367980
g776 g6 6.095480 6.095480
g776 g34 19.939380 15.309980
g776 OUTPUT 8.000250 8.000250
g776 OUTPUT 21.844150 17.214750
g781 g52 12.005880 9.831130
g781 g55 25.265020 19.605550
g781 g781 3.996820 3.557980
g781 g785 6.039430 2.189500
g781 g790 8.366480 7.527740
g781 g794 10.830880 9.992140
g781 g807 13.295280 12.456540
g781 g554 15.396080 14.557340
g781 g2984 24.440650 20.955930
g781 g31 8.123510 8.123510
g781 g34 21.382650 17.897930
g781 OUTPUT 10.028280 10.028280
g781 OUTPUT 23.287420 19.802700
g785 g51 10.618550 8.443800
g785 g55 24.056250 18.015180
g785 g785 3.996820 3.557980
g785 g790 6.105710 1.985560
g785 g794 8.570110 7.731370
g785 g807 11.034510 10.195770
g785 g554 13.135310 12.296570
g785 g2984 23.231880 19.365560
g785 g28 6.736180 6.736180
g785 g34 20.173880 16.307560
g785 OUTPUT 8.640950 8.640950
g785 OUTPUT 22.078650 18.212330
g790 g50 10.603790 8.429040
g790 g55 24.066030 18.024960
g790 g790 3.996820 3.557980
g790 g794 6.039430 1.985560
g790 g807 8.503830 7.665090
g790 g554 10.604630 9.765890
g790 g2984 23.241660 19.375340
g790 g19 6.721420 6.721420
g790 g34 20.183660 16.317340
g790 OUTPUT 8.626190 8.626190
g790 OUTPUT 22.088430 18.222110
g794 g49 10.618550 8.443800
g794 g55 24.259350 17.836740
g794 g794 3.996820 3.557980
g794 g807 6.039430 1.985560
g794 g554 8.140230 7.301490
g794 g2984 23.434980 19.187120
g794 g16 6.736180 6.736180
g794 g34 20.376980 16.129120
g794 OUTPUT 8.640950 8.640950
g794 OUTPUT 22.281750 18.033890
g807 g48 10.603790 8.429040
g807 g55 24.066030 18.024960
g807 g739 8.500750 7.832010
g807 g744 10.637150 9.798410
g807 g749 12.964200 12.125460
g807 g758 15.428600 14.589860
g807 g763 17.755650 16.916910
g807 g767 20.220050 19.381310
g807 g772 22.547100 21.708360
g807 g776 25.011500 24.172760
g807 g781 27.338550 26.499810
g807 g785 29.802950 28.964210
g807 g790 32.130000 31.291260
g807 g794 34.594400 33.755660
g807 g807 37.058800 3.557980
g807 g554 39.159600 1.985560
g807 g283 6.457020 6.457020
g807 g287 12.576040 10.180290
g807 g291 14.903090 10.180290
g807 g294 17.367490 10.180290
g807 g298 19.694540 10.180290
g807 g142 22.205740 10.180290
g807 g146 9.804700 8.503600
g807 g164 10.662880 8.476570
g807 g150 12.379940 9.703690
g807 g153 14.844340 9.703690
g807 g157 17.171390 9.703690
g807 g160 19.682590 9.703690
g807 g301 17.456210 10.179480
g807 g222 19.979360 10.656080
g807 g2984 23.241660 19.375340
g807 g9 6.721420 6.721420
g807 g34 20.183660 16.317340
g807 OUTPUT 8.626190 8.626190
g807 OUTPUT 22.088430 18.222110
g554 g47 10.618550 8.443800
g554 g55 24.259350 17.836680
g554 g739 8.647910 7.979170
g554 g744 10.784310 9.945570
g554 g749 13.111360 12.272620
g554 g758 15.575760 14.737020
g554 g763 17.902810 17.064070
g554 g767 20.367210 19.528470
g554 g772 22.694260 21.855520
g554 g776 25.158660 24.319920
g554 g781 27.485710 26.646970
g554 g785 29.950110 29.111370
g554 g790 32.277160 31.438420
g554 g794 34.741560 33.902820
g554 g807 37.205960 36.367220
g554 g554 39.306760 3.557980
g554 g538 2.341510 2.341510
g554 g283 6.604180 6.604180
g554 g287 12.723200 10.327450
g554 g291 15.050250 10.327450
g554 g294 17.514650 10.327450
g554 g298 19.841700 10.327450
g554 g142 22.352900 10.327450
g554 g146 9.951860 8.650760
g554 g164 10.810040 8.623730
g554 g150 12.527100 9.850850
g554 g153 14.991500 9.850850
g554 g157 17.318550 9.850850
g554 g160 19.829750 9.850850
g554 g301 17.603370 10.326640
g554 g222 20.126520 10.803240
g554 g2984 23.434980 19.187060
g554 g8 6.736180 6.736180
g554 g34 20.376980 16.129060
g554 OUTPUT 8.640950 8.640950
g554 OUTPUT 22.281750 18.033830
g538 g45 10.511930 8.337180
g538 g55 24.355830 17.551680
g538 g538 2.175480 2.175480
g538 g546 2.468850 2.468850
g538 g2984 23.531460 18.902060
g538 g6 6.629560 6.629560
g538 g34 20.473460 15.844060
g538 OUTPUT 8.534330 8.534330
g538 OUTPUT 22.378230 17.748830
g546 g47 12.118510 9.943760
g546 g55 25.759310 19.336640
g546 g546 2.161030 2.161030
g546 g542 2.480730 2.480730
g546 g2984 24.934940 20.687020
g546 g8 8.236140 8.236140
g546 g34 21.876940 17.629020
g546 OUTPUT 10.140910 10.140910
g546 OUTPUT 23.781710 19.533790
g542 g48 12.103750 9.929000
g542 g55 25.565990 19.524920
g542 g542 2.614030 2.614030
g542 g534 2.480730 2.480730
g542 g2984 24.741620 20.875300
g542 g9 8.221380 8.221380
g542 g34 21.683620 17.817300
g542 OUTPUT 10.126150 10.126150
g542 OUTPUT 23.588390 19.722070
g534 g49 12.118510 9.943760
g534 g55 25.759310 19.336700
g534 g534 2.161030 2.161030
g534 g550 2.480730 2.480730
g534 g2984 24.934940 20.687080
g534 g16 8.236140 8.236140
g534 g34 21.876940 17.629080
g534 OUTPUT 10.140910 10.140910
g534 OUTPUT 23.781710 19.533850
g550 g50 11.539930 9.365180
g550 g55 25.002170 18.961100
g550 g550 2.161030 2.161030
g550 g136 1.985560 1.985560
g550 g2984 24.177800 20.311480
g550 g19 7.657560 7.657560
g550 g34 21.119800 17.253480
g550 OUTPUT 9.562330 9.562330
g550 OUTPUT 23.024570 19.158250
g136 g51 12.878350 10.703600
g136 g55 26.316050 20.274980
g136 g136 3.333700 3.333700
g136 g199 3.090570 3.090570
g136 g2984 25.491680 21.625360
g136 g28 8.995980 8.995980
g136 g34 22.433680 18.567360
g136 OUTPUT 0.000000 0.000000
g136 OUTPUT 1.323660 1.323660
g136 OUTPUT 0.000000 0.000000
g136 OUTPUT 1.323660 1.323660
g136 OUTPUT 10.900750 10.900750
g136 OUTPUT 24.338450 20.472130
g199 g52 9.569850 7.395100
g199 g55 22.828990 17.169520
g199 g199 2.161030 2.161030
g199 g278 2.201540 2.201540
g199 g2984 22.004620 18.519900
g199 g31 5.687480 5.687480
g199 g34 18.946620 15.461900
g199 OUTPUT 7.592250 7.592250
g199 OUTPUT 20.851390 17.366670
g278 g278 4.818810 4.818810
g278 g283 5.882560 2.386310
g278 g287 12.001580 8.383710
g278 g291 14.328630 8.383710
g278 g294 16.793030 8.383710
g278 g298 19.120080 8.383710
g278 g142 21.631280 8.383710
g278 g222 19.404900 8.859500
g283 g283 2.200440 2.200440
g283 g287 6.029730 1.985560
g283 g291 8.356780 7.518040
g283 g294 10.821180 9.982440
g283 g298 13.148230 12.309490
g283 g142 15.659430 14.820690
g283 g222 13.433050 13.433050
g287 g287 3.996820 3.557980
g287 g291 6.105710 1.985560
g287 g294 8.570110 7.731370
g287 g298 10.897160 10.058420
g287 g142 13.408360 12.569620
g287 g222 11.181980 11.181980
g291 g291 3.996820 3.557980
g291 g294 6.039430 1.985560
g291 g298 8.366480 7.527740
g291 g142 10.877680 10.038940
g291 g222 8.651300 8.651300
g294 g294 3.996820 3.557980
g294 g298 6.105710 1.985560
g294 g142 8.616910 7.778170
g294 g222 6.390530 6.390530
g298 g298 3.996820 3.557980
g298 g142 6.096500 1.985560
g298 g222 3.870120 3.870120
g142 g142 3.996820 3.557980
g142 g146 2.197420 2.197420
g142 g222 2.918220 2.918220
g146 g146 4.583040 3.456970
g146 g164 6.830030 2.149900
g146 g150 8.512340 7.673600
g146 g153 10.976740 10.138000
g146 g157 13.303790 12.465050
g146 g160 15.814990 14.976250
g146 g301 13.588610 13.588610
g164 g164 4.910210 3.989760
g164 g150 6.105710 2.353840
g164 g153 8.570110 7.731370
g164 g157 10.897160 10.058420
g164 g160 13.408360 12.569620
g164 g301 11.181980 11.181980
g150 g150 3.996820 3.557980
g150 g153 6.039430 1.985560
g150 g157 8.366480 7.527740
g150 g160 10.877680 10.038940
g150 g301 8.651300 8.651300
g153 g153 3.996820 3.557980
g153 g157 6.105710 1.985560
g153 g160 8.616910 7.778170
g153 g301 6.390530 6.390530
g157 g157 3.996820 3.557980
g157 g160 6.096500 1.985560
g157 g301 3.870120 3.870120
g160 g160 3.996820 3.557980
g160 g301 2.936040 2.936040
g301 g534 2.340030 2.340030
g301 g222 2.027930 2.027930
g301 g2902 3.717960 3.717960
g222 g199 2.340030 2.340030
g222 g194 1.985560 1.985560
g194 g194 8.458750 3.811560
g194 g191 0.499980 0.499980
g194 g209 6.654110 4.994180
g194 OUTPUT 0.000000 0.000000
g191 g194 8.280310 6.357450
g191 g209 6.475670 1.985560
g209 g538 2.354420 2.354420
g209 g209 3.217680 3.217680
g209 g215 2.140000 2.140000
g209 g1592 17.172630 16.349190
g209 g1636 17.172630 16.349190
g209 g1668 17.172630 16.349190
g209 g1682 17.299500 13.716090
g209 g1687 17.938310 17.644110
g209 g1604 18.088840 12.738320
g209 g1600 18.088840 12.738320
g209 g1608 18.088840 12.738320
g209 g1620 18.088840 12.738320
g209 g1616 18.088840 12.738320
g209 g1612 18.012370 12.738320
g209 g1706 19.631570 19.337370
g209 g1710 19.999590 19.173430
g209 g1714 19.919590 19.173430
g209 g1728 17.025820 16.203480
g209 g1772 17.614730 16.791290
g209 g1802 17.614730 16.791290
g209 g1816 17.741600 14.111230
g209 g1821 18.380410 18.086210
g209 g1740 18.530940 13.112100
g209 g1736 18.530940 13.112100
g209 g1744 18.530940 13.112100
g209 g1756 18.530940 13.112100
g209 g1752 18.530940 13.112100
g209 g1748 18.454470 13.112100
g209 g1840 20.073670 19.779470
g209 g1844 20.441690 19.615530
g209 g1848 20.361690 19.615530
g209 g1862 17.228820 16.406480
g209 g1906 17.817730 16.994290
g209 g1936 17.817730 16.994290
g209 g1950 17.944600 13.949170
g209 g1955 18.583410 18.289210
g209 g1874 18.733940 13.383420
g209 g1870 18.733940 13.383420
g209 g1878 18.733940 13.383420
g209 g1890 18.733940 13.383420
g209 g1886 18.733940 13.383420
g209 g1882 18.657470 13.383420
g209 g1974 20.276670 19.982470
g209 g1978 20.644690 19.818530
g209 g1982 20.564690 19.818530
g209 g1996 17.025820 16.203480
g209 g2040 17.614730 16.791290
g209 g2070 17.614730 16.791290
g209 g2084 17.741600 14.111230
g209 g2089 18.380410 18.086210
g209 g2008 18.530940 13.112100
g209 g2004 18.530940 13.112100
g209 g2012 18.530940 13.112100
g209 g2024 18.530940 13.112100
g209 g2020 18.530940 13.112100
g209 g2016 18.454470 13.112100
g209 g2108 20.073670 19.779470
g209 g2112 20.441690 19.615530
g209 g2116 20.361690 19.615530
g209 g2153 17.172630 16.349190
g209 g2197 17.172630 16.349190
g209 g2227 17.172630 16.349190
g209 g2241 17.299500 13.716090
g209 g2246 17.938310 17.644110
g209 g2165 18.088840 12.738320
g209 g2161 18.088840 12.738320
g209 g2169 18.088840 12.738320
g209 g2181 18.088840 12.738320
g209 g2177 18.088840 12.738320
g209 g2173 18.012370 12.738320
g209 g2265 19.631570 19.337370
g209 g2269 19.999590 19.173430
g209 g2273 19.919590 19.173430
g209 g2287 17.025820 16.203480
g209 g2331 17.614730 16.791290
g209 g2361 17.614730 16.791290
g209 g2375 17.741600 14.111230
g209 g2380 18.380410 18.086210
g209 g2299 18.530940 13.112100
g209 g2295 18.530940 13.112100
g209 g2303 18.530940 13.112100
g209 g2315 18.530940 13.112100
g209 g2311 18.530940 13.112100
g209 g2307 18.454470 13.112100
g209 g2399 20.073670 19.779470
g209 g2403 20.441690 19.615530
g209 g2407 20.361690 19.615530
g209 g2421 17.228820 16.406480
g209 g2465 17.817730 16.994290
g209 g2495 17.817730 16.994290
g209 g2509 17.944600 13.949170
g209 g2514 18.583410 18.289210
g209 g2433 18.733940 13.383420
g209 g2429 18.733940 13.383420
g209 g2437 18.733940 13.383420
g209 g2449 18.733940 13.383420
g209 g2445 18.733940 13.383420
g209 g2441 18.657470 13.383420
g209 g2533 20.276670 19.982470
g209 g2537 20.644690 19.818530
g209 g2541 20.564690 19.818530
g209 g2555 17.025820 16.203480
g209 g2599 17.614730 16.791290
g209 g2629 17.614730 16.791290
g209 g2643 17.741600 14.111230
g209 g2648 18.380410 18.086210
g209 g2567 18.530940 13.112100
g209 g2563 18.530940 13.112100
g209 g2571 18.530940 13.112100
g209 g2583 18.530940 13.112100
g209 g2579 18.530940 13.112100
g209 g2575 18.454470 13.112100
g209 g2667 20.073670 19.779470
g209 g2671 20.441690 19.615530
g209 g2675 20.361690 19.615530
g209 g2902 3.456950 3.456950
g215 g194 6.395250 5.751210
g215 g209 5.346630 5.052430
g215 g218 0.499980 0.499980
g215 OUTPUT 0.000000 0.000000
g218 g194 6.218020 5.573980
g218 g209 5.169400 4.875200
g218 g215 2.010040 2.010040
g218 g1249 2.466160 2.466160
g1249 g1249 3.417000 3.007040
g1249 g1266 6.029730 2.179600
g1249 g1280 8.158190 7.319450
g1249 g1252 10.475540 9.636800
g1249 g1256 12.604000 11.765260
g1249 g1259 14.921350 14.082610
g1249 g1263 17.049810 16.211070
g1249 g1270 19.367160 18.528420
g1249 g1274 21.495620 20.656880
g1249 g1277 20.081870 20.081870
g1266 g1266 3.996820 3.557980
g1266 g1280 6.029730 1.985560
g1266 g1252 8.347080 7.508340
g1266 g1256 10.475540 9.636800
g1266 g1259 12.792890 11.954150
g1266 g1263 14.921350 14.082610
g1266 g1270 17.238700 16.399960
g1266 g1274 19.367160 18.528420
g1266 g1277 17.953410 17.953410
g1280 g1280 3.996820 3.557980
g1280 g1252 5.852720 1.985560
g1280 g1256 7.981180 7.142440
g1280 g1259 10.298530 9.459790
g1280 g1263 12.426990 11.588250
g1280 g1270 14.744340 13.905600
g1280 g1274 16.872800 16.034060
g1280 g1277 15.459050 15.459050
g1252 g1252 3.996820 3.557980
g1252 g1256 6.029730 1.985560
g1252 g1259 8.347080 7.508340
g1252 g1263 10.475540 9.636800
g1252 g1270 12.792890 11.954150
g1252 g1274 14.921350 14.082610
g1252 g1277 13.507600 13.507600
g1256 g1256 3.996820 3.557980
g1256 g1259 5.852720 1.985560
g1256 g1263 7.981180 7.142440
g1256 g1270 10.298530 9.459790
g1256 g1274 12.426990 11.588250
g1256 g1277 11.013240 11.013240
g1259 g1259 3.996820 3.557980
g1259 g1263 6.029730 1.985560
g1259 g1270 8.347080 7.508340
g1259 g1274 10.475540 9.636800
g1259 g1277 9.061790 9.061790
g1263 g1263 3.996820 3.557980
g1263 g1270 5.852720 1.985560
g1263 g1274 7.981180 7.142440
g1263 g1277 6.567430 6.567430
g1270 g1270 3.996820 3.557980
g1270 g1274 6.029730 1.985560
g1270 g1277 4.615980 4.615980
g1274 g1274 3.996820 3.557980
g1274 g1277 2.260950 2.019030
g1277 g1418 2.466160 2.466160
g1277 g1283 2.161030 2.161030
g1418 g1418 2.967080 2.967080
g1418 g1422 0.499980 0.499980
g1418 g2153 10.700960 9.877520
g1418 g2204 6.627490 5.983450
g1418 g2197 10.700960 9.877520
g1418 g2227 10.700960 9.877520
g1418 g2241 10.827830 9.410350
g1418 g2246 11.466640 11.172440
g1418 g2165 11.617170 11.322970
g1418 g2161 11.617170 11.322970
g1418 g2169 11.617170 11.322970
g1418 g2181 11.617170 11.322970
g1418 g2177 11.617170 11.322970
g1418 g2173 11.540700 11.246500
g1418 g2265 13.159900 12.865700
g1418 g2269 13.527920 12.701760
g1418 g2273 13.447920 12.701760
g1418 OUTPUT 0.000000 0.000000
g1422 g1418 3.137080 3.137080
g1422 g1426 0.499980 0.499980
g1422 g2287 10.112050 9.289710
g1422 g2338 6.627490 5.983450
g1422 g2331 10.700960 9.877520
g1422 g2361 10.700960 9.877520
g1422 g2375 10.827830 9.410350
g1422 g2380 11.466640 11.172440
g1422 g2299 11.617170 11.322970
g1422 g2295 11.617170 11.322970
g1422 g2303 11.617170 11.322970
g1422 g2315 11.617170 11.322970
g1422 g2311 11.617170 11.322970
g1422 g2307 11.540700 11.246500
g1422 g2399 13.159900 12.865700
g1422 g2403 13.527920 12.701760
g1422 g2407 13.447920 12.701760
g1422 OUTPUT 0.000000 0.000000
g1426 g1418 2.992030 2.992030
g1426 g1430 0.499980 0.499980
g1426 g1576 3.989360 3.077680
g1426 g2421 10.112050 9.289710
g1426 g2472 6.627490 5.983450
g1426 g2465 10.700960 9.877520
g1426 g2495 10.700960 9.877520
g1426 g2509 10.827830 9.410350
g1426 g2514 11.466640 11.172440
g1426 g2433 11.617170 11.322970
g1426 g2429 11.617170 11.322970
g1426 g2437 11.617170 11.322970
g1426 g2449 11.617170 11.322970
g1426 g2445 11.617170 11.322970
g1426 g2441 11.540700 11.246500
g1426 g2533 13.159900 12.865700
g1426 g2537 13.527920 12.701760
g1426 g2541 13.447920 12.701760
g1426 OUTPUT 0.000000 0.000000
g1430 g1418 6.079150 6.079150
g1430 g1548 3.987380 2.187520
g1430 g1564 5.732810 4.986650
g1430 g1559 8.598470 6.261850
g1430 g1554 10.457740 6.261850
g1430 g2555 10.112050 9.289710
g1430 g2606 6.627490 5.983450
g1430 g2599 10.700960 9.877520
g1430 g2629 10.700960 9.877520
g1430 g2643 10.827830 9.410350
g1430 g2648 11.466640 11.172440
g1430 g2567 11.617170 11.322970
g1430 g2563 11.617170 11.322970
g1430 g2571 11.617170 11.322970
g1430 g2583 11.617170 11.322970
g1430 g2579 11.617170 11.322970
g1430 g2575 11.540700 11.246500
g1430 g2667 13.159900 12.865700
g1430 g2671 13.527920 12.701760
g1430 g2675 13.447920 12.701760
g1548 g1418 5.894910 5.894910
g1548 g1548 3.877720 3.217680
g1548 g1564 5.555820 2.369680
g1548 g1559 8.421480 6.077610
g1548 g1554 10.280750 6.077610
g1548 g2153 14.935270 14.111830
g1548 g2204 10.861800 10.217760
g1548 g2197 14.935270 14.111830
g1548 g2227 14.935270 14.111830
g1548 g2241 15.062140 13.644660
g1548 g2246 15.700950 15.406750
g1548 g2165 15.851480 15.557280
g1548 g2161 15.851480 15.557280
g1548 g2169 15.851480 15.557280
g1548 g2181 15.851480 15.557280
g1548 g2177 15.851480 15.557280
g1548 g2173 15.775010 15.480810
g1548 g2265 17.394210 17.100010
g1548 g2269 17.762230 16.936070
g1548 g2273 17.682230 16.936070
g1548 g2287 14.346360 13.524020
g1548 g2338 10.861800 10.217760
g1548 g2331 14.935270 14.111830
g1548 g2361 14.935270 14.111830
g1548 g2375 15.062140 13.644660
g1548 g2380 15.700950 15.406750
g1548 g2299 15.851480 15.557280
g1548 g2295 15.851480 15.557280
g1548 g2303 15.851480 15.557280
g1548 g2315 15.851480 15.557280
g1548 g2311 15.851480 15.557280
g1548 g2307 15.775010 15.480810
g1548 g2399 17.394210 17.100010
g1548 g2403 17.762230 16.936070
g1548 g2407 17.682230 16.936070
g1548 g2421 14.346360 13.524020
g1548 g2472 10.861800 10.217760
g1548 g2465 14.935270 14.111830
g1548 g2495 14.935270 14.111830
g1548 g2509 15.062140 13.644660
g1548 g2514 15.700950 15.406750
g1548 g2433 15.851480 15.557280
g1548 g2429 15.851480 15.557280
g1548 g2437 15.851480 15.557280
g1548 g2449 15.851480 15.557280
g1548 g2445 15.851480 15.557280
g1548 g2441 15.775010 15.480810
g1548 g2533 17.394210 17.100010
g1548 g2537 17.762230 16.936070
g1548 g2541 17.682230 16.936070
g1548 g2555 14.346360 13.524020
g1548 g2606 10.861800 10.217760
g1548 g2599 14.935270 14.111830
g1548 g2629 14.935270 14.111830
g1548 g2643 15.062140 13.644660
g1548 g2648 15.700950 15.406750
g1548 g2567 15.851480 15.557280
g1548 g2563 15.851480 15.557280
g1548 g2571 15.851480 15.557280
g1548 g2583 15.851480 15.557280
g1548 g2579 15.851480 15.557280
g1548 g2575 15.775010 15.480810
g1548 g2667 17.394210 17.100010
g1548 g2671 17.762230 16.936070
g1548 g2675 17.682230 16.936070
g1564 g1418 5.629150 5.629150
g1564 g1564 3.691720 3.047680
g1564 g1559 7.306600 2.193460
g1564 g1554 8.321210 5.811850
g1564 g2153 14.519050 13.695610
g1564 g2204 10.445580 9.801540
g1564 g2197 14.519050 13.695610
g1564 g2227 14.519050 13.695610
g1564 g2241 14.645920 13.228440
g1564 g2246 15.284730 14.990530
g1564 g2165 15.435260 15.141060
g1564 g2161 15.435260 15.141060
g1564 g2169 15.435260 15.141060
g1564 g2181 15.435260 15.141060
g1564 g2177 15.435260 15.141060
g1564 g2173 15.358790 15.064590
g1564 g2265 16.977990 16.683790
g1564 g2269 17.346010 16.519850
g1564 g2273 17.266010 16.519850
g1564 g2287 13.930140 13.107800
g1564 g2338 10.445580 9.801540
g1564 g2331 14.519050 13.695610
g1564 g2361 14.519050 13.695610
g1564 g2375 14.645920 13.228440
g1564 g2380 15.284730 14.990530
g1564 g2299 15.435260 15.141060
g1564 g2295 15.435260 15.141060
g1564 g2303 15.435260 15.141060
g1564 g2315 15.435260 15.141060
g1564 g2311 15.435260 15.141060
g1564 g2307 15.358790 15.064590
g1564 g2399 16.977990 16.683790
g1564 g2403 17.346010 16.519850
g1564 g2407 17.266010 16.519850
g1564 g2421 13.930140 13.107800
g1564 g2472 10.445580 9.801540
g1564 g2465 14.519050 13.695610
g1564 g2495 14.519050 13.695610
g1564 g2509 14.645920 13.228440
g1564 g2514 15.284730 14.990530
g1564 g2433 15.435260 15.141060
g1564 g2429 15.435260 15.141060
g1564 g2437 15.435260 15.141060
g1564 g2449 15.435260 15.141060
g1564 g2445 15.435260 15.141060
g1564 g2441 15.358790 15.064590
g1564 g2533 16.977990 16.683790
g1564 g2537 17.346010 16.519850
g1564 g2541 17.266010 16.519850
g1564 g2555 13.930140 13.107800
g1564 g2606 10.445580 9.801540
g1564 g2599 14.519050 13.695610
g1564 g2629 14.519050 13.695610
g1564 g2643 14.645920 13.228440
g1564 g2648 15.284730 14.990530
g1564 g2567 15.435260 15.141060
g1564 g2563 15.435260 15.141060
g1564 g2571 15.435260 15.141060
g1564 g2583 15.435260 15.141060
g1564 g2579 15.435260 15.141060
g1564 g2575 15.358790 15.064590
g1564 g2667 16.977990 16.683790
g1564 g2671 17.346010 16.519850
g1564 g2675 17.266010 16.519850
g1559 g1559 4.583040 3.557980
g1559 g1554 5.870720 2.189500
g1559 g2153 15.205090 14.381650
g1559 g2204 11.131620 10.487580
g1559 g2197 15.205090 14.381650
g1559 g2227 15.205090 14.381650
g1559 g2241 15.331960 13.914480
g1559 g2246 15.970770 15.676570
g1559 g2165 16.121300 15.827100
g1559 g2161 16.121300 15.827100
g1559 g2169 16.121300 15.827100
g1559 g2181 16.121300 15.827100
g1559 g2177 16.121300 15.827100
g1559 g2173 16.044830 15.750630
g1559 g2265 17.664030 17.369830
g1559 g2269 18.032050 17.205890
g1559 g2273 17.952050 17.205890
g1559 g2287 14.616180 13.793840
g1559 g2338 11.131620 10.487580
g1559 g2331 15.205090 14.381650
g1559 g2361 15.205090 14.381650
g1559 g2375 15.331960 13.914480
g1559 g2380 15.970770 15.676570
g1559 g2299 16.121300 15.827100
g1559 g2295 16.121300 15.827100
g1559 g2303 16.121300 15.827100
g1559 g2315 16.121300 15.827100
g1559 g2311 16.121300 15.827100
g1559 g2307 16.044830 15.750630
g1559 g2399 17.664030 17.369830
g1559 g2403 18.032050 17.205890
g1559 g2407 17.952050 17.205890
g1559 g2421 14.616180 13.793840
g1559 g2472 11.131620 10.487580
g1559 g2465 15.205090 14.381650
g1559 g2495 15.205090 14.381650
g1559 g2509 15.331960 13.914480
g1559 g2514 15.970770 15.676570
g1559 g2433 16.121300 15.827100
g1559 g2429 16.121300 15.827100
g1559 g2437 16.121300 15.827100
g1559 g2449 16.121300 15.827100
g1559 g2445 16.121300 15.827100
g1559 g2441 16.044830 15.750630
g1559 g2533 17.664030 17.369830
g1559 g2537 18.032050 17.205890
g1559 g2541 17.952050 17.205890
g1559 g2555 14.616180 13.793840
g1559 g2606 11.131620 10.487580
g1559 g2599 15.205090 14.381650
g1559 g2629 15.205090 14.381650
g1559 g2643 15.331960 13.914480
g1559 g2648 15.970770 15.676570
g1559 g2567 16.121300 15.827100
g1559 g2563 16.121300 15.827100
g1559 g2571 16.121300 15.827100
g1559 g2583 16.121300 15.827100
g1559 g2579 16.121300 15.827100
g1559 g2575 16.044830 15.750630
g1559 g2667 17.664030 17.369830
g1559 g2671 18.032050 17.205890
g1559 g2675 17.952050 17.205890
g1554 g1418 5.389150 5.389150
g1554 g1559 7.066600 5.571850
g1554 g1554 7.066600 3.557980
g1554 g1570 2.179600 2.179600
g1554 g2153 15.010830 14.187390
g1554 g2204 10.937360 10.293320
g1554 g2197 15.010830 14.187390
g1554 g2227 15.010830 14.187390
g1554 g2241 15.137700 13.720220
g1554 g2246 15.776510 15.482310
g1554 g2165 15.927040 15.632840
g1554 g2161 15.927040 15.632840
g1554 g2169 15.927040 15.632840
g1554 g2181 15.927040 15.632840
g1554 g2177 15.927040 15.632840
g1554 g2173 15.850570 15.556370
g1554 g2265 17.469770 17.175570
g1554 g2269 17.837790 17.011630
g1554 g2273 17.757790 17.011630
g1554 g2287 14.421920 13.599580
g1554 g2338 10.937360 10.293320
g1554 g2331 15.010830 14.187390
g1554 g2361 15.010830 14.187390
g1554 g2375 15.137700 13.720220
g1554 g2380 15.776510 15.482310
g1554 g2299 15.927040 15.632840
g1554 g2295 15.927040 15.632840
g1554 g2303 15.927040 15.632840
g1554 g2315 15.927040 15.632840
g1554 g2311 15.927040 15.632840
g1554 g2307 15.850570 15.556370
g1554 g2399 17.469770 17.175570
g1554 g2403 17.837790 17.011630
g1554 g2407 17.757790 17.011630
g1554 g2421 14.421920 13.599580
g1554 g2472 10.937360 10.293320
g1554 g2465 15.010830 14.187390
g1554 g2495 15.010830 14.187390
g1554 g2509 15.137700 13.720220
g1554 g2514 15.776510 15.482310
g1554 g2433 15.927040 15.632840
g1554 g2429 15.927040 15.632840
g1554 g2437 15.927040 15.632840
g1554 g2449 15.927040 15.632840
g1554 g2445 15.927040 15.632840
g1554 g2441 15.850570 15.556370
g1554 g2533 17.469770 17.175570
g1554 g2537 17.837790 17.011630
g1554 g2541 17.757790 17.011630
g1554 g2555 14.421920 13.599580
g1554 g2606 10.937360 10.293320
g1554 g2599 15.010830 14.187390
g1554 g2629 15.010830 14.187390
g1554 g2643 15.137700 13.720220
g1554 g2648 15.776510 15.482310
g1554 g2567 15.927040 15.632840
g1554 g2563 15.927040 15.632840
g1554 g2571 15.927040 15.632840
g1554 g2583 15.927040 15.632840
g1554 g2579 15.927040 15.632840
g1554 g2575 15.850570 15.556370
g1554 g2667 17.469770 17.175570
g1554 g2671 17.837790 17.011630
g1554 g2675 17.757790 17.011630
g1570 g1249 3.972900 3.084320
g1570 g1266 5.852720 3.456970
g1570 g1280 7.981180 3.456970
g1570 g1252 10.298530 3.456970
g1570 g1256 12.426990 3.456970
g1570 g1259 14.744340 3.456970
g1570 g1263 16.872800 3.456970
g1570 g1270 19.190150 3.456970
g1570 g1274 21.318610 3.456970
g1570 g1277 19.904860 19.904860
g1570 g1585 0.499980 0.499980
g1570 g1589 3.005900 3.005900
g1570 g1576 2.987680 2.987680
g1570 g1339 3.005900 3.005900
g1570 g1395 5.263730 4.508430
g1570 g1404 7.299010 6.236690
g1570 g1319 4.565510 3.827410
g1570 OUTPUT 0.000000 0.000000
g1585 g1589 1.985560 1.985560
g1585 g2165 5.587480 5.587480
g1585 g2161 5.587480 5.587480
g1585 g2169 5.587480 5.587480
g1585 g2181 5.587480 5.587480
g1585 g2177 5.587480 5.587480
g1585 g2173 5.587480 5.587480
g1585 g2299 6.426240 6.426240
g1585 g2295 6.426240 6.426240
g1585 g2303 6.426240 6.426240
g1585 g2315 6.426240 6.426240
g1585 g2311 6.426240 6.426240
g1585 g2307 6.426240 6.426240
g1585 g2433 5.587480 5.587480
g1585 g2429 5.587480 5.587480
g1585 g2437 5.587480 5.587480
g1585 g2449 5.587480 5.587480
g1585 g2445 5.587480 5.587480
g1585 g2441 5.587480 5.587480
g1585 g2567 6.426240 6.426240
g1585 g2563 6.426240 6.426240
g1585 g2571 6.426240 6.426240
g1585 g2583 6.426240 6.426240
g1585 g2579 6.426240 6.426240
g1585 g2575 6.426240 6.426240
g1589 g1576 1.985560 1.985560
g1589 g2241 7.894690 6.820410
g1589 g2375 7.416850 6.342570
g1589 g2509 7.894690 6.820410
g1589 g2643 7.416850 6.342570
g1576 g1576 3.217680 3.217680
g1576 g1579 0.499980 0.499980
g1576 OUTPUT 0.000000 0.000000
g1579 g1339 1.985560 1.985560
g1579 g1500 8.575200 6.412800
g1579 g1399 10.099970 6.409680
g1339 g1418 12.906690 11.449430
g1339 g1500 16.055750 2.067600
g1339 g1399 17.580520 13.438290
g1339 g1514 20.132290 12.499800
g1339 g1526 19.958240 12.482650
g1339 g1521 3.279500 3.279500
g1339 g1306 2.987680 2.987680
g1339 g1536 15.056140 7.701610
g1339 g1542 19.934700 8.595050
g1339 g1413 20.048700 9.288280
g1339 g1312 13.476480 11.985540
g1339 g1351 15.882480 11.407750
g1339 g1345 18.248310 15.157850
g1339 g1361 21.310750 15.157850
g1339 g1367 22.929780 15.043100
g1339 g1373 23.897250 15.157850
g1339 g1379 25.152280 15.043100
g1339 g1384 13.105880 10.800260
g1339 g1389 14.765600 12.066780
g1500 g1500 7.897220 6.149340
g1500 g1582 0.499980 0.499980
g1500 g1514 10.920230 3.370890
g1500 g1526 10.746180 4.873340
g1500 g1521 3.978700 3.217680
g1500 g1306 4.759060 4.336680
g1500 g1532 3.978700 3.279500
g1500 g1536 7.879260 5.844080
g1500 g1542 10.722640 7.542580
g1500 g1413 10.836640 8.235810
g1500 g1395 6.281580 5.526280
g1500 g1404 8.316860 7.254540
g1500 OUTPUT 0.000000 0.000000
g1582 g1500 7.637220 5.889340
g1582 g1333 0.499980 0.499980
g1582 OUTPUT 0.000000 0.000000
g1333 g1418 8.443760 8.443760
g1333 g1500 11.592820 6.210340
g1333 g1399 13.117590 2.140000
g1333 g1514 17.580140 17.302180
g1333 g1526 17.406090 17.285030
g1333 g1536 12.503990 12.503990
g1333 g1542 17.382550 17.382550
g1333 g1413 17.496550 17.138380
g1333 g1395 6.021580 5.266280
g1333 g1404 8.056860 6.994540
g1333 g1312 8.443150 7.371570
g1333 g1351 8.791420 8.147380
g1333 g1345 8.404550 7.143770
g1333 g1361 8.653210 7.999270
g1333 g1367 10.272240 9.603500
g1333 g1373 11.239710 10.585770
g1333 g1379 12.494740 11.826000
g1333 g1384 9.793470 7.855570
g1333 g1389 11.453190 10.211630
g1399 g1500 7.195110 5.447230
g1399 g1459 0.499980 0.499980
g1399 g1395 6.441580 5.686280
g1399 g1404 8.476860 7.414540
g1399 g1319 2.998410 2.998410
g1399 OUTPUT 0.000000 0.000000
g1459 g1500 6.897450 5.149570
g1459 g1322 0.499980 0.499980
g1459 g1489 6.115770 5.289010
g1459 g1495 6.526490 6.042210
g1459 g1442 6.436490 6.042210
g1459 g1437 5.346630 5.052430
g1459 g1478 6.395250 5.751210
g1459 g1454 5.440700 5.146500
g1459 g1448 6.659320 6.015280
g1459 g1467 5.440700 5.146500
g1459 g1472 6.659320 6.015280
g1459 g1484 5.440700 5.146500
g1459 g1300 6.659320 6.015280
g1459 OUTPUT 0.000000 0.000000
g1322 g1418 12.728250 8.863600
g1322 g1500 15.877310 6.808240
g1322 g1399 17.402080 6.805120
g1322 g1514 19.953850 2.662650
g1322 g1526 19.779800 17.704870
g1322 g1536 14.877700 12.923830
g1322 g1542 19.756260 17.802390
g1322 g1413 19.870260 17.558220
g1322 g1395 3.509240 3.509240
g1322 g1404 4.169240 4.169240
g1322 g1312 13.298040 7.791410
g1322 g1351 15.704040 8.567220
g1322 g1345 18.069870 7.563610
g1322 g1361 21.132310 8.419110
g1322 g1367 22.751340 10.023340
g1322 g1373 23.718810 11.005610
g1322 g1379 24.973840 12.245840
g1322 g1384 12.927440 8.275410
g1322 g1389 14.587160 10.631470
g1322 g2153 13.152720 12.329280
g1322 g2204 9.079250 8.435210
g1322 g2197 13.152720 12.329280
g1322 g2227 13.152720 12.329280
g1322 g2241 13.279590 11.862110
g1322 g2246 13.918400 13.624200
g1322 g2165 14.068930 13.774730
g1322 g2161 14.068930 13.774730
g1322 g2169 14.068930 13.774730
g1322 g2181 14.068930 13.774730
g1322 g2177 14.068930 13.774730
g1322 g2173 13.992460 13.698260
g1322 g2265 15.611660 15.317460
g1322 g2269 15.979680 15.153520
g1322 g2273 15.899680 15.153520
g1322 g2287 12.563810 11.741470
g1322 g2338 9.079250 8.435210
g1322 g2331 13.152720 12.329280
g1322 g2361 13.152720 12.329280
g1322 g2375 13.279590 11.862110
g1322 g2380 13.918400 13.624200
g1322 g2299 14.068930 13.774730
g1322 g2295 14.068930 13.774730
g1322 g2303 14.068930 13.774730
g1322 g2315 14.068930 13.774730
g1322 g2311 14.068930 13.774730
g1322 g2307 13.992460 13.698260
g1322 g2399 15.611660 15.317460
g1322 g2403 15.979680 15.153520
g1322 g2407 15.899680 15.153520
g1322 g2421 12.563810 11.741470
g1322 g2472 9.079250 8.435210
g1322 g2465 13.152720 12.329280
g1322 g2495 13.152720 12.329280
g1322 g2509 13.279590 11.862110
g1322 g2514 13.918400 13.624200
g1322 g2433 14.068930 13.774730
g1322 g2429 14.068930 13.774730
g1322 g2437 14.068930 13.774730
g1322 g2449 14.068930 13.774730
g1322 g2445 14.068930 13.774730
g1322 g2441 13.992460 13.698260
g1322 g2533 15.611660 15.317460
g1322 g2537 15.979680 15.153520
g1322 g2541 15.899680 15.153520
g1322 g2555 12.563810 11.741470
g1322 g2606 9.079250 8.435210
g1322 g2599 13.152720 12.329280
g1322 g2629 13.152720 12.329280
g1322 g2643 13.279590 11.862110
g1322 g2648 13.918400 13.624200
g1322 g2567 14.068930 13.774730
g1322 g2563 14.068930 13.774730
g1322 g2571 14.068930 13.774730
g1322 g2583 14.068930 13.774730
g1322 g2579 14.068930 13.774730
g1322 g2575 13.992460 13.698260
g1322 g2667 15.611660 15.317460
g1322 g2671 15.979680 15.153520
g1322 g2675 15.899680 15.153520
g1514 g1514 12.637220 4.236630
g1514 g1526 12.463170 2.067600
g1514 g1306 6.622090 5.817310
g1514 g1536 10.511550 10.511550
g1514 g1542 12.439630 10.174870
g1514 g1413 12.553630 10.868100
g1514 g1489 6.795120 5.968360
g1514 g1495 7.205840 6.721560
g1514 g1442 7.115840 6.721560
g1514 g1437 6.934380 6.640180
g1514 g1478 7.983000 7.338960
g1514 g1454 9.005610 8.711410
g1514 g1448 10.224230 9.580190
g1514 g1467 7.728090 7.433890
g1514 g1472 8.946710 8.302670
g1514 g1484 6.117860 5.823660
g1514 g1300 7.336480 6.692440
g1514 g2153 12.797410 11.973970
g1514 g2204 8.723940 8.079900
g1514 g2197 12.797410 11.973970
g1514 g2227 12.797410 11.973970
g1514 g2241 12.924280 11.506800
g1514 g2246 13.563090 13.268890
g1514 g2165 13.713620 13.419420
g1514 g2161 13.713620 13.419420
g1514 g2169 13.713620 13.419420
g1514 g2181 13.713620 13.419420
g1514 g2177 13.713620 13.419420
g1514 g2173 13.637150 13.342950
g1514 g2265 15.256350 14.962150
g1514 g2269 15.624370 14.798210
g1514 g2273 15.544370 14.798210
g1514 g2287 14.617350 13.795010
g1514 g2338 11.132790 10.488750
g1514 g2331 15.206260 14.382820
g1514 g2361 15.206260 14.382820
g1514 g2375 15.333130 13.915650
g1514 g2380 15.971940 15.677740
g1514 g2299 16.122470 15.828270
g1514 g2295 16.122470 15.828270
g1514 g2303 16.122470 15.828270
g1514 g2315 16.122470 15.828270
g1514 g2311 16.122470 15.828270
g1514 g2307 16.046000 15.751800
g1514 g2399 17.665200 17.371000
g1514 g2403 18.033220 17.207060
g1514 g2407 17.953220 17.207060
g1514 g2421 13.197270 12.374930
g1514 g2472 9.712710 9.068670
g1514 g2465 13.786180 12.962740
g1514 g2495 13.786180 12.962740
g1514 g2509 13.913050 12.495570
g1514 g2514 14.551860 14.257660
g1514 g2433 14.702390 14.408190
g1514 g2429 14.702390 14.408190
g1514 g2437 14.702390 14.408190
g1514 g2449 14.702390 14.408190
g1514 g2445 14.702390 14.408190
g1514 g2441 14.625920 14.331720
g1514 g2533 16.245120 15.950920
g1514 g2537 16.613140 15.786980
g1514 g2541 16.533140 15.786980
g1514 g2555 13.390350 12.568010
g1514 g2606 9.905790 9.261750
g1514 g2599 13.979260 13.155820
g1514 g2629 13.979260 13.155820
g1514 g2643 14.106130 12.688650
g1514 g2648 14.744940 14.450740
g1514 g2567 14.895470 14.601270
g1514 g2563 14.895470 14.601270
g1514 g2571 14.895470 14.601270
g1514 g2583 14.895470 14.601270
g1514 g2579 14.895470 14.601270
g1514 g2575 14.819000 14.524800
g1514 g2667 16.438200 16.144000
g1514 g2671 16.806220 15.980060
g1514 g2675 16.726220 15.980060
g1526 g1514 11.458370 11.180410
g1526 g1526 11.284320 3.932520
g1526 g1521 2.429080 2.429080
g1526 g1306 6.445120 5.640340
g1526 g1536 9.332700 9.332700
g1526 g1542 11.260780 8.996020
g1526 g1413 11.374780 9.689250
g1526 g1489 6.965120 6.138360
g1526 g1495 7.375840 6.891560
g1526 g1442 7.285840 6.891560
g1526 g1437 5.761480 5.467280
g1526 g1478 6.810100 6.166060
g1526 g1454 7.826760 7.532560
g1526 g1448 9.045380 8.401340
g1526 g1467 7.551120 7.256920
g1526 g1472 8.769740 8.125700
g1526 g1484 6.287860 5.993660
g1526 g1300 7.506480 6.862440
g1526 g2153 13.925800 13.102360
g1526 g2204 9.852330 9.208290
g1526 g2197 13.925800 13.102360
g1526 g2227 13.925800 13.102360
g1526 g2241 14.052670 12.635190
g1526 g2246 14.691480 14.397280
g1526 g2165 14.842010 14.547810
g1526 g2161 14.842010 14.547810
g1526 g2169 14.842010 14.547810
g1526 g2181 14.842010 14.547810
g1526 g2177 14.842010 14.547810
g1526 g2173 14.765540 14.471340
g1526 g2265 16.384740 16.090540
g1526 g2269 16.752760 15.926600
g1526 g2273 16.672760 15.926600
g1526 g2287 13.438500 12.616160
g1526 g2338 9.953940 9.309900
g1526 g2331 14.027410 13.203970
g1526 g2361 14.027410 13.203970
g1526 g2375 14.154280 12.736800
g1526 g2380 14.793090 14.498890
g1526 g2299 14.943620 14.649420
g1526 g2295 14.943620 14.649420
g1526 g2303 14.943620 14.649420
g1526 g2315 14.943620 14.649420
g1526 g2311 14.943620 14.649420
g1526 g2307 14.867150 14.572950
g1526 g2399 16.486350 16.192150
g1526 g2403 16.854370 16.028210
g1526 g2407 16.774370 16.028210
g1526 g2421 13.020300 12.197960
g1526 g2472 9.535740 8.891700
g1526 g2465 13.609210 12.785770
g1526 g2495 13.609210 12.785770
g1526 g2509 13.736080 12.318600
g1526 g2514 14.374890 14.080690
g1526 g2433 14.525420 14.231220
g1526 g2429 14.525420 14.231220
g1526 g2437 14.525420 14.231220
g1526 g2449 14.525420 14.231220
g1526 g2445 14.525420 14.231220
g1526 g2441 14.448950 14.154750
g1526 g2533 16.068150 15.773950
g1526 g2537 16.436170 15.610010
g1526 g2541 16.356170 15.610010
g1526 g2555 13.157940 12.335600
g1526 g2606 9.673380 9.029340
g1526 g2599 13.746850 12.923410
g1526 g2629 13.746850 12.923410
g1526 g2643 13.873720 12.456240
g1526 g2648 14.512530 14.218330
g1526 g2567 14.663060 14.368860
g1526 g2563 14.663060 14.368860
g1526 g2571 14.663060 14.368860
g1526 g2583 14.663060 14.368860
g1526 g2579 14.663060 14.368860
g1526 g2575 14.586590 14.292390
g1526 g2667 16.205790 15.911590
g1526 g2671 16.573810 15.747650
g1526 g2675 16.493810 15.747650
g1521 g1514 12.656040 12.378080
g1521 g1526 12.481990 12.360930
g1521 g1521 3.077680 3.077680
g1521 g1306 1.985560 1.985560
g1521 g1532 3.217680 3.217680
g1521 g1536 8.810010 7.579890
g1521 g1542 12.458450 8.473330
g1521 g1413 12.572450 9.166560
g1306 g1306 3.217680 3.217680
g1306 g1532 2.334040 2.334040
g1306 g1296 3.194430 3.194430
g1306 g2975 6.127730 6.127730
g1306 OUTPUT 4.827070 4.786770
g1532 g1514 13.610170 13.332210
g1532 g1526 13.436120 13.315060
g1532 g1532 3.077680 3.077680
g1532 g1536 9.764140 2.183560
g1532 g1542 13.412580 9.427460
g1532 g1413 13.526580 10.120690
g1536 g1277 3.867680 3.867680
g1536 g1514 9.709730 7.249470
g1536 g1526 9.535680 7.232320
g1536 g1536 3.691720 3.047680
g1536 g1542 9.512140 2.067600
g1536 g1413 9.626140 7.085670
g1536 g1437 12.062950 10.666530
g1536 g1454 12.062950 10.666530
g1536 g1467 12.062950 10.666530
g1536 g1484 12.062950 10.666530
g1536 g1287 3.679680 3.679680
g1536 g2153 16.233160 15.409720
g1536 g2197 16.233160 15.409720
g1536 g2227 16.233160 15.409720
g1536 g2241 16.360030 12.776620
g1536 g2246 16.998840 16.704640
g1536 g2165 17.149370 11.798850
g1536 g2161 17.149370 11.798850
g1536 g2169 17.149370 11.798850
g1536 g2181 17.149370 11.798850
g1536 g2177 17.149370 11.798850
g1536 g2173 17.072900 11.798850
g1536 g2265 18.692100 18.397900
g1536 g2269 19.060120 18.233960
g1536 g2273 18.980120 18.233960
g1536 g2287 16.086350 15.264010
g1536 g2331 16.675260 15.851820
g1536 g2361 16.675260 15.851820
g1536 g2375 16.802130 13.171760
g1536 g2380 17.440940 17.146740
g1536 g2299 17.591470 12.172630
g1536 g2295 17.591470 12.172630
g1536 g2303 17.591470 12.172630
g1536 g2315 17.591470 12.172630
g1536 g2311 17.591470 12.172630
g1536 g2307 17.515000 12.172630
g1536 g2399 19.134200 18.840000
g1536 g2403 19.502220 18.676060
g1536 g2407 19.422220 18.676060
g1536 g2421 16.289350 15.467010
g1536 g2465 16.878260 16.054820
g1536 g2495 16.878260 16.054820
g1536 g2509 17.005130 13.009700
g1536 g2514 17.643940 17.349740
g1536 g2433 17.794470 12.443950
g1536 g2429 17.794470 12.443950
g1536 g2437 17.794470 12.443950
g1536 g2449 17.794470 12.443950
g1536 g2445 17.794470 12.443950
g1536 g2441 17.718000 12.443950
g1536 g2533 19.337200 19.043000
g1536 g2537 19.705220 18.879060
g1536 g2541 19.625220 18.879060
g1536 g2555 16.086350 15.264010
g1536 g2599 16.675260 15.851820
g1536 g2629 16.675260 15.851820
g1536 g2643 16.802130 13.171760
g1536 g2648 17.440940 17.146740
g1536 g2567 17.591470 12.172630
g1536 g2563 17.591470 12.172630
g1536 g2571 17.591470 12.172630
g1536 g2583 17.591470 12.172630
g1536 g2579 17.591470 12.172630
g1536 g2575 17.515000 12.172630
g1536 g2667 19.134200 18.840000
g1536 g2671 19.502220 18.676060
g1536 g2675 19.422220 18.676060
g1536 g2917 6.612980 6.612980
g1536 OUTPUT 5.312320 5.272020
g1542 g1536 4.248890 4.248890
g1542 g1542 4.668800 2.708020
g1542 g1413 5.870720 2.199400
g1413 g1536 4.127730 4.127730
g1413 g1413 4.583040 3.557980
g1413 g1395 2.466160 2.466160
g1395 g1395 4.206430 3.095400
g1395 g1404 6.241710 2.185540
g1395 g1319 4.455550 4.455550
g1404 g1404 3.982990 3.909550
g1404 g1319 4.517510 2.674770
g1404 g2153 12.973810 12.150370
g1404 g2204 8.900340 8.256300
g1404 g2197 12.973810 12.150370
g1404 g2227 12.973810 12.150370
g1404 g2241 13.100680 11.683200
g1404 g2246 13.739490 13.445290
g1404 g2165 13.890020 13.595820
g1404 g2161 13.890020 13.595820
g1404 g2169 13.890020 13.595820
g1404 g2181 13.890020 13.595820
g1404 g2177 13.890020 13.595820
g1404 g2173 13.813550 13.519350
g1404 g2265 15.432750 15.138550
g1404 g2269 15.800770 14.974610
g1404 g2273 15.720770 14.974610
g1404 g2287 12.384900 11.562560
g1404 g2338 8.900340 8.256300
g1404 g2331 12.973810 12.150370
g1404 g2361 12.973810 12.150370
g1404 g2375 13.100680 11.683200
g1404 g2380 13.739490 13.445290
g1404 g2299 13.890020 13.595820
g1404 g2295 13.890020 13.595820
g1404 g2303 13.890020 13.595820
g1404 g2315 13.890020 13.595820
g1404 g2311 13.890020 13.595820
g1404 g2307 13.813550 13.519350
g1404 g2399 15.432750 15.138550
g1404 g2403 15.800770 14.974610
g1404 g2407 15.720770 14.974610
g1404 g2421 12.384900 11.562560
g1404 g2472 8.900340 8.256300
g1404 g2465 12.973810 12.150370
g1404 g2495 12.973810 12.150370
g1404 g2509 13.100680 11.683200
g1404 g2514 13.739490 13.445290
g1404 g2433 13.890020 13.595820
g1404 g2429 13.890020 13.595820
g1404 g2437 13.890020 13.595820
g1404 g2449 13.890020 13.595820
g1404 g2445 13.890020 13.595820
g1404 g2441 13.813550 13.519350
g1404 g2533 15.432750 15.138550
g1404 g2537 15.800770 14.974610
g1404 g2541 15.720770 14.974610
g1404 g2555 12.384900 11.562560
g1404 g2606 8.900340 8.256300
g1404 g2599 12.973810 12.150370
g1404 g2629 12.973810 12.150370
g1404 g2643 13.100680 11.683200
g1404 g2648 13.739490 13.445290
g1404 g2567 13.890020 13.595820
g1404 g2563 13.890020 13.595820
g1404 g2571 13.890020 13.595820
g1404 g2583 13.890020 13.595820
g1404 g2579 13.890020 13.595820
g1404 g2575 13.813550 13.519350
g1404 g2667 15.432750 15.138550
g1404 g2671 15.800770 14.974610
g1404 g2675 15.720770 14.974610
g1319 g1312 2.662650 2.662650
g1319 g1437 10.553300 9.156880
g1319 g1454 10.553300 9.156880
g1319 g1467 10.553300 9.156880
g1319 g1484 10.553300 9.156880
g1312 g1277 5.081650 5.081650
g1312 g1418 6.564560 6.564560
g1312 g1500 9.713620 8.556540
g1312 g1399 11.238390 8.553420
g1312 g1514 12.229730 11.951770
g1312 g1526 12.055680 11.934620
g1312 g1536 7.153580 7.153580
g1312 g1542 12.032140 12.032140
g1312 g1413 12.146140 11.787970
g1312 g1312 6.152130 4.912370
g1312 g1351 4.884800 2.599360
g1312 g1345 8.279520 8.279520
g1312 g1361 11.341960 8.279520
g1312 g1367 12.960990 8.164770
g1312 g1373 13.928460 8.279520
g1312 g1379 15.183490 8.164770
g1312 g1437 13.276920 11.880500
g1312 g1454 13.276920 11.880500
g1312 g1467 13.276920 11.880500
g1312 g1484 13.276920 11.880500
g1312 g1287 4.893650 4.893650
g1312 g2153 17.447130 16.623690
g1312 g2197 17.447130 16.623690
g1312 g2227 17.447130 16.623690
g1312 g2241 17.574000 13.990590
g1312 g2246 18.212810 17.918610
g1312 g2165 18.363340 13.012820
g1312 g2161 18.363340 13.012820
g1312 g2169 18.363340 13.012820
g1312 g2181 18.363340 13.012820
g1312 g2177 18.363340 13.012820
g1312 g2173 18.286870 13.012820
g1312 g2265 19.906070 19.611870
g1312 g2269 20.274090 19.447930
g1312 g2273 20.194090 19.447930
g1312 g2287 17.300320 16.477980
g1312 g2331 17.889230 17.065790
g1312 g2361 17.889230 17.065790
g1312 g2375 18.016100 14.385730
g1312 g2380 18.654910 18.360710
g1312 g2299 18.805440 13.386600
g1312 g2295 18.805440 13.386600
g1312 g2303 18.805440 13.386600
g1312 g2315 18.805440 13.386600
g1312 g2311 18.805440 13.386600
g1312 g2307 18.728970 13.386600
g1312 g2399 20.348170 20.053970
g1312 g2403 20.716190 19.890030
g1312 g2407 20.636190 19.890030
g1312 g2421 17.503320 16.680980
g1312 g2465 18.092230 17.268790
g1312 g2495 18.092230 17.268790
g1312 g2509 18.219100 14.223670
g1312 g2514 18.857910 18.563710
g1312 g2433 19.008440 13.657920
g1312 g2429 19.008440 13.657920
g1312 g2437 19.008440 13.657920
g1312 g2449 19.008440 13.657920
g1312 g2445 19.008440 13.657920
g1312 g2441 18.931970 13.657920
g1312 g2533 20.551170 20.256970
g1312 g2537 20.919190 20.093030
g1312 g2541 20.839190 20.093030
g1312 g2555 17.300320 16.477980
g1312 g2599 17.889230 17.065790
g1312 g2629 17.889230 17.065790
g1312 g2643 18.016100 14.385730
g1312 g2648 18.654910 18.360710
g1312 g2567 18.805440 13.386600
g1312 g2563 18.805440 13.386600
g1312 g2571 18.805440 13.386600
g1312 g2583 18.805440 13.386600
g1312 g2579 18.805440 13.386600
g1312 g2575 18.728970 13.386600
g1312 g2667 20.348170 20.053970
g1312 g2671 20.716190 19.890030
g1312 g2675 20.636190 19.890030
g1312 g2917 7.826950 7.826950
g1312 OUTPUT 6.526290 6.485990
g1351 g1277 5.256920 5.256920
g1351 g1418 7.399290 7.399290
g1351 g1500 10.548350 9.391270
g1351 g1399 12.073120 9.388150
g1351 g1514 12.399730 12.121770
g1351 g1526 12.225680 12.104620
g1351 g1536 7.323580 7.323580
g1351 g1542 12.202140 12.202140
g1351 g1413 12.316140 11.957970
g1351 g1312 7.926410 5.824630
g1351 g1351 8.648670 3.115560
g1351 g1345 12.506660 3.615100
g1351 g1361 15.569100 9.565120
g1351 g1367 17.188130 9.450370
g1351 g1373 18.155600 9.565120
g1351 g1379 19.410630 9.450370
g1351 g1384 3.672730 3.672730
g1351 g1389 8.105350 6.171470
g1351 g1437 13.452190 12.055770
g1351 g1454 13.452190 12.055770
g1351 g1467 13.452190 12.055770
g1351 g1484 13.452190 12.055770
g1351 g1287 5.068920 5.068920
g1351 g2153 17.622400 16.798960
g1351 g2197 17.622400 16.798960
g1351 g2227 17.622400 16.798960
g1351 g2241 17.749270 14.165860
g1351 g2246 18.388080 18.093880
g1351 g2165 18.538610 13.188090
g1351 g2161 18.538610 13.188090
g1351 g2169 18.538610 13.188090
g1351 g2181 18.538610 13.188090
g1351 g2177 18.538610 13.188090
g1351 g2173 18.462140 13.188090
g1351 g2265 20.081340 19.787140
g1351 g2269 20.449360 19.623200
g1351 g2273 20.369360 19.623200
g1351 g2287 17.475590 16.653250
g1351 g2331 18.064500 17.241060
g1351 g2361 18.064500 17.241060
g1351 g2375 18.191370 14.561000
g1351 g2380 18.830180 18.535980
g1351 g2299 18.980710 13.561870
g1351 g2295 18.980710 13.561870
g1351 g2303 18.980710 13.561870
g1351 g2315 18.980710 13.561870
g1351 g2311 18.980710 13.561870
g1351 g2307 18.904240 13.561870
g1351 g2399 20.523440 20.229240
g1351 g2403 20.891460 20.065300
g1351 g2407 20.811460 20.065300
g1351 g2421 17.678590 16.856250
g1351 g2465 18.267500 17.444060
g1351 g2495 18.267500 17.444060
g1351 g2509 18.394370 14.398940
g1351 g2514 19.033180 18.738980
g1351 g2433 19.183710 13.833190
g1351 g2429 19.183710 13.833190
g1351 g2437 19.183710 13.833190
g1351 g2449 19.183710 13.833190
g1351 g2445 19.183710 13.833190
g1351 g2441 19.107240 13.833190
g1351 g2533 20.726440 20.432240
g1351 g2537 21.094460 20.268300
g1351 g2541 21.014460 20.268300
g1351 g2555 17.475590 16.653250
g1351 g2599 18.064500 17.241060
g1351 g2629 18.064500 17.241060
g1351 g2643 18.191370 14.561000
g1351 g2648 18.830180 18.535980
g1351 g2567 18.980710 13.561870
g1351 g2563 18.980710 13.561870
g1351 g2571 18.980710 13.561870
g1351 g2583 18.980710 13.561870
g1351 g2579 18.980710 13.561870
g1351 g2575 18.904240 13.561870
g1351 g2667 20.523440 20.229240
g1351 g2671 20.891460 20.065300
g1351 g2675 20.811460 20.065300
g1351 g2917 8.002220 8.002220
g1351 OUTPUT 6.701560 6.661260
g1345 g1514 14.262860 13.984900
g1345 g1526 14.088810 13.967750
g1345 g1536 9.186710 9.186710
g1345 g1542 14.065270 14.065270
g1345 g1413 14.179270 13.821100
g1345 g1312 7.587050 7.587050
g1345 g1345 4.300750 3.152630
g1345 g1361 5.870190 2.185540
g1345 g1367 7.489220 6.820480
g1345 g1373 8.456690 7.802750
g1345 g1379 9.711720 9.042980
g1361 g1312 8.637010 8.637010
g1361 g1351 10.558600 9.370560
g1361 g1345 13.278000 13.278000
g1361 g1361 16.340440 3.152630
g1361 g1367 17.959470 2.389480
g1361 g1373 18.926940 6.938190
g1361 g1379 20.181970 8.178420
g1367 g1514 14.175020 13.897060
g1367 g1526 14.000970 13.879910
g1367 g1536 9.098870 9.098870
g1367 g1542 13.977430 13.977430
g1367 g1413 14.091430 13.733260
g1367 g1312 7.499210 7.499210
g1367 g1367 5.072700 4.362850
g1367 g1373 5.870190 2.385520
g1367 g1379 7.125220 6.456480
g1373 g1312 8.462210 8.462210
g1373 g1351 10.383800 9.195760
g1373 g1345 13.103200 13.103200
g1373 g1361 16.165640 13.103200
g1373 g1367 17.784670 12.988450
g1373 g1373 18.752140 3.152630
g1373 g1379 20.007170 2.389480
g1379 g1514 14.329640 14.051680
g1379 g1526 14.155590 14.034530
g1379 g1536 9.253490 9.253490
g1379 g1542 14.132050 14.132050
g1379 g1413 14.246050 13.887880
g1379 g1312 7.653830 7.653830
g1379 g1379 5.072700 4.362850
g1379 g1384 2.385520 2.385520
g1384 g1384 4.300750 3.152630
g1384 g1389 5.791780 2.185540
g1389 g1312 4.290210 4.290210
g1389 g1351 6.773210 6.773210
g1389 g1345 8.873260 8.873260
g1389 g1361 11.935700 8.873260
g1389 g1367 13.554730 8.758510
g1389 g1373 14.522200 8.873260
g1389 g1379 15.777230 8.758510
g1389 g1389 4.296010 3.047680
g1389 g1489 2.466160 2.466160
g1489 g1489 4.392040 2.459020
g1489 g1495 2.987680 2.140000
g1489 g1437 9.344120 8.774600
g1489 g1454 9.344120 8.774600
g1489 g1467 9.344120 8.774600
g1489 g1484 9.344120 8.774600
g1495 g1489 5.385810 5.385810
g1495 g1495 3.217680 3.217680
g1495 g1442 3.077680 2.294440
g1495 g1478 7.551830 6.907790
g1495 g1448 7.381830 6.737790
g1495 g1472 7.381830 6.737790
g1495 g1300 7.381830 6.737790
g1442 g1489 3.443060 3.443060
g1442 g1442 3.217680 3.217680
g1442 g1437 9.160160 2.128120
g1442 g1478 6.560220 5.916180
g1442 g1454 9.160160 8.590640
g1442 g1448 6.390220 5.746180
g1442 g1467 9.160160 8.590640
g1442 g1472 6.390220 5.746180
g1442 g1484 9.160160 8.590640
g1442 g1300 6.390220 5.746180
g1437 g1437 4.553480 3.217680
g1437 g1478 6.235450 1.985560
g1478 g48 10.006810 7.832060
g1478 g55 23.469050 17.427980
g1478 g1437 8.305100 6.527480
g1478 g1478 6.413890 4.559700
g1478 g1454 2.177620 2.177620
g1478 g2153 14.453980 13.630540
g1478 g2197 14.453980 13.630540
g1478 g2227 14.453980 13.630540
g1478 g2241 14.580850 10.997440
g1478 g2246 15.219660 14.925460
g1478 g2165 15.370190 10.019670
g1478 g2161 15.370190 10.019670
g1478 g2169 15.370190 10.019670
g1478 g2181 15.370190 10.019670
g1478 g2177 15.370190 10.019670
g1478 g2173 15.293720 10.019670
g1478 g2265 16.912920 16.618720
g1478 g2269 17.280940 16.454780
g1478 g2273 17.200940 16.454780
g1478 g2984 22.644680 18.778360
g1478 g9 6.124440 6.124440
g1478 g34 19.586680 15.720360
g1478 OUTPUT 8.029210 8.029210
g1478 OUTPUT 21.491450 17.625130
g1454 g1454 4.553480 3.217680
g1454 g1448 6.235450 1.985560
g1448 g47 10.021570 7.846820
g1448 g55 23.662370 17.239700
g1448 g1454 8.305100 6.527480
g1448 g1448 6.413890 4.559700
g1448 g1467 2.177620 2.177620
g1448 g2287 14.306190 13.483850
g1448 g2331 14.895100 14.071660
g1448 g2361 14.895100 14.071660
g1448 g2375 15.021970 11.391600
g1448 g2380 15.660780 15.366580
g1448 g2299 15.811310 10.392470
g1448 g2295 15.811310 10.392470
g1448 g2303 15.811310 10.392470
g1448 g2315 15.811310 10.392470
g1448 g2311 15.811310 10.392470
g1448 g2307 15.734840 10.392470
g1448 g2399 17.354040 17.059840
g1448 g2403 17.722060 16.895900
g1448 g2407 17.642060 16.895900
g1448 g2984 22.838000 18.590080
g1448 g8 6.139200 6.139200
g1448 g34 19.780000 15.532080
g1448 OUTPUT 8.043970 8.043970
g1448 OUTPUT 21.684770 17.436850
g1467 g1467 4.553480 3.217680
g1467 g1472 6.235450 1.985560
g1472 g46 10.006810 7.832060
g1472 g55 23.672150 17.249540
g1472 g1467 8.305100 6.527480
g1472 g1472 6.413890 4.559700
g1472 g1484 2.177620 2.177620
g1472 g2421 14.509190 13.686850
g1472 g2465 15.098100 14.274660
g1472 g2495 15.098100 14.274660
g1472 g2509 15.224970 11.229540
g1472 g2514 15.863780 15.569580
g1472 g2433 16.014310 10.663790
g1472 g2429 16.014310 10.663790
g1472 g2437 16.014310 10.663790
g1472 g2449 16.014310 10.663790
g1472 g2445 16.014310 10.663790
g1472 g2441 15.937840 10.663790
g1472 g2533 17.557040 17.262840
g1472 g2537 17.925060 17.098900
g1472 g2541 17.845060 17.098900
g1472 g2984 22.847780 18.599920
g1472 g7 6.124440 6.124440
g1472 g34 19.789780 15.541920
g1472 OUTPUT 8.029210 8.029210
g1472 OUTPUT 21.694550 17.446690
g1484 g1484 4.553480 3.217680
g1484 g1300 6.235450 1.985560
g1300 g45 10.021570 7.846820
g1300 g55 23.865470 17.061320
g1300 g1484 8.305100 6.527480
g1300 g1300 6.413890 4.579500
g1300 g1291 2.658220 2.658220
g1300 g2555 14.306190 13.483850
g1300 g2599 14.895100 14.071660
g1300 g2629 14.895100 14.071660
g1300 g2643 15.021970 11.391600
g1300 g2648 15.660780 15.366580
g1300 g2567 15.811310 10.392470
g1300 g2563 15.811310 10.392470
g1300 g2571 15.811310 10.392470
g1300 g2583 15.811310 10.392470
g1300 g2579 15.811310 10.392470
g1300 g2575 15.734840 10.392470
g1300 g2667 17.354040 17.059840
g1300 g2671 17.722060 16.895900
g1300 g2675 17.642060 16.895900
g1300 g2984 23.041100 18.411700
g1300 g6 6.139200 6.139200
g1300 g34 19.983100 15.353700
g1300 OUTPUT 8.043970 8.043970
g1300 OUTPUT 21.887870 17.258470
g1291 g45 11.741210 9.566460
g1291 g46 11.726450 9.551700
g1291 g47 11.741210 9.566460
g1291 g48 11.726450 9.551700
g1291 g49 10.356830 8.182080
g1291 g55 25.585110 17.575020
g1291 g1291 3.045650 3.045650
g1291 g1296 3.308370 3.308370
g1291 g2153 16.173620 15.350180
g1291 g2197 16.173620 15.350180
g1291 g2227 16.173620 15.350180
g1291 g2241 16.300490 12.717080
g1291 g2246 16.939300 16.645100
g1291 g2165 17.089830 11.739310
g1291 g2161 17.089830 11.739310
g1291 g2169 17.089830 11.739310
g1291 g2181 17.089830 11.739310
g1291 g2177 17.089830 11.739310
g1291 g2173 17.013360 11.739310
g1291 g2265 18.632560 18.338360
g1291 g2269 19.000580 18.174420
g1291 g2273 18.920580 18.174420
g1291 g2287 16.025830 15.203490
g1291 g2331 16.614740 15.791300
g1291 g2361 16.614740 15.791300
g1291 g2375 16.741610 13.111240
g1291 g2380 17.380420 17.086220
g1291 g2299 17.530950 12.112110
g1291 g2295 17.530950 12.112110
g1291 g2303 17.530950 12.112110
g1291 g2315 17.530950 12.112110
g1291 g2311 17.530950 12.112110
g1291 g2307 17.454480 12.112110
g1291 g2399 19.073680 18.779480
g1291 g2403 19.441700 18.615540
g1291 g2407 19.361700 18.615540
g1291 g2421 16.228830 15.406490
g1291 g2465 16.817740 15.994300
g1291 g2495 16.817740 15.994300
g1291 g2509 16.944610 12.949180
g1291 g2514 17.583420 17.289220
g1291 g2433 17.733950 12.383430
g1291 g2429 17.733950 12.383430
g1291 g2437 17.733950 12.383430
g1291 g2449 17.733950 12.383430
g1291 g2445 17.733950 12.383430
g1291 g2441 17.657480 12.383430
g1291 g2533 19.276680 18.982480
g1291 g2537 19.644700 18.818540
g1291 g2541 19.564700 18.818540
g1291 g2555 16.025830 15.203490
g1291 g2599 16.614740 15.791300
g1291 g2629 16.614740 15.791300
g1291 g2643 16.741610 13.111240
g1291 g2648 17.380420 17.086220
g1291 g2567 17.530950 12.112110
g1291 g2563 17.530950 12.112110
g1291 g2571 17.530950 12.112110
g1291 g2583 17.530950 12.112110
g1291 g2579 17.530950 12.112110
g1291 g2575 17.454480 12.112110
g1291 g2667 19.073680 18.779480
g1291 g2671 19.441700 18.615540
g1291 g2675 19.361700 18.615540
g1291 g2984 24.760740 18.925400
g1291 g6 7.858840 7.858840
g1291 g7 7.844080 7.844080
g1291 g8 7.858840 7.858840
g1291 g9 7.844080 7.844080
g1291 g16 6.474460 6.474460
g1291 g34 21.702740 15.867400
g1291 OUTPUT 9.763610 9.763610
g1291 OUTPUT 9.748850 9.748850
g1291 OUTPUT 9.763610 9.763610
g1291 OUTPUT 9.748850 9.748850
g1291 OUTPUT 8.379230 8.379230
g1291 OUTPUT 23.607510 17.772170
g1296 g50 8.880610 6.705860
g1296 g55 22.342850 16.301780
g1296 g1296 2.161030 2.161030
g1296 g1283 2.260950 2.260950
g1296 g2984 21.518480 17.652160
g1296 g19 4.998240 4.998240
g1296 g34 18.460480 14.594160
g1296 OUTPUT 6.903010 6.903010
g1296 OUTPUT 20.365250 16.498930
g1283 g51 9.515330 7.340580
g1283 g55 22.953030 16.911960
g1283 g1283 2.340030 2.340030
g1283 g1287 2.466870 2.466870
g1283 g2984 22.128660 18.262340
g1283 g28 5.632960 5.632960
g1283 g34 19.070660 15.204340
g1283 OUTPUT 7.537730 7.537730
g1283 OUTPUT 20.975430 17.109110
g1287 g52 9.498590 7.323840
g1287 g55 22.757730 17.098260
g1287 g1287 2.161030 2.161030
g1287 g1311 2.065600 2.065600
g1287 g2984 21.933360 18.448640
g1287 g31 5.616220 5.616220
g1287 g34 18.875360 15.390640
g1287 OUTPUT 7.520990 7.520990
g1287 OUTPUT 20.780130 17.295410
g1311 g929 1.859680 1.859680
g929 g904 2.366040 2.366040
g904 g904 4.004810 3.594850
g904 g921 6.029730 2.179600
g904 g936 8.158190 7.319450
g904 g907 10.475540 9.636800
g904 g911 12.604000 11.765260
g904 g914 14.921350 14.082610
g904 g918 17.049810 16.211070
g904 g925 19.367160 18.528420
g904 g930 21.495620 20.656880
g904 g933 20.081870 20.081870
g921 g921 3.996820 3.557980
g921 g936 6.029730 1.985560
g921 g907 8.347080 7.508340
g921 g911 10.475540 9.636800
g921 g914 12.792890 11.954150
g921 g918 14.921350 14.082610
g921 g925 17.238700 16.399960
g921 g930 19.367160 18.528420
g921 g933 17.953410 17.953410
g936 g936 3.996820 3.557980
g936 g907 5.852720 1.985560
g936 g911 7.981180 7.142440
g936 g914 10.298530 9.459790
g936 g918 12.426990 11.588250
g936 g925 14.744340 13.905600
g936 g930 16.872800 16.034060
g936 g933 15.459050 15.459050
g907 g907 3.996820 3.557980
g907 g911 6.029730 1.985560
g907 g914 8.347080 7.508340
g907 g918 10.475540 9.636800
g907 g925 12.792890 11.954150
g907 g930 14.921350 14.082610
g907 g933 13.507600 13.507600
g911 g911 3.996820 3.557980
g911 g914 5.852720 1.985560
g911 g918 7.981180 7.142440
g911 g925 10.298530 9.459790
g911 g930 12.426990 11.588250
g911 g933 11.013240 11.013240
g914 g914 3.996820 3.557980
g914 g918 6.029730 1.985560
g914 g925 8.347080 7.508340
g914 g930 10.475540 9.636800
g914 g933 9.061790 9.061790
g918 g918 3.996820 3.557980
g918 g925 5.852720 1.985560
g918 g930 7.981180 7.142440
g918 g933 6.567430 6.567430
g925 g925 3.996820 3.557980
g925 g930 6.029730 1.985560
g925 g933 4.615980 4.615980
g930 g930 3.996820 3.557980
g930 g933 2.260950 2.019030
g933 g1075 2.466160 2.466160
g933 g939 2.161030 2.161030
g1075 g1075 2.967080 2.967080
g1075 g1079 0.499980 0.499980
g1075 g1592 10.885100 10.061660
g1075 g1644 6.391630 5.747590
g1075 g1636 10.885100 10.061660
g1075 g1668 10.885100 10.061660
g1075 g1682 11.011970 9.594490
g1075 g1687 11.650780 11.356580
g1075 g1604 11.801310 11.507110
g1075 g1600 11.801310 11.507110
g1075 g1608 11.801310 11.507110
g1075 g1620 11.801310 11.507110
g1075 g1616 11.801310 11.507110
g1075 g1612 11.724840 11.430640
g1075 g1706 13.344040 13.049840
g1075 g1710 13.712060 12.885900
g1075 g1714 13.632060 12.885900
g1075 OUTPUT 0.000000 0.000000
g1075 OUTPUT 1.574720 1.574720
g1075 OUTPUT 1.574720 1.574720
g1079 g1075 3.137080 3.137080
g1079 g1083 0.499980 0.499980
g1079 g1728 10.112050 9.289710
g1079 g1779 6.627490 5.983450
g1079 g1772 10.700960 9.877520
g1079 g1802 10.700960 9.877520
g1079 g1816 10.827830 9.410350
g1079 g1821 11.466640 11.172440
g1079 g1740 11.617170 11.322970
g1079 g1736 11.617170 11.322970
g1079 g1744 11.617170 11.322970
g1079 g1756 11.617170 11.322970
g1079 g1752 11.617170 11.322970
g1079 g1748 11.540700 11.246500
g1079 g1840 13.159900 12.865700
g1079 g1844 13.527920 12.701760
g1079 g1848 13.447920 12.701760
g1079 OUTPUT 0.000000 0.000000
g1083 g1075 2.992030 2.992030
g1083 g1087 0.499980 0.499980
g1083 g1233 3.989360 3.077680
g1083 g1862 10.112050 9.289710
g1083 g1913 6.627490 5.983450
g1083 g1906 10.700960 9.877520
g1083 g1936 10.700960 9.877520
g1083 g1950 10.827830 9.410350
g1083 g1955 11.466640 11.172440
g1083 g1874 11.617170 11.322970
g1083 g1870 11.617170 11.322970
g1083 g1878 11.617170 11.322970
g1083 g1890 11.617170 11.322970
g1083 g1886 11.617170 11.322970
g1083 g1882 11.540700 11.246500
g1083 g1974 13.159900 12.865700
g1083 g1978 13.527920 12.701760
g1083 g1982 13.447920 12.701760
g1083 OUTPUT 0.000000 0.000000
g1087 g1075 6.079150 6.079150
g1087 g1205 3.987380 2.187520
g1087 g1221 5.732810 4.986650
g1087 g1216 8.598470 6.261850
g1087 g1211 10.457740 6.261850
g1087 g1996 10.112050 9.289710
g1087 g2047 6.627490 5.983450
g1087 g2040 10.700960 9.877520
g1087 g2070 10.700960 9.877520
g1087 g2084 10.827830 9.410350
g1087 g2089 11.466640 11.172440
g1087 g2008 11.617170 11.322970
g1087 g2004 11.617170 11.322970
g1087 g2012 11.617170 11.322970
g1087 g2024 11.617170 11.322970
g1087 g2020 11.617170 11.322970
g1087 g2016 11.540700 11.246500
g1087 g2108 13.159900 12.865700
g1087 g2112 13.527920 12.701760
g1087 g2116 13.447920 12.701760
g1205 g1075 5.894910 5.894910
g1205 g1205 3.877720 3.217680
g1205 g1221 5.555820 2.369680
g1205 g1216 8.421480 6.077610
g1205 g1211 10.280750 6.077610
g1205 g1592 15.401560 14.578120
g1205 g1644 10.908090 10.264050
g1205 g1636 15.401560 14.578120
g1205 g1668 15.401560 14.578120
g1205 g1682 15.528430 14.110950
g1205 g1687 16.167240 15.873040
g1205 g1604 16.317770 16.023570
g1205 g1600 16.317770 16.023570
g1205 g1608 16.317770 16.023570
g1205 g1620 16.317770 16.023570
g1205 g1616 16.317770 16.023570
g1205 g1612 16.241300 15.947100
g1205 g1706 17.860500 17.566300
g1205 g1710 18.228520 17.402360
g1205 g1714 18.148520 17.402360
g1205 g1728 14.346360 13.524020
g1205 g1779 10.861800 10.217760
g1205 g1772 14.935270 14.111830
g1205 g1802 14.935270 14.111830
g1205 g1816 15.062140 13.644660
g1205 g1821 15.700950 15.406750
g1205 g1740 15.851480 15.557280
g1205 g1736 15.851480 15.557280
g1205 g1744 15.851480 15.557280
g1205 g1756 15.851480 15.557280
g1205 g1752 15.851480 15.557280
g1205 g1748 15.775010 15.480810
g1205 g1840 17.394210 17.100010
g1205 g1844 17.762230 16.936070
g1205 g1848 17.682230 16.936070
g1205 g1862 14.346360 13.524020
g1205 g1913 10.861800 10.217760
g1205 g1906 14.935270 14.111830
g1205 g1936 14.935270 14.111830
g1205 g1950 15.062140 13.644660
g1205 g1955 15.700950 15.406750
g1205 g1874 15.851480 15.557280
g1205 g1870 15.851480 15.557280
g1205 g1878 15.851480 15.557280
g1205 g1890 15.851480 15.557280
g1205 g1886 15.851480 15.557280
g1205 g1882 15.775010 15.480810
g1205 g1974 17.394210 17.100010
g1205 g1978 17.762230 16.936070
g1205 g1982 17.682230 16.936070
g1205 g1996 14.346360 13.524020
g1205 g2047 10.861800 10.217760
g1205 g2040 14.935270 14.111830
g1205 g2070 14.935270 14.111830
g1205 g2084 15.062140 13.644660
g1205 g2089 15.700950 15.406750
g1205 g2008 15.851480 15.557280
g1205 g2004 15.851480 15.557280
g1205 g2012 15.851480 15.557280
g1205 g2024 15.851480 15.557280
g1205 g2020 15.851480 15.557280
g1205 g2016 15.775010 15.480810
g1205 g2108 17.394210 17.100010
g1205 g2112 17.762230 16.936070
g1205 g2116 17.682230 16.936070
g1205 OUTPUT 6.091180 6.091180
g1205 OUTPUT 6.091180 6.091180
g1221 g1075 5.629150 5.629150
g1221 g1221 3.691720 3.047680
g1221 g1216 7.306600 2.193460
g1221 g1211 8.321210 5.811850
g1221 g1592 14.985340 14.161900
g1221 g1644 10.491870 9.847830
g1221 g1636 14.985340 14.161900
g1221 g1668 14.985340 14.161900
g1221 g1682 15.112210 13.694730
g1221 g1687 15.751020 15.456820
g1221 g1604 15.901550 15.607350
g1221 g1600 15.901550 15.607350
g1221 g1608 15.901550 15.607350
g1221 g1620 15.901550 15.607350
g1221 g1616 15.901550 15.607350
g1221 g1612 15.825080 15.530880
g1221 g1706 17.444280 17.150080
g1221 g1710 17.812300 16.986140
g1221 g1714 17.732300 16.986140
g1221 g1728 13.930140 13.107800
g1221 g1779 10.445580 9.801540
g1221 g1772 14.519050 13.695610
g1221 g1802 14.519050 13.695610
g1221 g1816 14.645920 13.228440
g1221 g1821 15.284730 14.990530
g1221 g1740 15.435260 15.141060
g1221 g1736 15.435260 15.141060
g1221 g1744 15.435260 15.141060
g1221 g1756 15.435260 15.141060
g1221 g1752 15.435260 15.141060
g1221 g1748 15.358790 15.064590
g1221 g1840 16.977990 16.683790
g1221 g1844 17.346010 16.519850
g1221 g1848 17.266010 16.519850
g1221 g1862 13.930140 13.107800
g1221 g1913 10.445580 9.801540
g1221 g1906 14.519050 13.695610
g1221 g1936 14.519050 13.695610
g1221 g1950 14.645920 13.228440
g1221 g1955 15.284730 14.990530
g1221 g1874 15.435260 15.141060
g1221 g1870 15.435260 15.141060
g1221 g1878 15.435260 15.141060
g1221 g1890 15.435260 15.141060
g1221 g1886 15.435260 15.141060
g1221 g1882 15.358790 15.064590
g1221 g1974 16.977990 16.683790
g1221 g1978 17.346010 16.519850
g1221 g1982 17.266010 16.519850
g1221 g1996 13.930140 13.107800
g1221 g2047 10.445580 9.801540
g1221 g2040 14.519050 13.695610
g1221 g2070 14.519050 13.695610
g1221 g2084 14.645920 13.228440
g1221 g2089 15.284730 14.990530
g1221 g2008 15.435260 15.141060
g1221 g2004 15.435260 15.141060
g1221 g2012 15.435260 15.141060
g1221 g2024 15.435260 15.141060
g1221 g2020 15.435260 15.141060
g1221 g2016 15.358790 15.064590
g1221 g2108 16.977990 16.683790
g1221 g2112 17.346010 16.519850
g1221 g2116 17.266010 16.519850
g1221 OUTPUT 5.674960 5.674960
g1221 OUTPUT 5.674960 5.674960
g1216 g1216 4.583040 3.557980
g1216 g1211 5.870720 2.189500
g1216 g1592 15.671380 14.847940
g1216 g1644 11.177910 10.533870
g1216 g1636 15.671380 14.847940
g1216 g1668 15.671380 14.847940
g1216 g1682 15.798250 14.380770
g1216 g1687 16.437060 16.142860
g1216 g1604 16.587590 16.293390
g1216 g1600 16.587590 16.293390
g1216 g1608 16.587590 16.293390
g1216 g1620 16.587590 16.293390
g1216 g1616 16.587590 16.293390
g1216 g1612 16.511120 16.216920
g1216 g1706 18.130320 17.836120
g1216 g1710 18.498340 17.672180
g1216 g1714 18.418340 17.672180
g1216 g1728 14.616180 13.793840
g1216 g1779 11.131620 10.487580
g1216 g1772 15.205090 14.381650
g1216 g1802 15.205090 14.381650
g1216 g1816 15.331960 13.914480
g1216 g1821 15.970770 15.676570
g1216 g1740 16.121300 15.827100
g1216 g1736 16.121300 15.827100
g1216 g1744 16.121300 15.827100
g1216 g1756 16.121300 15.827100
g1216 g1752 16.121300 15.827100
g1216 g1748 16.044830 15.750630
g1216 g1840 17.664030 17.369830
g1216 g1844 18.032050 17.205890
g1216 g1848 17.952050 17.205890
g1216 g1862 14.616180 13.793840
g1216 g1913 11.131620 10.487580
g1216 g1906 15.205090 14.381650
g1216 g1936 15.205090 14.381650
g1216 g1950 15.331960 13.914480
g1216 g1955 15.970770 15.676570
g1216 g1874 16.121300 15.827100
g1216 g1870 16.121300 15.827100
g1216 g1878 16.121300 15.827100
g1216 g1890 16.121300 15.827100
g1216 g1886 16.121300 15.827100
g1216 g1882 16.044830 15.750630
g1216 g1974 17.664030 17.369830
g1216 g1978 18.032050 17.205890
g1216 g1982 17.952050 17.205890
g1216 g1996 14.616180 13.793840
g1216 g2047 11.131620 10.487580
g1216 g2040 15.205090 14.381650
g1216 g2070 15.205090 14.381650
g1216 g2084 15.331960 13.914480
g1216 g2089 15.970770 15.676570
g1216 g2008 16.121300 15.827100
g1216 g2004 16.121300 15.827100
g1216 g2012 16.121300 15.827100
g1216 g2024 16.121300 15.827100
g1216 g2020 16.121300 15.827100
g1216 g2016 16.044830 15.750630
g1216 g2108 17.664030 17.369830
g1216 g2112 18.032050 17.205890
g1216 g2116 17.952050 17.205890
g1216 OUTPUT 6.361000 6.361000
g1216 OUTPUT 6.361000 6.361000
g1211 g1075 5.389150 5.389150
g1211 g1216 7.066600 5.571850
g1211 g1211 7.066600 3.557980
g1211 g1227 2.179600 2.179600
g1211 g1592 15.477120 14.653680
g1211 g1644 10.983650 10.339610
g1211 g1636 15.477120 14.653680
g1211 g1668 15.477120 14.653680
g1211 g1682 15.603990 14.186510
g1211 g1687 16.242800 15.948600
g1211 g1604 16.393330 16.099130
g1211 g1600 16.393330 16.099130
g1211 g1608 16.393330 16.099130
g1211 g1620 16.393330 16.099130
g1211 g1616 16.393330 16.099130
g1211 g1612 16.316860 16.022660
g1211 g1706 17.936060 17.641860
g1211 g1710 18.304080 17.477920
g1211 g1714 18.224080 17.477920
g1211 g1728 14.421920 13.599580
g1211 g1779 10.937360 10.293320
g1211 g1772 15.010830 14.187390
g1211 g1802 15.010830 14.187390
g1211 g1816 15.137700 13.720220
g1211 g1821 15.776510 15.482310
g1211 g1740 15.927040 15.632840
g1211 g1736 15.927040 15.632840
g1211 g1744 15.927040 15.632840
g1211 g1756 15.927040 15.632840
g1211 g1752 15.927040 15.632840
g1211 g1748 15.850570 15.556370
g1211 g1840 17.469770 17.175570
g1211 g1844 17.837790 17.011630
g1211 g1848 17.757790 17.011630
g1211 g1862 14.421920 13.599580
g1211 g1913 10.937360 10.293320
g1211 g1906 15.010830 14.187390
g1211 g1936 15.010830 14.187390
g1211 g1950 15.137700 13.720220
g1211 g1955 15.776510 15.482310
g1211 g1874 15.927040 15.632840
g1211 g1870 15.927040 15.632840
g1211 g1878 15.927040 15.632840
g1211 g1890 15.927040 15.632840
g1211 g1886 15.927040 15.632840
g1211 g1882 15.850570 15.556370
g1211 g1974 17.469770 17.175570
g1211 g1978 17.837790 17.011630
g1211 g1982 17.757790 17.011630
g1211 g1996 14.421920 13.599580
g1211 g2047 10.937360 10.293320
g1211 g2040 15.010830 14.187390
g1211 g2070 15.010830 14.187390
g1211 g2084 15.137700 13.720220
g1211 g2089 15.776510 15.482310
g1211 g2008 15.927040 15.632840
g1211 g2004 15.927040 15.632840
g1211 g2012 15.927040 15.632840
g1211 g2024 15.927040 15.632840
g1211 g2020 15.927040 15.632840
g1211 g2016 15.850570 15.556370
g1211 g2108 17.469770 17.175570
g1211 g2112 17.837790 17.011630
g1211 g2116 17.757790 17.011630
g1211 OUTPUT 6.166740 6.166740
g1211 OUTPUT 6.166740 6.166740
g1227 g904 4.560710 3.672730
g1227 g921 5.852720 3.456970
g1227 g936 7.981180 3.456970
g1227 g907 10.298530 3.456970
g1227 g911 12.426990 3.456970
g1227 g914 14.744340 3.456970
g1227 g918 16.872800 3.456970
g1227 g925 19.190150 3.456970
g1227 g930 21.318610 3.456970
g1227 g933 19.904860 19.904860
g1227 g1242 0.499980 0.499980
g1227 g1246 3.005900 3.005900
g1227 g1233 2.987680 2.987680
g1227 g996 3.005900 3.005900
g1227 g1052 5.263730 4.508430
g1227 g1061 7.299010 6.236690
g1227 g976 4.565510 3.827410
g1227 OUTPUT 0.000000 0.000000
g1242 g1246 1.985560 1.985560
g1242 g1604 5.587480 5.587480
g1242 g1600 5.587480 5.587480
g1242 g1608 5.587480 5.587480
g1242 g1620 5.587480 5.587480
g1242 g1616 5.587480 5.587480
g1242 g1612 5.587480 5.587480
g1242 g1740 6.426240 6.426240
g1242 g1736 6.426240 6.426240
g1242 g1744 6.426240 6.426240
g1242 g1756 6.426240 6.426240
g1242 g1752 6.426240 6.426240
g1242 g1748 6.426240 6.426240
g1242 g1874 5.587480 5.587480
g1242 g1870 5.587480 5.587480
g1242 g1878 5.587480 5.587480
g1242 g1890 5.587480 5.587480
g1242 g1886 5.587480 5.587480
g1242 g1882 5.587480 5.587480
g1242 g2008 6.426240 6.426240
g1242 g2004 6.426240 6.426240
g1242 g2012 6.426240 6.426240
g1242 g2024 6.426240 6.426240
g1242 g2020 6.426240 6.426240
g1242 g2016 6.426240 6.426240
g1242 OUTPUT 0.000000 0.000000
g1242 OUTPUT 0.000000 0.000000
g1246 g1233 1.985560 1.985560
g1246 g1682 7.894690 6.820410
g1246 g1816 7.416850 6.342570
g1246 g1950 7.894690 6.820410
g1246 g2084 7.416850 6.342570
g1233 g1233 3.217680 3.217680
g1233 g1236 0.499980 0.499980
g1233 OUTPUT 0.000000 0.000000
g1236 g996 1.985560 1.985560
g1236 g1157 8.575200 6.412800
g1236 g1056 10.099970 6.409680
g996 g1075 12.906690 11.449430
g996 g1157 16.055750 2.067600
g996 g1056 17.580520 13.438290
g996 g1171 20.132290 12.499800
g996 g1183 19.958240 12.482650
g996 g1178 3.279500 3.279500
g996 g962 2.987680 2.987680
g996 g1193 15.056140 7.701610
g996 g1199 19.934700 8.595050
g996 g1070 20.048700 9.288280
g996 g969 13.476480 11.985540
g996 g1008 15.882480 11.407750
g996 g1002 18.248310 15.157850
g996 g1018 21.310750 15.157850
g996 g1024 22.929780 15.043100
g996 g1030 23.897250 15.157850
g996 g1036 25.152280 15.043100
g996 g1041 13.105880 10.800260
g996 g1046 14.765600 12.066780
g1157 g1157 7.897220 6.149340
g1157 g1239 0.499980 0.499980
g1157 g1171 10.920230 3.370890
g1157 g1183 10.746180 4.873340
g1157 g1178 3.978700 3.217680
g1157 g962 4.759060 4.336680
g1157 g1189 3.978700 3.279500
g1157 g1193 7.879260 5.844080
g1157 g1199 10.722640 7.542580
g1157 g1070 10.836640 8.235810
g1157 g1052 6.281580 5.526280
g1157 g1061 8.316860 7.254540
g1157 OUTPUT 0.000000 0.000000
g1239 g1157 7.637220 5.889340
g1239 g990 0.499980 0.499980
g1239 OUTPUT 0.000000 0.000000
g990 g1075 8.443760 8.443760
g990 g1157 11.592820 6.210340
g990 g1056 13.117590 2.140000
g990 g1171 17.580140 17.302180
g990 g1183 17.406090 17.285030
g990 g1193 12.503990 12.503990
g990 g1199 17.382550 17.382550
g990 g1070 17.496550 17.138380
g990 g1052 6.021580 5.266280
g990 g1061 8.056860 6.994540
g990 g969 8.443150 7.371570
g990 g1008 8.791420 8.147380
g990 g1002 8.404550 7.143770
g990 g1018 8.653210 7.999270
g990 g1024 10.272240 9.603500
g990 g1030 11.239710 10.585770
g990 g1036 12.494740 11.826000
g990 g1041 9.793470 7.855570
g990 g1046 11.453190 10.211630
g1056 g1157 7.195110 5.447230
g1056 g1116 0.499980 0.499980
g1056 g1052 6.441580 5.686280
g1056 g1061 8.476860 7.414540
g1056 g976 2.998410 2.998410
g1056 OUTPUT 0.000000 0.000000
g1116 g1157 6.897450 5.149570
g1116 g979 0.499980 0.499980
g1116 g1146 6.115770 5.289010
g1116 g1152 6.526490 6.042210
g1116 g1099 6.436490 6.042210
g1116 g1094 5.346630 5.052430
g1116 g1135 6.395250 5.751210
g1116 g1111 5.440700 5.146500
g1116 g1105 6.659320 6.015280
g1116 g1124 5.440700 5.146500
g1116 g1129 6.659320 6.015280
g1116 g1141 5.440700 5.146500
g1116 g956 6.659320 6.015280
g1116 OUTPUT 0.000000 0.000000
g979 g1075 12.728250 8.863600
g979 g1157 15.877310 6.808240
g979 g1056 17.402080 6.805120
g979 g1171 19.953850 2.662650
g979 g1183 19.779800 17.704870
g979 g1193 14.877700 12.923830
g979 g1199 19.756260 17.802390
g979 g1070 19.870260 17.558220
g979 g1052 3.509240 3.509240
g979 g1061 4.169240 4.169240
g979 g969 13.298040 7.791410
g979 g1008 15.704040 8.567220
g979 g1002 18.069870 7.563610
g979 g1018 21.132310 8.419110
g979 g1024 22.751340 10.023340
g979 g1030 23.718810 11.005610
g979 g1036 24.973840 12.245840
g979 g1041 12.927440 8.275410
g979 g1046 14.587160 10.631470
g979 g1592 13.619010 12.795570
g979 g1644 9.125540 8.481500
g979 g1636 13.619010 12.795570
g979 g1668 13.619010 12.795570
g979 g1682 13.745880 12.328400
g979 g1687 14.384690 14.090490
g979 g1604 14.535220 14.241020
g979 g1600 14.535220 14.241020
g979 g1608 14.535220 14.241020
g979 g1620 14.535220 14.241020
g979 g1616 14.535220 14.241020
g979 g1612 14.458750 14.164550
g979 g1706 16.077950 15.783750
g979 g1710 16.445970 15.619810
g979 g1714 16.365970 15.619810
g979 g1728 12.563810 11.741470
g979 g1779 9.079250 8.435210
g979 g1772 13.152720 12.329280
g979 g1802 13.152720 12.329280
g979 g1816 13.279590 11.862110
g979 g1821 13.918400 13.624200
g979 g1740 14.068930 13.774730
g979 g1736 14.068930 13.774730
g979 g1744 14.068930 13.774730
g979 g1756 14.068930 13.774730
g979 g1752 14.068930 13.774730
g979 g1748 13.992460 13.698260
g979 g1840 15.611660 15.317460
g979 g1844 15.979680 15.153520
g979 g1848 15.899680 15.153520
g979 g1862 12.563810 11.741470
g979 g1913 9.079250 8.435210
g979 g1906 13.152720 12.329280
g979 g1936 13.152720 12.329280
g979 g1950 13.279590 11.862110
g979 g1955 13.918400 13.624200
g979 g1874 14.068930 13.774730
g979 g1870 14.068930 13.774730
g979 g1878 14.068930 13.774730
g979 g1890 14.068930 13.774730
g979 g1886 14.068930 13.774730
g979 g1882 13.992460 13.698260
g979 g1974 15.611660 15.317460
g979 g1978 15.979680 15.153520
g979 g1982 15.899680 15.153520
g979 g1996 12.563810 11.741470
g979 g2047 9.079250 8.435210
g979 g2040 13.152720 12.329280
g979 g2070 13.152720 12.329280
g979 g2084 13.279590 11.862110
g979 g2089 13.918400 13.624200
g979 g2008 14.068930 13.774730
g979 g2004 14.068930 13.774730
g979 g2012 14.068930 13.774730
g979 g2024 14.068930 13.774730
g979 g2020 14.068930 13.774730
g979 g2016 13.992460 13.698260
g979 g2108 15.611660 15.317460
g979 g2112 15.979680 15.153520
g979 g2116 15.899680 15.153520
g979 OUTPUT 4.308630 4.308630
g979 OUTPUT 4.308630 4.308630
g1171 g1171 12.637220 4.236630
g1171 g1183 12.463170 2.067600
g1171 g962 6.622090 5.817310
g1171 g1193 10.511550 10.511550
g1171 g1199 12.439630 10.174870
g1171 g1070 12.553630 10.868100
g1171 g1146 6.795120 5.968360
g1171 g1152 7.205840 6.721560
g1171 g1099 7.115840 6.721560
g1171 g1094 6.934380 6.640180
g1171 g1135 7.983000 7.338960
g1171 g1111 9.005610 8.711410
g1171 g1105 10.224230 9.580190
g1171 g1124 7.728090 7.433890
g1171 g1129 8.946710 8.302670
g1171 g1141 6.117860 5.823660
g1171 g956 7.336480 6.692440
g1171 g1592 13.263700 12.440260
g1171 g1644 8.770230 8.126190
g1171 g1636 13.263700 12.440260
g1171 g1668 13.263700 12.440260
g1171 g1682 13.390570 11.973090
g1171 g1687 14.029380 13.735180
g1171 g1604 14.179910 13.885710
g1171 g1600 14.179910 13.885710
g1171 g1608 14.179910 13.885710
g1171 g1620 14.179910 13.885710
g1171 g1616 14.179910 13.885710
g1171 g1612 14.103440 13.809240
g1171 g1706 15.722640 15.428440
g1171 g1710 16.090660 15.264500
g1171 g1714 16.010660 15.264500
g1171 g1728 14.617350 13.795010
g1171 g1779 11.132790 10.488750
g1171 g1772 15.206260 14.382820
g1171 g1802 15.206260 14.382820
g1171 g1816 15.333130 13.915650
g1171 g1821 15.971940 15.677740
g1171 g1740 16.122470 15.828270
g1171 g1736 16.122470 15.828270
g1171 g1744 16.122470 15.828270
g1171 g1756 16.122470 15.828270
g1171 g1752 16.122470 15.828270
g1171 g1748 16.046000 15.751800
g1171 g1840 17.665200 17.371000
g1171 g1844 18.033220 17.207060
g1171 g1848 17.953220 17.207060
g1171 g1862 13.197270 12.374930
g1171 g1913 9.712710 9.068670
g1171 g1906 13.786180 12.962740
g1171 g1936 13.786180 12.962740
g1171 g1950 13.913050 12.495570
g1171 g1955 14.551860 14.257660
g1171 g1874 14.702390 14.408190
g1171 g1870 14.702390 14.408190
g1171 g1878 14.702390 14.408190
g1171 g1890 14.702390 14.408190
g1171 g1886 14.702390 14.408190
g1171 g1882 14.625920 14.331720
g1171 g1974 16.245120 15.950920
g1171 g1978 16.613140 15.786980
g1171 g1982 16.533140 15.786980
g1171 g1996 13.390350 12.568010
g1171 g2047 9.905790 9.261750
g1171 g2040 13.979260 13.155820
g1171 g2070 13.979260 13.155820
g1171 g2084 14.106130 12.688650
g1171 g2089 14.744940 14.450740
g1171 g2008 14.895470 14.601270
g1171 g2004 14.895470 14.601270
g1171 g2012 14.895470 14.601270
g1171 g2024 14.895470 14.601270
g1171 g2020 14.895470 14.601270
g1171 g2016 14.819000 14.524800
g1171 g2108 16.438200 16.144000
g1171 g2112 16.806220 15.980060
g1171 g2116 16.726220 15.980060
g1171 OUTPUT 3.953320 3.953320
g1171 OUTPUT 3.953320 3.953320
g1183 g1171 11.458370 11.180410
g1183 g1183 11.284320 3.932520
g1183 g1178 2.429080 2.429080
g1183 g962 6.445120 5.640340
g1183 g1193 9.332700 9.332700
g1183 g1199 11.260780 8.996020
g1183 g1070 11.374780 9.689250
g1183 g1146 6.965120 6.138360
g1183 g1152 7.375840 6.891560
g1183 g1099 7.285840 6.891560
g1183 g1094 5.761480 5.467280
g1183 g1135 6.810100 6.166060
g1183 g1111 7.826760 7.532560
g1183 g1105 9.045380 8.401340
g1183 g1124 7.551120 7.256920
g1183 g1129 8.769740 8.125700
g1183 g1141 6.287860 5.993660
g1183 g956 7.506480 6.862440
g1183 g1592 14.392090 13.568650
g1183 g1644 9.898620 9.254580
g1183 g1636 14.392090 13.568650
g1183 g1668 14.392090 13.568650
g1183 g1682 14.518960 13.101480
g1183 g1687 15.157770 14.863570
g1183 g1604 15.308300 15.014100
g1183 g1600 15.308300 15.014100
g1183 g1608 15.308300 15.014100
g1183 g1620 15.308300 15.014100
g1183 g1616 15.308300 15.014100
g1183 g1612 15.231830 14.937630
g1183 g1706 16.851030 16.556830
g1183 g1710 17.219050 16.392890
g1183 g1714 17.139050 16.392890
g1183 g1728 13.438500 12.616160
g1183 g1779 9.953940 9.309900
g1183 g1772 14.027410 13.203970
g1183 g1802 14.027410 13.203970
g1183 g1816 14.154280 12.736800
g1183 g1821 14.793090 14.498890
g1183 g1740 14.943620 14.649420
g1183 g1736 14.943620 14.649420
g1183 g1744 14.943620 14.649420
g1183 g1756 14.943620 14.649420
g1183 g1752 14.943620 14.649420
g1183 g1748 14.867150 14.572950
g1183 g1840 16.486350 16.192150
g1183 g1844 16.854370 16.028210
g1183 g1848 16.774370 16.028210
g1183 g1862 13.020300 12.197960
g1183 g1913 9.535740 8.891700
g1183 g1906 13.609210 12.785770
g1183 g1936 13.609210 12.785770
g1183 g1950 13.736080 12.318600
g1183 g1955 14.374890 14.080690
g1183 g1874 14.525420 14.231220
g1183 g1870 14.525420 14.231220
g1183 g1878 14.525420 14.231220
g1183 g1890 14.525420 14.231220
g1183 g1886 14.525420 14.231220
g1183 g1882 14.448950 14.154750
g1183 g1974 16.068150 15.773950
g1183 g1978 16.436170 15.610010
g1183 g1982 16.356170 15.610010
g1183 g1996 13.157940 12.335600
g1183 g2047 9.673380 9.029340
g1183 g2040 13.746850 12.923410
g1183 g2070 13.746850 12.923410
g1183 g2084 13.873720 12.456240
g1183 g2089 14.512530 14.218330
g1183 g2008 14.663060 14.368860
g1183 g2004 14.663060 14.368860
g1183 g2012 14.663060 14.368860
g1183 g2024 14.663060 14.368860
g1183 g2020 14.663060 14.368860
g1183 g2016 14.586590 14.292390
g1183 g2108 16.205790 15.911590
g1183 g2112 16.573810 15.747650
g1183 g2116 16.493810 15.747650
g1183 OUTPUT 5.081710 5.081710
g1183 OUTPUT 5.081710 5.081710
g1178 g1171 12.656040 12.378080
g1178 g1183 12.481990 12.360930
g1178 g1178 3.077680 3.077680
g1178 g962 1.985560 1.985560
g1178 g1189 3.217680 3.217680
g1178 g1193 8.810010 7.579890
g1178 g1199 12.458450 8.473330
g1178 g1070 12.572450 9.166560
g962 g962 3.217680 3.217680
g962 g1189 2.334040 2.334040
g962 g952 3.194430 3.194430
g962 g2975 6.359920 6.359920
g962 OUTPUT 5.486160 4.146100
g1189 g1171 13.610170 13.332210
g1189 g1183 13.436120 13.315060
g1189 g1189 3.077680 3.077680
g1189 g1193 9.764140 2.183560
g1189 g1199 13.412580 9.427460
g1189 g1070 13.526580 10.120690
g1193 g933 3.867680 3.867680
g1193 g1171 9.709730 7.249470
g1193 g1183 9.535680 7.232320
g1193 g1193 3.691720 3.047680
g1193 g1199 9.512140 2.067600
g1193 g1070 9.626140 7.085670
g1193 g1094 12.062950 10.666530
g1193 g1111 12.062950 10.666530
g1193 g1124 12.062950 10.666530
g1193 g1141 12.062950 10.666530
g1193 g943 3.679680 3.679680
g1193 g1592 16.233160 15.409720
g1193 g1636 16.233160 15.409720
g1193 g1668 16.233160 15.409720
g1193 g1682 16.360030 12.776620
g1193 g1687 16.998840 16.704640
g1193 g1604 17.149370 11.798850
g1193 g1600 17.149370 11.798850
g1193 g1608 17.149370 11.798850
g1193 g1620 17.149370 11.798850
g1193 g1616 17.149370 11.798850
g1193 g1612 17.072900 11.798850
g1193 g1706 18.692100 18.397900
g1193 g1710 19.060120 18.233960
g1193 g1714 18.980120 18.233960
g1193 g1728 16.086350 15.264010
g1193 g1772 16.675260 15.851820
g1193 g1802 16.675260 15.851820
g1193 g1816 16.802130 13.171760
g1193 g1821 17.440940 17.146740
g1193 g1740 17.591470 12.172630
g1193 g1736 17.591470 12.172630
g1193 g1744 17.591470 12.172630
g1193 g1756 17.591470 12.172630
g1193 g1752 17.591470 12.172630
g1193 g1748 17.515000 12.172630
g1193 g1840 19.134200 18.840000
g1193 g1844 19.502220 18.676060
g1193 g1848 19.422220 18.676060
g1193 g1862 16.289350 15.467010
g1193 g1906 16.878260 16.054820
g1193 g1936 16.878260 16.054820
g1193 g1950 17.005130 13.009700
g1193 g1955 17.643940 17.349740
g1193 g1874 17.794470 12.443950
g1193 g1870 17.794470 12.443950
g1193 g1878 17.794470 12.443950
g1193 g1890 17.794470 12.443950
g1193 g1886 17.794470 12.443950
g1193 g1882 17.718000 12.443950
g1193 g1974 19.337200 19.043000
g1193 g1978 19.705220 18.879060
g1193 g1982 19.625220 18.879060
g1193 g1996 16.086350 15.264010
g1193 g2040 16.675260 15.851820
g1193 g2070 16.675260 15.851820
g1193 g2084 16.802130 13.171760
g1193 g2089 17.440940 17.146740
g1193 g2008 17.591470 12.172630
g1193 g2004 17.591470 12.172630
g1193 g2012 17.591470 12.172630
g1193 g2024 17.591470 12.172630
g1193 g2020 17.591470 12.172630
g1193 g2016 17.515000 12.172630
g1193 g2108 19.134200 18.840000
g1193 g2112 19.502220 18.676060
g1193 g2116 19.422220 18.676060
g1193 g2917 6.845170 6.845170
g1193 OUTPUT 5.971410 4.631350
g1199 g1193 4.248890 4.248890
g1199 g1199 4.668800 2.708020
g1199 g1070 5.870720 2.199400
g1070 g1193 4.127730 4.127730
g1070 g1070 4.583040 3.557980
g1070 g1052 2.466160 2.466160
g1052 g1052 4.206430 3.095400
g1052 g1061 6.241710 2.185540
g1052 g976 4.455550 4.455550
g1061 g1061 3.982990 3.909550
g1061 g976 4.517510 2.674770
g1061 g1592 13.440100 12.616660
g1061 g1644 8.946630 8.302590
g1061 g1636 13.440100 12.616660
g1061 g1668 13.440100 12.616660
g1061 g1682 13.566970 12.149490
g1061 g1687 14.205780 13.911580
g1061 g1604 14.356310 14.062110
g1061 g1600 14.356310 14.062110
g1061 g1608 14.356310 14.062110
g1061 g1620 14.356310 14.062110
g1061 g1616 14.356310 14.062110
g1061 g1612 14.279840 13.985640
g1061 g1706 15.899040 15.604840
g1061 g1710 16.267060 15.440900
g1061 g1714 16.187060 15.440900
g1061 g1728 12.384900 11.562560
g1061 g1779 8.900340 8.256300
g1061 g1772 12.973810 12.150370
g1061 g1802 12.973810 12.150370
g1061 g1816 13.100680 11.683200
g1061 g1821 13.739490 13.445290
g1061 g1740 13.890020 13.595820
g1061 g1736 13.890020 13.595820
g1061 g1744 13.890020 13.595820
g1061 g1756 13.890020 13.595820
g1061 g1752 13.890020 13.595820
g1061 g1748 13.813550 13.519350
g1061 g1840 15.432750 15.138550
g1061 g1844 15.800770 14.974610
g1061 g1848 15.720770 14.974610
g1061 g1862 12.384900 11.562560
g1061 g1913 8.900340 8.256300
g1061 g1906 12.973810 12.150370
g1061 g1936 12.973810 12.150370
g1061 g1950 13.100680 11.683200
g1061 g1955 13.739490 13.445290
g1061 g1874 13.890020 13.595820
g1061 g1870 13.890020 13.595820
g1061 g1878 13.890020 13.595820
g1061 g1890 13.890020 13.595820
g1061 g1886 13.890020 13.595820
g1061 g1882 13.813550 13.519350
g1061 g1974 15.432750 15.138550
g1061 g1978 15.800770 14.974610
g1061 g1982 15.720770 14.974610
g1061 g1996 12.384900 11.562560
g1061 g2047 8.900340 8.256300
g1061 g2040 12.973810 12.150370
g1061 g2070 12.973810 12.150370
g1061 g2084 13.100680 11.683200
g1061 g2089 13.739490 13.445290
g1061 g2008 13.890020 13.595820
g1061 g2004 13.890020 13.595820
g1061 g2012 13.890020 13.595820
g1061 g2024 13.890020 13.595820
g1061 g2020 13.890020 13.595820
g1061 g2016 13.813550 13.519350
g1061 g2108 15.432750 15.138550
g1061 g2112 15.800770 14.974610
g1061 g2116 15.720770 14.974610
g1061 OUTPUT 4.129720 4.129720
g1061 OUTPUT 4.129720 4.129720
g976 g969 2.662650 2.662650
g976 g1094 10.553300 9.156880
g976 g1111 10.553300 9.156880
g976 g1124 10.553300 9.156880
g976 g1141 10.553300 9.156880
g969 g933 5.081650 5.081650
g969 g1075 6.564560 6.564560
g969 g1157 9.713620 8.556540
g969 g1056 11.238390 8.553420
g969 g1171 12.229730 11.951770
g969 g1183 12.055680 11.934620
g969 g1193 7.153580 7.153580
g969 g1199 12.032140 12.032140
g969 g1070 12.146140 11.787970
g969 g969 6.152130 4.912370
g969 g1008 4.884800 2.599360
g969 g1002 8.279520 8.279520
g969 g1018 11.341960 8.279520
g969 g1024 12.960990 8.164770
g969 g1030 13.928460 8.279520
g969 g1036 15.183490 8.164770
g969 g1094 13.276920 11.880500
g969 g1111 13.276920 11.880500
g969 g1124 13.276920 11.880500
g969 g1141 13.276920 11.880500
g969 g943 4.893650 4.893650
g969 g1592 17.447130 16.623690
g969 g1636 17.447130 16.623690
g969 g1668 17.447130 16.623690
g969 g1682 17.574000 13.990590
g969 g1687 18.212810 17.918610
g969 g1604 18.363340 13.012820
g969 g1600 18.363340 13.012820
g969 g1608 18.363340 13.012820
g969 g1620 18.363340 13.012820
g969 g1616 18.363340 13.012820
g969 g1612 18.286870 13.012820
g969 g1706 19.906070 19.611870
g969 g1710 20.274090 19.447930
g969 g1714 20.194090 19.447930
g969 g1728 17.300320 16.477980
g969 g1772 17.889230 17.065790
g969 g1802 17.889230 17.065790
g969 g1816 18.016100 14.385730
g969 g1821 18.654910 18.360710
g969 g1740 18.805440 13.386600
g969 g1736 18.805440 13.386600
g969 g1744 18.805440 13.386600
g969 g1756 18.805440 13.386600
g969 g1752 18.805440 13.386600
g969 g1748 18.728970 13.386600
g969 g1840 20.348170 20.053970
g969 g1844 20.716190 19.890030
g969 g1848 20.636190 19.890030
g969 g1862 17.503320 16.680980
g969 g1906 18.092230 17.268790
g969 g1936 18.092230 17.268790
g969 g1950 18.219100 14.223670
g969 g1955 18.857910 18.563710
g969 g1874 19.008440 13.657920
g969 g1870 19.008440 13.657920
g969 g1878 19.008440 13.657920
g969 g1890 19.008440 13.657920
g969 g1886 19.008440 13.657920
g969 g1882 18.931970 13.657920
g969 g1974 20.551170 20.256970
g969 g1978 20.919190 20.093030
g969 g1982 20.839190 20.093030
g969 g1996 17.300320 16.477980
g969 g2040 17.889230 17.065790
g969 g2070 17.889230 17.065790
g969 g2084 18.016100 14.385730
g969 g2089 18.654910 18.360710
g969 g2008 18.805440 13.386600
g969 g2004 18.805440 13.386600
g969 g2012 18.805440 13.386600
g969 g2024 18.805440 13.386600
g969 g2020 18.805440 13.386600
g969 g2016 18.728970 13.386600
g969 g2108 20.348170 20.053970
g969 g2112 20.716190 19.890030
g969 g2116 20.636190 19.890030
g969 g2917 8.059140 8.059140
g969 OUTPUT 7.185380 5.845320
g1008 g933 5.256920 5.256920
g1008 g1075 7.399290 7.399290
g1008 g1157 10.548350 9.391270
g1008 g1056 12.073120 9.388150
g1008 g1171 12.399730 12.121770
g1008 g1183 12.225680 12.104620
g1008 g1193 7.323580 7.323580
g1008 g1199 12.202140 12.202140
g1008 g1070 12.316140 11.957970
g1008 g969 7.926410 5.824630
g1008 g1008 8.648670 3.115560
g1008 g1002 12.506660 3.615100
g1008 g1018 15.569100 9.565120
g1008 g1024 17.188130 9.450370
g1008 g1030 18.155600 9.565120
g1008 g1036 19.410630 9.450370
g1008 g1041 3.672730 3.672730
g1008 g1046 8.105350 6.171470
g1008 g1094 13.452190 12.055770
g1008 g1111 13.452190 12.055770
g1008 g1124 13.452190 12.055770
g1008 g1141 13.452190 12.055770
g1008 g943 5.068920 5.068920
g1008 g1592 17.622400 16.798960
g1008 g1636 17.622400 16.798960
g1008 g1668 17.622400 16.798960
g1008 g1682 17.749270 14.165860
g1008 g1687 18.388080 18.093880
g1008 g1604 18.538610 13.188090
g1008 g1600 18.538610 13.188090
g1008 g1608 18.538610 13.188090
g1008 g1620 18.538610 13.188090
g1008 g1616 18.538610 13.188090
g1008 g1612 18.462140 13.188090
g1008 g1706 20.081340 19.787140
g1008 g1710 20.449360 19.623200
g1008 g1714 20.369360 19.623200
g1008 g1728 17.475590 16.653250
g1008 g1772 18.064500 17.241060
g1008 g1802 18.064500 17.241060
g1008 g1816 18.191370 14.561000
g1008 g1821 18.830180 18.535980
g1008 g1740 18.980710 13.561870
g1008 g1736 18.980710 13.561870
g1008 g1744 18.980710 13.561870
g1008 g1756 18.980710 13.561870
g1008 g1752 18.980710 13.561870
g1008 g1748 18.904240 13.561870
g1008 g1840 20.523440 20.229240
g1008 g1844 20.891460 20.065300
g1008 g1848 20.811460 20.065300
g1008 g1862 17.678590 16.856250
g1008 g1906 18.267500 17.444060
g1008 g1936 18.267500 17.444060
g1008 g1950 18.394370 14.398940
g1008 g1955 19.033180 18.738980
g1008 g1874 19.183710 13.833190
g1008 g1870 19.183710 13.833190
g1008 g1878 19.183710 13.833190
g1008 g1890 19.183710 13.833190
g1008 g1886 19.183710 13.833190
g1008 g1882 19.107240 13.833190
g1008 g1974 20.726440 20.432240
g1008 g1978 21.094460 20.268300
g1008 g1982 21.014460 20.268300
g1008 g1996 17.475590 16.653250
g1008 g2040 18.064500 17.241060
g1008 g2070 18.064500 17.241060
g1008 g2084 18.191370 14.561000
g1008 g2089 18.830180 18.535980
g1008 g2008 18.980710 13.561870
g1008 g2004 18.980710 13.561870
g1008 g2012 18.980710 13.561870
g1008 g2024 18.980710 13.561870
g1008 g2020 18.980710 13.561870
g1008 g2016 18.904240 13.561870
g1008 g2108 20.523440 20.229240
g1008 g2112 20.891460 20.065300
g1008 g2116 20.811460 20.065300
g1008 g2917 8.234410 8.234410
g1008 OUTPUT 7.360650 6.020590
g1002 g1171 14.262860 13.984900
g1002 g1183 14.088810 13.967750
g1002 g1193 9.186710 9.186710
g1002 g1199 14.065270 14.065270
g1002 g1070 14.179270 13.821100
g1002 g969 7.587050 7.587050
g1002 g1002 4.300750 3.152630
g1002 g1018 5.870190 2.185540
g1002 g1024 7.489220 6.820480
g1002 g1030 8.456690 7.802750
g1002 g1036 9.711720 9.042980
g1018 g969 8.637010 8.637010
g1018 g1008 10.558600 9.370560
g1018 g1002 13.278000 13.278000
g1018 g1018 16.340440 3.152630
g1018 g1024 17.959470 2.389480
g1018 g1030 18.926940 6.938190
g1018 g1036 20.181970 8.178420
g1024 g1171 14.175020 13.897060
g1024 g1183 14.000970 13.879910
g1024 g1193 9.098870 9.098870
g1024 g1199 13.977430 13.977430
g1024 g1070 14.091430 13.733260
g1024 g969 7.499210 7.499210
g1024 g1024 5.072700 4.362850
g1024 g1030 5.870190 2.385520
g1024 g1036 7.125220 6.456480
g1030 g969 8.462210 8.462210
g1030 g1008 10.383800 9.195760
g1030 g1002 13.103200 13.103200
g1030 g1018 16.165640 13.103200
g1030 g1024 17.784670 12.988450
g1030 g1030 18.752140 3.152630
g1030 g1036 20.007170 2.389480
g1036 g1171 14.329640 14.051680
g1036 g1183 14.155590 14.034530
g1036 g1193 9.253490 9.253490
g1036 g1199 14.132050 14.132050
g1036 g1070 14.246050 13.887880
g1036 g969 7.653830 7.653830
g1036 g1036 5.072700 4.362850
g1036 g1041 2.385520 2.385520
g1041 g1041 4.300750 3.152630
g1041 g1046 5.791780 2.185540
g1046 g969 4.290210 4.290210
g1046 g1008 6.773210 6.773210
g1046 g1002 8.873260 8.873260
g1046 g1018 11.935700 8.873260
g1046 g1024 13.554730 8.758510
g1046 g1030 14.522200 8.873260
g1046 g1036 15.777230 8.758510
g1046 g1046 4.296010 3.047680
g1046 g1146 2.466160 2.466160
g1146 g1146 4.392040 2.459020
g1146 g1152 2.987680 2.140000
g1146 g1094 9.344120 8.774600
g1146 g1111 9.344120 8.774600
g1146 g1124 9.344120 8.774600
g1146 g1141 9.344120 8.774600
g1152 g1146 5.385810 5.385810
g1152 g1152 3.217680 3.217680
g1152 g1099 3.077680 2.294440
g1152 g1135 7.551830 6.907790
g1152 g1105 7.381830 6.737790
g1152 g1129 7.381830 6.737790
g1152 g956 7.381830 6.737790
g1099 g1146 3.443060 3.443060
g1099 g1099 3.217680 3.217680
g1099 g1094 9.160160 2.128120
g1099 g1135 6.560220 5.916180
g1099 g1111 9.160160 8.590640
g1099 g1105 6.390220 5.746180
g1099 g1124 9.160160 8.590640
g1099 g1129 6.390220 5.746180
g1099 g1141 9.160160 8.590640
g1099 g956 6.390220 5.746180
g1094 g1094 4.553480 3.217680
g1094 g1135 6.235450 1.985560
g1135 g48 10.427110 8.252360
g1135 g55 23.889350 17.848280
g1135 g1094 8.305100 6.527480
g1135 g1135 6.413890 4.559700
g1135 g1111 2.177620 2.177620
g1135 g1592 14.449880 13.626440
g1135 g1636 14.449880 13.626440
g1135 g1668 14.449880 13.626440
g1135 g1682 14.576750 10.993340
g1135 g1687 15.215560 14.921360
g1135 g1604 15.366090 10.015570
g1135 g1600 15.366090 10.015570
g1135 g1608 15.366090 10.015570
g1135 g1620 15.366090 10.015570
g1135 g1616 15.366090 10.015570
g1135 g1612 15.289620 10.015570
g1135 g1706 16.908820 16.614620
g1135 g1710 17.276840 16.450680
g1135 g1714 17.196840 16.450680
g1135 g2984 23.064980 19.198660
g1135 g9 6.544740 6.544740
g1135 g34 20.006980 16.140660
g1135 OUTPUT 8.449510 8.449510
g1135 OUTPUT 21.911750 18.045430
g1111 g1111 4.553480 3.217680
g1111 g1105 6.235450 1.985560
g1105 g47 10.441870 8.267120
g1105 g55 24.082670 17.660000
g1105 g1111 8.305100 6.527480
g1105 g1105 6.413890 4.559700
g1105 g1124 2.177620 2.177620
g1105 g1728 14.302090 13.479750
g1105 g1772 14.891000 14.067560
g1105 g1802 14.891000 14.067560
g1105 g1816 15.017870 11.387500
g1105 g1821 15.656680 15.362480
g1105 g1740 15.807210 10.388370
g1105 g1736 15.807210 10.388370
g1105 g1744 15.807210 10.388370
g1105 g1756 15.807210 10.388370
g1105 g1752 15.807210 10.388370
g1105 g1748 15.730740 10.388370
g1105 g1840 17.349940 17.055740
g1105 g1844 17.717960 16.891800
g1105 g1848 17.637960 16.891800
g1105 g2984 23.258300 19.010380
g1105 g8 6.559500 6.559500
g1105 g34 20.200300 15.952380
g1105 OUTPUT 8.464270 8.464270
g1105 OUTPUT 22.105070 17.857150
g1124 g1124 4.553480 3.217680
g1124 g1129 6.235450 1.985560
g1129 g46 10.427110 8.252360
g1129 g55 24.092450 17.669840
g1129 g1124 8.305100 6.527480
g1129 g1129 6.413890 4.559700
g1129 g1141 2.177620 2.177620
g1129 g1862 14.505090 13.682750
g1129 g1906 15.094000 14.270560
g1129 g1936 15.094000 14.270560
g1129 g1950 15.220870 11.225440
g1129 g1955 15.859680 15.565480
g1129 g1874 16.010210 10.659690
g1129 g1870 16.010210 10.659690
g1129 g1878 16.010210 10.659690
g1129 g1890 16.010210 10.659690
g1129 g1886 16.010210 10.659690
g1129 g1882 15.933740 10.659690
g1129 g1974 17.552940 17.258740
g1129 g1978 17.920960 17.094800
g1129 g1982 17.840960 17.094800
g1129 g2984 23.268080 19.020220
g1129 g7 6.544740 6.544740
g1129 g34 20.210080 15.962220
g1129 OUTPUT 8.449510 8.449510
g1129 OUTPUT 22.114850 17.866990
g1141 g1141 4.553480 3.217680
g1141 g956 6.235450 1.985560
g956 g45 10.441870 8.267120
g956 g55 24.285770 17.481620
g956 g1141 8.305100 6.527480
g956 g956 6.413890 4.579500
g956 g947 2.658220 2.658220
g956 g1996 14.302090 13.479750
g956 g2040 14.891000 14.067560
g956 g2070 14.891000 14.067560
g956 g2084 15.017870 11.387500
g956 g2089 15.656680 15.362480
g956 g2008 15.807210 10.388370
g956 g2004 15.807210 10.388370
g956 g2012 15.807210 10.388370
g956 g2024 15.807210 10.388370
g956 g2020 15.807210 10.388370
g956 g2016 15.730740 10.388370
g956 g2108 17.349940 17.055740
g956 g2112 17.717960 16.891800
g956 g2116 17.637960 16.891800
g956 g2984 23.461400 18.832000
g956 g6 6.559500 6.559500
g956 g34 20.403400 15.774000
g956 OUTPUT 8.464270 8.464270
g956 OUTPUT 22.308170 17.678770
g947 g45 12.159540 9.984790
g947 g46 12.144780 9.970030
g947 g47 12.159540 9.984790
g947 g48 12.144780 9.970030
g947 g49 10.779250 8.604500
g947 g55 26.003440 17.997440
g947 g947 3.043670 3.043670
g947 g952 3.306390 3.306390
g947 g1592 16.167550 15.344110
g947 g1636 16.167550 15.344110
g947 g1668 16.167550 15.344110
g947 g1682 16.294420 12.711010
g947 g1687 16.933230 16.639030
g947 g1604 17.083760 11.733240
g947 g1600 17.083760 11.733240
g947 g1608 17.083760 11.733240
g947 g1620 17.083760 11.733240
g947 g1616 17.083760 11.733240
g947 g1612 17.007290 11.733240
g947 g1706 18.626490 18.332290
g947 g1710 18.994510 18.168350
g947 g1714 18.914510 18.168350
g947 g1728 16.019760 15.197420
g947 g1772 16.608670 15.785230
g947 g1802 16.608670 15.785230
g947 g1816 16.735540 13.105170
g947 g1821 17.374350 17.080150
g947 g1740 17.524880 12.106040
g947 g1736 17.524880 12.106040
g947 g1744 17.524880 12.106040
g947 g1756 17.524880 12.106040
g947 g1752 17.524880 12.106040
g947 g1748 17.448410 12.106040
g947 g1840 19.067610 18.773410
g947 g1844 19.435630 18.609470
g947 g1848 19.355630 18.609470
g947 g1862 16.222760 15.400420
g947 g1906 16.811670 15.988230
g947 g1936 16.811670 15.988230
g947 g1950 16.938540 12.943110
g947 g1955 17.577350 17.283150
g947 g1874 17.727880 12.377360
g947 g1870 17.727880 12.377360
g947 g1878 17.727880 12.377360
g947 g1890 17.727880 12.377360
g947 g1886 17.727880 12.377360
g947 g1882 17.651410 12.377360
g947 g1974 19.270610 18.976410
g947 g1978 19.638630 18.812470
g947 g1982 19.558630 18.812470
g947 g1996 16.019760 15.197420
g947 g2040 16.608670 15.785230
g947 g2070 16.608670 15.785230
g947 g2084 16.735540 13.105170
g947 g2089 17.374350 17.080150
g947 g2008 17.524880 12.106040
g947 g2004 17.524880 12.106040
g947 g2012 17.524880 12.106040
g947 g2024 17.524880 12.106040
g947 g2020 17.524880 12.106040
g947 g2016 17.448410 12.106040
g947 g2108 19.067610 18.773410
g947 g2112 19.435630 18.609470
g947 g2116 19.355630 18.609470
g947 g2984 25.179070 19.347820
g947 g6 8.277170 8.277170
g947 g7 8.262410 8.262410
g947 g8 8.277170 8.277170
g947 g9 8.262410 8.262410
g947 g16 6.896880 6.896880
g947 g34 22.121070 16.289820
g947 OUTPUT 10.181940 10.181940
g947 OUTPUT 10.167180 10.167180
g947 OUTPUT 10.181940 10.181940
g947 OUTPUT 10.167180 10.167180
g947 OUTPUT 8.801650 8.801650
g947 OUTPUT 24.025840 18.194590
g952 g50 9.335010 7.160260
g952 g55 22.797250 16.756180
g952 g952 2.161030 2.161030
g952 g939 2.260950 2.260950
g952 g2984 21.972880 18.106560
g952 g19 5.452640 5.452640
g952 g34 18.914880 15.048560
g952 OUTPUT 7.357410 7.357410
g952 OUTPUT 20.819650 16.953330
g939 g51 9.937750 7.763000
g939 g55 23.375450 17.334380
g939 g939 2.340030 2.340030
g939 g943 2.464890 2.464890
g939 g2984 22.551080 18.684760
g939 g28 6.055380 6.055380
g939 g34 19.493080 15.626760
g939 OUTPUT 7.960150 7.960150
g939 OUTPUT 21.397850 17.531530
g943 g52 9.921010 7.746260
g943 g55 23.180150 17.520680
g943 g943 2.161030 2.161030
g943 g967 2.063620 2.063620
g943 g2984 22.355780 18.871060
g943 g31 6.038640 6.038640
g943 g34 19.297780 15.813060
g943 OUTPUT 7.943410 7.943410
g943 OUTPUT 21.202550 17.717830
g967 g968 1.859680 1.859680
g968 g1592 2.366040 2.366040
g1592 g1592 5.769470 3.304850
g1592 g1644 2.674600 2.674600
g1592 g1636 3.672730 3.672730
g1592 g1682 9.769580 8.490970
g1592 g1687 5.720160 5.425960
g1592 g1604 6.312990 6.018790
g1592 g1600 5.024870 4.730670
g1592 g1616 6.312990 6.018790
g1592 g1612 5.194500 4.900300
g1592 g1632 3.932520 3.932520
g1592 g1706 7.417560 7.123360
g1592 g1710 7.785580 6.959420
g1592 g1714 7.705580 6.959420
g1644 g1644 4.559700 4.559700
g1644 g1636 2.177620 2.177620
g1644 g2882 7.566650 7.566650
g1644 g2965 7.624650 7.624650
g1644 OUTPUT 6.247080 4.907020
g1636 g112 7.677880 5.947150
g1636 g1592 5.104910 5.104910
g1636 g1644 8.491900 7.164820
g1636 g1636 3.304850 3.304850
g1636 g1668 3.672730 2.662720
g1636 g1600 6.301110 6.006910
g1636 g1608 5.024870 4.730670
g1636 g1620 6.301110 6.006910
g1636 g1616 5.024870 4.730670
g1636 g1632 5.294600 5.294600
g1636 OUTPUT 1.065280 1.065280
g1636 OUTPUT 1.065280 1.065280
g1636 OUTPUT 5.730850 5.730850
g1668 g112 8.791040 7.060310
g1668 g1592 4.994910 4.994910
g1668 g1644 7.130820 5.803740
g1668 g1668 3.304850 3.304850
g1668 g1682 9.768560 2.852800
g1668 g1687 5.890160 5.595960
g1668 g1604 6.398030 6.103830
g1668 g1608 6.491190 6.196990
g1668 g1620 5.024870 4.730670
g1668 g1612 5.024870 4.730670
g1668 g1706 7.587560 7.293360
g1668 g1710 7.955580 7.129420
g1668 g1714 7.875580 7.129420
g1668 OUTPUT 2.608440 2.608440
g1668 OUTPUT 2.608440 2.608440
g1668 OUTPUT 6.844010 6.844010
g1682 g1682 7.436610 3.217680
g1682 g1687 2.987680 1.985560
g1687 g1687 3.217680 3.217680
g1687 g1604 1.985560 1.985560
g1687 g1696 6.413890 4.956630
g1604 g1604 3.217680 3.217680
g1604 g1600 2.197420 2.197420
g1604 g1677 5.542620 5.542620
g1600 g1600 3.217680 3.217680
g1600 g1608 1.985560 1.985560
g1600 g1677 5.493710 5.493710
g1608 g1608 3.217680 3.217680
g1608 g1620 1.985560 1.985560
g1608 g1677 5.747310 5.747310
g1620 g1620 3.217680 3.217680
g1620 g1616 2.217220 2.217220
g1620 g1677 8.085700 8.085700
g1616 g1616 3.217680 3.217680
g1616 g1612 2.217220 2.217220
g1616 g1677 7.305700 7.305700
g1612 g1612 3.217680 3.217680
g1612 g1632 2.067600 2.067600
g1612 g1677 5.364620 5.364620
g1632 g1632 4.240240 4.240240
g1632 g1624 2.179600 2.179600
g1632 g2767 3.534350 3.534350
g1624 g1624 6.555980 3.217680
g1624 g1648 5.786380 3.167620
g1624 g1677 8.587080 6.324820
g1624 g1691 10.941210 9.546760
g1624 g1696 7.836050 7.192010
g1624 g1700 7.444180 6.336480
g1624 g1720 7.444180 6.246480
g1624 g1724 7.444180 6.336480
g1648 g110 9.270200 7.539470
g1648 g1632 6.811900 6.749680
g1648 g1624 4.314560 4.314560
g1648 g1648 3.047680 3.047680
g1648 g1664 9.161140 3.331960
g1648 g1657 5.950720 5.950720
g1648 g1677 8.861420 5.222660
g1648 g1691 9.074980 7.680530
g1648 g1696 5.969820 5.325780
g1648 OUTPUT 3.087600 3.087600
g1648 OUTPUT 3.087600 3.087600
g1648 OUTPUT 7.323170 7.323170
g1664 g1664 4.559700 4.559700
g1664 g1657 2.177620 2.177620
g1664 g2882 8.006650 8.006650
g1664 g2965 8.064650 8.064650
g1664 OUTPUT 6.687080 5.347020
g1657 g110 7.677880 5.947150
g1657 g1632 5.219580 5.157360
g1657 g1624 4.968000 4.968000
g1657 g1664 7.130820 5.803740
g1657 g1657 3.047680 3.047680
g1657 g1677 7.269100 2.195440
g1657 g1700 7.622080 6.514380
g1657 g1720 7.622080 6.424380
g1657 g1724 7.622080 6.514380
g1657 OUTPUT 1.065280 1.065280
g1657 OUTPUT 1.065280 1.065280
g1657 OUTPUT 5.730850 5.730850
g1677 g1677 3.077680 3.077680
g1677 g1691 6.437710 1.985560
g1677 g2831 6.565700 6.565700
g1677 g121 6.565700 6.565700
g1691 g1691 7.718490 3.047680
g1691 g1696 6.235450 1.985560
g1696 g1696 4.559700 4.559700
g1696 g1700 2.177620 2.177620
g1696 g2848 6.556410 6.556410
g1696 g2955 7.934340 7.934340
g1696 OUTPUT 5.326820 3.986760
g1700 g1700 3.683680 3.217680
g1700 g1706 2.987680 2.175640
g1700 g1710 6.118910 4.864820
g1706 g1706 3.217680 3.217680
g1706 g1710 7.112210 2.294440
g1710 g1710 3.047680 3.047680
g1710 g1714 1.985560 1.985560
g1710 g2856 7.484850 7.484850
g1710 g2955 9.021770 9.021770
g1710 OUTPUT 6.247080 4.907020
g1714 g1714 3.691720 3.047680
g1714 g1720 3.077680 2.383540
g1714 g1724 6.495700 4.852940
g1720 g1720 3.217680 3.217680
g1720 g1724 5.421800 1.985560
g1724 g1724 3.217680 3.217680
g1724 g1728 2.466160 2.466160
g1724 g2856 7.924850 7.924850
g1724 g2955 9.461770 9.461770
g1724 OUTPUT 6.687080 5.347020
g1728 g1728 5.181660 2.717040
g1728 g1779 2.674600 2.674600
g1728 g1772 3.672730 3.672730
g1728 g1816 9.769580 8.490970
g1728 g1821 5.720160 5.425960
g1728 g1740 6.312990 6.018790
g1728 g1736 5.024870 4.730670
g1728 g1752 6.312990 6.018790
g1728 g1748 5.194500 4.900300
g1728 g1768 3.932520 3.932520
g1728 g1840 7.417560 7.123360
g1728 g1844 7.785580 6.959420
g1728 g1848 7.705580 6.959420
g1779 g1779 4.559700 4.559700
g1779 g1772 2.177620 2.177620
g1779 g2882 8.267370 8.267370
g1779 g2965 8.325370 8.325370
g1779 OUTPUT 6.947800 5.607740
g1772 g112 6.176990 4.446260
g1772 g1728 4.517100 4.517100
g1772 g1779 8.491900 7.164820
g1772 g1772 3.304850 3.304850
g1772 g1802 3.672730 2.662720
g1772 g1736 6.301110 6.006910
g1772 g1744 5.024870 4.730670
g1772 g1756 6.301110 6.006910
g1772 g1752 5.024870 4.730670
g1772 g1768 5.294600 5.294600
g1772 OUTPUT 4.229960 4.229960
g1802 g112 8.494920 6.764190
g1802 g1728 4.407100 4.407100
g1802 g1779 7.130820 5.803740
g1802 g1802 3.304850 3.304850
g1802 g1816 9.582440 2.666680
g1802 g1821 5.890160 5.595960
g1802 g1740 6.211910 5.917710
g1802 g1744 6.305070 6.010870
g1802 g1756 5.024870 4.730670
g1802 g1748 5.024870 4.730670
g1802 g1840 7.587560 7.293360
g1802 g1844 7.955580 7.129420
g1802 g1848 7.875580 7.129420
g1802 OUTPUT 6.547890 6.547890
g1816 g1816 7.436610 3.217680
g1816 g1821 2.987680 1.985560
g1821 g1821 3.217680 3.217680
g1821 g1740 1.985560 1.985560
g1821 g1830 6.413890 4.956630
g1740 g1740 3.217680 3.217680
g1740 g1736 2.197420 2.197420
g1740 g1811 5.542620 5.542620
g1736 g1736 3.217680 3.217680
g1736 g1744 1.985560 1.985560
g1736 g1811 5.493710 5.493710
g1744 g1744 3.217680 3.217680
g1744 g1756 1.985560 1.985560
g1744 g1811 5.747310 5.747310
g1756 g1756 3.217680 3.217680
g1756 g1752 2.217220 2.217220
g1756 g1811 8.085700 8.085700
g1752 g1752 3.217680 3.217680
g1752 g1748 2.217220 2.217220
g1752 g1811 7.305700 7.305700
g1748 g1748 3.217680 3.217680
g1748 g1768 2.067600 2.067600
g1748 g1811 5.364620 5.364620
g1768 g1768 4.240240 4.240240
g1768 g1760 2.179600 2.179600
g1768 g2779 3.534350 3.534350
g1760 g1760 6.555980 3.217680
g1760 g1783 5.786380 3.167620
g1760 g1811 8.587080 6.324820
g1760 g1825 10.941210 9.546760
g1760 g1830 7.836050 7.192010
g1760 g1834 7.444180 6.336480
g1760 g1854 7.444180 6.246480
g1760 g1858 7.444180 6.336480
g1783 g110 8.974080 7.243350
g1783 g1768 6.625780 6.563560
g1783 g1760 4.314560 4.314560
g1783 g1783 3.047680 3.047680
g1783 g1798 8.975020 3.145840
g1783 g1792 5.764600 5.764600
g1783 g1811 8.675300 5.222660
g1783 g1825 9.074980 7.680530
g1783 g1830 5.969820 5.325780
g1783 OUTPUT 7.027050 7.027050
g1798 g1798 4.559700 4.559700
g1798 g1792 2.177620 2.177620
g1798 g2882 8.426650 8.426650
g1798 g2965 8.484650 8.484650
g1798 OUTPUT 7.107080 5.767020
g1792 g110 6.176990 4.446260
g1792 g1768 5.219580 5.157360
g1792 g1760 4.968000 4.968000
g1792 g1798 7.130820 5.803740
g1792 g1792 3.047680 3.047680
g1792 g1811 7.269100 2.195440
g1792 g1834 7.622080 6.514380
g1792 g1854 7.622080 6.424380
g1792 g1858 7.622080 6.514380
g1792 OUTPUT 4.229960 4.229960
g1811 g1811 3.077680 3.077680
g1811 g1825 6.437710 1.985560
g1811 g2831 5.877880 5.877880
g1811 g121 5.877880 5.877880
g1825 g1825 7.718490 3.047680
g1825 g1830 6.235450 1.985560
g1830 g1830 4.559700 4.559700
g1830 g1834 2.177620 2.177620
g1830 g2848 6.296410 6.296410
g1830 g2955 7.674340 7.674340
g1830 OUTPUT 5.066820 3.726760
g1834 g1834 3.683680 3.217680
g1834 g1840 2.987680 2.175640
g1834 g1844 6.118910 4.864820
g1840 g1840 3.217680 3.217680
g1840 g1844 7.112210 2.294440
g1844 g1844 3.047680 3.047680
g1844 g1848 1.985560 1.985560
g1844 g2856 8.185570 8.185570
g1844 g2955 9.722490 9.722490
g1844 OUTPUT 6.947800 5.607740
g1848 g1848 3.691720 3.047680
g1848 g1854 3.077680 2.383540
g1848 g1858 6.495700 4.852940
g1854 g1854 3.217680 3.217680
g1854 g1858 5.421800 1.985560
g1858 g1858 3.217680 3.217680
g1858 g1862 2.466160 2.466160
g1858 g2856 8.344850 8.344850
g1858 g2955 9.881770 9.881770
g1858 OUTPUT 7.107080 5.767020
g1862 g1862 5.181660 2.717040
g1862 g1913 2.674600 2.674600
g1862 g1906 3.672730 3.672730
g1862 g1950 9.769580 8.490970
g1862 g1955 5.720160 5.425960
g1862 g1874 6.312990 6.018790
g1862 g1870 5.024870 4.730670
g1862 g1886 6.312990 6.018790
g1862 g1882 5.194500 4.900300
g1862 g1902 3.932520 3.932520
g1862 g1974 7.417560 7.123360
g1862 g1978 7.785580 6.959420
g1862 g1982 7.705580 6.959420
g1913 g1913 4.559700 4.559700
g1913 g1906 2.177620 2.177620
g1913 g2882 7.781330 7.781330
g1913 g2965 7.839330 7.839330
g1913 OUTPUT 6.461760 5.121700
g1906 g112 7.511300 5.780570
g1906 g1862 4.517100 4.517100
g1906 g1913 8.491900 7.164820
g1906 g1906 3.304850 3.304850
g1906 g1936 3.672730 2.662720
g1906 g1870 6.301110 6.006910
g1906 g1878 5.024870 4.730670
g1906 g1890 6.301110 6.006910
g1906 g1886 5.024870 4.730670
g1906 g1902 5.294600 5.294600
g1906 OUTPUT 5.564270 5.564270
g1936 g112 8.432400 6.701670
g1936 g1862 4.407100 4.407100
g1936 g1913 7.130820 5.803740
g1936 g1936 3.304850 3.304850
g1936 g1950 9.576500 2.660740
g1936 g1955 5.890160 5.595960
g1936 g1874 6.205970 5.911770
g1936 g1878 6.299130 6.004930
g1936 g1890 5.024870 4.730670
g1936 g1882 5.024870 4.730670
g1936 g1974 7.587560 7.293360
g1936 g1978 7.955580 7.129420
g1936 g1982 7.875580 7.129420
g1936 OUTPUT 6.485370 6.485370
g1950 g1950 7.436610 3.217680
g1950 g1955 2.987680 1.985560
g1955 g1955 3.217680 3.217680
g1955 g1874 1.985560 1.985560
g1955 g1964 6.413890 4.956630
g1874 g1874 3.217680 3.217680
g1874 g1870 2.197420 2.197420
g1874 g1945 5.542620 5.542620
g1870 g1870 3.217680 3.217680
g1870 g1878 1.985560 1.985560
g1870 g1945 5.493710 5.493710
g1878 g1878 3.217680 3.217680
g1878 g1890 1.985560 1.985560
g1878 g1945 5.747310 5.747310
g1890 g1890 3.217680 3.217680
g1890 g1886 2.217220 2.217220
g1890 g1945 8.085700 8.085700
g1886 g1886 3.217680 3.217680
g1886 g1882 2.217220 2.217220
g1886 g1945 7.305700 7.305700
g1882 g1882 3.217680 3.217680
g1882 g1902 2.067600 2.067600
g1882 g1945 5.364620 5.364620
g1902 g1902 4.240240 4.240240
g1902 g1894 2.179600 2.179600
g1902 g2791 3.534350 3.534350
g1894 g1894 6.555980 3.217680
g1894 g1917 5.786380 3.167620
g1894 g1945 8.587080 6.324820
g1894 g1959 10.941210 9.546760
g1894 g1964 7.836050 7.192010
g1894 g1968 7.444180 6.336480
g1894 g1988 7.444180 6.246480
g1894 g1992 7.444180 6.336480
g1917 g110 8.911560 7.180830
g1917 g1902 6.619840 6.557620
g1917 g1894 4.314560 4.314560
g1917 g1917 3.047680 3.047680
g1917 g1932 8.969080 3.139900
g1917 g1926 5.758660 5.758660
g1917 g1945 8.669360 5.222660
g1917 g1959 9.074980 7.680530
g1917 g1964 5.969820 5.325780
g1917 OUTPUT 6.964530 6.964530
g1932 g1932 4.559700 4.559700
g1932 g1926 2.177620 2.177620
g1932 g2882 8.221330 8.221330
g1932 g2965 8.279330 8.279330
g1932 OUTPUT 6.901760 5.561700
g1926 g110 7.511300 5.780570
g1926 g1902 5.219580 5.157360
g1926 g1894 4.968000 4.968000
g1926 g1932 7.130820 5.803740
g1926 g1926 3.047680 3.047680
g1926 g1945 7.269100 2.195440
g1926 g1968 7.622080 6.514380
g1926 g1988 7.622080 6.424380
g1926 g1992 7.622080 6.514380
g1926 OUTPUT 5.564270 5.564270
g1945 g1945 3.077680 3.077680
g1945 g1959 6.437710 1.985560
g1945 g2831 6.301140 6.301140
g1945 g121 6.301140 6.301140
g1959 g1959 7.718490 3.047680
g1959 g1964 6.235450 1.985560
g1964 g1964 4.714140 4.714140
g1964 g1968 2.332060 2.332060
g1964 g2848 8.654640 8.654640
g1964 g2955 10.032570 10.032570
g1964 OUTPUT 7.425050 6.084990
g1968 g1968 3.683680 3.217680
g1968 g1974 2.987680 2.175640
g1968 g1978 6.118910 4.864820
g1974 g1974 3.217680 3.217680
g1974 g1978 7.112210 2.294440
g1978 g1978 3.047680 3.047680
g1978 g1982 1.985560 1.985560
g1978 g2856 7.699530 7.699530
g1978 g2955 9.236450 9.236450
g1978 OUTPUT 6.461760 5.121700
g1982 g1982 3.691720 3.047680
g1982 g1988 3.077680 2.383540
g1982 g1992 6.495700 4.852940
g1988 g1988 3.217680 3.217680
g1988 g1992 5.421800 1.985560
g1992 g1992 3.217680 3.217680
g1992 g1996 2.466160 2.466160
g1992 g2856 8.139530 8.139530
g1992 g2955 9.676450 9.676450
g1992 OUTPUT 6.901760 5.561700
g1996 g1996 5.181660 2.717040
g1996 g2047 2.674600 2.674600
g1996 g2040 3.672730 3.672730
g1996 g2084 9.769580 8.490970
g1996 g2089 5.720160 5.425960
g1996 g2008 6.312990 6.018790
g1996 g2004 5.024870 4.730670
g1996 g2020 6.312990 6.018790
g1996 g2016 5.194500 4.900300
g1996 g2036 3.932520 3.932520
g1996 g2108 7.417560 7.123360
g1996 g2112 7.785580 6.959420
g1996 g2116 7.705580 6.959420
g2047 g2047 4.559700 4.559700
g2047 g2040 2.177620 2.177620
g2047 g2882 8.482110 8.482110
g2047 g2965 8.540110 8.540110
g2047 OUTPUT 7.162540 5.822480
g2040 g112 6.010430 4.279700
g2040 g1996 4.517100 4.517100
g2040 g2047 8.491900 7.164820
g2040 g2040 3.304850 3.304850
g2040 g2070 3.672730 2.662720
g2040 g2004 6.301110 6.006910
g2040 g2012 5.024870 4.730670
g2040 g2024 6.301110 6.006910
g2040 g2020 5.024870 4.730670
g2040 g2036 5.294600 5.294600
g2040 OUTPUT 4.063400 4.063400
g2070 g112 8.328340 6.597610
g2070 g1996 4.407100 4.407100
g2070 g2047 7.130820 5.803740
g2070 g2070 3.304850 3.304850
g2070 g2084 9.582440 2.666680
g2070 g2089 5.890160 5.595960
g2070 g2008 6.211910 5.917710
g2070 g2012 6.305070 6.010870
g2070 g2024 5.024870 4.730670
g2070 g2016 5.024870 4.730670
g2070 g2108 7.587560 7.293360
g2070 g2112 7.955580 7.129420
g2070 g2116 7.875580 7.129420
g2070 OUTPUT 6.381310 6.381310
g2084 g2084 7.436610 3.217680
g2084 g2089 2.987680 1.985560
g2089 g2089 3.217680 3.217680
g2089 g2008 1.985560 1.985560
g2089 g2098 6.413890 4.956630
g2008 g2008 3.217680 3.217680
g2008 g2004 2.197420 2.197420
g2008 g2079 5.542620 5.542620
g2004 g2004 3.217680 3.217680
g2004 g2012 1.985560 1.985560
g2004 g2079 5.493710 5.493710
g2012 g2012 3.217680 3.217680
g2012 g2024 1.985560 1.985560
g2012 g2079 5.747310 5.747310
g2024 g2024 3.217680 3.217680
g2024 g2020 2.217220 2.217220
g2024 g2079 8.085700 8.085700
g2020 g2020 3.217680 3.217680
g2020 g2016 2.217220 2.217220
g2020 g2079 7.305700 7.305700
g2016 g2016 3.217680 3.217680
g2016 g2036 2.067600 2.067600
g2016 g2079 5.364620 5.364620
g2036 g2036 4.240240 4.240240
g2036 g2028 2.179600 2.179600
g2036 g2795 3.534350 3.534350
g2028 g2028 6.555980 3.217680
g2028 g2051 5.786380 3.167620
g2028 g2079 8.587080 6.324820
g2028 g2093 10.941210 9.546760
g2028 g2098 7.836050 7.192010
g2028 g2102 7.444180 6.336480
g2028 g2122 7.444180 6.246480
g2028 g2126 7.444180 6.336480
g2051 g110 8.807500 7.076770
g2051 g2036 6.625780 6.563560
g2051 g2028 4.314560 4.314560
g2051 g2051 3.047680 3.047680
g2051 g2066 8.975020 3.145840
g2051 g2060 5.764600 5.764600
g2051 g2079 8.675300 5.222660
g2051 g2093 9.074980 7.680530
g2051 g2098 5.969820 5.325780
g2051 OUTPUT 6.860470 6.860470
g2066 g2066 4.559700 4.559700
g2066 g2060 2.177620 2.177620
g2066 g2882 8.641330 8.641330
g2066 g2965 8.699330 8.699330
g2066 OUTPUT 7.321760 5.981700
g2060 g110 6.010430 4.279700
g2060 g2036 5.219580 5.157360
g2060 g2028 4.968000 4.968000
g2060 g2066 7.130820 5.803740
g2060 g2060 3.047680 3.047680
g2060 g2079 7.269100 2.195440
g2060 g2102 7.622080 6.514380
g2060 g2122 7.622080 6.424380
g2060 g2126 7.622080 6.514380
g2060 OUTPUT 4.063400 4.063400
g2079 g2079 3.077680 3.077680
g2079 g2093 6.437710 1.985560
g2079 g2831 5.613300 5.613300
g2079 g121 5.613300 5.613300
g2093 g2093 7.718490 3.047680
g2093 g2098 6.235450 1.985560
g2098 g2098 4.702260 4.702260
g2098 g2102 2.320180 2.320180
g2098 g2848 8.463850 8.463850
g2098 g2955 9.841780 9.841780
g2098 OUTPUT 7.234260 5.894200
g2102 g2102 3.683680 3.217680
g2102 g2108 2.987680 2.175640
g2102 g2112 6.118910 4.864820
g2108 g2108 3.217680 3.217680
g2108 g2112 7.112210 2.294440
g2112 g2112 3.047680 3.047680
g2112 g2116 1.985560 1.985560
g2112 g2856 8.400310 8.400310
g2112 g2955 9.937230 9.937230
g2112 OUTPUT 7.162540 5.822480
g2116 g2116 3.691720 3.047680
g2116 g2122 3.077680 2.383540
g2116 g2126 6.495700 4.852940
g2122 g2122 3.217680 3.217680
g2122 g2126 5.421800 1.985560
g2126 g2126 3.217680 3.217680
g2126 g2130 2.466160 2.466160
g2126 g2856 8.559530 8.559530
g2126 g2955 10.096450 10.096450
g2126 OUTPUT 7.321760 5.981700
g2130 g50 9.045050 6.870300
g2130 g55 22.507290 16.466220
g2130 g1592 13.445560 12.622120
g2130 g1636 13.445560 12.622120
g2130 g1668 13.445560 12.622120
g2130 g1682 13.572430 9.989020
g2130 g1687 14.211240 13.917040
g2130 g1604 14.361770 9.011250
g2130 g1600 14.361770 9.011250
g2130 g1608 14.361770 9.011250
g2130 g1620 14.361770 9.011250
g2130 g1616 14.361770 9.011250
g2130 g1612 14.285300 9.011250
g2130 g1706 15.904500 15.610300
g2130 g1710 16.272520 15.446360
g2130 g1714 16.192520 15.446360
g2130 g1728 11.861680 11.039340
g2130 g1772 12.450590 11.627150
g2130 g1802 12.450590 11.627150
g2130 g1816 12.577460 9.422770
g2130 g1821 13.216270 12.922070
g2130 g1740 13.366800 8.393640
g2130 g1736 13.366800 8.393640
g2130 g1744 13.366800 8.393640
g2130 g1756 13.366800 8.393640
g2130 g1752 13.366800 8.393640
g2130 g1748 13.290330 8.393640
g2130 g1840 14.909530 14.615330
g2130 g1844 15.277550 14.451390
g2130 g1848 15.197550 14.451390
g2130 g1862 11.954480 11.132140
g2130 g1906 12.543390 11.719950
g2130 g1936 12.543390 11.719950
g2130 g1950 12.670260 9.086850
g2130 g1955 13.309070 13.014870
g2130 g1874 13.459600 8.109080
g2130 g1870 13.459600 8.109080
g2130 g1878 13.459600 8.109080
g2130 g1890 13.459600 8.109080
g2130 g1886 13.459600 8.109080
g2130 g1882 13.383130 8.109080
g2130 g1974 15.002330 14.708130
g2130 g1978 15.370350 14.544190
g2130 g1982 15.290350 14.544190
g2130 g1996 11.658680 10.836340
g2130 g2040 12.247590 11.424150
g2130 g2070 12.247590 11.424150
g2130 g2084 12.374460 9.219770
g2130 g2089 13.013270 12.719070
g2130 g2008 13.163800 8.190640
g2130 g2004 13.163800 8.190640
g2130 g2012 13.163800 8.190640
g2130 g2024 13.163800 8.190640
g2130 g2020 13.163800 8.190640
g2130 g2016 13.087330 8.190640
g2130 g2108 14.706530 14.412330
g2130 g2112 15.074550 14.248390
g2130 g2116 14.994550 14.248390
g2130 g2130 2.649650 2.649650
g2130 g2138 2.625100 2.625100
g2130 g2984 21.682920 17.816600
g2130 g19 5.162680 5.162680
g2130 g34 18.624920 14.758600
g2130 OUTPUT 7.067450 7.067450
g2130 OUTPUT 20.529690 16.663370
g2138 g51 8.924070 6.749320
g2138 g55 22.361770 16.320700
g2138 g1592 12.560100 11.736660
g2138 g1636 12.560100 11.736660
g2138 g1668 12.560100 11.736660
g2138 g1682 12.686970 9.103560
g2138 g1687 13.325780 13.031580
g2138 g1604 13.476310 8.125790
g2138 g1600 13.476310 8.125790
g2138 g1608 13.476310 8.125790
g2138 g1620 13.476310 8.125790
g2138 g1616 13.476310 8.125790
g2138 g1612 13.399840 8.125790
g2138 g1706 15.019040 14.724840
g2138 g1710 15.387060 14.560900
g2138 g1714 15.307060 14.560900
g2138 g1728 12.879680 12.057340
g2138 g1772 13.468590 12.645150
g2138 g1802 13.468590 12.645150
g2138 g1816 13.595460 10.440770
g2138 g1821 14.234270 13.940070
g2138 g1740 14.384800 9.411640
g2138 g1736 14.384800 9.411640
g2138 g1744 14.384800 9.411640
g2138 g1756 14.384800 9.411640
g2138 g1752 14.384800 9.411640
g2138 g1748 14.308330 9.411640
g2138 g1840 15.927530 15.633330
g2138 g1844 16.295550 15.469390
g2138 g1848 16.215550 15.469390
g2138 g1862 12.058680 11.236340
g2138 g1906 12.647590 11.824150
g2138 g1936 12.647590 11.824150
g2138 g1950 12.774460 9.191050
g2138 g1955 13.413270 13.119070
g2138 g1874 13.563800 8.213280
g2138 g1870 13.563800 8.213280
g2138 g1878 13.563800 8.213280
g2138 g1890 13.563800 8.213280
g2138 g1886 13.563800 8.213280
g2138 g1882 13.487330 8.213280
g2138 g1974 15.106530 14.812330
g2138 g1978 15.474550 14.648390
g2138 g1982 15.394550 14.648390
g2138 g1996 11.757980 10.935640
g2138 g2040 12.346890 11.523450
g2138 g2070 12.346890 11.523450
g2138 g2084 12.473760 9.319070
g2138 g2089 13.112570 12.818370
g2138 g2008 13.263100 8.289940
g2138 g2004 13.263100 8.289940
g2138 g2012 13.263100 8.289940
g2138 g2024 13.263100 8.289940
g2138 g2020 13.263100 8.289940
g2138 g2016 13.186630 8.289940
g2138 g2108 14.805830 14.511630
g2138 g2112 15.173850 14.347690
g2138 g2116 15.093850 14.347690
g2138 g2138 3.021740 3.021740
g2138 g2145 2.601340 2.601340
g2138 g2984 21.537400 17.671080
g2138 g28 5.041700 5.041700
g2138 g34 18.479400 14.613080
g2138 OUTPUT 6.946470 6.946470
g2138 OUTPUT 20.384170 16.517850
g2145 g52 8.889510 6.714760
g2145 g55 22.148650 16.489180
g2145 g1592 12.720100 11.896660
g2145 g1636 12.720100 11.896660
g2145 g1668 12.720100 11.896660
g2145 g1682 12.846970 9.263560
g2145 g1687 13.485780 13.191580
g2145 g1604 13.636310 8.285790
g2145 g1600 13.636310 8.285790
g2145 g1608 13.636310 8.285790
g2145 g1620 13.636310 8.285790
g2145 g1616 13.636310 8.285790
g2145 g1612 13.559840 8.285790
g2145 g1706 15.179040 14.884840
g2145 g1710 15.547060 14.720900
g2145 g1714 15.467060 14.720900
g2145 g1728 11.658680 10.836340
g2145 g1772 12.247590 11.424150
g2145 g1802 12.247590 11.424150
g2145 g1816 12.374460 9.219770
g2145 g1821 13.013270 12.719070
g2145 g1740 13.163800 8.190640
g2145 g1736 13.163800 8.190640
g2145 g1744 13.163800 8.190640
g2145 g1756 13.163800 8.190640
g2145 g1752 13.163800 8.190640
g2145 g1748 13.087330 8.190640
g2145 g1840 14.706530 14.412330
g2145 g1844 15.074550 14.248390
g2145 g1848 14.994550 14.248390
g2145 g1862 12.960600 12.138260
g2145 g1906 13.549510 12.726070
g2145 g1936 13.549510 12.726070
g2145 g1950 13.676380 10.092970
g2145 g1955 14.315190 14.020990
g2145 g1874 14.465720 9.115200
g2145 g1870 14.465720 9.115200
g2145 g1878 14.465720 9.115200
g2145 g1890 14.465720 9.115200
g2145 g1886 14.465720 9.115200
g2145 g1882 14.389250 9.115200
g2145 g1974 16.008450 15.714250
g2145 g1978 16.376470 15.550310
g2145 g1982 16.296470 15.550310
g2145 g1996 11.861680 11.039340
g2145 g2040 12.450590 11.627150
g2145 g2070 12.450590 11.627150
g2145 g2084 12.577460 9.422770
g2145 g2089 13.216270 12.922070
g2145 g2008 13.366800 8.393640
g2145 g2004 13.366800 8.393640
g2145 g2012 13.366800 8.393640
g2145 g2024 13.366800 8.393640
g2145 g2020 13.366800 8.393640
g2145 g2016 13.290330 8.393640
g2145 g2108 14.909530 14.615330
g2145 g2112 15.277550 14.451390
g2145 g2116 15.197550 14.451390
g2145 g2145 2.999960 2.999960
g2145 g2151 2.467540 2.467540
g2145 g2984 21.324280 17.839560
g2145 g31 5.007140 5.007140
g2145 g34 18.266280 14.781560
g2145 OUTPUT 6.911910 6.911910
g2145 OUTPUT 20.171050 16.686330
g2151 g2152 1.859680 1.859680
g2152 g2153 2.366040 2.366040
g2153 g2153 5.769470 3.304850
g2153 g2204 2.674600 2.674600
g2153 g2197 3.672730 3.672730
g2153 g2241 9.769580 8.490970
g2153 g2246 5.720160 5.425960
g2153 g2165 6.312990 6.018790
g2153 g2161 5.024870 4.730670
g2153 g2177 6.312990 6.018790
g2153 g2173 5.194500 4.900300
g2153 g2193 3.932520 3.932520
g2153 g2265 7.417560 7.123360
g2153 g2269 7.785580 6.959420
g2153 g2273 7.705580 6.959420
g2204 g2204 4.559700 4.559700
g2204 g2197 2.177620 2.177620
g2204 g2882 7.335550 7.335550
g2204 g2965 7.393550 7.393550
g2204 OUTPUT 5.587990 5.547690
g2197 g112 7.249260 5.518530
g2197 g2153 5.104910 5.104910
g2197 g2204 8.491900 7.164820
g2197 g2197 3.304850 3.304850
g2197 g2227 3.672730 2.662720
g2197 g2161 6.301110 6.006910
g2197 g2169 5.024870 4.730670
g2197 g2181 6.301110 6.006910
g2197 g2177 5.024870 4.730670
g2197 g2193 5.294600 5.294600
g2197 OUTPUT 5.302230 5.302230
g2227 g112 8.170360 6.439630
g2227 g2153 4.994910 4.994910
g2227 g2204 7.130820 5.803740
g2227 g2227 3.304850 3.304850
g2227 g2241 9.576500 2.660740
g2227 g2246 5.890160 5.595960
g2227 g2165 6.205970 5.911770
g2227 g2169 6.299130 6.004930
g2227 g2181 5.024870 4.730670
g2227 g2173 5.024870 4.730670
g2227 g2265 7.587560 7.293360
g2227 g2269 7.955580 7.129420
g2227 g2273 7.875580 7.129420
g2227 OUTPUT 6.223330 6.223330
g2241 g2241 7.436610 3.217680
g2241 g2246 2.987680 1.985560
g2246 g2246 3.217680 3.217680
g2246 g2165 1.985560 1.985560
g2246 g2255 6.413890 4.956630
g2165 g2165 3.217680 3.217680
g2165 g2161 2.197420 2.197420
g2165 g2236 5.542620 5.542620
g2161 g2161 3.217680 3.217680
g2161 g2169 1.985560 1.985560
g2161 g2236 5.493710 5.493710
g2169 g2169 3.217680 3.217680
g2169 g2181 1.985560 1.985560
g2169 g2236 5.747310 5.747310
g2181 g2181 3.217680 3.217680
g2181 g2177 2.217220 2.217220
g2181 g2236 8.085700 8.085700
g2177 g2177 3.217680 3.217680
g2177 g2173 2.217220 2.217220
g2177 g2236 7.305700 7.305700
g2173 g2173 3.217680 3.217680
g2173 g2193 2.067600 2.067600
g2173 g2236 5.364620 5.364620
g2193 g2193 4.240240 4.240240
g2193 g2185 2.179600 2.179600
g2193 g2799 3.534350 3.534350
g2185 g2185 6.555980 3.217680
g2185 g2208 5.786380 3.167620
g2185 g2236 8.587080 6.324820
g2185 g2250 10.941210 9.546760
g2185 g2255 7.836050 7.192010
g2185 g2259 7.444180 6.336480
g2185 g2279 7.444180 6.246480
g2185 g2283 7.444180 6.336480
g2208 g110 8.649520 6.918790
g2208 g2193 6.619840 6.557620
g2208 g2185 4.314560 4.314560
g2208 g2208 3.047680 3.047680
g2208 g2223 8.969080 3.139900
g2208 g2217 5.758660 5.758660
g2208 g2236 8.669360 5.222660
g2208 g2250 9.074980 7.680530
g2208 g2255 5.969820 5.325780
g2208 OUTPUT 6.702490 6.702490
g2223 g2223 4.559700 4.559700
g2223 g2217 2.177620 2.177620
g2223 g2882 7.775550 7.775550
g2223 g2965 7.833550 7.833550
g2223 OUTPUT 6.027990 5.987690
g2217 g110 7.249260 5.518530
g2217 g2193 5.219580 5.157360
g2217 g2185 4.968000 4.968000
g2217 g2223 7.130820 5.803740
g2217 g2217 3.047680 3.047680
g2217 g2236 7.269100 2.195440
g2217 g2259 7.622080 6.514380
g2217 g2279 7.622080 6.424380
g2217 g2283 7.622080 6.514380
g2217 OUTPUT 5.302230 5.302230
g2236 g2236 3.077680 3.077680
g2236 g2250 6.437710 1.985560
g2236 g2834 6.565700 6.565700
g2236 g117 6.565700 6.565700
g2250 g2250 7.718490 3.047680
g2250 g2255 6.235450 1.985560
g2255 g2255 4.559700 4.559700
g2255 g2259 2.177620 2.177620
g2255 g2848 6.317030 6.317030
g2255 g2955 7.694960 7.694960
g2255 OUTPUT 4.659670 4.619370
g2259 g2259 3.683680 3.217680
g2259 g2265 2.987680 2.175640
g2259 g2269 6.118910 4.864820
g2265 g2265 3.217680 3.217680
g2265 g2269 7.112210 2.294440
g2269 g2269 3.047680 3.047680
g2269 g2273 1.985560 1.985560
g2269 g2856 7.253550 7.253550
g2269 g2955 8.790470 8.790470
g2269 OUTPUT 5.587990 5.547690
g2273 g2273 3.691720 3.047680
g2273 g2279 3.077680 2.383540
g2273 g2283 6.495700 4.852940
g2279 g2279 3.217680 3.217680
g2279 g2283 5.421800 1.985560
g2283 g2283 3.217680 3.217680
g2283 g2287 2.466160 2.466160
g2283 g2856 7.693550 7.693550
g2283 g2955 9.230470 9.230470
g2283 OUTPUT 6.027990 5.987690
g2287 g2287 5.181660 2.717040
g2287 g2338 2.674600 2.674600
g2287 g2331 3.672730 3.672730
g2287 g2375 9.769580 8.490970
g2287 g2380 5.720160 5.425960
g2287 g2299 6.312990 6.018790
g2287 g2295 5.024870 4.730670
g2287 g2311 6.312990 6.018790
g2287 g2307 5.194500 4.900300
g2287 g2327 3.932520 3.932520
g2287 g2399 7.417560 7.123360
g2287 g2403 7.785580 6.959420
g2287 g2407 7.705580 6.959420
g2338 g2338 4.559700 4.559700
g2338 g2331 2.177620 2.177620
g2338 g2882 8.036270 8.036270
g2338 g2965 8.094270 8.094270
g2338 OUTPUT 6.288710 6.248410
g2331 g112 5.748390 4.017660
g2331 g2287 4.517100 4.517100
g2331 g2338 8.491900 7.164820
g2331 g2331 3.304850 3.304850
g2331 g2361 3.672730 2.662720
g2331 g2295 6.301110 6.006910
g2331 g2303 5.024870 4.730670
g2331 g2315 6.301110 6.006910
g2331 g2311 5.024870 4.730670
g2331 g2327 5.294600 5.294600
g2331 OUTPUT 3.801360 3.801360
g2361 g112 8.066300 6.335570
g2361 g2287 4.407100 4.407100
g2361 g2338 7.130820 5.803740
g2361 g2361 3.304850 3.304850
g2361 g2375 9.582440 2.666680
g2361 g2380 5.890160 5.595960
g2361 g2299 6.211910 5.917710
g2361 g2303 6.305070 6.010870
g2361 g2315 5.024870 4.730670
g2361 g2307 5.024870 4.730670
g2361 g2399 7.587560 7.293360
g2361 g2403 7.955580 7.129420
g2361 g2407 7.875580 7.129420
g2361 OUTPUT 6.119270 6.119270
g2375 g2375 7.436610 3.217680
g2375 g2380 2.987680 1.985560
g2380 g2380 3.217680 3.217680
g2380 g2299 1.985560 1.985560
g2380 g2389 6.413890 4.956630
g2299 g2299 3.217680 3.217680
g2299 g2295 2.197420 2.197420
g2299 g2370 5.542620 5.542620
g2295 g2295 3.217680 3.217680
g2295 g2303 1.985560 1.985560
g2295 g2370 5.493710 5.493710
g2303 g2303 3.217680 3.217680
g2303 g2315 1.985560 1.985560
g2303 g2370 5.747310 5.747310
g2315 g2315 3.217680 3.217680
g2315 g2311 2.217220 2.217220
g2315 g2370 8.085700 8.085700
g2311 g2311 3.217680 3.217680
g2311 g2307 2.217220 2.217220
g2311 g2370 7.305700 7.305700
g2307 g2307 3.217680 3.217680
g2307 g2327 2.067600 2.067600
g2307 g2370 5.364620 5.364620
g2327 g2327 4.240240 4.240240
g2327 g2319 2.179600 2.179600
g2327 g2811 3.534350 3.534350
g2319 g2319 6.555980 3.217680
g2319 g2342 5.786380 3.167620
g2319 g2370 8.587080 6.324820
g2319 g2384 10.941210 9.546760
g2319 g2389 7.836050 7.192010
g2319 g2393 7.444180 6.336480
g2319 g2413 7.444180 6.246480
g2319 g2417 7.444180 6.336480
g2342 g110 8.545460 6.814730
g2342 g2327 6.625780 6.563560
g2342 g2319 4.314560 4.314560
g2342 g2342 3.047680 3.047680
g2342 g2357 8.975020 3.145840
g2342 g2351 5.764600 5.764600
g2342 g2370 8.675300 5.222660
g2342 g2384 9.074980 7.680530
g2342 g2389 5.969820 5.325780
g2342 OUTPUT 6.598430 6.598430
g2357 g2357 4.559700 4.559700
g2357 g2351 2.177620 2.177620
g2357 g2882 8.195550 8.195550
g2357 g2965 8.253550 8.253550
g2357 OUTPUT 6.447990 6.407690
g2351 g110 5.748390 4.017660
g2351 g2327 5.219580 5.157360
g2351 g2319 4.968000 4.968000
g2351 g2357 7.130820 5.803740
g2351 g2351 3.047680 3.047680
g2351 g2370 7.269100 2.195440
g2351 g2393 7.622080 6.514380
g2351 g2413 7.622080 6.424380
g2351 g2417 7.622080 6.514380
g2351 OUTPUT 3.801360 3.801360
g2370 g2370 3.077680 3.077680
g2370 g2384 6.437710 1.985560
g2370 g2834 5.877880 5.877880
g2370 g117 5.877880 5.877880
g2384 g2384 7.718490 3.047680
g2384 g2389 6.235450 1.985560
g2389 g2389 4.559700 4.559700
g2389 g2393 2.177620 2.177620
g2389 g2848 6.057030 6.057030
g2389 g2955 7.434960 7.434960
g2389 OUTPUT 4.399670 4.359370
g2393 g2393 3.683680 3.217680
g2393 g2399 2.987680 2.175640
g2393 g2403 6.118910 4.864820
g2399 g2399 3.217680 3.217680
g2399 g2403 7.112210 2.294440
g2403 g2403 3.047680 3.047680
g2403 g2407 1.985560 1.985560
g2403 g2856 7.954270 7.954270
g2403 g2955 9.491190 9.491190
g2403 OUTPUT 6.288710 6.248410
g2407 g2407 3.691720 3.047680
g2407 g2413 3.077680 2.383540
g2407 g2417 6.495700 4.852940
g2413 g2413 3.217680 3.217680
g2413 g2417 5.421800 1.985560
g2417 g2417 3.217680 3.217680
g2417 g2421 2.466160 2.466160
g2417 g2856 8.113550 8.113550
g2417 g2955 9.650470 9.650470
g2417 OUTPUT 6.447990 6.407690
g2421 g2421 5.181660 2.717040
g2421 g2472 2.674600 2.674600
g2421 g2465 3.672730 3.672730
g2421 g2509 9.769580 8.490970
g2421 g2514 5.720160 5.425960
g2421 g2433 6.312990 6.018790
g2421 g2429 5.024870 4.730670
g2421 g2445 6.312990 6.018790
g2421 g2441 5.194500 4.900300
g2421 g2461 3.932520 3.932520
g2421 g2533 7.417560 7.123360
g2421 g2537 7.785580 6.959420
g2421 g2541 7.705580 6.959420
g2472 g2472 4.559700 4.559700
g2472 g2465 2.177620 2.177620
g2472 g2882 7.550230 7.550230
g2472 g2965 7.608230 7.608230
g2472 OUTPUT 5.802670 5.762370
g2465 g112 6.817880 5.087150
g2465 g2421 4.517100 4.517100
g2465 g2472 8.491900 7.164820
g2465 g2465 3.304850 3.304850
g2465 g2495 3.672730 2.662720
g2465 g2429 6.301110 6.006910
g2465 g2437 5.024870 4.730670
g2465 g2449 6.301110 6.006910
g2465 g2445 5.024870 4.730670
g2465 g2461 5.294600 5.294600
g2465 OUTPUT 4.870850 4.870850
g2495 g112 7.738980 6.008250
g2495 g2421 4.407100 4.407100
g2495 g2472 7.130820 5.803740
g2495 g2495 3.304850 3.304850
g2495 g2509 9.576500 2.660740
g2495 g2514 5.890160 5.595960
g2495 g2433 6.205970 5.911770
g2495 g2437 6.299130 6.004930
g2495 g2449 5.024870 4.730670
g2495 g2441 5.024870 4.730670
g2495 g2533 7.587560 7.293360
g2495 g2537 7.955580 7.129420
g2495 g2541 7.875580 7.129420
g2495 OUTPUT 5.791950 5.791950
g2509 g2509 7.436610 3.217680
g2509 g2514 2.987680 1.985560
g2514 g2514 3.217680 3.217680
g2514 g2433 1.985560 1.985560
g2514 g2523 6.413890 4.956630
g2433 g2433 3.217680 3.217680
g2433 g2429 2.197420 2.197420
g2433 g2504 5.542620 5.542620
g2429 g2429 3.217680 3.217680
g2429 g2437 1.985560 1.985560
g2429 g2504 5.493710 5.493710
g2437 g2437 3.217680 3.217680
g2437 g2449 1.985560 1.985560
g2437 g2504 5.747310 5.747310
g2449 g2449 3.217680 3.217680
g2449 g2445 2.217220 2.217220
g2449 g2504 8.085700 8.085700
g2445 g2445 3.217680 3.217680
g2445 g2441 2.217220 2.217220
g2445 g2504 7.305700 7.305700
g2441 g2441 3.217680 3.217680
g2441 g2461 2.067600 2.067600
g2441 g2504 5.364620 5.364620
g2461 g2461 4.240240 4.240240
g2461 g2453 2.179600 2.179600
g2461 g2823 3.534350 3.534350
g2453 g2453 6.555980 3.217680
g2453 g2476 5.786380 3.167620
g2453 g2504 8.587080 6.324820
g2453 g2518 10.941210 9.546760
g2453 g2523 7.836050 7.192010
g2453 g2527 7.444180 6.336480
g2453 g2547 7.444180 6.246480
g2453 g2551 7.444180 6.336480
g2476 g110 8.218140 6.487410
g2476 g2461 6.619840 6.557620
g2476 g2453 4.314560 4.314560
g2476 g2476 3.047680 3.047680
g2476 g2491 8.969080 3.139900
g2476 g2485 5.758660 5.758660
g2476 g2504 8.669360 5.222660
g2476 g2518 9.074980 7.680530
g2476 g2523 5.969820 5.325780
g2476 OUTPUT 6.271110 6.271110
g2491 g2491 4.559700 4.559700
g2491 g2485 2.177620 2.177620
g2491 g2882 7.990230 7.990230
g2491 g2965 8.048230 8.048230
g2491 OUTPUT 6.242670 6.202370
g2485 g110 6.817880 5.087150
g2485 g2461 5.219580 5.157360
g2485 g2453 4.968000 4.968000
g2485 g2491 7.130820 5.803740
g2485 g2485 3.047680 3.047680
g2485 g2504 7.269100 2.195440
g2485 g2527 7.622080 6.514380
g2485 g2547 7.622080 6.424380
g2485 g2551 7.622080 6.514380
g2485 OUTPUT 4.870850 4.870850
g2504 g2504 3.077680 3.077680
g2504 g2518 6.437710 1.985560
g2504 g2834 6.301140 6.301140
g2504 g117 6.301140 6.301140
g2518 g2518 7.718490 3.047680
g2518 g2523 6.235450 1.985560
g2523 g2523 4.714140 4.714140
g2523 g2527 2.332060 2.332060
g2523 g2848 8.415260 8.415260
g2523 g2955 9.793190 9.793190
g2523 OUTPUT 6.757900 6.717600
g2527 g2527 3.683680 3.217680
g2527 g2533 2.987680 2.175640
g2527 g2537 6.118910 4.864820
g2533 g2533 3.217680 3.217680
g2533 g2537 7.112210 2.294440
g2537 g2537 3.047680 3.047680
g2537 g2541 1.985560 1.985560
g2537 g2856 7.468230 7.468230
g2537 g2955 9.005150 9.005150
g2537 OUTPUT 5.802670 5.762370
g2541 g2541 3.691720 3.047680
g2541 g2547 3.077680 2.383540
g2541 g2551 6.495700 4.852940
g2547 g2547 3.217680 3.217680
g2547 g2551 5.421800 1.985560
g2551 g2551 3.217680 3.217680
g2551 g2555 2.466160 2.466160
g2551 g2856 7.908230 7.908230
g2551 g2955 9.445150 9.445150
g2551 OUTPUT 6.242670 6.202370
g2555 g2555 5.181660 2.717040
g2555 g2606 2.674600 2.674600
g2555 g2599 3.672730 3.672730
g2555 g2643 9.769580 8.490970
g2555 g2648 5.720160 5.425960
g2555 g2567 6.312990 6.018790
g2555 g2563 5.024870 4.730670
g2555 g2579 6.312990 6.018790
g2555 g2575 5.194500 4.900300
g2555 g2595 3.932520 3.932520
g2555 g2667 7.417560 7.123360
g2555 g2671 7.785580 6.959420
g2555 g2675 7.705580 6.959420
g2606 g2606 4.559700 4.559700
g2606 g2599 2.177620 2.177620
g2606 g2882 8.251010 8.251010
g2606 g2965 8.309010 8.309010
g2606 OUTPUT 6.503450 6.463150
g2599 g112 5.316990 3.586260
g2599 g2555 4.517100 4.517100
g2599 g2606 8.491900 7.164820
g2599 g2599 3.304850 3.304850
g2599 g2629 3.672730 2.662720
g2599 g2563 6.301110 6.006910
g2599 g2571 5.024870 4.730670
g2599 g2583 6.301110 6.006910
g2599 g2579 5.024870 4.730670
g2599 g2595 5.294600 5.294600
g2599 OUTPUT 3.369960 3.369960
g2629 g112 7.634920 5.904190
g2629 g2555 4.407100 4.407100
g2629 g2606 7.130820 5.803740
g2629 g2629 3.304850 3.304850
g2629 g2643 9.582440 2.666680
g2629 g2648 5.890160 5.595960
g2629 g2567 6.211910 5.917710
g2629 g2571 6.305070 6.010870
g2629 g2583 5.024870 4.730670
g2629 g2575 5.024870 4.730670
g2629 g2667 7.587560 7.293360
g2629 g2671 7.955580 7.129420
g2629 g2675 7.875580 7.129420
g2629 OUTPUT 5.687890 5.687890
g2643 g2643 7.436610 3.217680
g2643 g2648 2.987680 1.985560
g2648 g2648 3.217680 3.217680
g2648 g2567 1.985560 1.985560
g2648 g2657 6.413890 4.956630
g2567 g2567 3.217680 3.217680
g2567 g2563 2.197420 2.197420
g2567 g2638 5.542620 5.542620
g2563 g2563 3.217680 3.217680
g2563 g2571 1.985560 1.985560
g2563 g2638 5.493710 5.493710
g2571 g2571 3.217680 3.217680
g2571 g2583 1.985560 1.985560
g2571 g2638 5.747310 5.747310
g2583 g2583 3.217680 3.217680
g2583 g2579 2.217220 2.217220
g2583 g2638 8.085700 8.085700
g2579 g2579 3.217680 3.217680
g2579 g2575 2.217220 2.217220
g2579 g2638 7.305700 7.305700
g2575 g2575 3.217680 3.217680
g2575 g2595 2.067600 2.067600
g2575 g2638 5.364620 5.364620
g2595 g2595 4.240240 4.240240
g2595 g2587 2.179600 2.179600
g2595 g2827 3.534350 3.534350
g2587 g2587 6.555980 3.217680
g2587 g2610 5.786380 3.167620
g2587 g2638 8.587080 6.324820
g2587 g2652 10.941210 9.546760
g2587 g2657 7.836050 7.192010
g2587 g2661 7.444180 6.336480
g2587 g2681 7.444180 6.246480
g2587 g2685 7.444180 6.336480
g2610 g110 8.114080 6.383350
g2610 g2595 6.625780 6.563560
g2610 g2587 4.314560 4.314560
g2610 g2610 3.047680 3.047680
g2610 g2625 8.975020 3.145840
g2610 g2619 5.764600 5.764600
g2610 g2638 8.675300 5.222660
g2610 g2652 9.074980 7.680530
g2610 g2657 5.969820 5.325780
g2610 OUTPUT 6.167050 6.167050
g2625 g2625 4.559700 4.559700
g2625 g2619 2.177620 2.177620
g2625 g2882 8.410230 8.410230
g2625 g2965 8.468230 8.468230
g2625 OUTPUT 6.662670 6.622370
g2619 g110 5.316990 3.586260
g2619 g2595 5.219580 5.157360
g2619 g2587 4.968000 4.968000
g2619 g2625 7.130820 5.803740
g2619 g2619 3.047680 3.047680
g2619 g2638 7.269100 2.195440
g2619 g2661 7.622080 6.514380
g2619 g2681 7.622080 6.424380
g2619 g2685 7.622080 6.514380
g2619 OUTPUT 3.369960 3.369960
g2638 g2638 3.077680 3.077680
g2638 g2652 6.437710 1.985560
g2638 g2834 5.613300 5.613300
g2638 g117 5.613300 5.613300
g2652 g2652 7.718490 3.047680
g2652 g2657 6.235450 1.985560
g2657 g2657 4.702260 4.702260
g2657 g2661 2.320180 2.320180
g2657 g2848 8.224470 8.224470
g2657 g2955 9.602400 9.602400
g2657 OUTPUT 6.567110 6.526810
g2661 g2661 3.683680 3.217680
g2661 g2667 2.987680 2.175640
g2661 g2671 6.118910 4.864820
g2667 g2667 3.217680 3.217680
g2667 g2671 7.112210 2.294440
g2671 g2671 3.047680 3.047680
g2671 g2675 1.985560 1.985560
g2671 g2856 8.169010 8.169010
g2671 g2955 9.705930 9.705930
g2671 OUTPUT 6.503450 6.463150
g2675 g2675 3.691720 3.047680
g2675 g2681 3.077680 2.383540
g2675 g2685 6.495700 4.852940
g2681 g2681 3.217680 3.217680
g2681 g2685 5.421800 1.985560
g2685 g2685 3.217680 3.217680
g2685 g2689 2.466160 2.466160
g2685 g2856 8.328230 8.328230
g2685 g2955 9.865150 9.865150
g2685 OUTPUT 6.662670 6.622370
g2689 g50 8.595550 6.420800
g2689 g55 22.057790 16.016720
g2689 g2153 13.435660 12.612220
g2689 g2197 13.435660 12.612220
g2689 g2227 13.435660 12.612220
g2689 g2241 13.562530 9.979120
g2689 g2246 14.201340 13.907140
g2689 g2165 14.351870 9.001350
g2689 g2161 14.351870 9.001350
g2689 g2169 14.351870 9.001350
g2689 g2181 14.351870 9.001350
g2689 g2177 14.351870 9.001350
g2689 g2173 14.275400 9.001350
g2689 g2265 15.894600 15.600400
g2689 g2269 16.262620 15.436460
g2689 g2273 16.182620 15.436460
g2689 g2287 11.861680 11.039340
g2689 g2331 12.450590 11.627150
g2689 g2361 12.450590 11.627150
g2689 g2375 12.577460 9.422770
g2689 g2380 13.216270 12.922070
g2689 g2299 13.366800 8.393640
g2689 g2295 13.366800 8.393640
g2689 g2303 13.366800 8.393640
g2689 g2315 13.366800 8.393640
g2689 g2311 13.366800 8.393640
g2689 g2307 13.290330 8.393640
g2689 g2399 14.909530 14.615330
g2689 g2403 15.277550 14.451390
g2689 g2407 15.197550 14.451390
g2689 g2421 11.954480 11.132140
g2689 g2465 12.543390 11.719950
g2689 g2495 12.543390 11.719950
g2689 g2509 12.670260 9.086850
g2689 g2514 13.309070 13.014870
g2689 g2433 13.459600 8.109080
g2689 g2429 13.459600 8.109080
g2689 g2437 13.459600 8.109080
g2689 g2449 13.459600 8.109080
g2689 g2445 13.459600 8.109080
g2689 g2441 13.383130 8.109080
g2689 g2533 15.002330 14.708130
g2689 g2537 15.370350 14.544190
g2689 g2541 15.290350 14.544190
g2689 g2555 11.658680 10.836340
g2689 g2599 12.247590 11.424150
g2689 g2629 12.247590 11.424150
g2689 g2643 12.374460 9.219770
g2689 g2648 13.013270 12.719070
g2689 g2567 13.163800 8.190640
g2689 g2563 13.163800 8.190640
g2689 g2571 13.163800 8.190640
g2689 g2583 13.163800 8.190640
g2689 g2579 13.163800 8.190640
g2689 g2575 13.087330 8.190640
g2689 g2667 14.706530 14.412330
g2689 g2671 15.074550 14.248390
g2689 g2675 14.994550 14.248390
g2689 g2689 2.639750 2.639750
g2689 g2697 2.615200 2.615200
g2689 g2984 21.233420 17.367100
g2689 g19 4.713180 4.713180
g2689 g34 18.175420 14.309100
g2689 OUTPUT 6.617950 6.617950
g2689 OUTPUT 20.080190 16.213870
g2697 g51 8.516450 6.341700
g2697 g55 21.954150 15.913080
g2697 g2153 12.560100 11.736660
g2697 g2197 12.560100 11.736660
g2697 g2227 12.560100 11.736660
g2697 g2241 12.686970 9.103560
g2697 g2246 13.325780 13.031580
g2697 g2165 13.476310 8.125790
g2697 g2161 13.476310 8.125790
g2697 g2169 13.476310 8.125790
g2697 g2181 13.476310 8.125790
g2697 g2177 13.476310 8.125790
g2697 g2173 13.399840 8.125790
g2697 g2265 15.019040 14.724840
g2697 g2269 15.387060 14.560900
g2697 g2273 15.307060 14.560900
g2697 g2287 12.881660 12.059320
g2697 g2331 13.470570 12.647130
g2697 g2361 13.470570 12.647130
g2697 g2375 13.597440 10.442750
g2697 g2380 14.236250 13.942050
g2697 g2299 14.386780 9.413620
g2697 g2295 14.386780 9.413620
g2697 g2303 14.386780 9.413620
g2697 g2315 14.386780 9.413620
g2697 g2311 14.386780 9.413620
g2697 g2307 14.310310 9.413620
g2697 g2399 15.929510 15.635310
g2697 g2403 16.297530 15.471370
g2697 g2407 16.217530 15.471370
g2697 g2421 12.058680 11.236340
g2697 g2465 12.647590 11.824150
g2697 g2495 12.647590 11.824150
g2697 g2509 12.774460 9.191050
g2697 g2514 13.413270 13.119070
g2697 g2433 13.563800 8.213280
g2697 g2429 13.563800 8.213280
g2697 g2437 13.563800 8.213280
g2697 g2449 13.563800 8.213280
g2697 g2445 13.563800 8.213280
g2697 g2441 13.487330 8.213280
g2697 g2533 15.106530 14.812330
g2697 g2537 15.474550 14.648390
g2697 g2541 15.394550 14.648390
g2697 g2555 11.757980 10.935640
g2697 g2599 12.346890 11.523450
g2697 g2629 12.346890 11.523450
g2697 g2643 12.473760 9.319070
g2697 g2648 13.112570 12.818370
g2697 g2567 13.263100 8.289940
g2697 g2563 13.263100 8.289940
g2697 g2571 13.263100 8.289940
g2697 g2583 13.263100 8.289940
g2697 g2579 13.263100 8.289940
g2697 g2575 13.186630 8.289940
g2697 g2667 14.805830 14.511630
g2697 g2671 15.173850 14.347690
g2697 g2675 15.093850 14.347690
g2697 g2697 3.023720 3.023720
g2697 g2704 2.603320 2.603320
g2697 g2984 21.129780 17.263460
g2697 g28 4.634080 4.634080
g2697 g34 18.071780 14.205460
g2697 OUTPUT 6.538850 6.538850
g2697 OUTPUT 19.976550 16.110230
g2704 g52 8.481890 6.307140
g2704 g55 21.741030 16.081560
g2704 g2153 12.720100 11.896660
g2704 g2197 12.720100 11.896660
g2704 g2227 12.720100 11.896660
g2704 g2241 12.846970 9.263560
g2704 g2246 13.485780 13.191580
g2704 g2165 13.636310 8.285790
g2704 g2161 13.636310 8.285790
g2704 g2169 13.636310 8.285790
g2704 g2181 13.636310 8.285790
g2704 g2177 13.636310 8.285790
g2704 g2173 13.559840 8.285790
g2704 g2265 15.179040 14.884840
g2704 g2269 15.547060 14.720900
g2704 g2273 15.467060 14.720900
g2704 g2287 11.658680 10.836340
g2704 g2331 12.247590 11.424150
g2704 g2361 12.247590 11.424150
g2704 g2375 12.374460 9.219770
g2704 g2380 13.013270 12.719070
g2704 g2299 13.163800 8.190640
g2704 g2295 13.163800 8.190640
g2704 g2303 13.163800 8.190640
g2704 g2315 13.163800 8.190640
g2704 g2311 13.163800 8.190640
g2704 g2307 13.087330 8.190640
g2704 g2399 14.706530 14.412330
g2704 g2403 15.074550 14.248390
g2704 g2407 14.994550 14.248390
g2704 g2421 12.962580 12.140240
g2704 g2465 13.551490 12.728050
g2704 g2495 13.551490 12.728050
g2704 g2509 13.678360 10.094950
g2704 g2514 14.317170 14.022970
g2704 g2433 14.467700 9.117180
g2704 g2429 14.467700 9.117180
g2704 g2437 14.467700 9.117180
g2704 g2449 14.467700 9.117180
g2704 g2445 14.467700 9.117180
g2704 g2441 14.391230 9.117180
g2704 g2533 16.010430 15.716230
g2704 g2537 16.378450 15.552290
g2704 g2541 16.298450 15.552290
g2704 g2555 11.861680 11.039340
g2704 g2599 12.450590 11.627150
g2704 g2629 12.450590 11.627150
g2704 g2643 12.577460 9.422770
g2704 g2648 13.216270 12.922070
g2704 g2567 13.366800 8.393640
g2704 g2563 13.366800 8.393640
g2704 g2571 13.366800 8.393640
g2704 g2583 13.366800 8.393640
g2704 g2579 13.366800 8.393640
g2704 g2575 13.290330 8.393640
g2704 g2667 14.909530 14.615330
g2704 g2671 15.277550 14.451390
g2704 g2675 15.197550 14.451390
g2704 g2704 3.001940 3.001940
g2704 g2710 2.469520 2.469520
g2704 g2984 20.916660 17.431940
g2704 g31 4.599520 4.599520
g2704 g34 17.858660 14.373940
g2704 OUTPUT 6.504290 6.504290
g2704 OUTPUT 19.763430 16.278710
g2710 g2711 1.859680 1.859680
g2711 g2837 2.662650 2.662650
g2837 g2841 2.835620 2.835620
g2837 g2712 2.876020 2.876020
g2841 g2712 4.243550 4.243550
g2841 g2715 5.697040 3.047680
g2841 g2719 5.697040 3.047680
g2841 g2724 4.679800 4.679800
g2841 g2729 5.697040 3.047680
g2841 g2735 5.697040 3.047680
g2841 g2741 4.679800 4.679800
g2841 g2748 4.679800 4.679800
g2841 g2756 5.697040 3.047680
g2841 g2759 5.697040 3.047680
g2841 g2763 5.697040 3.047680
g2712 g2712 2.200440 2.200440
g2712 g2715 1.985560 1.985560
g2715 g1632 11.747680 11.685460
g2715 g1624 10.219960 9.745580
g2715 g1648 10.407800 9.581640
g2715 g1664 11.982950 11.338910
g2715 g1657 10.407800 9.581640
g2715 g1677 10.359960 9.453760
g2715 g1691 10.407800 9.581640
g2715 g1696 11.088400 10.444360
g2715 g1700 12.419260 11.311560
g2715 g1720 12.419260 11.221560
g2715 g1724 12.419260 11.311560
g2715 g1768 8.886120 8.823900
g2715 g1760 7.358400 6.884020
g2715 g1783 7.546240 6.720080
g2715 g1798 9.121390 8.477350
g2715 g1792 7.546240 6.720080
g2715 g1811 7.498400 6.592200
g2715 g1825 7.546240 6.720080
g2715 g1830 8.226840 7.582800
g2715 g1834 9.557700 8.450000
g2715 g1854 9.557700 8.360000
g2715 g1858 9.557700 8.450000
g2715 g1902 11.747680 11.685460
g2715 g1894 10.219960 9.745580
g2715 g1917 10.407800 9.581640
g2715 g1932 11.982950 11.338910
g2715 g1926 10.407800 9.581640
g2715 g1945 10.359960 9.453760
g2715 g1959 10.407800 9.581640
g2715 g1964 11.088400 10.444360
g2715 g1968 12.419260 11.311560
g2715 g1988 12.419260 11.221560
g2715 g1992 12.419260 11.311560
g2715 g2036 8.479660 8.417440
g2715 g2028 6.951940 6.477560
g2715 g2051 7.139780 6.313620
g2715 g2066 8.714930 8.070890
g2715 g2060 7.139780 6.313620
g2715 g2079 7.091940 6.185740
g2715 g2093 7.139780 6.313620
g2715 g2098 7.820380 7.176340
g2715 g2102 9.151240 8.043540
g2715 g2122 9.151240 7.953540
g2715 g2126 9.151240 8.043540
g2715 g2193 11.747680 11.685460
g2715 g2185 10.219960 9.745580
g2715 g2208 10.407800 9.581640
g2715 g2223 11.982950 11.338910
g2715 g2217 10.407800 9.581640
g2715 g2236 10.359960 9.453760
g2715 g2250 10.407800 9.581640
g2715 g2255 11.088400 10.444360
g2715 g2259 12.419260 11.311560
g2715 g2279 12.419260 11.221560
g2715 g2283 12.419260 11.311560
g2715 g2327 8.886120 8.823900
g2715 g2319 7.358400 6.884020
g2715 g2342 7.546240 6.720080
g2715 g2357 9.121390 8.477350
g2715 g2351 7.546240 6.720080
g2715 g2370 7.498400 6.592200
g2715 g2384 7.546240 6.720080
g2715 g2389 8.226840 7.582800
g2715 g2393 9.557700 8.450000
g2715 g2413 9.557700 8.360000
g2715 g2417 9.557700 8.450000
g2715 g2461 11.747680 11.685460
g2715 g2453 10.219960 9.745580
g2715 g2476 10.407800 9.581640
g2715 g2491 11.982950 11.338910
g2715 g2485 10.407800 9.581640
g2715 g2504 10.359960 9.453760
g2715 g2518 10.407800 9.581640
g2715 g2523 11.088400 10.444360
g2715 g2527 12.419260 11.311560
g2715 g2547 12.419260 11.221560
g2715 g2551 12.419260 11.311560
g2715 g2595 8.479660 8.417440
g2715 g2587 6.951940 6.477560
g2715 g2610 7.139780 6.313620
g2715 g2625 8.714930 8.070890
g2715 g2619 7.139780 6.313620
g2715 g2638 7.091940 6.185740
g2715 g2652 7.139780 6.313620
g2715 g2657 7.820380 7.176340
g2715 g2661 9.151240 8.043540
g2715 g2681 9.151240 7.953540
g2715 g2685 9.151240 8.043540
g2715 g2715 6.383580 6.383580
g2715 g2719 5.534510 4.747660
g2715 g2724 6.341780 5.594900
g2715 g2729 8.716230 8.716230
g2715 g2735 10.430590 10.430590
g2715 g2741 11.509460 10.762580
g2715 g2748 14.043820 13.296940
g2715 g2756 16.418270 16.418270
g2715 g2759 18.132630 18.132630
g2715 g2763 19.432890 19.432890
g2715 g2831 9.879550 4.375840
g2715 g121 9.879550 4.375840
g2715 g2834 9.879550 4.375840
g2715 g117 9.879550 4.375840
g2719 g1632 11.120580 11.058360
g2719 g1624 9.592860 9.118480
g2719 g1648 9.780700 8.954540
g2719 g1664 11.355850 10.711810
g2719 g1657 9.780700 8.954540
g2719 g1677 9.732860 8.826660
g2719 g1691 9.780700 8.954540
g2719 g1696 10.461300 9.817260
g2719 g1700 11.792160 10.684460
g2719 g1720 11.792160 10.594460
g2719 g1724 11.792160 10.684460
g2719 g1768 10.714120 10.651900
g2719 g1760 9.186400 8.712020
g2719 g1783 9.374240 8.548080
g2719 g1798 10.949390 10.305350
g2719 g1792 9.374240 8.548080
g2719 g1811 9.326400 8.420200
g2719 g1825 9.374240 8.548080
g2719 g1830 10.054840 9.410800
g2719 g1834 11.385700 10.278000
g2719 g1854 11.385700 10.188000
g2719 g1858 11.385700 10.278000
g2719 g1902 8.886120 8.823900
g2719 g1894 7.358400 6.884020
g2719 g1917 7.546240 6.720080
g2719 g1932 9.121390 8.477350
g2719 g1926 7.546240 6.720080
g2719 g1945 7.498400 6.592200
g2719 g1959 7.546240 6.720080
g2719 g1964 8.226840 7.582800
g2719 g1968 9.557700 8.450000
g2719 g1988 9.557700 8.360000
g2719 g1992 9.557700 8.450000
g2719 g2036 8.886120 8.823900
g2719 g2028 7.358400 6.884020
g2719 g2051 7.546240 6.720080
g2719 g2066 9.121390 8.477350
g2719 g2060 7.546240 6.720080
g2719 g2079 7.498400 6.592200
g2719 g2093 7.546240 6.720080
g2719 g2098 8.226840 7.582800
g2719 g2102 9.557700 8.450000
g2719 g2122 9.557700 8.360000
g2719 g2126 9.557700 8.450000
g2719 g2193 11.120580 11.058360
g2719 g2185 9.592860 9.118480
g2719 g2208 9.780700 8.954540
g2719 g2223 11.355850 10.711810
g2719 g2217 9.780700 8.954540
g2719 g2236 9.732860 8.826660
g2719 g2250 9.780700 8.954540
g2719 g2255 10.461300 9.817260
g2719 g2259 11.792160 10.684460
g2719 g2279 11.792160 10.594460
g2719 g2283 11.792160 10.684460
g2719 g2327 10.714120 10.651900
g2719 g2319 9.186400 8.712020
g2719 g2342 9.374240 8.548080
g2719 g2357 10.949390 10.305350
g2719 g2351 9.374240 8.548080
g2719 g2370 9.326400 8.420200
g2719 g2384 9.374240 8.548080
g2719 g2389 10.054840 9.410800
g2719 g2393 11.385700 10.278000
g2719 g2413 11.385700 10.188000
g2719 g2417 11.385700 10.278000
g2719 g2461 8.886120 8.823900
g2719 g2453 7.358400 6.884020
g2719 g2476 7.546240 6.720080
g2719 g2491 9.121390 8.477350
g2719 g2485 7.546240 6.720080
g2719 g2504 7.498400 6.592200
g2719 g2518 7.546240 6.720080
g2719 g2523 8.226840 7.582800
g2719 g2527 9.557700 8.450000
g2719 g2547 9.557700 8.360000
g2719 g2551 9.557700 8.450000
g2719 g2595 8.886120 8.823900
g2719 g2587 7.358400 6.884020
g2719 g2610 7.546240 6.720080
g2719 g2625 9.121390 8.477350
g2719 g2619 7.546240 6.720080
g2719 g2638 7.498400 6.592200
g2719 g2652 7.546240 6.720080
g2719 g2657 8.226840 7.582800
g2719 g2661 9.557700 8.450000
g2719 g2681 9.557700 8.360000
g2719 g2685 9.557700 8.450000
g2719 g2719 5.424250 5.424250
g2719 g2724 6.165760 3.738650
g2719 g2729 8.540210 8.540210
g2719 g2735 10.254570 10.254570
g2719 g2741 11.333440 10.586560
g2719 g2748 13.867800 13.120920
g2719 g2756 16.242250 16.242250
g2719 g2759 17.956610 17.956610
g2719 g2763 19.256870 19.256870
g2719 g2831 8.505600 5.033660
g2719 g121 8.505600 5.033660
g2719 g2834 8.505600 5.033660
g2719 g117 8.505600 5.033660
g2724 g85 6.475310 3.515550
g2724 g111 6.475310 3.515550
g2724 g1632 18.789440 18.727220
g2724 g1624 17.261720 16.787340
g2724 g1648 17.449560 16.623400
g2724 g1664 19.024710 18.380670
g2724 g1657 17.449560 16.623400
g2724 g1677 17.401720 16.495520
g2724 g1691 17.449560 16.623400
g2724 g1696 18.130160 17.486120
g2724 g1700 19.461020 18.353320
g2724 g1720 19.461020 18.263320
g2724 g1724 19.461020 18.353320
g2724 g1768 18.789440 18.727220
g2724 g1760 17.261720 16.787340
g2724 g1783 17.449560 16.623400
g2724 g1798 19.024710 18.380670
g2724 g1792 17.449560 16.623400
g2724 g1811 17.401720 16.495520
g2724 g1825 17.449560 16.623400
g2724 g1830 18.130160 17.486120
g2724 g1834 19.461020 18.353320
g2724 g1854 19.461020 18.263320
g2724 g1858 19.461020 18.353320
g2724 g1902 18.789440 18.727220
g2724 g1894 17.261720 16.787340
g2724 g1917 17.449560 16.623400
g2724 g1932 19.024710 18.380670
g2724 g1926 17.449560 16.623400
g2724 g1945 17.401720 16.495520
g2724 g1959 17.449560 16.623400
g2724 g1964 18.130160 17.486120
g2724 g1968 19.461020 18.353320
g2724 g1988 19.461020 18.263320
g2724 g1992 19.461020 18.353320
g2724 g2036 18.789440 18.727220
g2724 g2028 17.261720 16.787340
g2724 g2051 17.449560 16.623400
g2724 g2066 19.024710 18.380670
g2724 g2060 17.449560 16.623400
g2724 g2079 17.401720 16.495520
g2724 g2093 17.449560 16.623400
g2724 g2098 18.130160 17.486120
g2724 g2102 19.461020 18.353320
g2724 g2122 19.461020 18.263320
g2724 g2126 19.461020 18.353320
g2724 g2193 18.789440 18.727220
g2724 g2185 17.261720 16.787340
g2724 g2208 17.449560 16.623400
g2724 g2223 19.024710 18.380670
g2724 g2217 17.449560 16.623400
g2724 g2236 17.401720 16.495520
g2724 g2250 17.449560 16.623400
g2724 g2255 18.130160 17.486120
g2724 g2259 19.461020 18.353320
g2724 g2279 19.461020 18.263320
g2724 g2283 19.461020 18.353320
g2724 g2327 18.789440 18.727220
g2724 g2319 17.261720 16.787340
g2724 g2342 17.449560 16.623400
g2724 g2357 19.024710 18.380670
g2724 g2351 17.449560 16.623400
g2724 g2370 17.401720 16.495520
g2724 g2384 17.449560 16.623400
g2724 g2389 18.130160 17.486120
g2724 g2393 19.461020 18.353320
g2724 g2413 19.461020 18.263320
g2724 g2417 19.461020 18.353320
g2724 g2461 18.789440 18.727220
g2724 g2453 17.261720 16.787340
g2724 g2476 17.449560 16.623400
g2724 g2491 19.024710 18.380670
g2724 g2485 17.449560 16.623400
g2724 g2504 17.401720 16.495520
g2724 g2518 17.449560 16.623400
g2724 g2523 18.130160 17.486120
g2724 g2527 19.461020 18.353320
g2724 g2547 19.461020 18.263320
g2724 g2551 19.461020 18.353320
g2724 g2595 18.789440 18.727220
g2724 g2587 17.261720 16.787340
g2724 g2610 17.449560 16.623400
g2724 g2625 19.024710 18.380670
g2724 g2619 17.449560 16.623400
g2724 g2638 17.401720 16.495520
g2724 g2652 17.449560 16.623400
g2724 g2657 18.130160 17.486120
g2724 g2661 19.461020 18.353320
g2724 g2681 19.461020 18.263320
g2724 g2685 19.461020 18.353320
g2724 g2724 3.903960 3.259920
g2724 g2729 8.898970 4.100200
g2724 g2735 7.898230 7.898230
g2724 g2741 8.977100 8.230220
g2724 g2748 11.511460 10.764580
g2724 g2756 13.885910 13.885910
g2724 g2759 15.600270 15.600270
g2724 g2763 16.900530 16.900530
g2724 g2787 6.353300 4.615020
g2724 g2783 9.063940 7.325660
g2724 g2775 6.353300 4.615020
g2724 g2771 9.063940 7.325660
g2724 g2831 9.484820 8.173160
g2724 g121 9.484820 8.173160
g2724 g2819 6.353300 4.615020
g2724 g2815 9.063940 7.325660
g2724 g2807 6.353300 4.615020
g2724 g2803 9.063940 7.325660
g2724 g2834 9.484820 8.173160
g2724 g117 9.484820 8.173160
g2724 OUTPUT 5.975330 3.015570
g2724 OUTPUT 5.975330 3.015570
g2729 g85 2.784990 2.287880
g2729 g111 2.784990 2.287880
g2729 g1632 17.739360 17.677140
g2729 g1624 16.211640 15.737260
g2729 g1648 16.399480 15.573320
g2729 g1664 17.974630 17.330590
g2729 g1657 16.399480 15.573320
g2729 g1677 16.351640 15.445440
g2729 g1691 16.399480 15.573320
g2729 g1696 17.080080 16.436040
g2729 g1700 18.410940 17.303240
g2729 g1720 18.410940 17.213240
g2729 g1724 18.410940 17.303240
g2729 g1768 17.739360 17.677140
g2729 g1760 16.211640 15.737260
g2729 g1783 16.399480 15.573320
g2729 g1798 17.974630 17.330590
g2729 g1792 16.399480 15.573320
g2729 g1811 16.351640 15.445440
g2729 g1825 16.399480 15.573320
g2729 g1830 17.080080 16.436040
g2729 g1834 18.410940 17.303240
g2729 g1854 18.410940 17.213240
g2729 g1858 18.410940 17.303240
g2729 g1902 17.739360 17.677140
g2729 g1894 16.211640 15.737260
g2729 g1917 16.399480 15.573320
g2729 g1932 17.974630 17.330590
g2729 g1926 16.399480 15.573320
g2729 g1945 16.351640 15.445440
g2729 g1959 16.399480 15.573320
g2729 g1964 17.080080 16.436040
g2729 g1968 18.410940 17.303240
g2729 g1988 18.410940 17.213240
g2729 g1992 18.410940 17.303240
g2729 g2036 17.739360 17.677140
g2729 g2028 16.211640 15.737260
g2729 g2051 16.399480 15.573320
g2729 g2066 17.974630 17.330590
g2729 g2060 16.399480 15.573320
g2729 g2079 16.351640 15.445440
g2729 g2093 16.399480 15.573320
g2729 g2098 17.080080 16.436040
g2729 g2102 18.410940 17.303240
g2729 g2122 18.410940 17.213240
g2729 g2126 18.410940 17.303240
g2729 g2193 17.739360 17.677140
g2729 g2185 16.211640 15.737260
g2729 g2208 16.399480 15.573320
g2729 g2223 17.974630 17.330590
g2729 g2217 16.399480 15.573320
g2729 g2236 16.351640 15.445440
g2729 g2250 16.399480 15.573320
g2729 g2255 17.080080 16.436040
g2729 g2259 18.410940 17.303240
g2729 g2279 18.410940 17.213240
g2729 g2283 18.410940 17.303240
g2729 g2327 17.739360 17.677140
g2729 g2319 16.211640 15.737260
g2729 g2342 16.399480 15.573320
g2729 g2357 17.974630 17.330590
g2729 g2351 16.399480 15.573320
g2729 g2370 16.351640 15.445440
g2729 g2384 16.399480 15.573320
g2729 g2389 17.080080 16.436040
g2729 g2393 18.410940 17.303240
g2729 g2413 18.410940 17.213240
g2729 g2417 18.410940 17.303240
g2729 g2461 17.739360 17.677140
g2729 g2453 16.211640 15.737260
g2729 g2476 16.399480 15.573320
g2729 g2491 17.974630 17.330590
g2729 g2485 16.399480 15.573320
g2729 g2504 16.351640 15.445440
g2729 g2518 16.399480 15.573320
g2729 g2523 17.080080 16.436040
g2729 g2527 18.410940 17.303240
g2729 g2547 18.410940 17.213240
g2729 g2551 18.410940 17.303240
g2729 g2595 17.739360 17.677140
g2729 g2587 16.211640 15.737260
g2729 g2610 16.399480 15.573320
g2729 g2625 17.974630 17.330590
g2729 g2619 16.399480 15.573320
g2729 g2638 16.351640 15.445440
g2729 g2652 16.399480 15.573320
g2729 g2657 17.080080 16.436040
g2729 g2661 18.410940 17.303240
g2729 g2681 18.410940 17.213240
g2729 g2685 18.410940 17.303240
g2729 g2729 5.534510 5.534510
g2729 g2735 8.019850 3.221080
g2729 g2741 7.263710 6.516830
g2729 g2748 9.798070 9.051190
g2729 g2756 12.172520 12.172520
g2729 g2759 13.886880 13.886880
g2729 g2763 15.187140 15.187140
g2729 g2787 6.443380 4.705100
g2729 g2783 6.353300 4.615020
g2729 g2775 8.184820 6.446540
g2729 g2771 8.094740 6.356460
g2729 g2831 8.516740 7.205080
g2729 g121 8.516740 7.205080
g2729 g2819 6.443380 4.705100
g2729 g2815 6.353300 4.615020
g2729 g2807 8.184820 6.446540
g2729 g2803 8.094740 6.356460
g2729 g2834 8.516740 7.205080
g2729 g117 8.516740 7.205080
g2729 OUTPUT 2.285010 1.787900
g2729 OUTPUT 2.285010 1.787900
g2735 g1632 16.367460 16.305240
g2735 g1624 14.839740 14.365360
g2735 g1648 15.027580 14.201420
g2735 g1664 16.602730 15.958690
g2735 g1657 15.027580 14.201420
g2735 g1677 14.979740 14.073540
g2735 g1691 15.027580 14.201420
g2735 g1696 15.708180 15.064140
g2735 g1700 17.039040 15.931340
g2735 g1720 17.039040 15.841340
g2735 g1724 17.039040 15.931340
g2735 g1768 16.367460 16.305240
g2735 g1760 14.839740 14.365360
g2735 g1783 15.027580 14.201420
g2735 g1798 16.602730 15.958690
g2735 g1792 15.027580 14.201420
g2735 g1811 14.979740 14.073540
g2735 g1825 15.027580 14.201420
g2735 g1830 15.708180 15.064140
g2735 g1834 17.039040 15.931340
g2735 g1854 17.039040 15.841340
g2735 g1858 17.039040 15.931340
g2735 g1902 16.367460 16.305240
g2735 g1894 14.839740 14.365360
g2735 g1917 15.027580 14.201420
g2735 g1932 16.602730 15.958690
g2735 g1926 15.027580 14.201420
g2735 g1945 14.979740 14.073540
g2735 g1959 15.027580 14.201420
g2735 g1964 15.708180 15.064140
g2735 g1968 17.039040 15.931340
g2735 g1988 17.039040 15.841340
g2735 g1992 17.039040 15.931340
g2735 g2036 16.367460 16.305240
g2735 g2028 14.839740 14.365360
g2735 g2051 15.027580 14.201420
g2735 g2066 16.602730 15.958690
g2735 g2060 15.027580 14.201420
g2735 g2079 14.979740 14.073540
g2735 g2093 15.027580 14.201420
g2735 g2098 15.708180 15.064140
g2735 g2102 17.039040 15.931340
g2735 g2122 17.039040 15.841340
g2735 g2126 17.039040 15.931340
g2735 g2193 16.367460 16.305240
g2735 g2185 14.839740 14.365360
g2735 g2208 15.027580 14.201420
g2735 g2223 16.602730 15.958690
g2735 g2217 15.027580 14.201420
g2735 g2236 14.979740 14.073540
g2735 g2250 15.027580 14.201420
g2735 g2255 15.708180 15.064140
g2735 g2259 17.039040 15.931340
g2735 g2279 17.039040 15.841340
g2735 g2283 17.039040 15.931340
g2735 g2327 16.367460 16.305240
g2735 g2319 14.839740 14.365360
g2735 g2342 15.027580 14.201420
g2735 g2357 16.602730 15.958690
g2735 g2351 15.027580 14.201420
g2735 g2370 14.979740 14.073540
g2735 g2384 15.027580 14.201420
g2735 g2389 15.708180 15.064140
g2735 g2393 17.039040 15.931340
g2735 g2413 17.039040 15.841340
g2735 g2417 17.039040 15.931340
g2735 g2461 16.367460 16.305240
g2735 g2453 14.839740 14.365360
g2735 g2476 15.027580 14.201420
g2735 g2491 16.602730 15.958690
g2735 g2485 15.027580 14.201420
g2735 g2504 14.979740 14.073540
g2735 g2518 15.027580 14.201420
g2735 g2523 15.708180 15.064140
g2735 g2527 17.039040 15.931340
g2735 g2547 17.039040 15.841340
g2735 g2551 17.039040 15.931340
g2735 g2595 16.367460 16.305240
g2735 g2587 14.839740 14.365360
g2735 g2610 15.027580 14.201420
g2735 g2625 16.602730 15.958690
g2735 g2619 15.027580 14.201420
g2735 g2638 14.979740 14.073540
g2735 g2652 15.027580 14.201420
g2735 g2657 15.708180 15.064140
g2735 g2661 17.039040 15.931340
g2735 g2681 17.039040 15.841340
g2735 g2685 17.039040 15.931340
g2735 g2735 5.534510 5.534510
g2735 g2741 5.945050 2.027930
g2735 g2748 8.479410 7.732530
g2735 g2756 10.853860 10.853860
g2735 g2759 12.568220 12.568220
g2735 g2763 13.868480 13.868480
g2735 g2767 7.480760 7.480760
g2735 g2779 7.480760 7.480760
g2735 g2791 7.480760 7.480760
g2735 g2795 7.480760 7.480760
g2735 g2787 10.213850 8.475570
g2735 g2783 10.213850 8.475570
g2735 g2775 10.213850 8.475570
g2735 g2771 10.213850 8.475570
g2735 g2831 7.991080 6.679420
g2735 g121 7.991080 6.679420
g2735 g2799 7.480760 7.480760
g2735 g2811 7.480760 7.480760
g2735 g2823 7.480760 7.480760
g2735 g2827 7.480760 7.480760
g2735 g2819 10.213850 8.475570
g2735 g2815 10.213850 8.475570
g2735 g2807 10.213850 8.475570
g2735 g2803 10.213850 8.475570
g2735 g2834 7.991080 6.679420
g2735 g117 7.991080 6.679420
g2741 g110 13.219250 7.107880
g2741 g1632 17.337380 17.275160
g2741 g1624 15.809660 10.988420
g2741 g1648 15.997500 11.033580
g2741 g1664 17.572650 9.518290
g2741 g1657 15.997500 11.033580
g2741 g1677 15.949660 15.043460
g2741 g1691 15.997500 15.171340
g2741 g1696 16.678100 16.034060
g2741 g1700 18.008960 16.901260
g2741 g1720 18.008960 16.811260
g2741 g1724 18.008960 16.901260
g2741 g1768 17.337380 17.275160
g2741 g1760 15.809660 9.325840
g2741 g1783 15.997500 9.371000
g2741 g1798 17.572650 7.855710
g2741 g1792 15.997500 9.371000
g2741 g1811 15.949660 15.043460
g2741 g1825 15.997500 15.171340
g2741 g1830 16.678100 16.034060
g2741 g1834 18.008960 16.901260
g2741 g1854 18.008960 16.811260
g2741 g1858 18.008960 16.901260
g2741 g1902 17.337380 17.275160
g2741 g1894 15.809660 11.006520
g2741 g1917 15.997500 11.051680
g2741 g1932 17.572650 9.536390
g2741 g1926 15.997500 11.051680
g2741 g1945 15.949660 15.043460
g2741 g1959 15.997500 15.171340
g2741 g1964 16.678100 16.034060
g2741 g1968 18.008960 16.901260
g2741 g1988 18.008960 16.811260
g2741 g1992 18.008960 16.901260
g2741 g2036 17.337380 17.275160
g2741 g2028 15.809660 9.484580
g2741 g2051 15.997500 9.529740
g2741 g2066 17.572650 8.014450
g2741 g2060 15.997500 9.529740
g2741 g2079 15.949660 15.043460
g2741 g2093 15.997500 15.171340
g2741 g2098 16.678100 16.034060
g2741 g2102 18.008960 16.901260
g2741 g2122 18.008960 16.811260
g2741 g2126 18.008960 16.901260
g2741 g2193 17.337380 17.275160
g2741 g2185 15.809660 10.988420
g2741 g2208 15.997500 11.033580
g2741 g2223 17.572650 9.518290
g2741 g2217 15.997500 11.033580
g2741 g2236 15.949660 15.043460
g2741 g2250 15.997500 15.171340
g2741 g2255 16.678100 16.034060
g2741 g2259 18.008960 16.901260
g2741 g2279 18.008960 16.811260
g2741 g2283 18.008960 16.901260
g2741 g2327 17.337380 17.275160
g2741 g2319 15.809660 9.325840
g2741 g2342 15.997500 9.371000
g2741 g2357 17.572650 7.855710
g2741 g2351 15.997500 9.371000
g2741 g2370 15.949660 15.043460
g2741 g2384 15.997500 15.171340
g2741 g2389 16.678100 16.034060
g2741 g2393 18.008960 16.901260
g2741 g2413 18.008960 16.811260
g2741 g2417 18.008960 16.901260
g2741 g2461 17.337380 17.275160
g2741 g2453 15.809660 11.006520
g2741 g2476 15.997500 11.051680
g2741 g2491 17.572650 9.536390
g2741 g2485 15.997500 11.051680
g2741 g2504 15.949660 15.043460
g2741 g2518 15.997500 15.171340
g2741 g2523 16.678100 16.034060
g2741 g2527 18.008960 16.901260
g2741 g2547 18.008960 16.811260
g2741 g2551 18.008960 16.901260
g2741 g2595 17.337380 17.275160
g2741 g2587 15.809660 9.484580
g2741 g2610 15.997500 9.529740
g2741 g2625 17.572650 8.014450
g2741 g2619 15.997500 9.529740
g2741 g2638 15.949660 15.043460
g2741 g2652 15.997500 15.171340
g2741 g2657 16.678100 16.034060
g2741 g2661 18.008960 16.901260
g2741 g2681 18.008960 16.811260
g2741 g2685 18.008960 16.901260
g2741 g2741 3.903960 3.259920
g2741 g2748 6.341780 3.008030
g2741 g2756 8.716230 8.716230
g2741 g2759 10.430590 10.430590
g2741 g2763 11.730850 11.730850
g2741 g2767 7.662770 6.070630
g2741 g2779 7.662770 6.070630
g2741 g2791 7.662770 6.070630
g2741 g2795 7.662770 6.070630
g2741 g2787 10.395860 8.657580
g2741 g2783 10.395860 8.657580
g2741 g2775 10.395860 8.657580
g2741 g2771 10.395860 8.657580
g2741 g2831 10.773590 9.461930
g2741 g121 10.773590 9.461930
g2741 g2799 7.662770 6.070630
g2741 g2811 7.662770 6.070630
g2741 g2823 7.662770 6.070630
g2741 g2827 7.662770 6.070630
g2741 g2819 10.395860 8.657580
g2741 g2815 10.395860 8.657580
g2741 g2807 10.395860 8.657580
g2741 g2803 10.395860 8.657580
g2741 g2834 10.773590 9.461930
g2741 g117 10.773590 9.461930
g2741 OUTPUT 11.272220 6.891580
g2748 g110 12.830480 6.923870
g2748 g1632 17.077380 17.015160
g2748 g1624 15.549660 11.067750
g2748 g1648 15.737500 11.112910
g2748 g1664 17.312650 9.597620
g2748 g1657 15.737500 11.112910
g2748 g1677 15.689660 14.783460
g2748 g1691 15.737500 14.911340
g2748 g1696 16.418100 15.774060
g2748 g1700 17.748960 16.641260
g2748 g1720 17.748960 16.551260
g2748 g1724 17.748960 16.641260
g2748 g1768 17.077380 17.015160
g2748 g1760 15.549660 11.277100
g2748 g1783 15.737500 11.322260
g2748 g1798 17.312650 9.806970
g2748 g1792 15.737500 11.322260
g2748 g1811 15.689660 14.783460
g2748 g1825 15.737500 14.911340
g2748 g1830 16.418100 15.774060
g2748 g1834 17.748960 16.641260
g2748 g1854 17.748960 16.551260
g2748 g1858 17.748960 16.641260
g2748 g1902 17.077380 17.015160
g2748 g1894 15.549660 9.318620
g2748 g1917 15.737500 9.363780
g2748 g1932 17.312650 7.848490
g2748 g1926 15.737500 9.363780
g2748 g1945 15.689660 14.783460
g2748 g1959 15.737500 14.911340
g2748 g1964 16.418100 15.774060
g2748 g1968 17.748960 16.641260
g2748 g1988 17.748960 16.551260
g2748 g1992 17.748960 16.641260
g2748 g2036 17.077380 17.015160
g2748 g2028 15.549660 9.300570
g2748 g2051 15.737500 9.345730
g2748 g2066 17.312650 7.830440
g2748 g2060 15.737500 9.345730
g2748 g2079 15.689660 14.783460
g2748 g2093 15.737500 14.911340
g2748 g2098 16.418100 15.774060
g2748 g2102 17.748960 16.641260
g2748 g2122 17.748960 16.551260
g2748 g2126 17.748960 16.641260
g2748 g2193 17.077380 17.015160
g2748 g2185 15.549660 11.067750
g2748 g2208 15.737500 11.112910
g2748 g2223 17.312650 9.597620
g2748 g2217 15.737500 11.112910
g2748 g2236 15.689660 14.783460
g2748 g2250 15.737500 14.911340
g2748 g2255 16.418100 15.774060
g2748 g2259 17.748960 16.641260
g2748 g2279 17.748960 16.551260
g2748 g2283 17.748960 16.641260
g2748 g2327 17.077380 17.015160
g2748 g2319 15.549660 11.277100
g2748 g2342 15.737500 11.322260
g2748 g2357 17.312650 9.806970
g2748 g2351 15.737500 11.322260
g2748 g2370 15.689660 14.783460
g2748 g2384 15.737500 14.911340
g2748 g2389 16.418100 15.774060
g2748 g2393 17.748960 16.641260
g2748 g2413 17.748960 16.551260
g2748 g2417 17.748960 16.641260
g2748 g2461 17.077380 17.015160
g2748 g2453 15.549660 9.318620
g2748 g2476 15.737500 9.363780
g2748 g2491 17.312650 7.848490
g2748 g2485 15.737500 9.363780
g2748 g2504 15.689660 14.783460
g2748 g2518 15.737500 14.911340
g2748 g2523 16.418100 15.774060
g2748 g2527 17.748960 16.641260
g2748 g2547 17.748960 16.551260
g2748 g2551 17.748960 16.641260
g2748 g2595 17.077380 17.015160
g2748 g2587 15.549660 9.300570
g2748 g2610 15.737500 9.345730
g2748 g2625 17.312650 7.830440
g2748 g2619 15.737500 9.345730
g2748 g2638 15.689660 14.783460
g2748 g2652 15.737500 14.911340
g2748 g2657 16.418100 15.774060
g2748 g2661 17.748960 16.641260
g2748 g2681 17.748960 16.551260
g2748 g2685 17.748960 16.641260
g2748 g2748 3.903960 3.259920
g2748 g2756 8.045590 3.246820
g2748 g2759 7.898230 7.898230
g2748 g2763 9.198490 9.198490
g2748 g2767 7.752610 7.212770
g2748 g2779 7.752610 7.212770
g2748 g2791 7.752610 7.212770
g2748 g2795 7.752610 7.212770
g2748 g2787 9.945860 8.207580
g2748 g2783 9.945860 8.207580
g2748 g2775 9.945860 8.207580
g2748 g2771 9.945860 8.207580
g2748 g2831 10.914090 9.602430
g2748 g121 10.914090 9.602430
g2748 g2799 7.752610 7.212770
g2748 g2811 7.752610 7.212770
g2748 g2823 7.752610 7.212770
g2748 g2827 7.752610 7.212770
g2748 g2819 9.945860 8.207580
g2748 g2815 9.945860 8.207580
g2748 g2807 9.945860 8.207580
g2748 g2803 9.945860 8.207580
g2748 g2834 10.914090 9.602430
g2748 g117 10.914090 9.602430
g2748 OUTPUT 10.883450 6.707570
g2756 g110 13.090010 6.657880
g2756 g1632 17.398100 17.335880
g2756 g1624 15.870380 10.859180
g2756 g1648 16.058220 10.904340
g2756 g1664 17.633370 9.389050
g2756 g1657 16.058220 10.904340
g2756 g1677 16.010380 15.104180
g2756 g1691 16.058220 15.232060
g2756 g1696 16.738820 16.094780
g2756 g1700 18.069680 16.961980
g2756 g1720 18.069680 16.871980
g2756 g1724 18.069680 16.961980
g2756 g1768 17.398100 17.335880
g2756 g1760 15.870380 10.884520
g2756 g1783 16.058220 10.929680
g2756 g1798 17.633370 9.414390
g2756 g1792 16.058220 10.929680
g2756 g1811 16.010380 15.104180
g2756 g1825 16.058220 15.232060
g2756 g1830 16.738820 16.094780
g2756 g1834 18.069680 16.961980
g2756 g1854 18.069680 16.871980
g2756 g1858 18.069680 16.961980
g2756 g1902 17.398100 17.335880
g2756 g1894 15.870380 10.877280
g2756 g1917 16.058220 10.922440
g2756 g1932 17.633370 9.407150
g2756 g1926 16.058220 10.922440
g2756 g1945 16.010380 15.104180
g2756 g1959 16.058220 15.232060
g2756 g1964 16.738820 16.094780
g2756 g1968 18.069680 16.961980
g2756 g1988 18.069680 16.871980
g2756 g1992 18.069680 16.961980
g2756 g2036 17.398100 17.335880
g2756 g2028 15.870380 10.859180
g2756 g2051 16.058220 10.904340
g2756 g2066 17.633370 9.389050
g2756 g2060 16.058220 10.904340
g2756 g2079 16.010380 15.104180
g2756 g2093 16.058220 15.232060
g2756 g2098 16.738820 16.094780
g2756 g2102 18.069680 16.961980
g2756 g2122 18.069680 16.871980
g2756 g2126 18.069680 16.961980
g2756 g2193 17.398100 17.335880
g2756 g2185 15.870380 9.034580
g2756 g2208 16.058220 9.079740
g2756 g2223 17.633370 7.564450
g2756 g2217 16.058220 9.079740
g2756 g2236 16.010380 15.104180
g2756 g2250 16.058220 15.232060
g2756 g2255 16.738820 16.094780
g2756 g2259 18.069680 16.961980
g2756 g2279 18.069680 16.871980
g2756 g2283 18.069680 16.961980
g2756 g2327 17.398100 17.335880
g2756 g2319 15.870380 9.059920
g2756 g2342 16.058220 9.105080
g2756 g2357 17.633370 7.589790
g2756 g2351 16.058220 9.105080
g2756 g2370 16.010380 15.104180
g2756 g2384 16.058220 15.232060
g2756 g2389 16.738820 16.094780
g2756 g2393 18.069680 16.961980
g2756 g2413 18.069680 16.871980
g2756 g2417 18.069680 16.961980
g2756 g2461 17.398100 17.335880
g2756 g2453 15.870380 9.052680
g2756 g2476 16.058220 9.097840
g2756 g2491 17.633370 7.582550
g2756 g2485 16.058220 9.097840
g2756 g2504 16.010380 15.104180
g2756 g2518 16.058220 15.232060
g2756 g2523 16.738820 16.094780
g2756 g2527 18.069680 16.961980
g2756 g2547 18.069680 16.871980
g2756 g2551 18.069680 16.961980
g2756 g2595 17.398100 17.335880
g2756 g2587 15.870380 9.034580
g2756 g2610 16.058220 9.079740
g2756 g2625 17.633370 7.564450
g2756 g2619 16.058220 9.079740
g2756 g2638 16.010380 15.104180
g2756 g2652 16.058220 15.232060
g2756 g2657 16.738820 16.094780
g2756 g2661 18.069680 16.961980
g2756 g2681 18.069680 16.871980
g2756 g2685 18.069680 16.961980
g2756 g2756 5.534510 5.534510
g2756 g2759 8.103010 3.304240
g2756 g2763 7.485140 7.485140
g2756 g2767 7.624030 6.972770
g2756 g2779 7.624030 6.972770
g2756 g2791 7.624030 6.972770
g2756 g2795 7.624030 6.972770
g2756 g2787 9.705860 7.967580
g2756 g2783 9.705860 7.967580
g2756 g2775 9.705860 7.967580
g2756 g2771 9.705860 7.967580
g2756 g2831 11.224880 9.913220
g2756 g121 11.224880 9.913220
g2756 g2799 7.624030 6.972770
g2756 g2811 7.624030 6.972770
g2756 g2823 7.624030 6.972770
g2756 g2827 7.624030 6.972770
g2756 g2819 9.705860 7.967580
g2756 g2815 9.705860 7.967580
g2756 g2807 9.705860 7.967580
g2756 g2803 9.705860 7.967580
g2756 g2834 11.224880 9.913220
g2756 g117 11.224880 9.913220
g2756 OUTPUT 11.142980 6.441580
g2759 g110 16.199390 10.647500
g2759 g1624 13.968560 13.024200
g2759 g1648 14.013720 13.069360
g2759 g1664 13.142470 11.554070
g2759 g1657 14.013720 13.069360
g2759 g1760 13.993900 13.049540
g2759 g1783 14.039060 13.094700
g2759 g1798 13.167810 11.579410
g2759 g1792 14.039060 13.094700
g2759 g1894 13.986660 13.042300
g2759 g1917 14.031820 13.087460
g2759 g1932 13.160570 11.572170
g2759 g1926 14.031820 13.087460
g2759 g2028 13.968560 13.024200
g2759 g2051 14.013720 13.069360
g2759 g2066 13.142470 11.554070
g2759 g2060 14.013720 13.069360
g2759 g2185 13.968560 13.024200
g2759 g2208 14.013720 13.069360
g2759 g2223 13.142470 11.554070
g2759 g2217 14.013720 13.069360
g2759 g2319 13.993900 13.049540
g2759 g2342 14.039060 13.094700
g2759 g2357 13.167810 11.579410
g2759 g2351 14.039060 13.094700
g2759 g2453 13.986660 13.042300
g2759 g2476 14.031820 13.087460
g2759 g2491 13.160570 11.572170
g2759 g2485 14.031820 13.087460
g2759 g2587 13.968560 13.024200
g2759 g2610 14.013720 13.069360
g2759 g2625 13.142470 11.554070
g2759 g2619 14.013720 13.069360
g2759 g2759 5.534510 5.534510
g2759 g2763 6.930850 2.132080
g2759 OUTPUT 14.252360 10.431200
g2763 g110 16.402740 10.850850
g2763 g1624 14.171910 13.227550
g2763 g1648 14.217070 13.272710
g2763 g1664 13.345820 11.757420
g2763 g1657 14.217070 13.272710
g2763 g1760 14.197250 13.252890
g2763 g1783 14.242410 13.298050
g2763 g1798 13.371160 11.782760
g2763 g1792 14.242410 13.298050
g2763 g1894 14.190010 13.245650
g2763 g1917 14.235170 13.290810
g2763 g1932 13.363920 11.775520
g2763 g1926 14.235170 13.290810
g2763 g2028 14.171910 13.227550
g2763 g2051 14.217070 13.272710
g2763 g2066 13.345820 11.757420
g2763 g2060 14.217070 13.272710
g2763 g2185 14.171910 13.227550
g2763 g2208 14.217070 13.272710
g2763 g2223 13.345820 11.757420
g2763 g2217 14.217070 13.272710
g2763 g2319 14.197250 13.252890
g2763 g2342 14.242410 13.298050
g2763 g2357 13.371160 11.782760
g2763 g2351 14.242410 13.298050
g2763 g2453 14.190010 13.245650
g2763 g2476 14.235170 13.290810
g2763 g2491 13.363920 11.775520
g2763 g2485 14.235170 13.290810
g2763 g2587 14.171910 13.227550
g2763 g2610 14.217070 13.272710
g2763 g2625 13.345820 11.757420
g2763 g2619 14.217070 13.272710
g2763 g2763 5.534510 5.534510
g2763 g2767 2.260950 2.260950
g2763 OUTPUT 14.455710 10.634550
g2767 g2767 2.614030 2.614030
g2767 g2779 2.260950 2.260950
g2767 g2771 4.883840 4.883840
g2779 g2779 2.614030 2.614030
g2779 g2791 2.260950 2.260950
g2779 g2775 4.883840 4.883840
g2791 g2791 2.614030 2.614030
g2791 g2795 2.260950 2.260950
g2791 g2783 4.883840 4.883840
g2795 g2795 2.614030 2.614030
g2795 g2787 4.883840 1.985560
g2787 g85 3.119990 3.119990
g2787 g2036 12.383620 12.321400
g2787 g2028 10.855900 10.381520
g2787 g2051 11.043740 10.217580
g2787 g2066 12.618890 11.974850
g2787 g2060 11.043740 10.217580
g2787 g2079 10.995900 10.089700
g2787 g2093 11.043740 10.217580
g2787 g2098 11.724340 11.080300
g2787 g2102 13.055200 11.947500
g2787 g2122 13.055200 11.857500
g2787 g2126 13.055200 11.947500
g2787 g2787 3.047680 3.047680
g2787 g2783 2.189500 2.189500
g2787 g2831 6.244690 6.244690
g2787 g121 6.244690 6.244690
g2787 OUTPUT 2.620010 2.620010
g2783 g85 3.673990 3.673990
g2783 g1902 12.383620 12.321400
g2783 g1894 10.855900 10.381520
g2783 g1917 11.043740 10.217580
g2783 g1932 12.618890 11.974850
g2783 g1926 11.043740 10.217580
g2783 g1945 10.995900 10.089700
g2783 g1959 11.043740 10.217580
g2783 g1964 11.724340 11.080300
g2783 g1968 13.055200 11.947500
g2783 g1988 13.055200 11.857500
g2783 g1992 13.055200 11.947500
g2783 g2783 3.047680 3.047680
g2783 g2775 2.173660 2.173660
g2783 g2831 6.898840 6.898840
g2783 g121 6.898840 6.898840
g2783 OUTPUT 3.174010 3.174010
g2775 g85 3.964750 3.964750
g2775 g1768 12.383620 12.321400
g2775 g1760 10.855900 10.381520
g2775 g1783 11.043740 10.217580
g2775 g1798 12.618890 11.974850
g2775 g1792 11.043740 10.217580
g2775 g1811 10.995900 10.089700
g2775 g1825 11.043740 10.217580
g2775 g1830 11.724340 11.080300
g2775 g1834 13.055200 11.947500
g2775 g1854 13.055200 11.857500
g2775 g1858 13.055200 11.947500
g2775 g2775 3.047680 3.047680
g2775 g2771 2.189500 2.189500
g2775 g2831 5.103710 5.103710
g2775 g121 5.103710 5.103710
g2775 OUTPUT 3.464770 3.464770
g2771 g85 3.435550 3.435550
g2771 g1632 12.383620 12.321400
g2771 g1624 10.855900 10.381520
g2771 g1648 11.043740 10.217580
g2771 g1664 12.618890 11.974850
g2771 g1657 11.043740 10.217580
g2771 g1677 10.995900 10.089700
g2771 g1691 11.043740 10.217580
g2771 g1696 11.724340 11.080300
g2771 g1700 13.055200 11.947500
g2771 g1720 13.055200 11.857500
g2771 g1724 13.055200 11.947500
g2771 g2771 3.047680 3.047680
g2771 g2831 5.551760 2.067600
g2771 g121 5.551760 5.551760
g2771 OUTPUT 2.935570 2.935570
g2831 g121 2.067600 2.067600
g2831 OUTPUT 0.699960 0.699960
g2831 OUTPUT 0.699960 0.699960
g121 g2799 2.260950 2.260950
g121 OUTPUT 0.000000 0.000000
g121 OUTPUT 0.000000 0.000000
g2799 g2799 2.614030 2.614030
g2799 g2811 2.260950 2.260950
g2799 g2803 4.883840 4.883840
g2811 g2811 2.614030 2.614030
g2811 g2823 2.260950 2.260950
g2811 g2807 4.883840 4.883840
g2823 g2823 2.614030 2.614030
g2823 g2827 2.260950 2.260950
g2823 g2815 4.883840 4.883840
g2827 g2827 2.614030 2.614030
g2827 g2819 4.883840 1.985560
g2819 g111 3.119990 3.119990
g2819 g2595 12.383620 12.321400
g2819 g2587 10.855900 10.381520
g2819 g2610 11.043740 10.217580
g2819 g2625 12.618890 11.974850
g2819 g2619 11.043740 10.217580
g2819 g2638 10.995900 10.089700
g2819 g2652 11.043740 10.217580
g2819 g2657 11.724340 11.080300
g2819 g2661 13.055200 11.947500
g2819 g2681 13.055200 11.857500
g2819 g2685 13.055200 11.947500
g2819 g2819 3.047680 3.047680
g2819 g2815 2.189500 2.189500
g2819 g2834 6.244690 6.244690
g2819 g117 6.244690 6.244690
g2819 OUTPUT 2.620010 2.620010
g2815 g111 3.673990 3.673990
g2815 g2461 12.383620 12.321400
g2815 g2453 10.855900 10.381520
g2815 g2476 11.043740 10.217580
g2815 g2491 12.618890 11.974850
g2815 g2485 11.043740 10.217580
g2815 g2504 10.995900 10.089700
g2815 g2518 11.043740 10.217580
g2815 g2523 11.724340 11.080300
g2815 g2527 13.055200 11.947500
g2815 g2547 13.055200 11.857500
g2815 g2551 13.055200 11.947500
g2815 g2815 3.047680 3.047680
g2815 g2807 2.173660 2.173660
g2815 g2834 6.898840 6.898840
g2815 g117 6.898840 6.898840
g2815 OUTPUT 3.174010 3.174010
g2807 g111 3.964750 3.964750
g2807 g2327 12.383620 12.321400
g2807 g2319 10.855900 10.381520
g2807 g2342 11.043740 10.217580
g2807 g2357 12.618890 11.974850
g2807 g2351 11.043740 10.217580
g2807 g2370 10.995900 10.089700
g2807 g2384 11.043740 10.217580
g2807 g2389 11.724340 11.080300
g2807 g2393 13.055200 11.947500
g2807 g2413 13.055200 11.857500
g2807 g2417 13.055200 11.947500
g2807 g2807 3.047680 3.047680
g2807 g2803 2.189500 2.189500
g2807 g2834 5.103710 5.103710
g2807 g117 5.103710 5.103710
g2807 OUTPUT 3.464770 3.464770
g2803 g111 3.435550 3.435550
g2803 g2193 12.383620 12.321400
g2803 g2185 10.855900 10.381520
g2803 g2208 11.043740 10.217580
g2803 g2223 12.618890 11.974850
g2803 g2217 11.043740 10.217580
g2803 g2236 10.995900 10.089700
g2803 g2250 11.043740 10.217580
g2803 g2255 11.724340 11.080300
g2803 g2259 13.055200 11.947500
g2803 g2279 13.055200 11.857500
g2803 g2283 13.055200 11.947500
g2803 g2803 3.047680 3.047680
g2803 g2834 5.551760 2.067600
g2803 g117 5.551760 5.551760
g2803 OUTPUT 2.935570 2.935570
g2834 g117 2.067600 2.067600
g2834 OUTPUT 0.699960 0.699960
g2834 OUTPUT 0.699960 0.699960
g117 g2999 2.341510 2.341510
g117 OUTPUT 0.000000 0.000000
g117 OUTPUT 0.000000 0.000000
g2999 g46 11.220430 9.045680
g2999 g55 24.885770 18.463160
g2999 g2999 2.354420 2.354420
g2999 g2994 2.205340 2.205340
g2999 g2984 24.061400 19.813540
g2999 g7 7.338060 7.338060
g2999 g34 21.003400 16.755540
g2999 OUTPUT 9.242830 9.242830
g2999 OUTPUT 22.908170 18.660310
g2994 g47 10.657510 8.482760
g2994 g55 24.298310 17.875640
g2994 g4372 11.511660 11.303170
g2994 g2994 2.609900 2.609900
g2994 g2988 2.189500 2.189500
g2994 g2984 23.473940 19.226020
g2994 g8 6.775140 6.775140
g2994 g34 20.415940 16.168020
g2994 OUTPUT 8.679910 8.679910
g2994 OUTPUT 22.320710 18.072790
g2988 g48 10.966570 8.791820
g2988 g55 24.428810 18.387740
g2988 g4537 3.609420 3.609420
g2988 g4534 3.609420 3.609420
g2988 g2988 2.829680 2.829680
g2988 g2868 2.409280 2.409280
g2988 g2984 23.604440 19.738120
g2988 g9 7.084200 7.084200
g2988 g34 20.546440 16.680120
g2988 OUTPUT 8.988970 8.988970
g2988 OUTPUT 22.451210 18.584890
g2868 g49 10.979350 8.804600
g2868 g55 24.620150 18.197540
g2868 g2868 2.829680 2.829680
g2868 g2873 2.409280 2.409280
g2868 g2984 23.795780 19.547920
g2868 g16 7.096980 7.096980
g2868 g34 20.737780 16.489920
g2868 OUTPUT 1.288200 1.288200
g2868 OUTPUT 1.288200 1.288200
g2868 OUTPUT 9.001750 9.001750
g2868 OUTPUT 22.642550 18.394690
g2873 g50 11.208870 9.034120
g2873 g55 24.671110 18.630040
g2873 g2873 2.817800 2.817800
g2873 g2890 2.684670 2.684670
g2873 g2984 23.846740 19.980420
g2873 g19 7.326500 7.326500
g2873 g34 20.788740 16.922420
g2873 OUTPUT 1.288200 1.288200
g2873 OUTPUT 1.288200 1.288200
g2873 OUTPUT 9.231270 9.231270
g2873 OUTPUT 22.693510 18.827190
g2890 g52 9.986290 7.811540
g2890 g55 23.245430 17.585960
g2890 g2890 2.161030 2.161030
g2890 g2844 2.191480 2.191480
g2890 g2984 22.421060 18.936340
g2890 g31 6.103920 6.103920
g2890 g34 19.363060 15.878340
g2890 OUTPUT 8.008690 8.008690
g2890 OUTPUT 21.267830 17.783110
g2844 g45 10.402670 8.227920
g2844 g55 24.246570 17.442420
g2844 g2844 2.921860 2.921860
g2844 g2852 2.391460 2.391460
g2844 g2984 23.422200 18.792800
g2844 g6 6.520300 6.520300
g2844 g34 20.364200 15.734800
g2844 OUTPUT 8.425070 8.425070
g2844 OUTPUT 22.268970 17.639570
g2852 g46 10.617730 8.442980
g2852 g55 24.283070 17.860460
g2852 g2852 2.835620 2.835620
g2852 g2860 2.415220 2.415220
g2852 g2984 23.458700 19.210840
g2852 g7 6.735360 6.735360
g2852 g34 20.400700 16.152840
g2852 OUTPUT 8.640130 8.640130
g2852 OUTPUT 22.305470 18.057610
g2860 g47 10.630510 8.455760
g2860 g55 24.271310 17.848640
g2860 g2860 2.835620 2.835620
g2860 g2894 2.415220 2.415220
g2860 g2984 23.446940 19.199020
g2860 g8 6.748140 6.748140
g2860 g34 20.388940 16.141020
g2860 OUTPUT 8.652910 8.652910
g2860 OUTPUT 22.293710 18.045790
g2894 g48 10.159930 7.985180
g2894 g55 23.622170 17.581100
g2894 g2894 2.835620 2.835620
g2894 g37 2.415220 2.415220
g2894 g2984 22.797800 18.931480
g2894 g9 6.277560 6.277560
g2894 g34 19.739800 15.873480
g2894 OUTPUT 8.182330 8.182330
g2894 OUTPUT 21.644570 17.778250
g37 g110 17.893990 15.469050
g37 g112 17.893990 15.469050
g37 g49 10.925570 8.750820
g37 g55 24.566370 18.143760
g37 g63 17.565970 15.259950
g37 g71 16.246330 14.832120
g37 g93 15.463460 14.111070
g37 g101 16.246330 14.832120
g37 g43 16.259440 14.907050
g37 g65 16.183420 14.831030
g37 g4459 26.942050 26.942050
g37 g4473 26.554840 26.554840
g37 g4462 27.981560 27.981560
g37 g4467 27.212350 27.212350
g37 g4417 21.446940 21.446940
g37 g4639 28.296310 28.296310
g37 g4621 30.070060 30.070060
g37 g4628 30.444060 30.279930
g37 g4633 30.070060 30.070060
g37 g4643 29.915860 29.915860
g37 g4340 27.916340 27.256220
g37 g4349 28.638190 27.143440
g37 g4358 28.638190 27.143440
g37 g4311 28.665580 28.307420
g37 g4322 29.184540 29.139240
g37 g4332 28.810540 28.810540
g37 g4584 30.182200 29.807740
g37 g4593 30.182200 29.807740
g37 g4601 30.182200 29.807740
g37 g4608 29.433740 29.433740
g37 g4616 30.182200 29.807740
g37 g4836 20.736820 16.490170
g37 g4864 16.072820 16.072820
g37 g4871 16.072820 16.072820
g37 g4878 16.072820 16.072820
g37 g4843 20.627690 20.627690
g37 g4849 21.164290 21.001690
g37 g4854 21.063280 21.001690
g37 g4859 21.164290 21.001690
g37 g4983 19.799470 19.441810
g37 g4991 19.730020 19.684720
g37 g4966 19.356020 19.356020
g37 g4975 17.848700 16.353950
g37 g4899 17.848700 16.353950
g37 g4888 17.529330 16.543480
g37 g4933 17.512970 16.706130
g37 g4944 17.512970 16.706130
g37 g4955 17.512970 16.706130
g37 g4646 20.736820 16.490170
g37 g4674 16.072820 16.072820
g37 g4681 16.072820 16.072820
g37 g4688 16.072820 16.072820
g37 g4653 20.627690 20.627690
g37 g4659 21.164290 21.001690
g37 g4664 21.063280 21.001690
g37 g4669 21.164290 21.001690
g37 g4793 19.799470 19.441810
g37 g4801 19.730020 19.684720
g37 g4776 19.356020 19.356020
g37 g4785 17.848700 16.353950
g37 g4709 17.848700 16.353950
g37 g4698 17.529330 16.543480
g37 g4743 17.512970 16.706130
g37 g4754 17.512970 16.706130
g37 g4765 17.512970 16.706130
g37 g5357 26.633430 26.633430
g37 g5297 27.748080 26.417670
g37 g5164 25.830600 25.830600
g37 g5170 28.173390 26.884950
g37 g5176 26.143000 26.143000
g37 g5180 28.173390 26.884950
g37 g5188 28.461600 26.747070
g37 g5703 26.633430 26.633430
g37 g5644 27.748080 26.417670
g37 g5511 25.830600 25.830600
g37 g5517 28.173390 26.884950
g37 g5523 26.143000 26.143000
g37 g5527 28.173390 26.884950
g37 g5535 28.461600 26.747070
g37 g6049 26.633430 26.633430
g37 g5990 27.748080 26.417670
g37 g5857 25.830600 25.830600
g37 g5863 28.173390 26.884950
g37 g5869 26.143000 26.143000
g37 g5873 28.173390 26.884950
g37 g5881 28.461600 26.747070
g37 g6395 26.633430 26.633430
g37 g6336 27.748080 26.417670
g37 g6203 25.830600 25.830600
g37 g6209 28.173390 26.884950
g37 g6215 26.143000 26.143000
g37 g6219 28.173390 26.884950
g37 g6227 28.461600 26.747070
g37 g6741 26.633430 26.633430
g37 g6682 27.748080 26.417670
g37 g6549 25.830600 25.830600
g37 g6555 28.173390 26.884950
g37 g6561 26.143000 26.143000
g37 g6565 28.173390 26.884950
g37 g6573 28.461600 26.747070
g37 g3352 26.633430 26.633430
g37 g3288 27.748080 26.417670
g37 g3155 25.830600 25.830600
g37 g3161 28.173390 26.884950
g37 g3167 26.143000 26.143000
g37 g3171 28.173390 26.884950
g37 g3179 28.461600 26.747070
g37 g3703 26.633430 26.633430
g37 g3639 27.748080 26.417670
g37 g3506 25.830600 25.830600
g37 g3512 28.173390 26.884950
g37 g3518 26.143000 26.143000
g37 g3522 28.173390 26.884950
g37 g3530 28.461600 26.747070
g37 g4054 26.633430 26.633430
g37 g3990 27.748080 26.417670
g37 g3857 25.830600 25.830600
g37 g3863 28.173390 26.884950
g37 g3869 26.143000 26.143000
g37 g3873 28.173390 26.884950
g37 g3881 28.461600 26.747070
g37 g1592 25.872030 25.872030
g37 g1644 25.285020 24.640980
g37 g1636 25.794150 25.794150
g37 g1668 25.794150 25.794150
g37 g1624 26.099460 26.099460
g37 g1648 26.144620 26.144620
g37 g1664 25.285020 24.640980
g37 g1657 26.144620 26.144620
g37 g1728 25.283620 25.283620
g37 g1779 25.023370 24.379330
g37 g1772 25.794150 25.794150
g37 g1802 25.794150 25.794150
g37 g1760 26.099460 26.099460
g37 g1783 26.144620 26.144620
g37 g1798 25.285020 24.640980
g37 g1792 26.144620 26.144620
g37 g1862 25.283620 25.283620
g37 g1913 25.023370 24.379330
g37 g1906 25.794150 25.794150
g37 g1936 25.794150 25.794150
g37 g1894 26.099460 26.099460
g37 g1917 26.144620 26.144620
g37 g1932 25.285020 24.640980
g37 g1926 26.144620 26.144620
g37 g1996 25.283620 25.283620
g37 g2047 25.023370 24.379330
g37 g2040 25.794150 25.794150
g37 g2070 25.794150 25.794150
g37 g2028 26.099460 26.099460
g37 g2051 26.144620 26.144620
g37 g2066 25.285020 24.640980
g37 g2060 26.144620 26.144620
g37 g2153 25.872030 25.872030
g37 g2204 25.023370 24.379330
g37 g2197 25.794150 25.794150
g37 g2227 25.794150 25.794150
g37 g2185 26.099460 26.099460
g37 g2208 26.144620 26.144620
g37 g2223 25.285020 24.640980
g37 g2217 26.144620 26.144620
g37 g2287 25.283620 25.283620
g37 g2338 25.023370 24.379330
g37 g2331 25.794150 25.794150
g37 g2361 25.794150 25.794150
g37 g2319 26.099460 26.099460
g37 g2342 26.144620 26.144620
g37 g2357 25.285020 24.640980
g37 g2351 26.144620 26.144620
g37 g2421 25.283620 25.283620
g37 g2472 25.023370 24.379330
g37 g2465 25.794150 25.794150
g37 g2495 25.794150 25.794150
g37 g2453 26.099460 26.099460
g37 g2476 26.144620 26.144620
g37 g2491 25.285020 24.640980
g37 g2485 26.144620 26.144620
g37 g2555 25.283620 25.283620
g37 g2606 25.023370 24.379330
g37 g2599 25.794150 25.794150
g37 g2629 25.794150 25.794150
g37 g2587 26.099460 26.099460
g37 g2610 26.144620 26.144620
g37 g2625 25.285020 24.640980
g37 g2619 26.144620 26.144620
g37 g2787 21.283240 20.069230
g37 g2783 21.283240 20.069230
g37 g2775 21.283240 20.069230
g37 g2771 21.283240 20.069230
g37 g2819 21.301030 20.069230
g37 g2815 21.301030 20.069230
g37 g2807 21.301030 20.069230
g37 g2803 21.301030 20.069230
g37 g37 3.527740 3.527740
g37 g94 2.997340 2.997340
g37 g2984 23.742000 19.494140
g37 g16 7.043200 7.043200
g37 g34 20.684000 16.436140
g37 OUTPUT 1.517700 1.517700
g37 OUTPUT 1.517700 1.517700
g37 OUTPUT 14.268730 14.092390
g37 OUTPUT 14.281840 14.105500
g37 OUTPUT 14.205820 14.029480
g37 OUTPUT 14.268730 14.092390
g37 OUTPUT 15.946960 14.426790
g37 OUTPUT 15.618940 14.840610
g37 OUTPUT 15.946960 14.426790
g37 OUTPUT 13.485860 13.309520
g37 OUTPUT 8.947970 8.947970
g37 OUTPUT 22.588770 18.340910
g94 g50 10.402230 8.227480
g94 g55 23.864470 17.823400
g94 g94 2.823740 2.823740
g94 g2848 2.690610 2.690610
g94 g2984 23.040100 19.173780
g94 g19 6.519860 6.519860
g94 g34 19.982100 16.115780
g94 OUTPUT 0.000000 0.000000
g94 OUTPUT 0.000000 0.000000
g94 OUTPUT 8.424630 8.424630
g94 OUTPUT 21.886870 18.020550
g2848 g45 10.598430 8.423680
g2848 g55 24.442330 17.638180
g2848 g2848 2.161030 2.161030
g2848 g2856 2.464890 2.464890
g2848 g2984 23.617960 18.988560
g2848 g6 6.716060 6.716060
g2848 g34 20.559960 15.930560
g2848 OUTPUT 8.620830 8.620830
g2848 OUTPUT 22.464730 17.835330
g2856 g46 10.941810 8.767060
g2856 g55 24.607150 18.184540
g2856 g2856 2.161030 2.161030
g2856 g2864 2.496570 2.496570
g2856 g2984 23.782780 19.534920
g2856 g7 7.059440 7.059440
g2856 g34 20.724780 16.476920
g2856 OUTPUT 8.964210 8.964210
g2856 OUTPUT 22.629550 18.381690
g2864 g47 10.954590 8.779840
g2864 g55 24.595390 18.172720
g2864 g2864 2.161030 2.161030
g2864 g2898 2.496570 2.496570
g2864 g2984 23.771020 19.523100
g2864 g8 7.072220 7.072220
g2864 g34 20.713020 16.465100
g2864 OUTPUT 8.976990 8.976990
g2864 OUTPUT 22.617790 18.369870
g2898 g48 10.484010 8.309260
g2898 g55 23.946250 17.905180
g2898 g2898 2.161030 2.161030
g2898 g2882 2.496570 2.496570
g2898 g2984 23.121880 19.255560
g2898 g9 6.601640 6.601640
g2898 g34 20.063880 16.197560
g2898 OUTPUT 8.506410 8.506410
g2898 OUTPUT 21.968650 18.102330
g2882 g49 10.496790 8.322040
g2882 g55 24.137590 17.714980
g2882 g2882 2.161030 2.161030
g2882 g2878 2.496570 2.496570
g2882 g2984 23.313220 19.065360
g2882 g16 6.614420 6.614420
g2882 g34 20.255220 16.007360
g2882 OUTPUT 8.519190 8.519190
g2882 OUTPUT 22.159990 17.912130
g2878 g50 10.738190 8.563440
g2878 g55 24.200430 18.159360
g2878 g2878 2.161030 2.161030
g2878 g2886 2.496570 2.496570
g2878 g2984 23.376060 19.509740
g2878 g19 6.855820 6.855820
g2878 g34 20.318060 16.451740
g2878 OUTPUT 8.760590 8.760590
g2878 OUTPUT 22.222830 18.356510
g2886 g51 10.750970 8.576220
g2886 g55 24.188670 18.147600
g2886 g2886 2.340030 2.340030
g2886 g2980 2.496570 2.496570
g2886 g2984 23.364300 19.497980
g2886 g28 6.868600 6.868600
g2886 g34 20.306300 16.439980
g2886 OUTPUT 8.773370 8.773370
g2886 OUTPUT 22.211070 18.344750
g2980 g51 11.015190 8.840440
g2980 g55 24.452890 18.411820
g2980 g2980 2.161030 2.161030
g2980 g2984 23.628520 2.221180
g2980 g28 7.132820 7.132820
g2980 g34 20.570520 16.704200
g2980 OUTPUT 9.037590 9.037590
g2980 OUTPUT 22.475290 18.608970
g2984 g52 10.514780 8.340030
g2984 g55 23.773920 18.114450
g2984 g2984 22.949550 3.310100
g2984 g2907 2.179600 2.179600
g2984 g31 6.632410 6.632410
g2984 g34 19.891550 16.406830
g2984 OUTPUT 8.537180 8.537180
g2984 OUTPUT 21.796320 18.311600
g2907 g45 10.656850 8.482100
g2907 g55 24.500750 17.696600
g2907 g2984 23.676380 19.046980
g2907 g2907 2.921860 2.921860
g2907 g2912 2.391460 2.391460
g2907 g6 6.774480 6.774480
g2907 g34 20.618380 15.988980
g2907 OUTPUT 4.862020 4.862020
g2907 OUTPUT 8.679250 8.679250
g2907 OUTPUT 22.523150 17.893750
g2912 g46 10.648030 8.473280
g2912 g55 24.313370 17.890760
g2912 g2984 23.489000 19.241140
g2912 g2912 2.815820 2.815820
g2912 g2922 2.395420 2.395420
g2912 g7 6.765660 6.765660
g2912 g34 20.431000 16.183140
g2912 OUTPUT 4.109580 4.109580
g2912 OUTPUT 8.670430 8.670430
g2912 OUTPUT 22.335770 18.087910
g2922 g47 10.660810 8.486060
g2922 g55 24.301610 17.878940
g2922 g2984 23.477240 19.229320
g2922 g2922 2.815820 2.815820
g2922 g2936 2.395420 2.395420
g2922 g8 6.778440 6.778440
g2922 g34 20.419240 16.171320
g2922 OUTPUT 5.092020 5.092020
g2922 OUTPUT 8.683210 8.683210
g2922 OUTPUT 22.324010 18.076090
g2936 g48 11.325520 9.150770
g2936 g55 24.787760 18.746690
g2936 g2984 23.963390 20.097070
g2936 g2936 3.031640 3.031640
g2936 g2950 2.611240 2.611240
g2936 g9 7.443150 7.443150
g2936 g34 20.905390 17.039070
g2936 OUTPUT 4.369490 4.369490
g2936 OUTPUT 9.347920 9.347920
g2936 OUTPUT 22.810160 18.943840
g2950 g49 11.330380 9.155630
g2950 g55 24.971180 18.548570
g2950 g2984 24.146810 19.898950
g2950 g2950 3.023720 3.023720
g2950 g2960 2.603320 2.603320
g2950 g16 7.448010 7.448010
g2950 g34 21.088810 16.840950
g2950 OUTPUT 5.017110 5.017110
g2950 OUTPUT 9.352780 9.352780
g2950 OUTPUT 22.993580 18.745720
g2960 g50 10.444410 8.269660
g2960 g55 23.906650 17.865580
g2960 g2984 23.082280 19.215960
g2960 g2960 2.815820 2.815820
g2960 g2970 2.395420 2.395420
g2960 g19 6.562040 6.562040
g2960 g34 20.024280 16.157960
g2960 OUTPUT 1.192580 1.192580
g2960 OUTPUT 8.466810 8.466810
g2960 OUTPUT 21.929050 18.062730
g2970 g51 11.489780 9.315030
g2970 g55 24.927480 18.886410
g2970 g2984 24.103110 20.236790
g2970 g2970 2.829680 2.829680
g2970 g2902 2.409280 2.409280
g2970 g28 7.607410 7.607410
g2970 g34 21.045110 17.178790
g2970 OUTPUT 1.927430 1.927430
g2970 OUTPUT 9.512180 9.512180
g2970 OUTPUT 22.949880 19.083560
g2902 g45 10.861810 8.687060
g2902 g55 24.705710 17.901560
g2902 g2984 23.881340 19.251940
g2902 g2902 3.016950 3.016950
g2902 g2917 2.464890 2.464890
g2902 g6 6.979440 6.979440
g2902 g34 20.823340 16.193940
g2902 OUTPUT 4.701000 4.701000
g2902 OUTPUT 8.884210 8.884210
g2902 OUTPUT 22.728110 18.098710
g2917 g46 10.849030 8.674280
g2917 g55 24.514370 18.091760
g2917 g2984 23.690000 19.442140
g2917 g2917 2.161030 2.161030
g2917 g2927 2.464890 2.464890
g2917 g7 6.966660 6.966660
g2917 g34 20.632000 16.384140
g2917 OUTPUT 4.279980 4.279980
g2917 OUTPUT 8.871430 8.871430
g2917 OUTPUT 22.536770 18.288910
g2927 g47 10.861810 8.687060
g2927 g55 24.502610 18.079940
g2927 g2984 23.678240 19.430320
g2927 g2927 2.818030 2.818030
g2927 g2941 2.464890 2.464890
g2927 g8 6.979440 6.979440
g2927 g34 20.620240 16.372320
g2927 OUTPUT 5.120800 5.120800
g2927 OUTPUT 8.884210 8.884210
g2927 OUTPUT 22.525010 18.277090
g2941 g48 10.386020 8.211270
g2941 g55 23.848260 17.807190
g2941 g2984 23.023890 19.157570
g2941 g2941 2.818030 2.818030
g2941 g2955 2.405320 2.405320
g2941 g9 6.503650 6.503650
g2941 g34 19.965890 16.099570
g2941 OUTPUT 3.983570 3.983570
g2941 OUTPUT 8.408420 8.408420
g2941 OUTPUT 21.870660 18.004340
g2955 g49 10.384940 8.210190
g2955 g55 24.025740 17.603130
g2955 g2984 23.201370 18.953510
g2955 g2955 3.016950 3.016950
g2955 g2965 2.678730 2.678730
g2955 g16 6.502570 6.502570
g2955 g34 20.143370 15.895510
g2955 OUTPUT 4.705250 4.705250
g2955 OUTPUT 8.407340 8.407340
g2955 OUTPUT 22.048140 17.800280
g2965 g50 10.645410 8.470660
g2965 g55 24.107650 18.066580
g2965 g2984 23.283280 19.416960
g2965 g2965 2.818030 2.818030
g2965 g2975 2.464890 2.464890
g2965 g19 6.763040 6.763040
g2965 g34 20.225280 16.358960
g2965 OUTPUT 1.211470 1.211470
g2965 OUTPUT 8.667810 8.667810
g2965 OUTPUT 22.130050 18.263730
g2975 g51 10.461430 8.286680
g2975 g55 23.899130 17.858060
g2975 g2984 23.074760 19.208440
g2975 g2975 2.161030 2.161030
g2975 g3003 2.085400 2.085400
g2975 g28 6.579060 6.579060
g2975 g34 20.016760 16.150440
g2975 OUTPUT 1.880560 1.880560
g2975 OUTPUT 8.483830 8.483830
g2975 OUTPUT 21.921530 18.055210
g3003 OUTPUT 1.359700 1.359700
g6 g45 45.717430 15.019050
g6 g46 45.702670 15.006270
g6 g47 45.717430 15.019050
g6 g48 45.702670 12.676450
g6 g49 45.717430 12.689230
g6 g50 45.622670 14.802650
g6 g51 45.717430 13.494870
g6 g52 45.702670 12.498320
g6 g55 59.561330 22.082170
g6 g2984 58.736960 23.432550
g6 g6 41.835060 13.311430
g6 g7 41.820300 13.298650
g6 g8 41.835060 13.311430
g6 g9 41.820300 10.968830
g6 g16 41.835060 10.981610
g6 g19 41.740300 13.095030
g6 g28 41.835060 11.787250
g6 g31 41.820300 10.790700
g6 g34 55.678960 20.374550
g6 OUTPUT 42.452130 15.598030
g6 OUTPUT 42.452130 15.778910
g6 OUTPUT 42.452130 15.778910
g6 OUTPUT 42.452130 15.339200
g6 OUTPUT 43.698780 23.617630
g6 OUTPUT 43.698780 23.617630
g6 OUTPUT 42.452130 24.562060
g6 OUTPUT 43.698780 23.617630
g6 OUTPUT 43.739830 15.216200
g6 OUTPUT 43.725070 12.695470
g6 OUTPUT 43.725070 15.203420
g6 OUTPUT 43.739830 15.216200
g6 OUTPUT 43.725070 12.873600
g6 OUTPUT 43.739830 12.886380
g6 OUTPUT 43.645070 14.999800
g6 OUTPUT 43.739830 13.692020
g6 OUTPUT 57.583730 22.279320
g7 g45 45.457430 14.966210
g7 g46 45.442670 14.953430
g7 g47 45.457430 14.966210
g7 g48 45.442670 12.623610
g7 g49 45.457430 12.636390
g7 g50 45.362670 14.749810
g7 g51 45.457430 13.442030
g7 g52 45.442670 12.445480
g7 g55 59.301330 22.029330
g7 g2984 58.476960 23.379710
g7 g6 41.575060 13.258590
g7 g7 41.560300 13.245810
g7 g8 41.575060 13.258590
g7 g9 41.560300 10.915990
g7 g16 41.575060 10.928770
g7 g19 41.480300 13.042190
g7 g28 41.575060 11.734410
g7 g31 41.560300 10.737860
g7 g34 55.418960 20.321710
g7 OUTPUT 42.192130 15.338030
g7 OUTPUT 42.192130 15.518910
g7 OUTPUT 42.192130 15.518910
g7 OUTPUT 42.192130 15.079200
g7 OUTPUT 43.438780 23.357630
g7 OUTPUT 43.438780 23.357630
g7 OUTPUT 42.192130 24.302060
g7 OUTPUT 43.438780 23.357630
g7 OUTPUT 43.479830 15.163360
g7 OUTPUT 43.465070 12.642630
g7 OUTPUT 43.465070 15.150580
g7 OUTPUT 43.479830 15.163360
g7 OUTPUT 43.465070 12.820760
g7 OUTPUT 43.479830 12.833540
g7 OUTPUT 43.385070 14.946960
g7 OUTPUT 43.479830 13.639180
g7 OUTPUT 57.323730 22.226480
g8 g45 45.778440 15.022080
g8 g46 45.763680 15.009300
g8 g47 45.778440 15.022080
g8 g48 45.763680 12.679480
g8 g49 45.778440 12.692260
g8 g50 45.683680 14.805680
g8 g51 45.778440 13.497900
g8 g52 45.763680 12.501350
g8 g55 59.622340 22.085200
g8 g2984 58.797970 23.435580
g8 g6 41.896070 13.314460
g8 g7 41.881310 13.301680
g8 g8 41.896070 13.314460
g8 g9 41.881310 10.971860
g8 g16 41.896070 10.984640
g8 g19 41.801310 13.098060
g8 g28 41.896070 11.790280
g8 g31 41.881310 10.793730
g8 g34 55.739970 20.377580
g8 OUTPUT 42.513140 15.659040
g8 OUTPUT 42.513140 15.839920
g8 OUTPUT 42.513140 15.839920
g8 OUTPUT 42.513140 15.400210
g8 OUTPUT 43.759790 23.678640
g8 OUTPUT 43.759790 23.678640
g8 OUTPUT 42.513140 24.623070
g8 OUTPUT 43.759790 23.678640
g8 OUTPUT 43.800840 15.219230
g8 OUTPUT 43.786080 12.698500
g8 OUTPUT 43.786080 15.206450
g8 OUTPUT 43.800840 15.219230
g8 OUTPUT 43.786080 12.876630
g8 OUTPUT 43.800840 12.889410
g8 OUTPUT 43.706080 15.002830
g8 OUTPUT 43.800840 13.695050
g8 OUTPUT 57.644740 22.282350
g9 g45 42.070730 10.669120
g9 g46 42.055970 10.951160
g9 g47 42.070730 10.963940
g9 g48 42.055970 9.677060
g9 g49 42.070730 9.689840
g9 g50 41.975970 11.532220
g9 g51 42.070730 9.894780
g9 g52 42.055970 9.436920
g9 g55 55.914630 19.082780
g9 g2984 55.090260 20.433160
g9 g6 38.188360 8.961500
g9 g7 38.173600 9.243540
g9 g8 38.188360 9.256320
g9 g9 38.173600 7.969440
g9 g16 38.188360 7.982220
g9 g19 38.093600 9.824600
g9 g28 38.188360 8.187160
g9 g31 38.173600 7.729300
g9 g34 52.032260 17.375160
g9 OUTPUT 38.805430 10.401550
g9 OUTPUT 38.805430 10.582430
g9 OUTPUT 38.805430 10.582430
g9 OUTPUT 38.805430 10.142720
g9 OUTPUT 40.052080 18.421150
g9 OUTPUT 40.052080 18.421150
g9 OUTPUT 38.805430 18.328710
g9 OUTPUT 40.052080 18.421150
g9 OUTPUT 40.093130 10.866270
g9 OUTPUT 40.078370 9.634070
g9 OUTPUT 40.078370 11.148310
g9 OUTPUT 40.093130 11.161090
g9 OUTPUT 40.078370 9.874210
g9 OUTPUT 40.093130 9.886990
g9 OUTPUT 39.998370 11.729370
g9 OUTPUT 40.093130 10.091930
g9 OUTPUT 53.937030 19.279930
g16 g45 40.528550 13.468600
g16 g46 40.513790 13.235600
g16 g47 40.528550 13.098380
g16 g48 40.513790 12.683600
g16 g49 40.528550 10.440760
g16 g50 40.403790 10.852900
g16 g51 40.528550 9.831020
g16 g52 40.513790 9.373160
g16 g55 54.372450 19.147580
g16 g2984 53.548080 20.497960
g16 g6 36.646180 11.760980
g16 g7 36.631420 11.527980
g16 g8 36.646180 11.390760
g16 g9 36.631420 10.975980
g16 g16 36.646180 8.733140
g16 g19 36.521420 9.145280
g16 g28 36.646180 8.123400
g16 g31 36.631420 7.665540
g16 g34 50.490080 17.439960
g16 OUTPUT 37.735210 13.405080
g16 OUTPUT 37.735210 13.585960
g16 OUTPUT 37.735210 13.585960
g16 OUTPUT 37.735210 13.146250
g16 OUTPUT 37.842180 21.424680
g16 OUTPUT 37.842180 21.424680
g16 OUTPUT 37.735210 21.391230
g16 OUTPUT 37.842180 21.424680
g16 OUTPUT 38.550950 13.665750
g16 OUTPUT 38.536190 9.570310
g16 OUTPUT 38.536190 13.432750
g16 OUTPUT 38.550950 13.295530
g16 OUTPUT 38.536190 12.880750
g16 OUTPUT 38.550950 10.637910
g16 OUTPUT 38.426190 11.050050
g16 OUTPUT 38.550950 10.028170
g16 OUTPUT 52.394850 19.344730
g19 g45 40.941160 11.511900
g19 g46 40.926400 11.256530
g19 g47 40.941160 11.806720
g19 g48 40.926400 9.411080
g19 g49 40.941160 9.423860
g19 g50 40.846400 11.676720
g19 g51 40.941160 10.918700
g19 g52 40.926400 9.232950
g19 g55 54.785060 18.816800
g19 g2984 53.960690 20.167180
g19 g6 37.058790 9.804280
g19 g7 37.044030 9.548910
g19 g8 37.058790 10.099100
g19 g9 37.044030 7.703460
g19 g16 37.058790 7.716240
g19 g19 36.964030 9.969100
g19 g28 37.058790 9.211080
g19 g31 37.044030 7.525330
g19 g34 50.902690 17.109180
g19 OUTPUT 37.675860 10.132560
g19 OUTPUT 37.675860 10.313440
g19 OUTPUT 37.675860 10.313440
g19 OUTPUT 37.675860 9.873730
g19 OUTPUT 38.922510 18.152160
g19 OUTPUT 38.922510 18.152160
g19 OUTPUT 37.675860 20.790670
g19 OUTPUT 38.922510 18.152160
g19 OUTPUT 38.963560 11.709050
g19 OUTPUT 38.948800 9.430100
g19 OUTPUT 38.948800 11.453680
g19 OUTPUT 38.963560 12.003870
g19 OUTPUT 38.948800 9.608230
g19 OUTPUT 38.963560 9.621010
g19 OUTPUT 38.868800 11.873870
g19 OUTPUT 38.963560 11.115850
g19 OUTPUT 52.807460 19.013950
g28 g45 42.030880 12.212900
g28 g46 42.016120 12.324680
g28 g47 42.030880 12.507720
g28 g48 42.016120 12.037140
g28 g49 42.030880 12.274410
g28 g50 41.906120 13.459080
g28 g51 42.030880 11.619700
g28 g52 42.016120 11.161840
g28 g55 55.874780 20.936260
g28 g2984 55.050410 22.286640
g28 g6 38.148510 10.505280
g28 g7 38.133750 10.617060
g28 g8 38.148510 10.800100
g28 g9 38.133750 10.329520
g28 g16 38.148510 10.566790
g28 g19 38.023750 11.751460
g28 g28 38.148510 9.912080
g28 g31 38.133750 9.454220
g28 g34 51.992410 19.228640
g28 OUTPUT 39.237540 11.200710
g28 OUTPUT 39.237540 11.381590
g28 OUTPUT 39.237540 11.381590
g28 OUTPUT 39.237540 10.941880
g28 OUTPUT 39.623490 19.220310
g28 OUTPUT 39.623490 19.220310
g28 OUTPUT 39.237540 22.688190
g28 OUTPUT 39.623490 19.220310
g28 OUTPUT 40.053280 12.410050
g28 OUTPUT 40.038520 11.358990
g28 OUTPUT 40.038520 12.521830
g28 OUTPUT 40.053280 12.704870
g28 OUTPUT 40.038520 12.234290
g28 OUTPUT 40.053280 12.471560
g28 OUTPUT 39.928520 13.656230
g28 OUTPUT 40.053280 11.816850
g28 OUTPUT 53.897180 21.133410
g31 g45 41.801160 12.371900
g31 g46 41.786400 12.653940
g31 g47 41.801160 12.666720
g31 g48 41.786400 10.479230
g31 g49 41.801160 10.492010
g31 g50 41.706400 12.782880
g31 g51 41.801160 11.778700
g31 g52 41.786400 10.301100
g31 g55 55.645060 19.884950
g31 g2984 54.820690 21.235330
g31 g6 37.918790 10.664280
g31 g7 37.904030 10.946320
g31 g8 37.918790 10.959100
g31 g9 37.904030 8.771610
g31 g16 37.918790 8.784390
g31 g19 37.824030 11.075260
g31 g28 37.918790 10.071080
g31 g31 37.904030 8.593480
g31 g34 51.762690 18.177330
g31 OUTPUT 38.535860 11.121590
g31 OUTPUT 38.535860 11.121590
g31 OUTPUT 38.535860 11.121590
g31 OUTPUT 38.535860 10.681880
g31 OUTPUT 39.782510 19.485780
g31 OUTPUT 39.782510 19.485780
g31 OUTPUT 38.535860 20.486770
g31 OUTPUT 39.782510 19.485780
g31 OUTPUT 39.823560 12.569050
g31 OUTPUT 39.808800 10.498250
g31 OUTPUT 39.808800 12.851090
g31 OUTPUT 39.823560 12.863870
g31 OUTPUT 39.808800 10.676380
g31 OUTPUT 39.823560 10.689160
g31 OUTPUT 39.728800 12.980030
g31 OUTPUT 39.823560 11.975850
g31 OUTPUT 53.667460 20.082100
g34 g45 51.324330 21.274520
g34 g46 51.309570 21.249560
g34 g47 51.324330 21.274520
g34 g48 51.309570 21.249560
g34 g49 51.324330 25.085960
g34 g50 51.229570 25.327360
g34 g51 51.324330 25.340140
g34 g52 51.309570 25.327360
g34 g55 65.168230 30.489020
g34 g2980 2.340030 2.340030
g34 g2984 64.343860 31.839400
g34 g6 47.441960 19.566900
g34 g7 47.427200 19.541940
g34 g8 47.441960 19.566900
g34 g9 47.427200 19.541940
g34 g16 47.441960 23.378340
g34 g19 47.347200 23.619740
g34 g28 47.441960 23.632520
g34 g31 47.427200 23.619740
g34 g34 61.285860 28.781400
g34 g22 11.609320 11.609320
g34 OUTPUT 48.059030 14.858450
g34 OUTPUT 48.059030 14.858450
g34 OUTPUT 48.059030 14.858450
g34 OUTPUT 48.059030 14.858450
g34 OUTPUT 49.305680 16.461200
g34 OUTPUT 49.305680 16.461200
g34 OUTPUT 48.059030 14.858450
g34 OUTPUT 49.305680 16.461200
g34 OUTPUT 49.346730 21.471670
g34 OUTPUT 49.331970 25.524510
g34 OUTPUT 49.331970 21.446710
g34 OUTPUT 49.346730 21.471670
g34 OUTPUT 49.331970 21.446710
g34 OUTPUT 49.346730 25.283110
g34 OUTPUT 49.251970 25.524510
g34 OUTPUT 49.346730 25.537290
g34 OUTPUT 63.190630 30.686170
g22 g45 4.387060 2.067600
g22 g46 4.387060 2.067600
g22 g47 4.387060 2.067600
g22 g48 4.387060 2.067600
g22 g49 4.387060 2.067600
g22 g50 4.387060 2.067600
g22 g51 4.387060 2.067600
g22 g52 4.387060 2.067600
g22 g55 4.387060 2.067600
g22 OUTPUT 0.697640 0.697640
g22 OUTPUT 2.225530 1.267700
g22 OUTPUT 2.225530 1.267700
g22 OUTPUT 2.225530 1.267700
g22 OUTPUT 2.225530 1.267700
g22 OUTPUT 2.225530 1.267700
g22 OUTPUT 2.225530 1.267700
g22 OUTPUT 2.225530 1.267700
g22 OUTPUT 2.225530 1.267700
g22 OUTPUT 2.225530 1.267700
g25 g25 0.499980 0.499980
g25 OUTPUT 0.867640 0.867640
